Language,Model ID,Model version,Model SHA-256,Dictionary rows,Distinct usable forms,Total tokens,Already-root tokens,Changed tokens,Speed timing workload,Speed timing tokens,All exact matches,Changed exact matches,Root preserved matches,Command class,Command count
ADY,ady-default,1.0.0,952fbbe1fc0a4f58e110d5ebed3848939c31b6f414199c0658398f369a84ba3d,1634,20334,21988,3268,18720,changed tokens,18720,21960,18708,3252,DeleteSuffixCommand,18736
ADY,ady-default,1.0.0,952fbbe1fc0a4f58e110d5ebed3848939c31b6f414199c0658398f369a84ba3d,1634,20334,21988,3268,18720,changed tokens,18720,21960,18708,3252,PreserveCommand,3252
AF_ZA,af-za-default,1.0.0,2360e30adf722e9a8a6fd428427ce650ac6bd883c8f186e27c4f2c72d09400d9,166498,289303,460165,332996,127169,changed tokens,127169,454660,123946,330714,AppendCharacterCommand,16
AF_ZA,af-za-default,1.0.0,2360e30adf722e9a8a6fd428427ce650ac6bd883c8f186e27c4f2c72d09400d9,166498,289303,460165,332996,127169,changed tokens,127169,454660,123946,330714,BackwardCompoundCommand,22836
AF_ZA,af-za-default,1.0.0,2360e30adf722e9a8a6fd428427ce650ac6bd883c8f186e27c4f2c72d09400d9,166498,289303,460165,332996,127169,changed tokens,127169,454660,123946,330714,DeleteSuffixCommand,103336
AF_ZA,af-za-default,1.0.0,2360e30adf722e9a8a6fd428427ce650ac6bd883c8f186e27c4f2c72d09400d9,166498,289303,460165,332996,127169,changed tokens,127169,454660,123946,330714,PreserveCommand,332914
AF_ZA,af-za-default,1.0.0,2360e30adf722e9a8a6fd428427ce650ac6bd883c8f186e27c4f2c72d09400d9,166498,289303,460165,332996,127169,changed tokens,127169,454660,123946,330714,ReplaceLastCharacterCommand,1063
AFB,afb-default,1.0.0,8ad86d7a99e8c0a42c1f799f9b20caa5367e6b6504ef319a580a87b4533a78a9,198,355,553,396,157,changed tokens,5000,553,157,396,AppendCharacterCommand,1
AFB,afb-default,1.0.0,8ad86d7a99e8c0a42c1f799f9b20caa5367e6b6504ef319a580a87b4533a78a9,198,355,553,396,157,changed tokens,5000,553,157,396,BackwardCompoundCommand,118
AFB,afb-default,1.0.0,8ad86d7a99e8c0a42c1f799f9b20caa5367e6b6504ef319a580a87b4533a78a9,198,355,553,396,157,changed tokens,5000,553,157,396,DeleteSuffixCommand,35
AFB,afb-default,1.0.0,8ad86d7a99e8c0a42c1f799f9b20caa5367e6b6504ef319a580a87b4533a78a9,198,355,553,396,157,changed tokens,5000,553,157,396,PreserveCommand,396
AFB,afb-default,1.0.0,8ad86d7a99e8c0a42c1f799f9b20caa5367e6b6504ef319a580a87b4533a78a9,198,355,553,396,157,changed tokens,5000,553,157,396,ReplaceLastCharacterCommand,3
AIL,ail-default,1.0.0,364ae64f3c6df69cc6ed22d892762ffe7c875651b08cfef95abfbb388e0ebacd,622,2978,3672,1244,2428,changed tokens,5000,3587,2369,1218,AppendCharacterCommand,8
AIL,ail-default,1.0.0,364ae64f3c6df69cc6ed22d892762ffe7c875651b08cfef95abfbb388e0ebacd,622,2978,3672,1244,2428,changed tokens,5000,3587,2369,1218,BackwardCompoundCommand,1693
AIL,ail-default,1.0.0,364ae64f3c6df69cc6ed22d892762ffe7c875651b08cfef95abfbb388e0ebacd,622,2978,3672,1244,2428,changed tokens,5000,3587,2369,1218,DeleteSuffixCommand,725
AIL,ail-default,1.0.0,364ae64f3c6df69cc6ed22d892762ffe7c875651b08cfef95abfbb388e0ebacd,622,2978,3672,1244,2428,changed tokens,5000,3587,2369,1218,PreserveCommand,1235
AIL,ail-default,1.0.0,364ae64f3c6df69cc6ed22d892762ffe7c875651b08cfef95abfbb388e0ebacd,622,2978,3672,1244,2428,changed tokens,5000,3587,2369,1218,ReplaceLastCharacterCommand,11
AK,aka-default,1.0.0,364fbdf2e356f1c5474d8ff2c83666bd6b8eb5193983f53437d2e3c556fe3c02,79,1890,1975,158,1817,changed tokens,5000,1969,1811,158,BackwardCompoundCommand,1736
AK,aka-default,1.0.0,364fbdf2e356f1c5474d8ff2c83666bd6b8eb5193983f53437d2e3c556fe3c02,79,1890,1975,158,1817,changed tokens,5000,1969,1811,158,DeleteSuffixCommand,81
AK,aka-default,1.0.0,364fbdf2e356f1c5474d8ff2c83666bd6b8eb5193983f53437d2e3c556fe3c02,79,1890,1975,158,1817,changed tokens,5000,1969,1811,158,PreserveCommand,158
AM_ET,am-et-default,1.0.0,ff154b83f4e30c28811b0d05933d455c40d45e2264b985ca90fcb0ad655f2b4c,2461,41308,44923,4922,40001,changed tokens,40001,43769,38847,4922,BackwardCompoundCommand,28268
AM_ET,am-et-default,1.0.0,ff154b83f4e30c28811b0d05933d455c40d45e2264b985ca90fcb0ad655f2b4c,2461,41308,44923,4922,40001,changed tokens,40001,43769,38847,4922,DeleteSuffixCommand,8555
AM_ET,am-et-default,1.0.0,ff154b83f4e30c28811b0d05933d455c40d45e2264b985ca90fcb0ad655f2b4c,2461,41308,44923,4922,40001,changed tokens,40001,43769,38847,4922,PreserveCommand,4975
AM_ET,am-et-default,1.0.0,ff154b83f4e30c28811b0d05933d455c40d45e2264b985ca90fcb0ad655f2b4c,2461,41308,44923,4922,40001,changed tokens,40001,43769,38847,4922,ReplaceLastCharacterCommand,3125
AME,ame-default,1.0.0,4876a2f73d99478d1c7c7572729e817738246d2f3ace4f51f0284bda82430dc0,212,1489,1711,424,1287,changed tokens,5000,1701,1277,424,AppendCharacterCommand,57
AME,ame-default,1.0.0,4876a2f73d99478d1c7c7572729e817738246d2f3ace4f51f0284bda82430dc0,212,1489,1711,424,1287,changed tokens,5000,1701,1277,424,BackwardCompoundCommand,1207
AME,ame-default,1.0.0,4876a2f73d99478d1c7c7572729e817738246d2f3ace4f51f0284bda82430dc0,212,1489,1711,424,1287,changed tokens,5000,1701,1277,424,DeleteSuffixCommand,23
AME,ame-default,1.0.0,4876a2f73d99478d1c7c7572729e817738246d2f3ace4f51f0284bda82430dc0,212,1489,1711,424,1287,changed tokens,5000,1701,1277,424,PreserveCommand,424
ANG,ang-default,1.0.0,ed45aecbcb8e394df8739e6f48e9333383c9d542f900b2ad3e3c8c3d7dc4d996,7135,65100,74638,14270,60368,changed tokens,60368,72117,58083,14034,AppendCharacterCommand,132
ANG,ang-default,1.0.0,ed45aecbcb8e394df8739e6f48e9333383c9d542f900b2ad3e3c8c3d7dc4d996,7135,65100,74638,14270,60368,changed tokens,60368,72117,58083,14034,BackwardCompoundCommand,35129
ANG,ang-default,1.0.0,ed45aecbcb8e394df8739e6f48e9333383c9d542f900b2ad3e3c8c3d7dc4d996,7135,65100,74638,14270,60368,changed tokens,60368,72117,58083,14034,DeleteSuffixCommand,21314
ANG,ang-default,1.0.0,ed45aecbcb8e394df8739e6f48e9333383c9d542f900b2ad3e3c8c3d7dc4d996,7135,65100,74638,14270,60368,changed tokens,60368,72117,58083,14034,PreserveCommand,14416
ANG,ang-default,1.0.0,ed45aecbcb8e394df8739e6f48e9333383c9d542f900b2ad3e3c8c3d7dc4d996,7135,65100,74638,14270,60368,changed tokens,60368,72117,58083,14034,ReplaceLastCharacterCommand,3647
AR,ar-default,1.0.0,9f5f06da15af7e3f830ed0fab6f03f5b7a7983d5baa2dd50e9ed7db2c2c995aa,2,2,4,4,0,root-only tokens,5000,4,0,4,PreserveCommand,4
ARN,arn-default,1.0.0,aa1472b03d2cf04094814484e2d57a908c95b761c5c2ea6955623536bbe84077,26,548,574,52,522,changed tokens,5000,574,522,52,BackwardCompoundCommand,485
ARN,arn-default,1.0.0,aa1472b03d2cf04094814484e2d57a908c95b761c5c2ea6955623536bbe84077,26,548,574,52,522,changed tokens,5000,574,522,52,DeleteSuffixCommand,21
ARN,arn-default,1.0.0,aa1472b03d2cf04094814484e2d57a908c95b761c5c2ea6955623536bbe84077,26,548,574,52,522,changed tokens,5000,574,522,52,PreserveCommand,52
ARN,arn-default,1.0.0,aa1472b03d2cf04094814484e2d57a908c95b761c5c2ea6955623536bbe84077,26,548,574,52,522,changed tokens,5000,574,522,52,ReplaceLastCharacterCommand,16
ARZ,arz-default,1.0.0,a8024efa9fb52a91209a97a17589ae3b52e2b5547de98c6cc5e2cb82a37b58eb,105,135,241,210,31,changed tokens,5000,240,30,210,BackwardCompoundCommand,31
ARZ,arz-default,1.0.0,a8024efa9fb52a91209a97a17589ae3b52e2b5547de98c6cc5e2cb82a37b58eb,105,135,241,210,31,changed tokens,5000,240,30,210,PreserveCommand,210
AS_IN,as-in-default,1.0.0,5211ee56f3d91029bf9d7e9626aaf56cec45d163ab51086250883ac3cde75c11,81,328,409,162,247,changed tokens,5000,409,247,162,BackwardCompoundCommand,9
AS_IN,as-in-default,1.0.0,5211ee56f3d91029bf9d7e9626aaf56cec45d163ab51086250883ac3cde75c11,81,328,409,162,247,changed tokens,5000,409,247,162,DeleteSuffixCommand,238
AS_IN,as-in-default,1.0.0,5211ee56f3d91029bf9d7e9626aaf56cec45d163ab51086250883ac3cde75c11,81,328,409,162,247,changed tokens,5000,409,247,162,PreserveCommand,162
AST,ast-default,1.0.0,263bca1a264ad6a2b00616fcfaa064f9e43e6a433224220af884340b5ad0b86d,436,21584,22256,872,21384,changed tokens,21384,22020,21148,872,AppendCharacterCommand,350
AST,ast-default,1.0.0,263bca1a264ad6a2b00616fcfaa064f9e43e6a433224220af884340b5ad0b86d,436,21584,22256,872,21384,changed tokens,21384,22020,21148,872,BackwardCompoundCommand,11976
AST,ast-default,1.0.0,263bca1a264ad6a2b00616fcfaa064f9e43e6a433224220af884340b5ad0b86d,436,21584,22256,872,21384,changed tokens,21384,22020,21148,872,DeleteSuffixCommand,8061
AST,ast-default,1.0.0,263bca1a264ad6a2b00616fcfaa064f9e43e6a433224220af884340b5ad0b86d,436,21584,22256,872,21384,changed tokens,21384,22020,21148,872,PreserveCommand,876
AST,ast-default,1.0.0,263bca1a264ad6a2b00616fcfaa064f9e43e6a433224220af884340b5ad0b86d,436,21584,22256,872,21384,changed tokens,21384,22020,21148,872,ReplaceLastCharacterCommand,993
AYM,aym-default,1.0.0,2fd438798d8ceac034af4aa2eb6a52e27ded6d84b84117d2476906fc8cf79400,2482,231247,234796,4964,229832,changed tokens,229832,233620,228874,4746,AppendCharacterCommand,1063
AYM,aym-default,1.0.0,2fd438798d8ceac034af4aa2eb6a52e27ded6d84b84117d2476906fc8cf79400,2482,231247,234796,4964,229832,changed tokens,229832,233620,228874,4746,BackwardCompoundCommand,32947
AYM,aym-default,1.0.0,2fd438798d8ceac034af4aa2eb6a52e27ded6d84b84117d2476906fc8cf79400,2482,231247,234796,4964,229832,changed tokens,229832,233620,228874,4746,DeleteSuffixCommand,193535
AYM,aym-default,1.0.0,2fd438798d8ceac034af4aa2eb6a52e27ded6d84b84117d2476906fc8cf79400,2482,231247,234796,4964,229832,changed tokens,229832,233620,228874,4746,PreserveCommand,4814
AYM,aym-default,1.0.0,2fd438798d8ceac034af4aa2eb6a52e27ded6d84b84117d2476906fc8cf79400,2482,231247,234796,4964,229832,changed tokens,229832,233620,228874,4746,ReplaceLastCharacterCommand,2437
AZ_AZ,az-az-default,1.0.0,5327f8dde212ac34c3c4573cdd2fb6b21f908cd7c0cdf919e400b6f59c36abb9,340,6669,7011,680,6331,changed tokens,6331,7008,6330,678,BackwardCompoundCommand,535
AZ_AZ,az-az-default,1.0.0,5327f8dde212ac34c3c4573cdd2fb6b21f908cd7c0cdf919e400b6f59c36abb9,340,6669,7011,680,6331,changed tokens,6331,7008,6330,678,DeleteSuffixCommand,5797
AZ_AZ,az-az-default,1.0.0,5327f8dde212ac34c3c4573cdd2fb6b21f908cd7c0cdf919e400b6f59c36abb9,340,6669,7011,680,6331,changed tokens,6331,7008,6330,678,PreserveCommand,679
AZG,azg-default,1.0.0,43594f9d451d5e7ee630895efe7b452dc54fec3d98c610392faed1a8ed1b16fe,258,9357,9685,516,9169,changed tokens,9169,9615,9099,516,BackwardCompoundCommand,8596
AZG,azg-default,1.0.0,43594f9d451d5e7ee630895efe7b452dc54fec3d98c610392faed1a8ed1b16fe,258,9357,9685,516,9169,changed tokens,9169,9615,9099,516,DeleteSuffixCommand,571
AZG,azg-default,1.0.0,43594f9d451d5e7ee630895efe7b452dc54fec3d98c610392faed1a8ed1b16fe,258,9357,9685,516,9169,changed tokens,9169,9615,9099,516,PreserveCommand,518
BAK,bak-default,1.0.0,46b76859f6bbbcaa9bc22ff228bbadb9d0149048c17a47f415c7efb37d6ad1f8,1048,10616,11683,2096,9587,changed tokens,9587,11655,9577,2078,DeleteSuffixCommand,9605
BAK,bak-default,1.0.0,46b76859f6bbbcaa9bc22ff228bbadb9d0149048c17a47f415c7efb37d6ad1f8,1048,10616,11683,2096,9587,changed tokens,9587,11655,9577,2078,PreserveCommand,2078
BE_BY,be-by-default,1.0.0,52ccbdd9a5105910ac06fc279d02d184a21e5a27a7ddbb84e5a3d25df646bf86,196,678,876,392,484,changed tokens,5000,874,482,392,AppendCharacterCommand,13
BE_BY,be-by-default,1.0.0,52ccbdd9a5105910ac06fc279d02d184a21e5a27a7ddbb84e5a3d25df646bf86,196,678,876,392,484,changed tokens,5000,874,482,392,BackwardCompoundCommand,324
BE_BY,be-by-default,1.0.0,52ccbdd9a5105910ac06fc279d02d184a21e5a27a7ddbb84e5a3d25df646bf86,196,678,876,392,484,changed tokens,5000,874,482,392,DeleteSuffixCommand,114
BE_BY,be-by-default,1.0.0,52ccbdd9a5105910ac06fc279d02d184a21e5a27a7ddbb84e5a3d25df646bf86,196,678,876,392,484,changed tokens,5000,874,482,392,PreserveCommand,393
BE_BY,be-by-default,1.0.0,52ccbdd9a5105910ac06fc279d02d184a21e5a27a7ddbb84e5a3d25df646bf86,196,678,876,392,484,changed tokens,5000,874,482,392,ReplaceLastCharacterCommand,32
BG_BG,bg-bg-default,1.0.0,fcc4bb4e765a2a2fdf2c8631e9f065bd0b7f269e60beac68f101dea1bc91975e,2412,37335,39868,4824,35044,changed tokens,35044,39740,34930,4810,AppendCharacterCommand,374
BG_BG,bg-bg-default,1.0.0,fcc4bb4e765a2a2fdf2c8631e9f065bd0b7f269e60beac68f101dea1bc91975e,2412,37335,39868,4824,35044,changed tokens,35044,39740,34930,4810,BackwardCompoundCommand,24889
BG_BG,bg-bg-default,1.0.0,fcc4bb4e765a2a2fdf2c8631e9f065bd0b7f269e60beac68f101dea1bc91975e,2412,37335,39868,4824,35044,changed tokens,35044,39740,34930,4810,DeleteSuffixCommand,5659
BG_BG,bg-bg-default,1.0.0,fcc4bb4e765a2a2fdf2c8631e9f065bd0b7f269e60beac68f101dea1bc91975e,2412,37335,39868,4824,35044,changed tokens,35044,39740,34930,4810,PreserveCommand,4827
BG_BG,bg-bg-default,1.0.0,fcc4bb4e765a2a2fdf2c8631e9f065bd0b7f269e60beac68f101dea1bc91975e,2412,37335,39868,4824,35044,changed tokens,35044,39740,34930,4810,ReplaceLastCharacterCommand,4119
BN_BD,bn-bd-default,1.0.0,dcaff09bdd0a1c10bf6da6c51b7608edc3021380ebbfe3707cf5284002d8f880,3,3,6,6,0,root-only tokens,5000,6,0,6,PreserveCommand,6
BRA,bra-default,1.0.0,46d9f30d4509fddb9a9c91b4de97f4eca2348d7191ee99261af3183808baef3c,88,115,204,176,28,changed tokens,5000,203,27,176,BackwardCompoundCommand,1
BRA,bra-default,1.0.0,46d9f30d4509fddb9a9c91b4de97f4eca2348d7191ee99261af3183808baef3c,88,115,204,176,28,changed tokens,5000,203,27,176,DeleteSuffixCommand,16
BRA,bra-default,1.0.0,46d9f30d4509fddb9a9c91b4de97f4eca2348d7191ee99261af3183808baef3c,88,115,204,176,28,changed tokens,5000,203,27,176,PreserveCommand,177
BRA,bra-default,1.0.0,46d9f30d4509fddb9a9c91b4de97f4eca2348d7191ee99261af3183808baef3c,88,115,204,176,28,changed tokens,5000,203,27,176,ReplaceLastCharacterCommand,10
BRE,bre-default,1.0.0,184e58faab57319b5877bb2d6057cfb87aa0f2b6c17b3c1fdb2ce2c4e76e37d6,42,1682,1724,84,1640,changed tokens,5000,1724,1640,84,AppendCharacterCommand,7
BRE,bre-default,1.0.0,184e58faab57319b5877bb2d6057cfb87aa0f2b6c17b3c1fdb2ce2c4e76e37d6,42,1682,1724,84,1640,changed tokens,5000,1724,1640,84,BackwardCompoundCommand,1245
BRE,bre-default,1.0.0,184e58faab57319b5877bb2d6057cfb87aa0f2b6c17b3c1fdb2ce2c4e76e37d6,42,1682,1724,84,1640,changed tokens,5000,1724,1640,84,DeleteSuffixCommand,342
BRE,bre-default,1.0.0,184e58faab57319b5877bb2d6057cfb87aa0f2b6c17b3c1fdb2ce2c4e76e37d6,42,1682,1724,84,1640,changed tokens,5000,1724,1640,84,PreserveCommand,84
BRE,bre-default,1.0.0,184e58faab57319b5877bb2d6057cfb87aa0f2b6c17b3c1fdb2ce2c4e76e37d6,42,1682,1724,84,1640,changed tokens,5000,1724,1640,84,ReplaceLastCharacterCommand,46
CA_ES,ca-es-default,1.0.0,e8736229250fedd586a1651a730ea99036f7adb8a7f3e85ed6234af742dcff6d,1480,61495,63314,2960,60354,changed tokens,60354,62975,60015,2960,AppendCharacterCommand,1139
CA_ES,ca-es-default,1.0.0,e8736229250fedd586a1651a730ea99036f7adb8a7f3e85ed6234af742dcff6d,1480,61495,63314,2960,60354,changed tokens,60354,62975,60015,2960,BackwardCompoundCommand,39828
CA_ES,ca-es-default,1.0.0,e8736229250fedd586a1651a730ea99036f7adb8a7f3e85ed6234af742dcff6d,1480,61495,63314,2960,60354,changed tokens,60354,62975,60015,2960,DeleteSuffixCommand,17337
CA_ES,ca-es-default,1.0.0,e8736229250fedd586a1651a730ea99036f7adb8a7f3e85ed6234af742dcff6d,1480,61495,63314,2960,60354,changed tokens,60354,62975,60015,2960,PreserveCommand,2961
CA_ES,ca-es-default,1.0.0,e8736229250fedd586a1651a730ea99036f7adb8a7f3e85ed6234af742dcff6d,1480,61495,63314,2960,60354,changed tokens,60354,62975,60015,2960,ReplaceLastCharacterCommand,2049
CEB,ceb-default,1.0.0,12e337c1d22c7efec4012e6473516973c972f9c4a0d5fd8d1a2c1312ade45ea9,90,392,482,180,302,changed tokens,5000,482,302,180,BackwardCompoundCommand,302
CEB,ceb-default,1.0.0,12e337c1d22c7efec4012e6473516973c972f9c4a0d5fd8d1a2c1312ade45ea9,90,392,482,180,302,changed tokens,5000,482,302,180,PreserveCommand,180
CHU,chu-default,1.0.0,064d51bafb5ebf7fdbb1fbdf3a5f471dde7457164a4f680ae6448c1b2207baa0,150,1632,2142,300,1842,changed tokens,5000,1781,1483,298,BackwardCompoundCommand,1053
CHU,chu-default,1.0.0,064d51bafb5ebf7fdbb1fbdf3a5f471dde7457164a4f680ae6448c1b2207baa0,150,1632,2142,300,1842,changed tokens,5000,1781,1483,298,DeleteSuffixCommand,314
CHU,chu-default,1.0.0,064d51bafb5ebf7fdbb1fbdf3a5f471dde7457164a4f680ae6448c1b2207baa0,150,1632,2142,300,1842,changed tokens,5000,1781,1483,298,PreserveCommand,336
CHU,chu-default,1.0.0,064d51bafb5ebf7fdbb1fbdf3a5f471dde7457164a4f680ae6448c1b2207baa0,150,1632,2142,300,1842,changed tokens,5000,1781,1483,298,ReplaceLastCharacterCommand,439
CKT,ckt-default,1.0.0,1315617dbf5ba569eea7a05e6413052754fb929b18bed329c0a577cc7c837ca2,191,302,495,382,113,changed tokens,5000,493,111,382,BackwardCompoundCommand,87
CKT,ckt-default,1.0.0,1315617dbf5ba569eea7a05e6413052754fb929b18bed329c0a577cc7c837ca2,191,302,495,382,113,changed tokens,5000,493,111,382,DeleteSuffixCommand,16
CKT,ckt-default,1.0.0,1315617dbf5ba569eea7a05e6413052754fb929b18bed329c0a577cc7c837ca2,191,302,495,382,113,changed tokens,5000,493,111,382,PreserveCommand,384
CKT,ckt-default,1.0.0,1315617dbf5ba569eea7a05e6413052754fb929b18bed329c0a577cc7c837ca2,191,302,495,382,113,changed tokens,5000,493,111,382,ReplaceLastCharacterCommand,8
CLY,cly-default,1.0.0,5fb7fa5ea1061e47ca22e37119f3316bac9608ad0b3c4390e41c5c1c83fd3f66,185,2030,2431,370,2061,changed tokens,5000,2214,1846,368,AppendCharacterCommand,10
CLY,cly-default,1.0.0,5fb7fa5ea1061e47ca22e37119f3316bac9608ad0b3c4390e41c5c1c83fd3f66,185,2030,2431,370,2061,changed tokens,5000,2214,1846,368,BackwardCompoundCommand,1892
CLY,cly-default,1.0.0,5fb7fa5ea1061e47ca22e37119f3316bac9608ad0b3c4390e41c5c1c83fd3f66,185,2030,2431,370,2061,changed tokens,5000,2214,1846,368,DeleteSuffixCommand,58
CLY,cly-default,1.0.0,5fb7fa5ea1061e47ca22e37119f3316bac9608ad0b3c4390e41c5c1c83fd3f66,185,2030,2431,370,2061,changed tokens,5000,2214,1846,368,PreserveCommand,390
CLY,cly-default,1.0.0,5fb7fa5ea1061e47ca22e37119f3316bac9608ad0b3c4390e41c5c1c83fd3f66,185,2030,2431,370,2061,changed tokens,5000,2214,1846,368,ReplaceLastCharacterCommand,81
CNI,cni-default,1.0.0,e793997cce34ccfa1786088d89421128857b3c9d8b50a5643d8def8533183c91,407,10095,10536,814,9722,changed tokens,9722,10502,9688,814,BackwardCompoundCommand,8878
CNI,cni-default,1.0.0,e793997cce34ccfa1786088d89421128857b3c9d8b50a5643d8def8533183c91,407,10095,10536,814,9722,changed tokens,9722,10502,9688,814,DeleteSuffixCommand,842
CNI,cni-default,1.0.0,e793997cce34ccfa1786088d89421128857b3c9d8b50a5643d8def8533183c91,407,10095,10536,814,9722,changed tokens,9722,10502,9688,814,PreserveCommand,816
COR,cor-default,1.0.0,c6c88a61c66ce8c846ff92180e2a469d5a3dbee36897ef85ecbe5ad1480ec575,8,159,177,16,161,changed tokens,5000,167,151,16,AppendCharacterCommand,2
COR,cor-default,1.0.0,c6c88a61c66ce8c846ff92180e2a469d5a3dbee36897ef85ecbe5ad1480ec575,8,159,177,16,161,changed tokens,5000,167,151,16,BackwardCompoundCommand,155
COR,cor-default,1.0.0,c6c88a61c66ce8c846ff92180e2a469d5a3dbee36897ef85ecbe5ad1480ec575,8,159,177,16,161,changed tokens,5000,167,151,16,DeleteSuffixCommand,2
COR,cor-default,1.0.0,c6c88a61c66ce8c846ff92180e2a469d5a3dbee36897ef85ecbe5ad1480ec575,8,159,177,16,161,changed tokens,5000,167,151,16,PreserveCommand,16
COR,cor-default,1.0.0,c6c88a61c66ce8c846ff92180e2a469d5a3dbee36897ef85ecbe5ad1480ec575,8,159,177,16,161,changed tokens,5000,167,151,16,ReplaceLastCharacterCommand,2
CPA,cpa-default,1.0.0,c52b1d26c06a11eb82192ad374df94666317a67b465ee5e0e429df61e0af1d24,555,1751,2535,1110,1425,changed tokens,5000,2305,1197,1108,AppendCharacterCommand,290
CPA,cpa-default,1.0.0,c52b1d26c06a11eb82192ad374df94666317a67b465ee5e0e429df61e0af1d24,555,1751,2535,1110,1425,changed tokens,5000,2305,1197,1108,BackwardCompoundCommand,834
CPA,cpa-default,1.0.0,c52b1d26c06a11eb82192ad374df94666317a67b465ee5e0e429df61e0af1d24,555,1751,2535,1110,1425,changed tokens,5000,2305,1197,1108,DeleteSuffixCommand,1
CPA,cpa-default,1.0.0,c52b1d26c06a11eb82192ad374df94666317a67b465ee5e0e429df61e0af1d24,555,1751,2535,1110,1425,changed tokens,5000,2305,1197,1108,PreserveCommand,1203
CPA,cpa-default,1.0.0,c52b1d26c06a11eb82192ad374df94666317a67b465ee5e0e429df61e0af1d24,555,1751,2535,1110,1425,changed tokens,5000,2305,1197,1108,ReplaceLastCharacterCommand,207
CRE,cre-default,1.0.0,2a858e3097c89e458a36661e39b5cca5d73db3f421e50df8cdfdc7609344b030,27,514,541,54,487,changed tokens,5000,541,487,54,BackwardCompoundCommand,49
CRE,cre-default,1.0.0,2a858e3097c89e458a36661e39b5cca5d73db3f421e50df8cdfdc7609344b030,27,514,541,54,487,changed tokens,5000,541,487,54,DeleteSuffixCommand,438
CRE,cre-default,1.0.0,2a858e3097c89e458a36661e39b5cca5d73db3f421e50df8cdfdc7609344b030,27,514,541,54,487,changed tokens,5000,541,487,54,PreserveCommand,54
CRH,crh-default,1.0.0,828cdc3a52e98f0a93739e57a1400e880bdb22e564bda7cfc51aac5dcf418fd8,1208,7183,8395,2416,5979,changed tokens,5979,8390,5976,2414,BackwardCompoundCommand,241
CRH,crh-default,1.0.0,828cdc3a52e98f0a93739e57a1400e880bdb22e564bda7cfc51aac5dcf418fd8,1208,7183,8395,2416,5979,changed tokens,5979,8390,5976,2414,DeleteSuffixCommand,5737
CRH,crh-default,1.0.0,828cdc3a52e98f0a93739e57a1400e880bdb22e564bda7cfc51aac5dcf418fd8,1208,7183,8395,2416,5979,changed tokens,5979,8390,5976,2414,PreserveCommand,2417
CS_CZ,cs-cz-default,1.0.0,62afdaa6dc7a721b54a0dc278a0c648a63ad52a34a412d27b5b52fbcde9c1ce4,5113,51401,56612,10049,46563,changed tokens,46563,56309,46302,10007,AppendCharacterCommand,711
CS_CZ,cs-cz-default,1.0.0,62afdaa6dc7a721b54a0dc278a0c648a63ad52a34a412d27b5b52fbcde9c1ce4,5113,51401,56612,10049,46563,changed tokens,46563,56309,46302,10007,BackwardCompoundCommand,22643
CS_CZ,cs-cz-default,1.0.0,62afdaa6dc7a721b54a0dc278a0c648a63ad52a34a412d27b5b52fbcde9c1ce4,5113,51401,56612,10049,46563,changed tokens,46563,56309,46302,10007,DeleteSuffixCommand,15007
CS_CZ,cs-cz-default,1.0.0,62afdaa6dc7a721b54a0dc278a0c648a63ad52a34a412d27b5b52fbcde9c1ce4,5113,51401,56612,10049,46563,changed tokens,46563,56309,46302,10007,PreserveCommand,10046
CS_CZ,cs-cz-default,1.0.0,62afdaa6dc7a721b54a0dc278a0c648a63ad52a34a412d27b5b52fbcde9c1ce4,5113,51401,56612,10049,46563,changed tokens,46563,56309,46302,10007,ReplaceLastCharacterCommand,8205
CSB,csb-default,1.0.0,ef7b728f0963360c1e6fd7fdbc8c44f87c31d0ad95e424f127db10936a381bd5,37,350,392,74,318,changed tokens,5000,387,313,74,AppendCharacterCommand,1
CSB,csb-default,1.0.0,ef7b728f0963360c1e6fd7fdbc8c44f87c31d0ad95e424f127db10936a381bd5,37,350,392,74,318,changed tokens,5000,387,313,74,BackwardCompoundCommand,115
CSB,csb-default,1.0.0,ef7b728f0963360c1e6fd7fdbc8c44f87c31d0ad95e424f127db10936a381bd5,37,350,392,74,318,changed tokens,5000,387,313,74,DeleteSuffixCommand,185
CSB,csb-default,1.0.0,ef7b728f0963360c1e6fd7fdbc8c44f87c31d0ad95e424f127db10936a381bd5,37,350,392,74,318,changed tokens,5000,387,313,74,PreserveCommand,75
CSB,csb-default,1.0.0,ef7b728f0963360c1e6fd7fdbc8c44f87c31d0ad95e424f127db10936a381bd5,37,350,392,74,318,changed tokens,5000,387,313,74,ReplaceLastCharacterCommand,16
CTP,ctp-default,1.0.0,a8cc8316dc040985e757cd8eb47894dc72128dd3fdd30a2b629b54a26f3239fe,217,2456,2786,434,2352,changed tokens,5000,2673,2239,434,BackwardCompoundCommand,1915
CTP,ctp-default,1.0.0,a8cc8316dc040985e757cd8eb47894dc72128dd3fdd30a2b629b54a26f3239fe,217,2456,2786,434,2352,changed tokens,5000,2673,2239,434,DeleteSuffixCommand,437
CTP,ctp-default,1.0.0,a8cc8316dc040985e757cd8eb47894dc72128dd3fdd30a2b629b54a26f3239fe,217,2456,2786,434,2352,changed tokens,5000,2673,2239,434,PreserveCommand,434
CY_GB,cy-gb-default,1.0.0,394475eedc3c0fe26d395d06821efa2e8ff0c2ea4b5c63b72bbe3c8a4efd3d5d,183,6240,6425,366,6059,changed tokens,6059,6423,6057,366,AppendCharacterCommand,56
CY_GB,cy-gb-default,1.0.0,394475eedc3c0fe26d395d06821efa2e8ff0c2ea4b5c63b72bbe3c8a4efd3d5d,183,6240,6425,366,6059,changed tokens,6059,6423,6057,366,BackwardCompoundCommand,4278
CY_GB,cy-gb-default,1.0.0,394475eedc3c0fe26d395d06821efa2e8ff0c2ea4b5c63b72bbe3c8a4efd3d5d,183,6240,6425,366,6059,changed tokens,6059,6423,6057,366,DeleteSuffixCommand,1406
CY_GB,cy-gb-default,1.0.0,394475eedc3c0fe26d395d06821efa2e8ff0c2ea4b5c63b72bbe3c8a4efd3d5d,183,6240,6425,366,6059,changed tokens,6059,6423,6057,366,PreserveCommand,366
CY_GB,cy-gb-default,1.0.0,394475eedc3c0fe26d395d06821efa2e8ff0c2ea4b5c63b72bbe3c8a4efd3d5d,183,6240,6425,366,6059,changed tokens,6059,6423,6057,366,ReplaceLastCharacterCommand,319
CZN,czn-default,1.0.0,30e6473c472452d4105c99e162142949a2c1ff975ca35035a5ee439c977f07ba,39,68,108,78,30,changed tokens,5000,107,29,78,BackwardCompoundCommand,29
CZN,czn-default,1.0.0,30e6473c472452d4105c99e162142949a2c1ff975ca35035a5ee439c977f07ba,39,68,108,78,30,changed tokens,5000,107,29,78,PreserveCommand,79
DA_DK,da-dk-default,1.0.0,3f7b670a0e7b872bda0381f5154ce058a4656297b39b7157b4ccf6560257cb90,4179,27921,32256,8356,23900,changed tokens,23900,32053,23787,8266,AppendCharacterCommand,179
DA_DK,da-dk-default,1.0.0,3f7b670a0e7b872bda0381f5154ce058a4656297b39b7157b4ccf6560257cb90,4179,27921,32256,8356,23900,changed tokens,23900,32053,23787,8266,BackwardCompoundCommand,1127
DA_DK,da-dk-default,1.0.0,3f7b670a0e7b872bda0381f5154ce058a4656297b39b7157b4ccf6560257cb90,4179,27921,32256,8356,23900,changed tokens,23900,32053,23787,8266,DeleteSuffixCommand,22680
DA_DK,da-dk-default,1.0.0,3f7b670a0e7b872bda0381f5154ce058a4656297b39b7157b4ccf6560257cb90,4179,27921,32256,8356,23900,changed tokens,23900,32053,23787,8266,PreserveCommand,8269
DA_DK,da-dk-default,1.0.0,3f7b670a0e7b872bda0381f5154ce058a4656297b39b7157b4ccf6560257cb90,4179,27921,32256,8356,23900,changed tokens,23900,32053,23787,8266,ReplaceLastCharacterCommand,1
DAK,dak-default,1.0.0,5cc5ea06b28df6b18aca534fe06701fac953023f34217aae5df6452c335af53f,419,2942,3386,838,2548,changed tokens,5000,3360,2524,836,BackwardCompoundCommand,2288
DAK,dak-default,1.0.0,5cc5ea06b28df6b18aca534fe06701fac953023f34217aae5df6452c335af53f,419,2942,3386,838,2548,changed tokens,5000,3360,2524,836,DeleteSuffixCommand,237
DAK,dak-default,1.0.0,5cc5ea06b28df6b18aca534fe06701fac953023f34217aae5df6452c335af53f,419,2942,3386,838,2548,changed tokens,5000,3360,2524,836,PreserveCommand,837
DAK,dak-default,1.0.0,5cc5ea06b28df6b18aca534fe06701fac953023f34217aae5df6452c335af53f,419,2942,3386,838,2548,changed tokens,5000,3360,2524,836,ReplaceLastCharacterCommand,24
DE_DE,de-de-default,1.0.0,cbfa038122823f02e4bdb54b0035492c356b6ecd80f11eb11290d7a7248a59f5,54092,277266,333036,90535,242501,changed tokens,242501,308807,225156,83651,AppendCharacterCommand,12107
DE_DE,de-de-default,1.0.0,cbfa038122823f02e4bdb54b0035492c356b6ecd80f11eb11290d7a7248a59f5,54092,277266,333036,90535,242501,changed tokens,242501,308807,225156,83651,BackwardCompoundCommand,81805
DE_DE,de-de-default,1.0.0,cbfa038122823f02e4bdb54b0035492c356b6ecd80f11eb11290d7a7248a59f5,54092,277266,333036,90535,242501,changed tokens,242501,308807,225156,83651,DeleteSuffixCommand,142376
DE_DE,de-de-default,1.0.0,cbfa038122823f02e4bdb54b0035492c356b6ecd80f11eb11290d7a7248a59f5,54092,277266,333036,90535,242501,changed tokens,242501,308807,225156,83651,PreserveCommand,88820
DE_DE,de-de-default,1.0.0,cbfa038122823f02e4bdb54b0035492c356b6ecd80f11eb11290d7a7248a59f5,54092,277266,333036,90535,242501,changed tokens,242501,308807,225156,83651,ReplaceLastCharacterCommand,7928
DJE,dje-default,1.0.0,1efb975e9f6ab2c58583eaf573a4a3f150a2d6a1ffb9bbfeb2a224e0d51f205d,25,75,100,50,50,changed tokens,5000,100,50,50,BackwardCompoundCommand,50
DJE,dje-default,1.0.0,1efb975e9f6ab2c58583eaf573a4a3f150a2d6a1ffb9bbfeb2a224e0d51f205d,25,75,100,50,50,changed tokens,5000,100,50,50,PreserveCommand,50
DSB,dsb-default,1.0.0,c251bbd00618946b5d40c49605a2b6d3fe305019c691d2859d0dad19910237e8,990,12038,13185,1980,11205,changed tokens,11205,13020,11056,1964,AppendCharacterCommand,85
DSB,dsb-default,1.0.0,c251bbd00618946b5d40c49605a2b6d3fe305019c691d2859d0dad19910237e8,990,12038,13185,1980,11205,changed tokens,11205,13020,11056,1964,BackwardCompoundCommand,4725
DSB,dsb-default,1.0.0,c251bbd00618946b5d40c49605a2b6d3fe305019c691d2859d0dad19910237e8,990,12038,13185,1980,11205,changed tokens,11205,13020,11056,1964,DeleteSuffixCommand,5177
DSB,dsb-default,1.0.0,c251bbd00618946b5d40c49605a2b6d3fe305019c691d2859d0dad19910237e8,990,12038,13185,1980,11205,changed tokens,11205,13020,11056,1964,PreserveCommand,1973
DSB,dsb-default,1.0.0,c251bbd00618946b5d40c49605a2b6d3fe305019c691d2859d0dad19910237e8,990,12038,13185,1980,11205,changed tokens,11205,13020,11056,1964,ReplaceLastCharacterCommand,1225
EL_GR,el-gr-default,1.0.0,995d9f80ae3e4810447696407d01e9b6b10b7d5088d123df8b8175cf616974aa,11792,76851,91268,23584,67684,changed tokens,67684,88482,65220,23262,AppendCharacterCommand,4742
EL_GR,el-gr-default,1.0.0,995d9f80ae3e4810447696407d01e9b6b10b7d5088d123df8b8175cf616974aa,11792,76851,91268,23584,67684,changed tokens,67684,88482,65220,23262,BackwardCompoundCommand,52528
EL_GR,el-gr-default,1.0.0,995d9f80ae3e4810447696407d01e9b6b10b7d5088d123df8b8175cf616974aa,11792,76851,91268,23584,67684,changed tokens,67684,88482,65220,23262,DeleteSuffixCommand,4973
EL_GR,el-gr-default,1.0.0,995d9f80ae3e4810447696407d01e9b6b10b7d5088d123df8b8175cf616974aa,11792,76851,91268,23584,67684,changed tokens,67684,88482,65220,23262,PreserveCommand,23564
EL_GR,el-gr-default,1.0.0,995d9f80ae3e4810447696407d01e9b6b10b7d5088d123df8b8175cf616974aa,11792,76851,91268,23584,67684,changed tokens,67684,88482,65220,23262,ReplaceLastCharacterCommand,5461
ES_ES,es-es-default,1.0.0,7a1ec94cfdb1e9a95431289d62dc5579cb2a532d99532eeda90290072e569721,65059,849661,926393,120121,806272,changed tokens,806272,902853,786466,116387,AppendCharacterCommand,8534
ES_ES,es-es-default,1.0.0,7a1ec94cfdb1e9a95431289d62dc5579cb2a532d99532eeda90290072e569721,65059,849661,926393,120121,806272,changed tokens,806272,902853,786466,116387,BackwardCompoundCommand,522685
ES_ES,es-es-default,1.0.0,7a1ec94cfdb1e9a95431289d62dc5579cb2a532d99532eeda90290072e569721,65059,849661,926393,120121,806272,changed tokens,806272,902853,786466,116387,DeleteSuffixCommand,243410
ES_ES,es-es-default,1.0.0,7a1ec94cfdb1e9a95431289d62dc5579cb2a532d99532eeda90290072e569721,65059,849661,926393,120121,806272,changed tokens,806272,902853,786466,116387,PreserveCommand,124386
ES_ES,es-es-default,1.0.0,7a1ec94cfdb1e9a95431289d62dc5579cb2a532d99532eeda90290072e569721,65059,849661,926393,120121,806272,changed tokens,806272,902853,786466,116387,ReplaceLastCharacterCommand,27378
ET_EE,et-ee-default,1.0.0,3179b5135c9efb4fd83d1f4840de337c5b8d8e330243f4b69c0289cdec435fdf,886,24811,25776,1772,24004,changed tokens,24004,25694,23928,1766,AppendCharacterCommand,19
ET_EE,et-ee-default,1.0.0,3179b5135c9efb4fd83d1f4840de337c5b8d8e330243f4b69c0289cdec435fdf,886,24811,25776,1772,24004,changed tokens,24004,25694,23928,1766,BackwardCompoundCommand,10364
ET_EE,et-ee-default,1.0.0,3179b5135c9efb4fd83d1f4840de337c5b8d8e330243f4b69c0289cdec435fdf,886,24811,25776,1772,24004,changed tokens,24004,25694,23928,1766,DeleteSuffixCommand,13380
ET_EE,et-ee-default,1.0.0,3179b5135c9efb4fd83d1f4840de337c5b8d8e330243f4b69c0289cdec435fdf,886,24811,25776,1772,24004,changed tokens,24004,25694,23928,1766,PreserveCommand,1780
ET_EE,et-ee-default,1.0.0,3179b5135c9efb4fd83d1f4840de337c5b8d8e330243f4b69c0289cdec435fdf,886,24811,25776,1772,24004,changed tokens,24004,25694,23928,1766,ReplaceLastCharacterCommand,233
EUS,eus-default,1.0.0,29ea20d68e085f9403c32330259f02599f6c510f47db0475f1e3ea73a276a98b,26,10401,11535,52,11483,changed tokens,11483,10427,10375,52,BackwardCompoundCommand,11445
EUS,eus-default,1.0.0,29ea20d68e085f9403c32330259f02599f6c510f47db0475f1e3ea73a276a98b,26,10401,11535,52,11483,changed tokens,11483,10427,10375,52,DeleteSuffixCommand,30
EUS,eus-default,1.0.0,29ea20d68e085f9403c32330259f02599f6c510f47db0475f1e3ea73a276a98b,26,10401,11535,52,11483,changed tokens,11483,10427,10375,52,PreserveCommand,52
EUS,eus-default,1.0.0,29ea20d68e085f9403c32330259f02599f6c510f47db0475f1e3ea73a276a98b,26,10401,11535,52,11483,changed tokens,11483,10427,10375,52,ReplaceLastCharacterCommand,8
EVN,evn-default,1.0.0,bf3dd82443f2dc033e553fe9685cc7d9df8806fcbf86b724953f3b7c6d74b258,4072,11965,16135,8144,7991,changed tokens,7991,15956,7974,7982,DeleteSuffixCommand,8153
EVN,evn-default,1.0.0,bf3dd82443f2dc033e553fe9685cc7d9df8806fcbf86b724953f3b7c6d74b258,4072,11965,16135,8144,7991,changed tokens,7991,15956,7974,7982,PreserveCommand,7982
FA_IR,fa-ir-default,1.0.0,b29a0d168a6a97f980666aa40b74a0edd8b6be4ab3320a7abfbb76b3529f4ea1,69,3544,3770,138,3632,changed tokens,5000,3613,3475,138,AppendCharacterCommand,72
FA_IR,fa-ir-default,1.0.0,b29a0d168a6a97f980666aa40b74a0edd8b6be4ab3320a7abfbb76b3529f4ea1,69,3544,3770,138,3632,changed tokens,5000,3613,3475,138,BackwardCompoundCommand,3284
FA_IR,fa-ir-default,1.0.0,b29a0d168a6a97f980666aa40b74a0edd8b6be4ab3320a7abfbb76b3529f4ea1,69,3544,3770,138,3632,changed tokens,5000,3613,3475,138,DeleteSuffixCommand,69
FA_IR,fa-ir-default,1.0.0,b29a0d168a6a97f980666aa40b74a0edd8b6be4ab3320a7abfbb76b3529f4ea1,69,3544,3770,138,3632,changed tokens,5000,3613,3475,138,PreserveCommand,138
FA_IR,fa-ir-default,1.0.0,b29a0d168a6a97f980666aa40b74a0edd8b6be4ab3320a7abfbb76b3529f4ea1,69,3544,3770,138,3632,changed tokens,5000,3613,3475,138,ReplaceLastCharacterCommand,207
FI_FI,fi-fi-default,1.0.0,ca2628b3db31fee92f1b612ebbbd5e956a6dbbfb10e721325e55ef528f26072f,57027,1788784,1865215,110525,1754690,changed tokens,1754690,1840248,1733693,106555,AppendCharacterCommand,1117
FI_FI,fi-fi-default,1.0.0,ca2628b3db31fee92f1b612ebbbd5e956a6dbbfb10e721325e55ef528f26072f,57027,1788784,1865215,110525,1754690,changed tokens,1754690,1840248,1733693,106555,BackwardCompoundCommand,1175880
FI_FI,fi-fi-default,1.0.0,ca2628b3db31fee92f1b612ebbbd5e956a6dbbfb10e721325e55ef528f26072f,57027,1788784,1865215,110525,1754690,changed tokens,1754690,1840248,1733693,106555,DeleteSuffixCommand,570130
FI_FI,fi-fi-default,1.0.0,ca2628b3db31fee92f1b612ebbbd5e956a6dbbfb10e721325e55ef528f26072f,57027,1788784,1865215,110525,1754690,changed tokens,1754690,1840248,1733693,106555,PreserveCommand,112029
FI_FI,fi-fi-default,1.0.0,ca2628b3db31fee92f1b612ebbbd5e956a6dbbfb10e721325e55ef528f26072f,57027,1788784,1865215,110525,1754690,changed tokens,1754690,1840248,1733693,106555,ReplaceLastCharacterCommand,6059
FO_FO,fo-fo-default,1.0.0,7d52c5ef7a69d8a4b3f5fd4725f8c2f75e1e978f021351df1b67773cc58ebb13,3077,31366,36410,6154,30256,changed tokens,30256,34362,28370,5992,AppendCharacterCommand,431
FO_FO,fo-fo-default,1.0.0,7d52c5ef7a69d8a4b3f5fd4725f8c2f75e1e978f021351df1b67773cc58ebb13,3077,31366,36410,6154,30256,changed tokens,30256,34362,28370,5992,BackwardCompoundCommand,16170
FO_FO,fo-fo-default,1.0.0,7d52c5ef7a69d8a4b3f5fd4725f8c2f75e1e978f021351df1b67773cc58ebb13,3077,31366,36410,6154,30256,changed tokens,30256,34362,28370,5992,DeleteSuffixCommand,11334
FO_FO,fo-fo-default,1.0.0,7d52c5ef7a69d8a4b3f5fd4725f8c2f75e1e978f021351df1b67773cc58ebb13,3077,31366,36410,6154,30256,changed tokens,30256,34362,28370,5992,PreserveCommand,6470
FO_FO,fo-fo-default,1.0.0,7d52c5ef7a69d8a4b3f5fd4725f8c2f75e1e978f021351df1b67773cc58ebb13,3077,31366,36410,6154,30256,changed tokens,30256,34362,28370,5992,ReplaceLastCharacterCommand,2005
FR_FR,fr-fr-default,1.0.0,a988658758952fd599dc7360e0234178a6d65ac46e5cedc7dcd325a7cb7e71d9,59240,404011,474110,108141,365969,changed tokens,365969,449601,347155,102446,AppendCharacterCommand,10082
FR_FR,fr-fr-default,1.0.0,a988658758952fd599dc7360e0234178a6d65ac46e5cedc7dcd325a7cb7e71d9,59240,404011,474110,108141,365969,changed tokens,365969,449601,347155,102446,BackwardCompoundCommand,184521
FR_FR,fr-fr-default,1.0.0,a988658758952fd599dc7360e0234178a6d65ac46e5cedc7dcd325a7cb7e71d9,59240,404011,474110,108141,365969,changed tokens,365969,449601,347155,102446,DeleteSuffixCommand,154760
FR_FR,fr-fr-default,1.0.0,a988658758952fd599dc7360e0234178a6d65ac46e5cedc7dcd325a7cb7e71d9,59240,404011,474110,108141,365969,changed tokens,365969,449601,347155,102446,PreserveCommand,110933
FR_FR,fr-fr-default,1.0.0,a988658758952fd599dc7360e0234178a6d65ac46e5cedc7dcd325a7cb7e71d9,59240,404011,474110,108141,365969,changed tokens,365969,449601,347155,102446,ReplaceLastCharacterCommand,13814
FRM,frm-default,1.0.0,ebe1ce025d74d7cf5eee3ce328840911d01f227ff6834fd039461763c9f3ac18,602,27002,27816,1204,26612,changed tokens,26612,27604,26400,1204,AppendCharacterCommand,548
FRM,frm-default,1.0.0,ebe1ce025d74d7cf5eee3ce328840911d01f227ff6834fd039461763c9f3ac18,602,27002,27816,1204,26612,changed tokens,26612,27604,26400,1204,BackwardCompoundCommand,14583
FRM,frm-default,1.0.0,ebe1ce025d74d7cf5eee3ce328840911d01f227ff6834fd039461763c9f3ac18,602,27002,27816,1204,26612,changed tokens,26612,27604,26400,1204,DeleteSuffixCommand,10321
FRM,frm-default,1.0.0,ebe1ce025d74d7cf5eee3ce328840911d01f227ff6834fd039461763c9f3ac18,602,27002,27816,1204,26612,changed tokens,26612,27604,26400,1204,PreserveCommand,1204
FRM,frm-default,1.0.0,ebe1ce025d74d7cf5eee3ce328840911d01f227ff6834fd039461763c9f3ac18,602,27002,27816,1204,26612,changed tokens,26612,27604,26400,1204,ReplaceLastCharacterCommand,1160
FRO,fro-default,1.0.0,58e05dd60f4c616db2c28e34394171c6015c07de2d28bfeae7cfd2c60d7393d8,1699,93998,106654,3398,103256,changed tokens,103256,95695,92301,3394,AppendCharacterCommand,1040
FRO,fro-default,1.0.0,58e05dd60f4c616db2c28e34394171c6015c07de2d28bfeae7cfd2c60d7393d8,1699,93998,106654,3398,103256,changed tokens,103256,95695,92301,3394,BackwardCompoundCommand,76497
FRO,fro-default,1.0.0,58e05dd60f4c616db2c28e34394171c6015c07de2d28bfeae7cfd2c60d7393d8,1699,93998,106654,3398,103256,changed tokens,103256,95695,92301,3394,DeleteSuffixCommand,22945
FRO,fro-default,1.0.0,58e05dd60f4c616db2c28e34394171c6015c07de2d28bfeae7cfd2c60d7393d8,1699,93998,106654,3398,103256,changed tokens,103256,95695,92301,3394,PreserveCommand,3412
FRO,fro-default,1.0.0,58e05dd60f4c616db2c28e34394171c6015c07de2d28bfeae7cfd2c60d7393d8,1699,93998,106654,3398,103256,changed tokens,103256,95695,92301,3394,ReplaceLastCharacterCommand,2760
FRR,frr-default,1.0.0,8ad47d2806f6ef2926e2270389609b3fc77b696ee1f09df6c1c395a06d9b64bb,51,340,408,102,306,changed tokens,5000,387,293,94,AppendCharacterCommand,34
FRR,frr-default,1.0.0,8ad47d2806f6ef2926e2270389609b3fc77b696ee1f09df6c1c395a06d9b64bb,51,340,408,102,306,changed tokens,5000,387,293,94,BackwardCompoundCommand,236
FRR,frr-default,1.0.0,8ad47d2806f6ef2926e2270389609b3fc77b696ee1f09df6c1c395a06d9b64bb,51,340,408,102,306,changed tokens,5000,387,293,94,DeleteSuffixCommand,39
FRR,frr-default,1.0.0,8ad47d2806f6ef2926e2270389609b3fc77b696ee1f09df6c1c395a06d9b64bb,51,340,408,102,306,changed tokens,5000,387,293,94,PreserveCommand,95
FRR,frr-default,1.0.0,8ad47d2806f6ef2926e2270389609b3fc77b696ee1f09df6c1c395a06d9b64bb,51,340,408,102,306,changed tokens,5000,387,293,94,ReplaceLastCharacterCommand,4
FUR,fur-default,1.0.0,ee6eb34acd2db625e91282629040da78f2a2f596ef34d12686acf76b4d3d9f68,168,5007,5185,336,4849,changed tokens,5000,5175,4839,336,AppendCharacterCommand,15
FUR,fur-default,1.0.0,ee6eb34acd2db625e91282629040da78f2a2f596ef34d12686acf76b4d3d9f68,168,5007,5185,336,4849,changed tokens,5000,5175,4839,336,BackwardCompoundCommand,4067
FUR,fur-default,1.0.0,ee6eb34acd2db625e91282629040da78f2a2f596ef34d12686acf76b4d3d9f68,168,5007,5185,336,4849,changed tokens,5000,5175,4839,336,DeleteSuffixCommand,363
FUR,fur-default,1.0.0,ee6eb34acd2db625e91282629040da78f2a2f596ef34d12686acf76b4d3d9f68,168,5007,5185,336,4849,changed tokens,5000,5175,4839,336,PreserveCommand,338
FUR,fur-default,1.0.0,ee6eb34acd2db625e91282629040da78f2a2f596ef34d12686acf76b4d3d9f68,168,5007,5185,336,4849,changed tokens,5000,5175,4839,336,ReplaceLastCharacterCommand,402
FY_NL,fy-nl-default,1.0.0,24dbc346fc258d7315048b02d24e8cc3675739e6563613695dac3c548fcfab68,85,696,784,170,614,changed tokens,5000,781,611,170,AppendCharacterCommand,26
FY_NL,fy-nl-default,1.0.0,24dbc346fc258d7315048b02d24e8cc3675739e6563613695dac3c548fcfab68,85,696,784,170,614,changed tokens,5000,781,611,170,BackwardCompoundCommand,421
FY_NL,fy-nl-default,1.0.0,24dbc346fc258d7315048b02d24e8cc3675739e6563613695dac3c548fcfab68,85,696,784,170,614,changed tokens,5000,781,611,170,DeleteSuffixCommand,140
FY_NL,fy-nl-default,1.0.0,24dbc346fc258d7315048b02d24e8cc3675739e6563613695dac3c548fcfab68,85,696,784,170,614,changed tokens,5000,781,611,170,PreserveCommand,170
FY_NL,fy-nl-default,1.0.0,24dbc346fc258d7315048b02d24e8cc3675739e6563613695dac3c548fcfab68,85,696,784,170,614,changed tokens,5000,781,611,170,ReplaceLastCharacterCommand,27
GA_IE,ga-ie-default,1.0.0,cc4ffc97b026107936fee34938b02273330ec23e61a1c9835cb3fd38b5319702,7023,21829,29342,14046,15296,changed tokens,15296,28779,14879,13900,AppendCharacterCommand,10
GA_IE,ga-ie-default,1.0.0,cc4ffc97b026107936fee34938b02273330ec23e61a1c9835cb3fd38b5319702,7023,21829,29342,14046,15296,changed tokens,15296,28779,14879,13900,BackwardCompoundCommand,9416
GA_IE,ga-ie-default,1.0.0,cc4ffc97b026107936fee34938b02273330ec23e61a1c9835cb3fd38b5319702,7023,21829,29342,14046,15296,changed tokens,15296,28779,14879,13900,DeleteSuffixCommand,5570
GA_IE,ga-ie-default,1.0.0,cc4ffc97b026107936fee34938b02273330ec23e61a1c9835cb3fd38b5319702,7023,21829,29342,14046,15296,changed tokens,15296,28779,14879,13900,PreserveCommand,14075
GA_IE,ga-ie-default,1.0.0,cc4ffc97b026107936fee34938b02273330ec23e61a1c9835cb3fd38b5319702,7023,21829,29342,14046,15296,changed tokens,15296,28779,14879,13900,ReplaceLastCharacterCommand,271
GAA,gaa-default,1.0.0,052af2955659a954f1c3036e564b405ec75d93fa858e96c5cb8f2ce8bac8a534,94,469,564,188,376,changed tokens,5000,563,375,188,BackwardCompoundCommand,186
GAA,gaa-default,1.0.0,052af2955659a954f1c3036e564b405ec75d93fa858e96c5cb8f2ce8bac8a534,94,469,564,188,376,changed tokens,5000,563,375,188,DeleteSuffixCommand,189
GAA,gaa-default,1.0.0,052af2955659a954f1c3036e564b405ec75d93fa858e96c5cb8f2ce8bac8a534,94,469,564,188,376,changed tokens,5000,563,375,188,PreserveCommand,189
GAL,gal-default,1.0.0,91fcd0fe4215d310749795879d4d441fa23b12f4bcbbc3734ae83565c9c8b3c4,486,25436,26681,972,25709,changed tokens,25709,25922,24950,972,AppendCharacterCommand,360
GAL,gal-default,1.0.0,91fcd0fe4215d310749795879d4d441fa23b12f4bcbbc3734ae83565c9c8b3c4,486,25436,26681,972,25709,changed tokens,25709,25922,24950,972,BackwardCompoundCommand,15138
GAL,gal-default,1.0.0,91fcd0fe4215d310749795879d4d441fa23b12f4bcbbc3734ae83565c9c8b3c4,486,25436,26681,972,25709,changed tokens,25709,25922,24950,972,DeleteSuffixCommand,9258
GAL,gal-default,1.0.0,91fcd0fe4215d310749795879d4d441fa23b12f4bcbbc3734ae83565c9c8b3c4,486,25436,26681,972,25709,changed tokens,25709,25922,24950,972,PreserveCommand,974
GAL,gal-default,1.0.0,91fcd0fe4215d310749795879d4d441fa23b12f4bcbbc3734ae83565c9c8b3c4,486,25436,26681,972,25709,changed tokens,25709,25922,24950,972,ReplaceLastCharacterCommand,951
GD_GB,gd-gb-default,1.0.0,089c9cb590ef564fee033fcaa59c50b7317aaed5e55ebd5493679a60b6458c33,70,265,335,140,195,changed tokens,5000,335,195,140,BackwardCompoundCommand,132
GD_GB,gd-gb-default,1.0.0,089c9cb590ef564fee033fcaa59c50b7317aaed5e55ebd5493679a60b6458c33,70,265,335,140,195,changed tokens,5000,335,195,140,DeleteSuffixCommand,63
GD_GB,gd-gb-default,1.0.0,089c9cb590ef564fee033fcaa59c50b7317aaed5e55ebd5493679a60b6458c33,70,265,335,140,195,changed tokens,5000,335,195,140,PreserveCommand,140
GMH,gmh-default,1.0.0,91ccdb971ed6905cf710362b208537c12e7aed0b39fdf2e881cef7e3114cd109,29,384,413,58,355,changed tokens,5000,413,355,58,AppendCharacterCommand,17
GMH,gmh-default,1.0.0,91ccdb971ed6905cf710362b208537c12e7aed0b39fdf2e881cef7e3114cd109,29,384,413,58,355,changed tokens,5000,413,355,58,BackwardCompoundCommand,276
GMH,gmh-default,1.0.0,91ccdb971ed6905cf710362b208537c12e7aed0b39fdf2e881cef7e3114cd109,29,384,413,58,355,changed tokens,5000,413,355,58,DeleteSuffixCommand,45
GMH,gmh-default,1.0.0,91ccdb971ed6905cf710362b208537c12e7aed0b39fdf2e881cef7e3114cd109,29,384,413,58,355,changed tokens,5000,413,355,58,PreserveCommand,58
GMH,gmh-default,1.0.0,91ccdb971ed6905cf710362b208537c12e7aed0b39fdf2e881cef7e3114cd109,29,384,413,58,355,changed tokens,5000,413,355,58,ReplaceLastCharacterCommand,17
GML,gml-default,1.0.0,7a6d0ce9b18d3a0aa6cf8c6d4179d8473ba86c9d8b36133eb2370dfd4d257aec,50,565,624,100,524,changed tokens,5000,615,515,100,AppendCharacterCommand,37
GML,gml-default,1.0.0,7a6d0ce9b18d3a0aa6cf8c6d4179d8473ba86c9d8b36133eb2370dfd4d257aec,50,565,624,100,524,changed tokens,5000,615,515,100,BackwardCompoundCommand,334
GML,gml-default,1.0.0,7a6d0ce9b18d3a0aa6cf8c6d4179d8473ba86c9d8b36133eb2370dfd4d257aec,50,565,624,100,524,changed tokens,5000,615,515,100,DeleteSuffixCommand,112
GML,gml-default,1.0.0,7a6d0ce9b18d3a0aa6cf8c6d4179d8473ba86c9d8b36133eb2370dfd4d257aec,50,565,624,100,524,changed tokens,5000,615,515,100,PreserveCommand,103
GML,gml-default,1.0.0,7a6d0ce9b18d3a0aa6cf8c6d4179d8473ba86c9d8b36133eb2370dfd4d257aec,50,565,624,100,524,changed tokens,5000,615,515,100,ReplaceLastCharacterCommand,38
GOH,goh-default,1.0.0,7dc85288accc2a0b66298254e461a7b5328e6443e8334e6e5ad0746d62d00e6b,482,5267,5782,964,4818,changed tokens,5000,5748,4786,962,AppendCharacterCommand,23
GOH,goh-default,1.0.0,7dc85288accc2a0b66298254e461a7b5328e6443e8334e6e5ad0746d62d00e6b,482,5267,5782,964,4818,changed tokens,5000,5748,4786,962,BackwardCompoundCommand,2876
GOH,goh-default,1.0.0,7dc85288accc2a0b66298254e461a7b5328e6443e8334e6e5ad0746d62d00e6b,482,5267,5782,964,4818,changed tokens,5000,5748,4786,962,DeleteSuffixCommand,1722
GOH,goh-default,1.0.0,7dc85288accc2a0b66298254e461a7b5328e6443e8334e6e5ad0746d62d00e6b,482,5267,5782,964,4818,changed tokens,5000,5748,4786,962,PreserveCommand,967
GOH,goh-default,1.0.0,7dc85288accc2a0b66298254e461a7b5328e6443e8334e6e5ad0746d62d00e6b,482,5267,5782,964,4818,changed tokens,5000,5748,4786,962,ReplaceLastCharacterCommand,194
GOT,got-default,1.0.0,1e68dbfe6c47af09142952282110d5f953c416d34e54185ddc4459c16850eb09,6225,134162,143969,12450,131519,changed tokens,131519,139402,128922,10480,AppendCharacterCommand,2010
GOT,got-default,1.0.0,1e68dbfe6c47af09142952282110d5f953c416d34e54185ddc4459c16850eb09,6225,134162,143969,12450,131519,changed tokens,131519,139402,128922,10480,BackwardCompoundCommand,105544
GOT,got-default,1.0.0,1e68dbfe6c47af09142952282110d5f953c416d34e54185ddc4459c16850eb09,6225,134162,143969,12450,131519,changed tokens,131519,139402,128922,10480,DeleteSuffixCommand,15771
GOT,got-default,1.0.0,1e68dbfe6c47af09142952282110d5f953c416d34e54185ddc4459c16850eb09,6225,134162,143969,12450,131519,changed tokens,131519,139402,128922,10480,PreserveCommand,11118
GOT,got-default,1.0.0,1e68dbfe6c47af09142952282110d5f953c416d34e54185ddc4459c16850eb09,6225,134162,143969,12450,131519,changed tokens,131519,139402,128922,10480,ReplaceLastCharacterCommand,9526
GRC,grc-default,1.0.0,ea83c5b51c7795f6c8e628ec6cac95578948175726c51d71710e751940f11aca,1909,11109,13092,3818,9274,changed tokens,9274,13016,9202,3814,AppendCharacterCommand,90
GRC,grc-default,1.0.0,ea83c5b51c7795f6c8e628ec6cac95578948175726c51d71710e751940f11aca,1909,11109,13092,3818,9274,changed tokens,9274,13016,9202,3814,BackwardCompoundCommand,7891
GRC,grc-default,1.0.0,ea83c5b51c7795f6c8e628ec6cac95578948175726c51d71710e751940f11aca,1909,11109,13092,3818,9274,changed tokens,9274,13016,9202,3814,DeleteSuffixCommand,275
GRC,grc-default,1.0.0,ea83c5b51c7795f6c8e628ec6cac95578948175726c51d71710e751940f11aca,1909,11109,13092,3818,9274,changed tokens,9274,13016,9202,3814,PreserveCommand,3820
GRC,grc-default,1.0.0,ea83c5b51c7795f6c8e628ec6cac95578948175726c51d71710e751940f11aca,1909,11109,13092,3818,9274,changed tokens,9274,13016,9202,3814,ReplaceLastCharacterCommand,1016
GSW,gsw-default,1.0.0,770d3af9a6c62efb3c90bf8654066b262491d8d957e7bdb230a1b04c7a21f17f,143,1171,1318,286,1032,changed tokens,5000,1314,1028,286,AppendCharacterCommand,5
GSW,gsw-default,1.0.0,770d3af9a6c62efb3c90bf8654066b262491d8d957e7bdb230a1b04c7a21f17f,143,1171,1318,286,1032,changed tokens,5000,1314,1028,286,BackwardCompoundCommand,639
GSW,gsw-default,1.0.0,770d3af9a6c62efb3c90bf8654066b262491d8d957e7bdb230a1b04c7a21f17f,143,1171,1318,286,1032,changed tokens,5000,1314,1028,286,DeleteSuffixCommand,196
GSW,gsw-default,1.0.0,770d3af9a6c62efb3c90bf8654066b262491d8d957e7bdb230a1b04c7a21f17f,143,1171,1318,286,1032,changed tokens,5000,1314,1028,286,PreserveCommand,286
GSW,gsw-default,1.0.0,770d3af9a6c62efb3c90bf8654066b262491d8d957e7bdb230a1b04c7a21f17f,143,1171,1318,286,1032,changed tokens,5000,1314,1028,286,ReplaceLastCharacterCommand,192
GUP,gup-default,1.0.0,c9dfd43c26952aad6abd283b8ec2982d2d71763d92e85b9db14542126b3b7876,73,370,444,146,298,changed tokens,5000,443,297,146,BackwardCompoundCommand,261
GUP,gup-default,1.0.0,c9dfd43c26952aad6abd283b8ec2982d2d71763d92e85b9db14542126b3b7876,73,370,444,146,298,changed tokens,5000,443,297,146,DeleteSuffixCommand,35
GUP,gup-default,1.0.0,c9dfd43c26952aad6abd283b8ec2982d2d71763d92e85b9db14542126b3b7876,73,370,444,146,298,changed tokens,5000,443,297,146,PreserveCommand,146
GUP,gup-default,1.0.0,c9dfd43c26952aad6abd283b8ec2982d2d71763d92e85b9db14542126b3b7876,73,370,444,146,298,changed tokens,5000,443,297,146,ReplaceLastCharacterCommand,2
GV_IM,gv-im-default,1.0.0,3f51e5929a22c339dc21d309f0b7b8f73b2e3f95207af8514f591c50d37e9e15,1,15,16,2,14,changed tokens,5000,16,14,2,BackwardCompoundCommand,11
GV_IM,gv-im-default,1.0.0,3f51e5929a22c339dc21d309f0b7b8f73b2e3f95207af8514f591c50d37e9e15,1,15,16,2,14,changed tokens,5000,16,14,2,DeleteSuffixCommand,2
GV_IM,gv-im-default,1.0.0,3f51e5929a22c339dc21d309f0b7b8f73b2e3f95207af8514f591c50d37e9e15,1,15,16,2,14,changed tokens,5000,16,14,2,PreserveCommand,2
GV_IM,gv-im-default,1.0.0,3f51e5929a22c339dc21d309f0b7b8f73b2e3f95207af8514f591c50d37e9e15,1,15,16,2,14,changed tokens,5000,16,14,2,ReplaceLastCharacterCommand,1
HAI,hai-default,1.0.0,27de8438d05cc3c6f86087145212bbfbf044041f155e973c0ef1aad49baf2cfe,28,520,548,56,492,changed tokens,5000,548,492,56,BackwardCompoundCommand,122
HAI,hai-default,1.0.0,27de8438d05cc3c6f86087145212bbfbf044041f155e973c0ef1aad49baf2cfe,28,520,548,56,492,changed tokens,5000,548,492,56,DeleteSuffixCommand,370
HAI,hai-default,1.0.0,27de8438d05cc3c6f86087145212bbfbf044041f155e973c0ef1aad49baf2cfe,28,520,548,56,492,changed tokens,5000,548,492,56,PreserveCommand,56
HBS,hbs-default,1.0.0,edeb7fff29f64fbe76b2087818d4838d36f4606857acbadc577a28774419f213,24382,272515,302286,48764,253522,changed tokens,253522,296749,248281,48468,AppendCharacterCommand,202
HBS,hbs-default,1.0.0,edeb7fff29f64fbe76b2087818d4838d36f4606857acbadc577a28774419f213,24382,272515,302286,48764,253522,changed tokens,253522,296749,248281,48468,BackwardCompoundCommand,166196
HBS,hbs-default,1.0.0,edeb7fff29f64fbe76b2087818d4838d36f4606857acbadc577a28774419f213,24382,272515,302286,48764,253522,changed tokens,253522,296749,248281,48468,DeleteSuffixCommand,58671
HBS,hbs-default,1.0.0,edeb7fff29f64fbe76b2087818d4838d36f4606857acbadc577a28774419f213,24382,272515,302286,48764,253522,changed tokens,253522,296749,248281,48468,PreserveCommand,48912
HBS,hbs-default,1.0.0,edeb7fff29f64fbe76b2087818d4838d36f4606857acbadc577a28774419f213,24382,272515,302286,48764,253522,changed tokens,253522,296749,248281,48468,ReplaceLastCharacterCommand,28305
HE_IL,he-il-default,1.0.0,9a47dc69bb7dab21aba0266b73cd74cdaeb17db94363796a0a56111ac8518256,2358,57658,61071,4715,56356,changed tokens,56356,60002,55313,4689,AppendCharacterCommand,3
HE_IL,he-il-default,1.0.0,9a47dc69bb7dab21aba0266b73cd74cdaeb17db94363796a0a56111ac8518256,2358,57658,61071,4715,56356,changed tokens,56356,60002,55313,4689,BackwardCompoundCommand,46876
HE_IL,he-il-default,1.0.0,9a47dc69bb7dab21aba0266b73cd74cdaeb17db94363796a0a56111ac8518256,2358,57658,61071,4715,56356,changed tokens,56356,60002,55313,4689,DeleteSuffixCommand,9059
HE_IL,he-il-default,1.0.0,9a47dc69bb7dab21aba0266b73cd74cdaeb17db94363796a0a56111ac8518256,2358,57658,61071,4715,56356,changed tokens,56356,60002,55313,4689,PreserveCommand,4869
HE_IL,he-il-default,1.0.0,9a47dc69bb7dab21aba0266b73cd74cdaeb17db94363796a0a56111ac8518256,2358,57658,61071,4715,56356,changed tokens,56356,60002,55313,4689,ReplaceLastCharacterCommand,264
HIL,hil-default,1.0.0,43ccfab3a54e725d44a1c0c03154dcb474ffa33a716e6fd92ab5f59ba5d57d5c,80,308,388,160,228,changed tokens,5000,388,228,160,BackwardCompoundCommand,228
HIL,hil-default,1.0.0,43ccfab3a54e725d44a1c0c03154dcb474ffa33a716e6fd92ab5f59ba5d57d5c,80,308,388,160,228,changed tokens,5000,388,228,160,PreserveCommand,160
HSB,hsb-default,1.0.0,dd085232541899920df2acfcb11ef8fd914fea6894351f08a1e99f8fb84c3950,343,662,1006,686,320,changed tokens,5000,1005,319,686,AppendCharacterCommand,11
HSB,hsb-default,1.0.0,dd085232541899920df2acfcb11ef8fd914fea6894351f08a1e99f8fb84c3950,343,662,1006,686,320,changed tokens,5000,1005,319,686,BackwardCompoundCommand,140
HSB,hsb-default,1.0.0,dd085232541899920df2acfcb11ef8fd914fea6894351f08a1e99f8fb84c3950,343,662,1006,686,320,changed tokens,5000,1005,319,686,DeleteSuffixCommand,106
HSB,hsb-default,1.0.0,dd085232541899920df2acfcb11ef8fd914fea6894351f08a1e99f8fb84c3950,343,662,1006,686,320,changed tokens,5000,1005,319,686,PreserveCommand,687
HSB,hsb-default,1.0.0,dd085232541899920df2acfcb11ef8fd914fea6894351f08a1e99f8fb84c3950,343,662,1006,686,320,changed tokens,5000,1005,319,686,ReplaceLastCharacterCommand,62
HSI,hsi-default,1.0.0,40099c2852ee4407f1da7e2ebc9a396765d51cfeee6868a83c04abe169d1b057,49,158,208,98,110,changed tokens,5000,207,109,98,AppendCharacterCommand,2
HSI,hsi-default,1.0.0,40099c2852ee4407f1da7e2ebc9a396765d51cfeee6868a83c04abe169d1b057,49,158,208,98,110,changed tokens,5000,207,109,98,BackwardCompoundCommand,78
HSI,hsi-default,1.0.0,40099c2852ee4407f1da7e2ebc9a396765d51cfeee6868a83c04abe169d1b057,49,158,208,98,110,changed tokens,5000,207,109,98,DeleteSuffixCommand,20
HSI,hsi-default,1.0.0,40099c2852ee4407f1da7e2ebc9a396765d51cfeee6868a83c04abe169d1b057,49,158,208,98,110,changed tokens,5000,207,109,98,PreserveCommand,98
HSI,hsi-default,1.0.0,40099c2852ee4407f1da7e2ebc9a396765d51cfeee6868a83c04abe169d1b057,49,158,208,98,110,changed tokens,5000,207,109,98,ReplaceLastCharacterCommand,10
HU_HU,hu-hu-default,1.0.0,359d46a01d751ec823705ad7f3dd1cc8f6663feb1a9d13cb04d0c6fb51ab646e,19406,910688,935713,38775,896938,changed tokens,896938,928435,892782,35653,AppendCharacterCommand,15
HU_HU,hu-hu-default,1.0.0,359d46a01d751ec823705ad7f3dd1cc8f6663feb1a9d13cb04d0c6fb51ab646e,19406,910688,935713,38775,896938,changed tokens,896938,928435,892782,35653,BackwardCompoundCommand,149173
HU_HU,hu-hu-default,1.0.0,359d46a01d751ec823705ad7f3dd1cc8f6663feb1a9d13cb04d0c6fb51ab646e,19406,910688,935713,38775,896938,changed tokens,896938,928435,892782,35653,DeleteSuffixCommand,750282
HU_HU,hu-hu-default,1.0.0,359d46a01d751ec823705ad7f3dd1cc8f6663feb1a9d13cb04d0c6fb51ab646e,19406,910688,935713,38775,896938,changed tokens,896938,928435,892782,35653,PreserveCommand,36139
HU_HU,hu-hu-default,1.0.0,359d46a01d751ec823705ad7f3dd1cc8f6663feb1a9d13cb04d0c6fb51ab646e,19406,910688,935713,38775,896938,changed tokens,896938,928435,892782,35653,ReplaceLastCharacterCommand,104
HY_AM,hy-am-default,1.0.0,dd2cef8bd372c2fc32a3127f0fa5ba7a4829c59e54f508b14ffd054e04fc1c00,6946,242091,250040,13892,236148,changed tokens,236148,248957,235225,13732,AppendCharacterCommand,160
HY_AM,hy-am-default,1.0.0,dd2cef8bd372c2fc32a3127f0fa5ba7a4829c59e54f508b14ffd054e04fc1c00,6946,242091,250040,13892,236148,changed tokens,236148,248957,235225,13732,BackwardCompoundCommand,52944
HY_AM,hy-am-default,1.0.0,dd2cef8bd372c2fc32a3127f0fa5ba7a4829c59e54f508b14ffd054e04fc1c00,6946,242091,250040,13892,236148,changed tokens,236148,248957,235225,13732,DeleteSuffixCommand,177163
HY_AM,hy-am-default,1.0.0,dd2cef8bd372c2fc32a3127f0fa5ba7a4829c59e54f508b14ffd054e04fc1c00,6946,242091,250040,13892,236148,changed tokens,236148,248957,235225,13732,PreserveCommand,13868
HY_AM,hy-am-default,1.0.0,dd2cef8bd372c2fc32a3127f0fa5ba7a4829c59e54f508b14ffd054e04fc1c00,6946,242091,250040,13892,236148,changed tokens,236148,248957,235225,13732,ReplaceLastCharacterCommand,5905
ID_ID,id-id-default,1.0.0,dc285b60aaa4e149f3d77fc93fede8bb6d20bae599b01304a8f552cab925ddde,3877,21296,25175,7754,17421,changed tokens,17421,25173,17419,7754,BackwardCompoundCommand,12539
ID_ID,id-id-default,1.0.0,dc285b60aaa4e149f3d77fc93fede8bb6d20bae599b01304a8f552cab925ddde,3877,21296,25175,7754,17421,changed tokens,17421,25173,17419,7754,DeleteSuffixCommand,4880
ID_ID,id-id-default,1.0.0,dc285b60aaa4e149f3d77fc93fede8bb6d20bae599b01304a8f552cab925ddde,3877,21296,25175,7754,17421,changed tokens,17421,25173,17419,7754,PreserveCommand,7756
IS_IS,is-is-default,1.0.0,920ca13c98fe07f141f6b646c5858c5e0143ec94cfde08fd885ae66923076ebf,4766,52132,58089,9532,48557,changed tokens,48557,56802,47462,9340,AppendCharacterCommand,246
IS_IS,is-is-default,1.0.0,920ca13c98fe07f141f6b646c5858c5e0143ec94cfde08fd885ae66923076ebf,4766,52132,58089,9532,48557,changed tokens,48557,56802,47462,9340,BackwardCompoundCommand,25457
IS_IS,is-is-default,1.0.0,920ca13c98fe07f141f6b646c5858c5e0143ec94cfde08fd885ae66923076ebf,4766,52132,58089,9532,48557,changed tokens,48557,56802,47462,9340,DeleteSuffixCommand,20395
IS_IS,is-is-default,1.0.0,920ca13c98fe07f141f6b646c5858c5e0143ec94cfde08fd885ae66923076ebf,4766,52132,58089,9532,48557,changed tokens,48557,56802,47462,9340,PreserveCommand,9519
IS_IS,is-is-default,1.0.0,920ca13c98fe07f141f6b646c5858c5e0143ec94cfde08fd885ae66923076ebf,4766,52132,58089,9532,48557,changed tokens,48557,56802,47462,9340,ReplaceLastCharacterCommand,2472
IT_IT,it-it-default,1.0.0,5e03be31c9761e30dbf24a47a5ced3d6ec949dabd31e92632fdd9f7c67fc2e12,10009,324366,337546,20004,317542,changed tokens,317542,334361,314357,20004,BackwardCompoundCommand,302089
IT_IT,it-it-default,1.0.0,5e03be31c9761e30dbf24a47a5ced3d6ec949dabd31e92632fdd9f7c67fc2e12,10009,324366,337546,20004,317542,changed tokens,317542,334361,314357,20004,DeleteSuffixCommand,12348
IT_IT,it-it-default,1.0.0,5e03be31c9761e30dbf24a47a5ced3d6ec949dabd31e92632fdd9f7c67fc2e12,10009,324366,337546,20004,317542,changed tokens,317542,334361,314357,20004,PreserveCommand,20013
IT_IT,it-it-default,1.0.0,5e03be31c9761e30dbf24a47a5ced3d6ec949dabd31e92632fdd9f7c67fc2e12,10009,324366,337546,20004,317542,changed tokens,317542,334361,314357,20004,ReplaceLastCharacterCommand,3096
ITL,itl-default,1.0.0,e794b033969008c47de41f60506075e2e8f3e4a50120a30c708e74ba012abceb,1574,3546,5124,3148,1976,changed tokens,5000,5116,1976,3140,AppendCharacterCommand,1
ITL,itl-default,1.0.0,e794b033969008c47de41f60506075e2e8f3e4a50120a30c708e74ba012abceb,1574,3546,5124,3148,1976,changed tokens,5000,5116,1976,3140,BackwardCompoundCommand,843
ITL,itl-default,1.0.0,e794b033969008c47de41f60506075e2e8f3e4a50120a30c708e74ba012abceb,1574,3546,5124,3148,1976,changed tokens,5000,5116,1976,3140,DeleteSuffixCommand,1140
ITL,itl-default,1.0.0,e794b033969008c47de41f60506075e2e8f3e4a50120a30c708e74ba012abceb,1574,3546,5124,3148,1976,changed tokens,5000,5116,1976,3140,PreserveCommand,3140
IZH,izh-default,1.0.0,31b8cdd20bb1be97b44a83c8d3b529119dae4b9204bd93866894d6c30d0ce2b2,50,1024,1074,100,974,changed tokens,5000,1074,974,100,BackwardCompoundCommand,681
IZH,izh-default,1.0.0,31b8cdd20bb1be97b44a83c8d3b529119dae4b9204bd93866894d6c30d0ce2b2,50,1024,1074,100,974,changed tokens,5000,1074,974,100,DeleteSuffixCommand,293
IZH,izh-default,1.0.0,31b8cdd20bb1be97b44a83c8d3b529119dae4b9204bd93866894d6c30d0ce2b2,50,1024,1074,100,974,changed tokens,5000,1074,974,100,PreserveCommand,100
JA_JP,ja-jp-default,1.0.0,4eb7421a20914b847177e9fd02c798fe58e088d2bb212136efcce576c9dd180b,107,10848,11699,214,11485,changed tokens,11485,10955,10741,214,BackwardCompoundCommand,10962
JA_JP,ja-jp-default,1.0.0,4eb7421a20914b847177e9fd02c798fe58e088d2bb212136efcce576c9dd180b,107,10848,11699,214,11485,changed tokens,11485,10955,10741,214,DeleteSuffixCommand,319
JA_JP,ja-jp-default,1.0.0,4eb7421a20914b847177e9fd02c798fe58e088d2bb212136efcce576c9dd180b,107,10848,11699,214,11485,changed tokens,11485,10955,10741,214,PreserveCommand,218
JA_JP,ja-jp-default,1.0.0,4eb7421a20914b847177e9fd02c798fe58e088d2bb212136efcce576c9dd180b,107,10848,11699,214,11485,changed tokens,11485,10955,10741,214,ReplaceLastCharacterCommand,200
KA_GE,ka-ge-default,1.0.0,f8205f3c31e3dc6a0f908b3839956c72688ae04b672ed75ba9083e4280b99c3b,3847,75914,79967,7694,72273,changed tokens,72273,79759,72069,7690,AppendCharacterCommand,65
KA_GE,ka-ge-default,1.0.0,f8205f3c31e3dc6a0f908b3839956c72688ae04b672ed75ba9083e4280b99c3b,3847,75914,79967,7694,72273,changed tokens,72273,79759,72069,7690,BackwardCompoundCommand,51834
KA_GE,ka-ge-default,1.0.0,f8205f3c31e3dc6a0f908b3839956c72688ae04b672ed75ba9083e4280b99c3b,3847,75914,79967,7694,72273,changed tokens,72273,79759,72069,7690,DeleteSuffixCommand,14977
KA_GE,ka-ge-default,1.0.0,f8205f3c31e3dc6a0f908b3839956c72688ae04b672ed75ba9083e4280b99c3b,3847,75914,79967,7694,72273,changed tokens,72273,79759,72069,7690,PreserveCommand,7699
KA_GE,ka-ge-default,1.0.0,f8205f3c31e3dc6a0f908b3839956c72688ae04b672ed75ba9083e4280b99c3b,3847,75914,79967,7694,72273,changed tokens,72273,79759,72069,7690,ReplaceLastCharacterCommand,5392
KBD,kbd-default,1.0.0,2cdd9c1b8d88369667243c7b27c9eab06c02497893d6190deb7850d245b2fb89,249,3054,3303,498,2805,changed tokens,5000,3303,2805,498,DeleteSuffixCommand,2805
KBD,kbd-default,1.0.0,2cdd9c1b8d88369667243c7b27c9eab06c02497893d6190deb7850d245b2fb89,249,3054,3303,498,2805,changed tokens,5000,3303,2805,498,PreserveCommand,498
KCA,kca-default,1.0.0,22be165f4e2d9805a8db4b84ca943fe66eb6e1c3dbf390bd8f135a03678107e9,661,2175,2859,1322,1537,changed tokens,5000,2826,1524,1302,AppendCharacterCommand,2
KCA,kca-default,1.0.0,22be165f4e2d9805a8db4b84ca943fe66eb6e1c3dbf390bd8f135a03678107e9,661,2175,2859,1322,1537,changed tokens,5000,2826,1524,1302,BackwardCompoundCommand,986
KCA,kca-default,1.0.0,22be165f4e2d9805a8db4b84ca943fe66eb6e1c3dbf390bd8f135a03678107e9,661,2175,2859,1322,1537,changed tokens,5000,2826,1524,1302,DeleteSuffixCommand,557
KCA,kca-default,1.0.0,22be165f4e2d9805a8db4b84ca943fe66eb6e1c3dbf390bd8f135a03678107e9,661,2175,2859,1322,1537,changed tokens,5000,2826,1524,1302,PreserveCommand,1306
KCA,kca-default,1.0.0,22be165f4e2d9805a8db4b84ca943fe66eb6e1c3dbf390bd8f135a03678107e9,661,2175,2859,1322,1537,changed tokens,5000,2826,1524,1302,ReplaceLastCharacterCommand,8
KET,ket-default,1.0.0,4916e12863d306cbda2240606bd667e77d1c0d96bb8a3981c1d72a7d565887eb,519,1100,1622,1038,584,changed tokens,5000,1618,582,1036,AppendCharacterCommand,12
KET,ket-default,1.0.0,4916e12863d306cbda2240606bd667e77d1c0d96bb8a3981c1d72a7d565887eb,519,1100,1622,1038,584,changed tokens,5000,1618,582,1036,BackwardCompoundCommand,322
KET,ket-default,1.0.0,4916e12863d306cbda2240606bd667e77d1c0d96bb8a3981c1d72a7d565887eb,519,1100,1622,1038,584,changed tokens,5000,1618,582,1036,DeleteSuffixCommand,233
KET,ket-default,1.0.0,4916e12863d306cbda2240606bd667e77d1c0d96bb8a3981c1d72a7d565887eb,519,1100,1622,1038,584,changed tokens,5000,1618,582,1036,PreserveCommand,1038
KET,ket-default,1.0.0,4916e12863d306cbda2240606bd667e77d1c0d96bb8a3981c1d72a7d565887eb,519,1100,1622,1038,584,changed tokens,5000,1618,582,1036,ReplaceLastCharacterCommand,17
KJH,kjh-default,1.0.0,241daa9381a3a3d0cb28defa7872ec3f913195782bc343d185d60e28de09b622,74,1172,1246,148,1098,changed tokens,5000,1246,1098,148,BackwardCompoundCommand,7
KJH,kjh-default,1.0.0,241daa9381a3a3d0cb28defa7872ec3f913195782bc343d185d60e28de09b622,74,1172,1246,148,1098,changed tokens,5000,1246,1098,148,DeleteSuffixCommand,1091
KJH,kjh-default,1.0.0,241daa9381a3a3d0cb28defa7872ec3f913195782bc343d185d60e28de09b622,74,1172,1246,148,1098,changed tokens,5000,1246,1098,148,PreserveCommand,148
KK_KZ,kk-kz-default,1.0.0,46bada2596fbdc80e42617ae1c4fbf638b436271a37c2d4253072b399e5c3d66,26,357,383,52,331,changed tokens,5000,383,331,52,BackwardCompoundCommand,1
KK_KZ,kk-kz-default,1.0.0,46bada2596fbdc80e42617ae1c4fbf638b436271a37c2d4253072b399e5c3d66,26,357,383,52,331,changed tokens,5000,383,331,52,DeleteSuffixCommand,330
KK_KZ,kk-kz-default,1.0.0,46bada2596fbdc80e42617ae1c4fbf638b436271a37c2d4253072b399e5c3d66,26,357,383,52,331,changed tokens,5000,383,331,52,PreserveCommand,52
KL_GL,kl-gl-default,1.0.0,e82c2bf70b7e7378002469f79dab280af2d14f8db558cec395b776ae423f2deb,23,321,344,46,298,changed tokens,5000,344,298,46,BackwardCompoundCommand,164
KL_GL,kl-gl-default,1.0.0,e82c2bf70b7e7378002469f79dab280af2d14f8db558cec395b776ae423f2deb,23,321,344,46,298,changed tokens,5000,344,298,46,DeleteSuffixCommand,125
KL_GL,kl-gl-default,1.0.0,e82c2bf70b7e7378002469f79dab280af2d14f8db558cec395b776ae423f2deb,23,321,344,46,298,changed tokens,5000,344,298,46,PreserveCommand,46
KL_GL,kl-gl-default,1.0.0,e82c2bf70b7e7378002469f79dab280af2d14f8db558cec395b776ae423f2deb,23,321,344,46,298,changed tokens,5000,344,298,46,ReplaceLastCharacterCommand,9
KLR,klr-default,1.0.0,f1395204bd22af53c50b07e632e4c330877c4018b67bc4441cee5aa199bbaddc,591,41185,45299,1182,44117,changed tokens,44117,41776,40594,1182,AppendCharacterCommand,1
KLR,klr-default,1.0.0,f1395204bd22af53c50b07e632e4c330877c4018b67bc4441cee5aa199bbaddc,591,41185,45299,1182,44117,changed tokens,44117,41776,40594,1182,BackwardCompoundCommand,39713
KLR,klr-default,1.0.0,f1395204bd22af53c50b07e632e4c330877c4018b67bc4441cee5aa199bbaddc,591,41185,45299,1182,44117,changed tokens,44117,41776,40594,1182,DeleteSuffixCommand,4218
KLR,klr-default,1.0.0,f1395204bd22af53c50b07e632e4c330877c4018b67bc4441cee5aa199bbaddc,591,41185,45299,1182,44117,changed tokens,44117,41776,40594,1182,PreserveCommand,1183
KLR,klr-default,1.0.0,f1395204bd22af53c50b07e632e4c330877c4018b67bc4441cee5aa199bbaddc,591,41185,45299,1182,44117,changed tokens,44117,41776,40594,1182,ReplaceLastCharacterCommand,184
KMR,kmr-default,1.0.0,147729f9f3eb36dd1eaf35095cc57086e0aebf42ad4780aaf80034a5c0492948,13981,191104,206245,27962,178283,changed tokens,178283,204300,177908,26392,AppendCharacterCommand,210
KMR,kmr-default,1.0.0,147729f9f3eb36dd1eaf35095cc57086e0aebf42ad4780aaf80034a5c0492948,13981,191104,206245,27962,178283,changed tokens,178283,204300,177908,26392,BackwardCompoundCommand,22874
KMR,kmr-default,1.0.0,147729f9f3eb36dd1eaf35095cc57086e0aebf42ad4780aaf80034a5c0492948,13981,191104,206245,27962,178283,changed tokens,178283,204300,177908,26392,DeleteSuffixCommand,156389
KMR,kmr-default,1.0.0,147729f9f3eb36dd1eaf35095cc57086e0aebf42ad4780aaf80034a5c0492948,13981,191104,206245,27962,178283,changed tokens,178283,204300,177908,26392,PreserveCommand,26418
KMR,kmr-default,1.0.0,147729f9f3eb36dd1eaf35095cc57086e0aebf42ad4780aaf80034a5c0492948,13981,191104,206245,27962,178283,changed tokens,178283,204300,177908,26392,ReplaceLastCharacterCommand,354
KN_IN,kn-in-default,1.0.0,c6922ab4612042b71af377b03692c6787e07cec25ddd1b1cea757f2e0de095c8,4,11,15,8,7,changed tokens,5000,15,7,8,DeleteSuffixCommand,7
KN_IN,kn-in-default,1.0.0,c6922ab4612042b71af377b03692c6787e07cec25ddd1b1cea757f2e0de095c8,4,11,15,8,7,changed tokens,5000,15,7,8,PreserveCommand,8
KO_KR,ko-kr-default,1.0.0,bbcb468402ee54327dfd2101df5ef90869db06fe0543d85c1f62ac4d3beba155,2672,192673,196302,5344,190958,changed tokens,190958,195344,190002,5342,AppendCharacterCommand,247
KO_KR,ko-kr-default,1.0.0,bbcb468402ee54327dfd2101df5ef90869db06fe0543d85c1f62ac4d3beba155,2672,192673,196302,5344,190958,changed tokens,190958,195344,190002,5342,BackwardCompoundCommand,166837
KO_KR,ko-kr-default,1.0.0,bbcb468402ee54327dfd2101df5ef90869db06fe0543d85c1f62ac4d3beba155,2672,192673,196302,5344,190958,changed tokens,190958,195344,190002,5342,DeleteSuffixCommand,6
KO_KR,ko-kr-default,1.0.0,bbcb468402ee54327dfd2101df5ef90869db06fe0543d85c1f62ac4d3beba155,2672,192673,196302,5344,190958,changed tokens,190958,195344,190002,5342,PreserveCommand,5346
KO_KR,ko-kr-default,1.0.0,bbcb468402ee54327dfd2101df5ef90869db06fe0543d85c1f62ac4d3beba155,2672,192673,196302,5344,190958,changed tokens,190958,195344,190002,5342,ReplaceLastCharacterCommand,23866
KOD,kod-default,1.0.0,b0a2de585785e54665a193e707bfd4b90e9f0c675f44817d5465278553880867,65,524,589,130,459,changed tokens,5000,589,459,130,BackwardCompoundCommand,391
KOD,kod-default,1.0.0,b0a2de585785e54665a193e707bfd4b90e9f0c675f44817d5465278553880867,65,524,589,130,459,changed tokens,5000,589,459,130,DeleteSuffixCommand,68
KOD,kod-default,1.0.0,b0a2de585785e54665a193e707bfd4b90e9f0c675f44817d5465278553880867,65,524,589,130,459,changed tokens,5000,589,459,130,PreserveCommand,130
KON,kon-default,1.0.0,0adce159fa3b67b38dbc181eb3d2d2e0d6016cb62b3266fe6e47e901bd2a80e0,200,585,786,400,386,changed tokens,5000,784,386,398,BackwardCompoundCommand,200
KON,kon-default,1.0.0,0adce159fa3b67b38dbc181eb3d2d2e0d6016cb62b3266fe6e47e901bd2a80e0,200,585,786,400,386,changed tokens,5000,784,386,398,DeleteSuffixCommand,188
KON,kon-default,1.0.0,0adce159fa3b67b38dbc181eb3d2d2e0d6016cb62b3266fe6e47e901bd2a80e0,200,585,786,400,386,changed tokens,5000,784,386,398,PreserveCommand,398
KRL,krl-default,1.0.0,a98c4446dd7eaec464369f6c2a6691748c7844629b74efbebf7437a8454c4c5a,20,566,586,40,546,changed tokens,5000,586,546,40,BackwardCompoundCommand,234
KRL,krl-default,1.0.0,a98c4446dd7eaec464369f6c2a6691748c7844629b74efbebf7437a8454c4c5a,20,566,586,40,546,changed tokens,5000,586,546,40,DeleteSuffixCommand,312
KRL,krl-default,1.0.0,a98c4446dd7eaec464369f6c2a6691748c7844629b74efbebf7437a8454c4c5a,20,566,586,40,546,changed tokens,5000,586,546,40,PreserveCommand,40
KY_KG,ky-kg-default,1.0.0,ef11ea53a79367b3c156ffb284d3e9101f30948e705c77660fe01810b0b00b86,72,2997,3069,144,2925,changed tokens,5000,3069,2925,144,BackwardCompoundCommand,2474
KY_KG,ky-kg-default,1.0.0,ef11ea53a79367b3c156ffb284d3e9101f30948e705c77660fe01810b0b00b86,72,2997,3069,144,2925,changed tokens,5000,3069,2925,144,DeleteSuffixCommand,448
KY_KG,ky-kg-default,1.0.0,ef11ea53a79367b3c156ffb284d3e9101f30948e705c77660fe01810b0b00b86,72,2997,3069,144,2925,changed tokens,5000,3069,2925,144,PreserveCommand,144
KY_KG,ky-kg-default,1.0.0,ef11ea53a79367b3c156ffb284d3e9101f30948e705c77660fe01810b0b00b86,72,2997,3069,144,2925,changed tokens,5000,3069,2925,144,ReplaceLastCharacterCommand,3
LA,la-default,1.0.0,fd906e27def14dcb23ae0771a968555c1abf9f8d1de6bb156099be2425d3b4af,46067,485259,545673,92134,453539,changed tokens,453539,531242,439276,91966,AppendCharacterCommand,445
LA,la-default,1.0.0,fd906e27def14dcb23ae0771a968555c1abf9f8d1de6bb156099be2425d3b4af,46067,485259,545673,92134,453539,changed tokens,453539,531242,439276,91966,BackwardCompoundCommand,387790
LA,la-default,1.0.0,fd906e27def14dcb23ae0771a968555c1abf9f8d1de6bb156099be2425d3b4af,46067,485259,545673,92134,453539,changed tokens,453539,531242,439276,91966,DeleteSuffixCommand,30307
LA,la-default,1.0.0,fd906e27def14dcb23ae0771a968555c1abf9f8d1de6bb156099be2425d3b4af,46067,485259,545673,92134,453539,changed tokens,453539,531242,439276,91966,PreserveCommand,96082
LA,la-default,1.0.0,fd906e27def14dcb23ae0771a968555c1abf9f8d1de6bb156099be2425d3b4af,46067,485259,545673,92134,453539,changed tokens,453539,531242,439276,91966,ReplaceLastCharacterCommand,31049
LG_UG,lg-ug-default,1.0.0,6a9974b58b7b5b5781c61efa728ef599c87d921f4f016ffdecf820c1b65e2cbb,87,4671,4831,174,4657,changed tokens,5000,4758,4584,174,BackwardCompoundCommand,4643
LG_UG,lg-ug-default,1.0.0,6a9974b58b7b5b5781c61efa728ef599c87d921f4f016ffdecf820c1b65e2cbb,87,4671,4831,174,4657,changed tokens,5000,4758,4584,174,DeleteSuffixCommand,13
LG_UG,lg-ug-default,1.0.0,6a9974b58b7b5b5781c61efa728ef599c87d921f4f016ffdecf820c1b65e2cbb,87,4671,4831,174,4657,changed tokens,5000,4758,4584,174,PreserveCommand,174
LG_UG,lg-ug-default,1.0.0,6a9974b58b7b5b5781c61efa728ef599c87d921f4f016ffdecf820c1b65e2cbb,87,4671,4831,174,4657,changed tokens,5000,4758,4584,174,ReplaceLastCharacterCommand,1
LIN,lin-default,1.0.0,f6eda2e6cce620baf0bd1baaa6ee8142497e702a094a5b92b8295c4aa9732439,57,230,287,114,173,changed tokens,5000,287,173,114,BackwardCompoundCommand,59
LIN,lin-default,1.0.0,f6eda2e6cce620baf0bd1baaa6ee8142497e702a094a5b92b8295c4aa9732439,57,230,287,114,173,changed tokens,5000,287,173,114,DeleteSuffixCommand,114
LIN,lin-default,1.0.0,f6eda2e6cce620baf0bd1baaa6ee8142497e702a094a5b92b8295c4aa9732439,57,230,287,114,173,changed tokens,5000,287,173,114,PreserveCommand,114
LIV,liv-default,1.0.0,9545c84208002654360f49184d96f8553a9e9b8abd0cddb85db41b1109397e33,201,2841,3059,402,2657,changed tokens,5000,3042,2640,402,AppendCharacterCommand,9
LIV,liv-default,1.0.0,9545c84208002654360f49184d96f8553a9e9b8abd0cddb85db41b1109397e33,201,2841,3059,402,2657,changed tokens,5000,3042,2640,402,BackwardCompoundCommand,1165
LIV,liv-default,1.0.0,9545c84208002654360f49184d96f8553a9e9b8abd0cddb85db41b1109397e33,201,2841,3059,402,2657,changed tokens,5000,3042,2640,402,DeleteSuffixCommand,1450
LIV,liv-default,1.0.0,9545c84208002654360f49184d96f8553a9e9b8abd0cddb85db41b1109397e33,201,2841,3059,402,2657,changed tokens,5000,3042,2640,402,PreserveCommand,404
LIV,liv-default,1.0.0,9545c84208002654360f49184d96f8553a9e9b8abd0cddb85db41b1109397e33,201,2841,3059,402,2657,changed tokens,5000,3042,2640,402,ReplaceLastCharacterCommand,31
LLD,lld-default,1.0.0,2866be97f9b5ff688865d927aa1c47975dd1a69a151f9e643f2e6221fbb89e51,180,4819,5034,360,4674,changed tokens,5000,4997,4641,356,AppendCharacterCommand,149
LLD,lld-default,1.0.0,2866be97f9b5ff688865d927aa1c47975dd1a69a151f9e643f2e6221fbb89e51,180,4819,5034,360,4674,changed tokens,5000,4997,4641,356,BackwardCompoundCommand,4121
LLD,lld-default,1.0.0,2866be97f9b5ff688865d927aa1c47975dd1a69a151f9e643f2e6221fbb89e51,180,4819,5034,360,4674,changed tokens,5000,4997,4641,356,DeleteSuffixCommand,140
LLD,lld-default,1.0.0,2866be97f9b5ff688865d927aa1c47975dd1a69a151f9e643f2e6221fbb89e51,180,4819,5034,360,4674,changed tokens,5000,4997,4641,356,PreserveCommand,356
LLD,lld-default,1.0.0,2866be97f9b5ff688865d927aa1c47975dd1a69a151f9e643f2e6221fbb89e51,180,4819,5034,360,4674,changed tokens,5000,4997,4641,356,ReplaceLastCharacterCommand,268
LT_LT,lt-lt-default,1.0.0,5702f06a6340b06ebb98443686b7053968d1b1b51ec178866488a6f7a6791257,1348,27335,28771,2696,26075,changed tokens,26075,28683,25987,2696,AppendCharacterCommand,101
LT_LT,lt-lt-default,1.0.0,5702f06a6340b06ebb98443686b7053968d1b1b51ec178866488a6f7a6791257,1348,27335,28771,2696,26075,changed tokens,26075,28683,25987,2696,BackwardCompoundCommand,23991
LT_LT,lt-lt-default,1.0.0,5702f06a6340b06ebb98443686b7053968d1b1b51ec178866488a6f7a6791257,1348,27335,28771,2696,26075,changed tokens,26075,28683,25987,2696,DeleteSuffixCommand,592
LT_LT,lt-lt-default,1.0.0,5702f06a6340b06ebb98443686b7053968d1b1b51ec178866488a6f7a6791257,1348,27335,28771,2696,26075,changed tokens,26075,28683,25987,2696,PreserveCommand,2697
LT_LT,lt-lt-default,1.0.0,5702f06a6340b06ebb98443686b7053968d1b1b51ec178866488a6f7a6791257,1348,27335,28771,2696,26075,changed tokens,26075,28683,25987,2696,ReplaceLastCharacterCommand,1390
LV_LV,lv-lv-default,1.0.0,157444ef19affe7ed5d1b0d1e356683f025f611b3cb687a8c8e8be26bb24287f,7238,75492,87465,14476,72989,changed tokens,72989,82723,68261,14462,AppendCharacterCommand,2050
LV_LV,lv-lv-default,1.0.0,157444ef19affe7ed5d1b0d1e356683f025f611b3cb687a8c8e8be26bb24287f,7238,75492,87465,14476,72989,changed tokens,72989,82723,68261,14462,BackwardCompoundCommand,51112
LV_LV,lv-lv-default,1.0.0,157444ef19affe7ed5d1b0d1e356683f025f611b3cb687a8c8e8be26bb24287f,7238,75492,87465,14476,72989,changed tokens,72989,82723,68261,14462,DeleteSuffixCommand,4946
LV_LV,lv-lv-default,1.0.0,157444ef19affe7ed5d1b0d1e356683f025f611b3cb687a8c8e8be26bb24287f,7238,75492,87465,14476,72989,changed tokens,72989,82723,68261,14462,PreserveCommand,15337
LV_LV,lv-lv-default,1.0.0,157444ef19affe7ed5d1b0d1e356683f025f611b3cb687a8c8e8be26bb24287f,7238,75492,87465,14476,72989,changed tokens,72989,82723,68261,14462,ReplaceLastCharacterCommand,14020
MAG,mag-default,1.0.0,9cbefd751c52eb3f6b322f2ed17b34edb9c46ac3dd2358c89434c3dca2ce91f6,110,206,318,220,98,changed tokens,5000,316,96,220,BackwardCompoundCommand,13
MAG,mag-default,1.0.0,9cbefd751c52eb3f6b322f2ed17b34edb9c46ac3dd2358c89434c3dca2ce91f6,110,206,318,220,98,changed tokens,5000,316,96,220,DeleteSuffixCommand,80
MAG,mag-default,1.0.0,9cbefd751c52eb3f6b322f2ed17b34edb9c46ac3dd2358c89434c3dca2ce91f6,110,206,318,220,98,changed tokens,5000,316,96,220,PreserveCommand,222
MAG,mag-default,1.0.0,9cbefd751c52eb3f6b322f2ed17b34edb9c46ac3dd2358c89434c3dca2ce91f6,110,206,318,220,98,changed tokens,5000,316,96,220,ReplaceLastCharacterCommand,3
MG_MG,mg-mg-default,1.0.0,d446dd8d28922e7a3d54e3f059845e2165bfbe758d8b3869021ad47e8e7c46f2,159,636,795,318,477,changed tokens,5000,795,477,318,BackwardCompoundCommand,477
MG_MG,mg-mg-default,1.0.0,d446dd8d28922e7a3d54e3f059845e2165bfbe758d8b3869021ad47e8e7c46f2,159,636,795,318,477,changed tokens,5000,795,477,318,PreserveCommand,318
MI_NZ,mi-nz-default,1.0.0,4f55a59ba208cd87743e18fbca89af50c731baed6148ff7940ddc51c95acc9de,104,207,312,208,104,changed tokens,5000,311,103,208,BackwardCompoundCommand,8
MI_NZ,mi-nz-default,1.0.0,4f55a59ba208cd87743e18fbca89af50c731baed6148ff7940ddc51c95acc9de,104,207,312,208,104,changed tokens,5000,311,103,208,DeleteSuffixCommand,96
MI_NZ,mi-nz-default,1.0.0,4f55a59ba208cd87743e18fbca89af50c731baed6148ff7940ddc51c95acc9de,104,207,312,208,104,changed tokens,5000,311,103,208,PreserveCommand,208
MK_MK,mk-mk-default,1.0.0,56aed4f1e6df14829a2bbc92961247b002404cd8a73068ec05f27a52cda972bd,9776,135590,146166,19552,126614,changed tokens,126614,145235,125945,19290,AppendCharacterCommand,73
MK_MK,mk-mk-default,1.0.0,56aed4f1e6df14829a2bbc92961247b002404cd8a73068ec05f27a52cda972bd,9776,135590,146166,19552,126614,changed tokens,126614,145235,125945,19290,BackwardCompoundCommand,44355
MK_MK,mk-mk-default,1.0.0,56aed4f1e6df14829a2bbc92961247b002404cd8a73068ec05f27a52cda972bd,9776,135590,146166,19552,126614,changed tokens,126614,145235,125945,19290,DeleteSuffixCommand,76784
MK_MK,mk-mk-default,1.0.0,56aed4f1e6df14829a2bbc92961247b002404cd8a73068ec05f27a52cda972bd,9776,135590,146166,19552,126614,changed tokens,126614,145235,125945,19290,PreserveCommand,19446
MK_MK,mk-mk-default,1.0.0,56aed4f1e6df14829a2bbc92961247b002404cd8a73068ec05f27a52cda972bd,9776,135590,146166,19552,126614,changed tokens,126614,145235,125945,19290,ReplaceLastCharacterCommand,5508
MN_MN,mn-mn-default,1.0.0,ac94039864a6b0e4fb2008dcba2a695875409e6382091f4c820d917cb1707ecb,2140,17231,19733,4280,15453,changed tokens,15453,19333,15129,4204,BackwardCompoundCommand,3432
MN_MN,mn-mn-default,1.0.0,ac94039864a6b0e4fb2008dcba2a695875409e6382091f4c820d917cb1707ecb,2140,17231,19733,4280,15453,changed tokens,15453,19333,15129,4204,DeleteSuffixCommand,12006
MN_MN,mn-mn-default,1.0.0,ac94039864a6b0e4fb2008dcba2a695875409e6382091f4c820d917cb1707ecb,2140,17231,19733,4280,15453,changed tokens,15453,19333,15129,4204,PreserveCommand,4208
MN_MN,mn-mn-default,1.0.0,ac94039864a6b0e4fb2008dcba2a695875409e6382091f4c820d917cb1707ecb,2140,17231,19733,4280,15453,changed tokens,15453,19333,15129,4204,ReplaceLastCharacterCommand,87
MT_MT,mt-mt-default,1.0.0,c3ff6a3014b3765a698c48b6c85d84c729fb4c552c50bb40cc641002dc959beb,107,1421,1537,214,1323,changed tokens,5000,1528,1314,214,BackwardCompoundCommand,1150
MT_MT,mt-mt-default,1.0.0,c3ff6a3014b3765a698c48b6c85d84c729fb4c552c50bb40cc641002dc959beb,107,1421,1537,214,1323,changed tokens,5000,1528,1314,214,DeleteSuffixCommand,154
MT_MT,mt-mt-default,1.0.0,c3ff6a3014b3765a698c48b6c85d84c729fb4c552c50bb40cc641002dc959beb,107,1421,1537,214,1323,changed tokens,5000,1528,1314,214,PreserveCommand,215
MT_MT,mt-mt-default,1.0.0,c3ff6a3014b3765a698c48b6c85d84c729fb4c552c50bb40cc641002dc959beb,107,1421,1537,214,1323,changed tokens,5000,1528,1314,214,ReplaceLastCharacterCommand,18
MWF,mwf-default,1.0.0,6247cb8e87c3d534c07e6843f2f7671fc958a785712bc47d607fb86233fcf897,29,592,749,58,691,changed tokens,5000,620,564,56,BackwardCompoundCommand,626
MWF,mwf-default,1.0.0,6247cb8e87c3d534c07e6843f2f7671fc958a785712bc47d607fb86233fcf897,29,592,749,58,691,changed tokens,5000,620,564,56,DeleteSuffixCommand,39
MWF,mwf-default,1.0.0,6247cb8e87c3d534c07e6843f2f7671fc958a785712bc47d607fb86233fcf897,29,592,749,58,691,changed tokens,5000,620,564,56,PreserveCommand,78
MWF,mwf-default,1.0.0,6247cb8e87c3d534c07e6843f2f7671fc958a785712bc47d607fb86233fcf897,29,592,749,58,691,changed tokens,5000,620,564,56,ReplaceLastCharacterCommand,6
NAP,nap-default,1.0.0,3cb6cfa9bd14b91af99e845cbb75f0ffa62bd4c9916e8c3733be9c313b95e097,40,1497,1537,80,1457,changed tokens,5000,1537,1457,80,BackwardCompoundCommand,1347
NAP,nap-default,1.0.0,3cb6cfa9bd14b91af99e845cbb75f0ffa62bd4c9916e8c3733be9c313b95e097,40,1497,1537,80,1457,changed tokens,5000,1537,1457,80,PreserveCommand,80
NAP,nap-default,1.0.0,3cb6cfa9bd14b91af99e845cbb75f0ffa62bd4c9916e8c3733be9c313b95e097,40,1497,1537,80,1457,changed tokens,5000,1537,1457,80,ReplaceLastCharacterCommand,110
NAV,nav-default,1.0.0,ad0db7cb940f7d76d2c1ffbc4da52b0bffa725592f0357a09cf1434c88ef8b84,585,9826,10706,1170,9536,changed tokens,9536,10411,9241,1170,BackwardCompoundCommand,9528
NAV,nav-default,1.0.0,ad0db7cb940f7d76d2c1ffbc4da52b0bffa725592f0357a09cf1434c88ef8b84,585,9826,10706,1170,9536,changed tokens,9536,10411,9241,1170,PreserveCommand,1176
NAV,nav-default,1.0.0,ad0db7cb940f7d76d2c1ffbc4da52b0bffa725592f0357a09cf1434c88ef8b84,585,9826,10706,1170,9536,changed tokens,9536,10411,9241,1170,ReplaceLastCharacterCommand,2
NB_NO,nb-no-default,1.0.0,f495bffb44e79d27993e6e2e65d4b1204b29365dc93f481b2d8b96766fc90fd9,17929,73170,90757,33376,57381,changed tokens,57381,87900,56025,31875,AppendCharacterCommand,2528
NB_NO,nb-no-default,1.0.0,f495bffb44e79d27993e6e2e65d4b1204b29365dc93f481b2d8b96766fc90fd9,17929,73170,90757,33376,57381,changed tokens,57381,87900,56025,31875,BackwardCompoundCommand,4258
NB_NO,nb-no-default,1.0.0,f495bffb44e79d27993e6e2e65d4b1204b29365dc93f481b2d8b96766fc90fd9,17929,73170,90757,33376,57381,changed tokens,57381,87900,56025,31875,DeleteSuffixCommand,48925
NB_NO,nb-no-default,1.0.0,f495bffb44e79d27993e6e2e65d4b1204b29365dc93f481b2d8b96766fc90fd9,17929,73170,90757,33376,57381,changed tokens,57381,87900,56025,31875,PreserveCommand,32086
NB_NO,nb-no-default,1.0.0,f495bffb44e79d27993e6e2e65d4b1204b29365dc93f481b2d8b96766fc90fd9,17929,73170,90757,33376,57381,changed tokens,57381,87900,56025,31875,ReplaceLastCharacterCommand,2960
NDS,nds-default,1.0.0,358c11faeb80d31662f3a3cca65a87c7f764382381a00e715add8f78b83ae8eb,325,2493,2868,650,2218,changed tokens,5000,2818,2168,650,AppendCharacterCommand,109
NDS,nds-default,1.0.0,358c11faeb80d31662f3a3cca65a87c7f764382381a00e715add8f78b83ae8eb,325,2493,2868,650,2218,changed tokens,5000,2818,2168,650,BackwardCompoundCommand,1884
NDS,nds-default,1.0.0,358c11faeb80d31662f3a3cca65a87c7f764382381a00e715add8f78b83ae8eb,325,2493,2868,650,2218,changed tokens,5000,2818,2168,650,DeleteSuffixCommand,163
NDS,nds-default,1.0.0,358c11faeb80d31662f3a3cca65a87c7f764382381a00e715add8f78b83ae8eb,325,2493,2868,650,2218,changed tokens,5000,2818,2168,650,PreserveCommand,656
NDS,nds-default,1.0.0,358c11faeb80d31662f3a3cca65a87c7f764382381a00e715add8f78b83ae8eb,325,2493,2868,650,2218,changed tokens,5000,2818,2168,650,ReplaceLastCharacterCommand,56
NL_NL,nl-nl-default,1.0.0,c098034adc42da2ca3e419160e6dd2c2b3868f8af334303b3a191e09caadaf5e,4992,26201,31466,9981,21485,changed tokens,21485,31189,21208,9981,AppendCharacterCommand,2107
NL_NL,nl-nl-default,1.0.0,c098034adc42da2ca3e419160e6dd2c2b3868f8af334303b3a191e09caadaf5e,4992,26201,31466,9981,21485,changed tokens,21485,31189,21208,9981,BackwardCompoundCommand,11484
NL_NL,nl-nl-default,1.0.0,c098034adc42da2ca3e419160e6dd2c2b3868f8af334303b3a191e09caadaf5e,4992,26201,31466,9981,21485,changed tokens,21485,31189,21208,9981,DeleteSuffixCommand,7732
NL_NL,nl-nl-default,1.0.0,c098034adc42da2ca3e419160e6dd2c2b3868f8af334303b3a191e09caadaf5e,4992,26201,31466,9981,21485,changed tokens,21485,31189,21208,9981,PreserveCommand,10127
NL_NL,nl-nl-default,1.0.0,c098034adc42da2ca3e419160e6dd2c2b3868f8af334303b3a191e09caadaf5e,4992,26201,31466,9981,21485,changed tokens,21485,31189,21208,9981,ReplaceLastCharacterCommand,16
NN_NO,nn-no-default,1.0.0,900cf2005605aea2a3d8d731ec0b0c1f47fb4469b4ba6b9134145d4d026a0398,4688,16937,19651,6089,13562,changed tokens,13562,18293,12395,5898,AppendCharacterCommand,312
NN_NO,nn-no-default,1.0.0,900cf2005605aea2a3d8d731ec0b0c1f47fb4469b4ba6b9134145d4d026a0398,4688,16937,19651,6089,13562,changed tokens,13562,18293,12395,5898,BackwardCompoundCommand,1456
NN_NO,nn-no-default,1.0.0,900cf2005605aea2a3d8d731ec0b0c1f47fb4469b4ba6b9134145d4d026a0398,4688,16937,19651,6089,13562,changed tokens,13562,18293,12395,5898,DeleteSuffixCommand,11325
NN_NO,nn-no-default,1.0.0,900cf2005605aea2a3d8d731ec0b0c1f47fb4469b4ba6b9134145d4d026a0398,4688,16937,19651,6089,13562,changed tokens,13562,18293,12395,5898,PreserveCommand,6031
NN_NO,nn-no-default,1.0.0,900cf2005605aea2a3d8d731ec0b0c1f47fb4469b4ba6b9134145d4d026a0398,4688,16937,19651,6089,13562,changed tokens,13562,18293,12395,5898,ReplaceLastCharacterCommand,527
NON,non-default,1.0.0,0e4cc499f1414b304a0a91d74e1315c951a93344a74ca70c27c9d339c90daa52,2664,46067,52239,5328,46911,changed tokens,46911,48525,43609,4916,AppendCharacterCommand,1253
NON,non-default,1.0.0,0e4cc499f1414b304a0a91d74e1315c951a93344a74ca70c27c9d339c90daa52,2664,46067,52239,5328,46911,changed tokens,46911,48525,43609,4916,BackwardCompoundCommand,29209
NON,non-default,1.0.0,0e4cc499f1414b304a0a91d74e1315c951a93344a74ca70c27c9d339c90daa52,2664,46067,52239,5328,46911,changed tokens,46911,48525,43609,4916,DeleteSuffixCommand,12499
NON,non-default,1.0.0,0e4cc499f1414b304a0a91d74e1315c951a93344a74ca70c27c9d339c90daa52,2664,46067,52239,5328,46911,changed tokens,46911,48525,43609,4916,PreserveCommand,5401
NON,non-default,1.0.0,0e4cc499f1414b304a0a91d74e1315c951a93344a74ca70c27c9d339c90daa52,2664,46067,52239,5328,46911,changed tokens,46911,48525,43609,4916,ReplaceLastCharacterCommand,3877
NY_MW,ny-mw-default,1.0.0,2f6bf10a59475dbf8c925fc27cdd23712c3d914d6b0fa5a9d6542f51873afadd,225,3150,3375,450,2925,changed tokens,5000,3375,2925,450,BackwardCompoundCommand,2925
NY_MW,ny-mw-default,1.0.0,2f6bf10a59475dbf8c925fc27cdd23712c3d914d6b0fa5a9d6542f51873afadd,225,3150,3375,450,2925,changed tokens,5000,3375,2925,450,PreserveCommand,450
OCI,oci-default,1.0.0,7c5dcd14b47020d7676a1fc634a1d9f38a06728d69407386d8864cd909046c3c,174,7465,7784,348,7436,changed tokens,7436,7639,7291,348,AppendCharacterCommand,133
OCI,oci-default,1.0.0,7c5dcd14b47020d7676a1fc634a1d9f38a06728d69407386d8864cd909046c3c,174,7465,7784,348,7436,changed tokens,7436,7639,7291,348,BackwardCompoundCommand,4898
OCI,oci-default,1.0.0,7c5dcd14b47020d7676a1fc634a1d9f38a06728d69407386d8864cd909046c3c,174,7465,7784,348,7436,changed tokens,7436,7639,7291,348,DeleteSuffixCommand,1842
OCI,oci-default,1.0.0,7c5dcd14b47020d7676a1fc634a1d9f38a06728d69407386d8864cd909046c3c,174,7465,7784,348,7436,changed tokens,7436,7639,7291,348,PreserveCommand,349
OCI,oci-default,1.0.0,7c5dcd14b47020d7676a1fc634a1d9f38a06728d69407386d8864cd909046c3c,174,7465,7784,348,7436,changed tokens,7436,7639,7291,348,ReplaceLastCharacterCommand,562
OM_ET,om-et-default,1.0.0,df01f908af60ba4a63933a91845d1241a37d366467026bd826ebec08689406bb,84,656,740,168,572,changed tokens,5000,740,572,168,BackwardCompoundCommand,2
OM_ET,om-et-default,1.0.0,df01f908af60ba4a63933a91845d1241a37d366467026bd826ebec08689406bb,84,656,740,168,572,changed tokens,5000,740,572,168,DeleteSuffixCommand,570
OM_ET,om-et-default,1.0.0,df01f908af60ba4a63933a91845d1241a37d366467026bd826ebec08689406bb,84,656,740,168,572,changed tokens,5000,740,572,168,PreserveCommand,168
OOD,ood-default,1.0.0,41a559d1a6ae83c0f2579793a2a4b883b2e974cfd705f90ad856b395346c368b,156,455,614,312,302,changed tokens,5000,611,299,312,AppendCharacterCommand,17
OOD,ood-default,1.0.0,41a559d1a6ae83c0f2579793a2a4b883b2e974cfd705f90ad856b395346c368b,156,455,614,312,302,changed tokens,5000,611,299,312,BackwardCompoundCommand,157
OOD,ood-default,1.0.0,41a559d1a6ae83c0f2579793a2a4b883b2e974cfd705f90ad856b395346c368b,156,455,614,312,302,changed tokens,5000,611,299,312,DeleteSuffixCommand,127
OOD,ood-default,1.0.0,41a559d1a6ae83c0f2579793a2a4b883b2e974cfd705f90ad856b395346c368b,156,455,614,312,302,changed tokens,5000,611,299,312,PreserveCommand,313
OSX,osx-default,1.0.0,7ad2453964fa001ec17b73eb1156c25513961a4683d5d7abaaaec477d3e8755e,863,12361,13416,1726,11690,changed tokens,11690,13220,11502,1718,AppendCharacterCommand,65
OSX,osx-default,1.0.0,7ad2453964fa001ec17b73eb1156c25513961a4683d5d7abaaaec477d3e8755e,863,12361,13416,1726,11690,changed tokens,11690,13220,11502,1718,BackwardCompoundCommand,9449
OSX,osx-default,1.0.0,7ad2453964fa001ec17b73eb1156c25513961a4683d5d7abaaaec477d3e8755e,863,12361,13416,1726,11690,changed tokens,11690,13220,11502,1718,DeleteSuffixCommand,1682
OSX,osx-default,1.0.0,7ad2453964fa001ec17b73eb1156c25513961a4683d5d7abaaaec477d3e8755e,863,12361,13416,1726,11690,changed tokens,11690,13220,11502,1718,PreserveCommand,1745
OSX,osx-default,1.0.0,7ad2453964fa001ec17b73eb1156c25513961a4683d5d7abaaaec477d3e8755e,863,12361,13416,1726,11690,changed tokens,11690,13220,11502,1718,ReplaceLastCharacterCommand,475
OTE,ote-default,1.0.0,8cd8e5d6bfe7c5848e39ff334b49580a769ba78d1576d2861436641e8cec5a58,1110,1785,2991,2220,771,changed tokens,5000,2892,678,2214,AppendCharacterCommand,18
OTE,ote-default,1.0.0,8cd8e5d6bfe7c5848e39ff334b49580a769ba78d1576d2861436641e8cec5a58,1110,1785,2991,2220,771,changed tokens,5000,2892,678,2214,BackwardCompoundCommand,700
OTE,ote-default,1.0.0,8cd8e5d6bfe7c5848e39ff334b49580a769ba78d1576d2861436641e8cec5a58,1110,1785,2991,2220,771,changed tokens,5000,2892,678,2214,PreserveCommand,2272
OTE,ote-default,1.0.0,8cd8e5d6bfe7c5848e39ff334b49580a769ba78d1576d2861436641e8cec5a58,1110,1785,2991,2220,771,changed tokens,5000,2892,678,2214,ReplaceLastCharacterCommand,1
PL_PL,pl-pl-polimorf,1.0.0,4fe4bf5e6c22c1beea5b3d57f1ce4c9ea5aac1ed8ab24c616fb06df745e40d15,315639,4668685,4812023,315639,4496384,changed tokens,4496384,4659860,4349070,310790,AppendCharacterCommand,38675
PL_PL,pl-pl-polimorf,1.0.0,4fe4bf5e6c22c1beea5b3d57f1ce4c9ea5aac1ed8ab24c616fb06df745e40d15,315639,4668685,4812023,315639,4496384,changed tokens,4496384,4659860,4349070,310790,BackwardCompoundCommand,2986114
PL_PL,pl-pl-polimorf,1.0.0,4fe4bf5e6c22c1beea5b3d57f1ce4c9ea5aac1ed8ab24c616fb06df745e40d15,315639,4668685,4812023,315639,4496384,changed tokens,4496384,4659860,4349070,310790,DeleteSuffixCommand,891027
PL_PL,pl-pl-polimorf,1.0.0,4fe4bf5e6c22c1beea5b3d57f1ce4c9ea5aac1ed8ab24c616fb06df745e40d15,315639,4668685,4812023,315639,4496384,changed tokens,4496384,4659860,4349070,310790,PreserveCommand,334905
PL_PL,pl-pl-polimorf,1.0.0,4fe4bf5e6c22c1beea5b3d57f1ce4c9ea5aac1ed8ab24c616fb06df745e40d15,315639,4668685,4812023,315639,4496384,changed tokens,4496384,4659860,4349070,310790,ReplaceLastCharacterCommand,561302
PL_PL,pl-pl-unimorph,1.0.0,8191ed727097839cc808cbc5c56a1bd78b3c851e7733ad226ad9a51519a54721,9990,120867,132308,19957,112351,changed tokens,112351,130769,110940,19829,AppendCharacterCommand,1836
PL_PL,pl-pl-unimorph,1.0.0,8191ed727097839cc808cbc5c56a1bd78b3c851e7733ad226ad9a51519a54721,9990,120867,132308,19957,112351,changed tokens,112351,130769,110940,19829,BackwardCompoundCommand,52996
PL_PL,pl-pl-unimorph,1.0.0,8191ed727097839cc808cbc5c56a1bd78b3c851e7733ad226ad9a51519a54721,9990,120867,132308,19957,112351,changed tokens,112351,130769,110940,19829,DeleteSuffixCommand,37137
PL_PL,pl-pl-unimorph,1.0.0,8191ed727097839cc808cbc5c56a1bd78b3c851e7733ad226ad9a51519a54721,9990,120867,132308,19957,112351,changed tokens,112351,130769,110940,19829,PreserveCommand,20219
PL_PL,pl-pl-unimorph,1.0.0,8191ed727097839cc808cbc5c56a1bd78b3c851e7733ad226ad9a51519a54721,9990,120867,132308,19957,112351,changed tokens,112351,130769,110940,19829,ReplaceLastCharacterCommand,20120
PS_AF,ps-af-default,1.0.0,34c08ecbe51c274996a2e8be119cbf323317fe2eb390454730e60a4b776e9d33,381,2945,3445,762,2683,changed tokens,5000,3325,2565,760,AppendCharacterCommand,1
PS_AF,ps-af-default,1.0.0,34c08ecbe51c274996a2e8be119cbf323317fe2eb390454730e60a4b776e9d33,381,2945,3445,762,2683,changed tokens,5000,3325,2565,760,BackwardCompoundCommand,1244
PS_AF,ps-af-default,1.0.0,34c08ecbe51c274996a2e8be119cbf323317fe2eb390454730e60a4b776e9d33,381,2945,3445,762,2683,changed tokens,5000,3325,2565,760,DeleteSuffixCommand,778
PS_AF,ps-af-default,1.0.0,34c08ecbe51c274996a2e8be119cbf323317fe2eb390454730e60a4b776e9d33,381,2945,3445,762,2683,changed tokens,5000,3325,2565,760,PreserveCommand,765
PS_AF,ps-af-default,1.0.0,34c08ecbe51c274996a2e8be119cbf323317fe2eb390454730e60a4b776e9d33,381,2945,3445,762,2683,changed tokens,5000,3325,2565,760,ReplaceLastCharacterCommand,657
PT_PT,pt-pt-default,1.0.0,7a035ff330a6f0548f446cd0d6617bc1cf4751292125a3564d3a255c5d6f516d,4001,211091,215490,8002,207488,changed tokens,207488,215092,207090,8002,AppendCharacterCommand,3806
PT_PT,pt-pt-default,1.0.0,7a035ff330a6f0548f446cd0d6617bc1cf4751292125a3564d3a255c5d6f516d,4001,211091,215490,8002,207488,changed tokens,207488,215092,207090,8002,BackwardCompoundCommand,120535
PT_PT,pt-pt-default,1.0.0,7a035ff330a6f0548f446cd0d6617bc1cf4751292125a3564d3a255c5d6f516d,4001,211091,215490,8002,207488,changed tokens,207488,215092,207090,8002,DeleteSuffixCommand,71284
PT_PT,pt-pt-default,1.0.0,7a035ff330a6f0548f446cd0d6617bc1cf4751292125a3564d3a255c5d6f516d,4001,211091,215490,8002,207488,changed tokens,207488,215092,207090,8002,PreserveCommand,8003
PT_PT,pt-pt-default,1.0.0,7a035ff330a6f0548f446cd0d6617bc1cf4751292125a3564d3a255c5d6f516d,4001,211091,215490,8002,207488,changed tokens,207488,215092,207090,8002,ReplaceLastCharacterCommand,11862
QUE,que-default,1.0.0,4aca805b20dce58d1cbd80a824efca214ada72a8955df738a271b08a5bfbeca8,814,122820,125491,1628,123863,changed tokens,123863,123526,122114,1412,BackwardCompoundCommand,16777
QUE,que-default,1.0.0,4aca805b20dce58d1cbd80a824efca214ada72a8955df738a271b08a5bfbeca8,814,122820,125491,1628,123863,changed tokens,123863,123526,122114,1412,DeleteSuffixCommand,106377
QUE,que-default,1.0.0,4aca805b20dce58d1cbd80a824efca214ada72a8955df738a271b08a5bfbeca8,814,122820,125491,1628,123863,changed tokens,123863,123526,122114,1412,PreserveCommand,1425
QUE,que-default,1.0.0,4aca805b20dce58d1cbd80a824efca214ada72a8955df738a271b08a5bfbeca8,814,122820,125491,1628,123863,changed tokens,123863,123526,122114,1412,ReplaceLastCharacterCommand,912
RO_RO,ro-ro-default,1.0.0,fe5215778c84f871d0f6408dcb663a7cdef6571aaa0b96dba88ed7bfd09a3461,4377,48497,53278,8754,44524,changed tokens,44524,52791,44203,8588,AppendCharacterCommand,508
RO_RO,ro-ro-default,1.0.0,fe5215778c84f871d0f6408dcb663a7cdef6571aaa0b96dba88ed7bfd09a3461,4377,48497,53278,8754,44524,changed tokens,44524,52791,44203,8588,BackwardCompoundCommand,13578
RO_RO,ro-ro-default,1.0.0,fe5215778c84f871d0f6408dcb663a7cdef6571aaa0b96dba88ed7bfd09a3461,4377,48497,53278,8754,44524,changed tokens,44524,52791,44203,8588,DeleteSuffixCommand,28452
RO_RO,ro-ro-default,1.0.0,fe5215778c84f871d0f6408dcb663a7cdef6571aaa0b96dba88ed7bfd09a3461,4377,48497,53278,8754,44524,changed tokens,44524,52791,44203,8588,PreserveCommand,8674
RO_RO,ro-ro-default,1.0.0,fe5215778c84f871d0f6408dcb663a7cdef6571aaa0b96dba88ed7bfd09a3461,4377,48497,53278,8754,44524,changed tokens,44524,52791,44203,8588,ReplaceLastCharacterCommand,2066
RU_RU,ru-ru-default,1.0.0,df7ea25e63a875eeec7a4185be685bd5372a3c568db85c34c44fdf5d8d980a40,37410,759333,806279,74808,731471,changed tokens,731471,796661,721931,74730,AppendCharacterCommand,9287
RU_RU,ru-ru-default,1.0.0,df7ea25e63a875eeec7a4185be685bd5372a3c568db85c34c44fdf5d8d980a40,37410,759333,806279,74808,731471,changed tokens,731471,796661,721931,74730,BackwardCompoundCommand,580915
RU_RU,ru-ru-default,1.0.0,df7ea25e63a875eeec7a4185be685bd5372a3c568db85c34c44fdf5d8d980a40,37410,759333,806279,74808,731471,changed tokens,731471,796661,721931,74730,DeleteSuffixCommand,82956
RU_RU,ru-ru-default,1.0.0,df7ea25e63a875eeec7a4185be685bd5372a3c568db85c34c44fdf5d8d980a40,37410,759333,806279,74808,731471,changed tokens,731471,796661,721931,74730,PreserveCommand,75527
RU_RU,ru-ru-default,1.0.0,df7ea25e63a875eeec7a4185be685bd5372a3c568db85c34c44fdf5d8d980a40,37410,759333,806279,74808,731471,changed tokens,731471,796661,721931,74730,ReplaceLastCharacterCommand,57594
SAH,sah-default,1.0.0,c5b361c9e1df64d60813c96cbea4d228d97fbc76e71bbaccb87609a13e6b67e8,5622,526431,534266,11244,523022,changed tokens,523022,531824,521038,10786,AppendCharacterCommand,4
SAH,sah-default,1.0.0,c5b361c9e1df64d60813c96cbea4d228d97fbc76e71bbaccb87609a13e6b67e8,5622,526431,534266,11244,523022,changed tokens,523022,531824,521038,10786,BackwardCompoundCommand,56855
SAH,sah-default,1.0.0,c5b361c9e1df64d60813c96cbea4d228d97fbc76e71bbaccb87609a13e6b67e8,5622,526431,534266,11244,523022,changed tokens,523022,531824,521038,10786,DeleteSuffixCommand,466523
SAH,sah-default,1.0.0,c5b361c9e1df64d60813c96cbea4d228d97fbc76e71bbaccb87609a13e6b67e8,5622,526431,534266,11244,523022,changed tokens,523022,531824,521038,10786,PreserveCommand,10839
SAH,sah-default,1.0.0,c5b361c9e1df64d60813c96cbea4d228d97fbc76e71bbaccb87609a13e6b67e8,5622,526431,534266,11244,523022,changed tokens,523022,531824,521038,10786,ReplaceLastCharacterCommand,45
SAN,san-default,1.0.0,bf94e3c36639ce16b0c11a6e9ab62baebc8acea18d14926a597585cbb179e708,54,55,109,108,1,changed tokens,5000,109,1,108,AppendCharacterCommand,1
SAN,san-default,1.0.0,bf94e3c36639ce16b0c11a6e9ab62baebc8acea18d14926a597585cbb179e708,54,55,109,108,1,changed tokens,5000,109,1,108,PreserveCommand,108
SDH,sdh-default,1.0.0,c19f455c815ae94776d54dba1c504d41abea342c15ba9e8714dd370cad98be2a,1,165,166,2,164,changed tokens,5000,166,164,2,BackwardCompoundCommand,162
SDH,sdh-default,1.0.0,c19f455c815ae94776d54dba1c504d41abea342c15ba9e8714dd370cad98be2a,1,165,166,2,164,changed tokens,5000,166,164,2,DeleteSuffixCommand,1
SDH,sdh-default,1.0.0,c19f455c815ae94776d54dba1c504d41abea342c15ba9e8714dd370cad98be2a,1,165,166,2,164,changed tokens,5000,166,164,2,PreserveCommand,2
SDH,sdh-default,1.0.0,c19f455c815ae94776d54dba1c504d41abea342c15ba9e8714dd370cad98be2a,1,165,166,2,164,changed tokens,5000,166,164,2,ReplaceLastCharacterCommand,1
SEE,see-default,1.0.0,329f57fb8c306ab2883f5640641c9a361f04a0a50fc3e9f62c0d8c6e40ddf380,26,483,509,52,457,changed tokens,5000,509,457,52,BackwardCompoundCommand,457
SEE,see-default,1.0.0,329f57fb8c306ab2883f5640641c9a361f04a0a50fc3e9f62c0d8c6e40ddf380,26,483,509,52,457,changed tokens,5000,509,457,52,PreserveCommand,52
SGA,sga-default,1.0.0,01ea73ea683f0864976e43375d3ff828c009349e17c5b4c34fb832950f29e7ca,49,929,980,98,882,changed tokens,5000,978,880,98,AppendCharacterCommand,3
SGA,sga-default,1.0.0,01ea73ea683f0864976e43375d3ff828c009349e17c5b4c34fb832950f29e7ca,49,929,980,98,882,changed tokens,5000,978,880,98,BackwardCompoundCommand,811
SGA,sga-default,1.0.0,01ea73ea683f0864976e43375d3ff828c009349e17c5b4c34fb832950f29e7ca,49,929,980,98,882,changed tokens,5000,978,880,98,DeleteSuffixCommand,46
SGA,sga-default,1.0.0,01ea73ea683f0864976e43375d3ff828c009349e17c5b4c34fb832950f29e7ca,49,929,980,98,882,changed tokens,5000,978,880,98,PreserveCommand,98
SGA,sga-default,1.0.0,01ea73ea683f0864976e43375d3ff828c009349e17c5b4c34fb832950f29e7ca,49,929,980,98,882,changed tokens,5000,978,880,98,ReplaceLastCharacterCommand,22
SHP,shp-default,1.0.0,6139156cc7e79c30520d70b5a40efbcf784ea878c8e2668b278a01dee9ebf073,1997,7705,9940,3994,5946,changed tokens,5946,9622,5788,3834,AppendCharacterCommand,8
SHP,shp-default,1.0.0,6139156cc7e79c30520d70b5a40efbcf784ea878c8e2668b278a01dee9ebf073,1997,7705,9940,3994,5946,changed tokens,5946,9622,5788,3834,BackwardCompoundCommand,403
SHP,shp-default,1.0.0,6139156cc7e79c30520d70b5a40efbcf784ea878c8e2668b278a01dee9ebf073,1997,7705,9940,3994,5946,changed tokens,5946,9622,5788,3834,DeleteSuffixCommand,5628
SHP,shp-default,1.0.0,6139156cc7e79c30520d70b5a40efbcf784ea878c8e2668b278a01dee9ebf073,1997,7705,9940,3994,5946,changed tokens,5946,9622,5788,3834,PreserveCommand,3894
SHP,shp-default,1.0.0,6139156cc7e79c30520d70b5a40efbcf784ea878c8e2668b278a01dee9ebf073,1997,7705,9940,3994,5946,changed tokens,5946,9622,5788,3834,ReplaceLastCharacterCommand,7
SJO,sjo-default,1.0.0,22101d045412a65a834bce25963181ec1cc3b7bf7f2ae8a1cf1d31950b11840c,1892,3151,5089,3784,1305,changed tokens,5000,5036,1266,3770,BackwardCompoundCommand,1166
SJO,sjo-default,1.0.0,22101d045412a65a834bce25963181ec1cc3b7bf7f2ae8a1cf1d31950b11840c,1892,3151,5089,3784,1305,changed tokens,5000,5036,1266,3770,DeleteSuffixCommand,115
SJO,sjo-default,1.0.0,22101d045412a65a834bce25963181ec1cc3b7bf7f2ae8a1cf1d31950b11840c,1892,3151,5089,3784,1305,changed tokens,5000,5036,1266,3770,PreserveCommand,3807
SJO,sjo-default,1.0.0,22101d045412a65a834bce25963181ec1cc3b7bf7f2ae8a1cf1d31950b11840c,1892,3151,5089,3784,1305,changed tokens,5000,5036,1266,3770,ReplaceLastCharacterCommand,1
SL_SI,sl-si-default,1.0.0,b59e7199dce258b404729e4d708172c535733cfae430a26f1c4faa3d25dc323e,2531,25100,27734,5062,22672,changed tokens,22672,27631,22569,5062,AppendCharacterCommand,4
SL_SI,sl-si-default,1.0.0,b59e7199dce258b404729e4d708172c535733cfae430a26f1c4faa3d25dc323e,2531,25100,27734,5062,22672,changed tokens,22672,27631,22569,5062,BackwardCompoundCommand,22226
SL_SI,sl-si-default,1.0.0,b59e7199dce258b404729e4d708172c535733cfae430a26f1c4faa3d25dc323e,2531,25100,27734,5062,22672,changed tokens,22672,27631,22569,5062,DeleteSuffixCommand,412
SL_SI,sl-si-default,1.0.0,b59e7199dce258b404729e4d708172c535733cfae430a26f1c4faa3d25dc323e,2531,25100,27734,5062,22672,changed tokens,22672,27631,22569,5062,PreserveCommand,5062
SL_SI,sl-si-default,1.0.0,b59e7199dce258b404729e4d708172c535733cfae430a26f1c4faa3d25dc323e,2531,25100,27734,5062,22672,changed tokens,22672,27631,22569,5062,ReplaceLastCharacterCommand,30
SLP,slp-default,1.0.0,fb4cc41d286579f2c0992e282bbfa7e0ccc251526119cf51ad752f363ac352be,21,41,62,42,20,changed tokens,5000,62,20,42,BackwardCompoundCommand,20
SLP,slp-default,1.0.0,fb4cc41d286579f2c0992e282bbfa7e0ccc251526119cf51ad752f363ac352be,21,41,62,42,20,changed tokens,5000,62,20,42,PreserveCommand,42
SME,sme-default,1.0.0,77abb417f0c67f00cf44a1d129b8b578b9381a2e6b223558124cb39954830685,2082,53034,55703,4164,51539,changed tokens,51539,55095,50973,4122,AppendCharacterCommand,469
SME,sme-default,1.0.0,77abb417f0c67f00cf44a1d129b8b578b9381a2e6b223558124cb39954830685,2082,53034,55703,4164,51539,changed tokens,51539,55095,50973,4122,BackwardCompoundCommand,48321
SME,sme-default,1.0.0,77abb417f0c67f00cf44a1d129b8b578b9381a2e6b223558124cb39954830685,2082,53034,55703,4164,51539,changed tokens,51539,55095,50973,4122,DeleteSuffixCommand,2343
SME,sme-default,1.0.0,77abb417f0c67f00cf44a1d129b8b578b9381a2e6b223558124cb39954830685,2082,53034,55703,4164,51539,changed tokens,51539,55095,50973,4122,PreserveCommand,4181
SME,sme-default,1.0.0,77abb417f0c67f00cf44a1d129b8b578b9381a2e6b223558124cb39954830685,2082,53034,55703,4164,51539,changed tokens,51539,55095,50973,4122,ReplaceLastCharacterCommand,389
SN_ZW,sn-zw-default,1.0.0,a9aae37550b9230283ca7c62056ba6c7d0b5cf3f3bf20f30905f723c50addd98,86,2640,2726,172,2554,changed tokens,5000,2726,2554,172,BackwardCompoundCommand,2554
SN_ZW,sn-zw-default,1.0.0,a9aae37550b9230283ca7c62056ba6c7d0b5cf3f3bf20f30905f723c50addd98,86,2640,2726,172,2554,changed tokens,5000,2726,2554,172,PreserveCommand,172
SQ_AL,sq-al-default,1.0.0,dda602d80fe10911f4aec2f70196f429eed1a5c232ece4620065fe96274512c4,587,10218,10851,1174,9677,changed tokens,9677,10800,9636,1164,AppendCharacterCommand,150
SQ_AL,sq-al-default,1.0.0,dda602d80fe10911f4aec2f70196f429eed1a5c232ece4620065fe96274512c4,587,10218,10851,1174,9677,changed tokens,9677,10800,9636,1164,BackwardCompoundCommand,5517
SQ_AL,sq-al-default,1.0.0,dda602d80fe10911f4aec2f70196f429eed1a5c232ece4620065fe96274512c4,587,10218,10851,1174,9677,changed tokens,9677,10800,9636,1164,DeleteSuffixCommand,3426
SQ_AL,sq-al-default,1.0.0,dda602d80fe10911f4aec2f70196f429eed1a5c232ece4620065fe96274512c4,587,10218,10851,1174,9677,changed tokens,9677,10800,9636,1164,PreserveCommand,1164
SQ_AL,sq-al-default,1.0.0,dda602d80fe10911f4aec2f70196f429eed1a5c232ece4620065fe96274512c4,587,10218,10851,1174,9677,changed tokens,9677,10800,9636,1164,ReplaceLastCharacterCommand,594
ST_ZA,st-za-default,1.0.0,86230d154bada51128d1c03a631fd182170e5d2b8070d57b65ebee2db91c6ce9,26,416,442,52,390,changed tokens,5000,442,390,52,BackwardCompoundCommand,364
ST_ZA,st-za-default,1.0.0,86230d154bada51128d1c03a631fd182170e5d2b8070d57b65ebee2db91c6ce9,26,416,442,52,390,changed tokens,5000,442,390,52,DeleteSuffixCommand,26
ST_ZA,st-za-default,1.0.0,86230d154bada51128d1c03a631fd182170e5d2b8070d57b65ebee2db91c6ce9,26,416,442,52,390,changed tokens,5000,442,390,52,PreserveCommand,52
SV_SE,sv-se-default,1.0.0,d9be72e3d67c776622c4281e04e4063b9381e8f84a823d98ebf08888b82dff0c,12371,95181,110468,24731,85737,changed tokens,85737,106837,83514,23323,AppendCharacterCommand,711
SV_SE,sv-se-default,1.0.0,d9be72e3d67c776622c4281e04e4063b9381e8f84a823d98ebf08888b82dff0c,12371,95181,110468,24731,85737,changed tokens,85737,106837,83514,23323,BackwardCompoundCommand,14126
SV_SE,sv-se-default,1.0.0,d9be72e3d67c776622c4281e04e4063b9381e8f84a823d98ebf08888b82dff0c,12371,95181,110468,24731,85737,changed tokens,85737,106837,83514,23323,DeleteSuffixCommand,68749
SV_SE,sv-se-default,1.0.0,d9be72e3d67c776622c4281e04e4063b9381e8f84a823d98ebf08888b82dff0c,12371,95181,110468,24731,85737,changed tokens,85737,106837,83514,23323,PreserveCommand,23583
SV_SE,sv-se-default,1.0.0,d9be72e3d67c776622c4281e04e4063b9381e8f84a823d98ebf08888b82dff0c,12371,95181,110468,24731,85737,changed tokens,85737,106837,83514,23323,ReplaceLastCharacterCommand,3299
SWC,swc-default,1.0.0,28f8e90aea44ced44da8ca797ea40c3e822d580bd6aaa71f3dce6d847a02b9a9,100,6700,6800,200,6600,changed tokens,6600,6800,6600,200,BackwardCompoundCommand,6598
SWC,swc-default,1.0.0,28f8e90aea44ced44da8ca797ea40c3e822d580bd6aaa71f3dce6d847a02b9a9,100,6700,6800,200,6600,changed tokens,6600,6800,6600,200,DeleteSuffixCommand,1
SWC,swc-default,1.0.0,28f8e90aea44ced44da8ca797ea40c3e822d580bd6aaa71f3dce6d847a02b9a9,100,6700,6800,200,6600,changed tokens,6600,6800,6600,200,PreserveCommand,200
SWC,swc-default,1.0.0,28f8e90aea44ced44da8ca797ea40c3e822d580bd6aaa71f3dce6d847a02b9a9,100,6700,6800,200,6600,changed tokens,6600,6800,6600,200,ReplaceLastCharacterCommand,1
SYC,syc-default,1.0.0,8eda4d03d168a0908033eacff07d2fbe3332692157c9d1f862cd8ca07fcafdd1,215,2139,2365,430,1935,changed tokens,5000,2352,1926,426,AppendCharacterCommand,163
SYC,syc-default,1.0.0,8eda4d03d168a0908033eacff07d2fbe3332692157c9d1f862cd8ca07fcafdd1,215,2139,2365,430,1935,changed tokens,5000,2352,1926,426,BackwardCompoundCommand,1115
SYC,syc-default,1.0.0,8eda4d03d168a0908033eacff07d2fbe3332692157c9d1f862cd8ca07fcafdd1,215,2139,2365,430,1935,changed tokens,5000,2352,1926,426,DeleteSuffixCommand,1
SYC,syc-default,1.0.0,8eda4d03d168a0908033eacff07d2fbe3332692157c9d1f862cd8ca07fcafdd1,215,2139,2365,430,1935,changed tokens,5000,2352,1926,426,PreserveCommand,431
SYC,syc-default,1.0.0,8eda4d03d168a0908033eacff07d2fbe3332692157c9d1f862cd8ca07fcafdd1,215,2139,2365,430,1935,changed tokens,5000,2352,1926,426,ReplaceLastCharacterCommand,655
TAT,tat-default,1.0.0,1617b08152da422aa295ef7f990e9e30ec8834eeeb9555cba805d96142462779,1258,7483,8745,2516,6229,changed tokens,6229,8740,6226,2514,BackwardCompoundCommand,241
TAT,tat-default,1.0.0,1617b08152da422aa295ef7f990e9e30ec8834eeeb9555cba805d96142462779,1258,7483,8745,2516,6229,changed tokens,6229,8740,6226,2514,DeleteSuffixCommand,5987
TAT,tat-default,1.0.0,1617b08152da422aa295ef7f990e9e30ec8834eeeb9555cba805d96142462779,1258,7483,8745,2516,6229,changed tokens,6229,8740,6226,2514,PreserveCommand,2517
TG_TJ,tg-tj-default,1.0.0,4809cdc83d745d0db145d74c6654e4732b83bf70e32df3a208aac22a0db4d6b1,75,78,153,150,3,changed tokens,5000,153,3,150,BackwardCompoundCommand,1
TG_TJ,tg-tj-default,1.0.0,4809cdc83d745d0db145d74c6654e4732b83bf70e32df3a208aac22a0db4d6b1,75,78,153,150,3,changed tokens,5000,153,3,150,DeleteSuffixCommand,2
TG_TJ,tg-tj-default,1.0.0,4809cdc83d745d0db145d74c6654e4732b83bf70e32df3a208aac22a0db4d6b1,75,78,153,150,3,changed tokens,5000,153,3,150,PreserveCommand,150
TK_TM,tk-tm-default,1.0.0,3821730499cd42fa7974c907d08377763e1cc1a6f85784b638d22f87124317e2,68,804,872,136,736,changed tokens,5000,872,736,136,BackwardCompoundCommand,57
TK_TM,tk-tm-default,1.0.0,3821730499cd42fa7974c907d08377763e1cc1a6f85784b638d22f87124317e2,68,804,872,136,736,changed tokens,5000,872,736,136,DeleteSuffixCommand,676
TK_TM,tk-tm-default,1.0.0,3821730499cd42fa7974c907d08377763e1cc1a6f85784b638d22f87124317e2,68,804,872,136,736,changed tokens,5000,872,736,136,PreserveCommand,136
TK_TM,tk-tm-default,1.0.0,3821730499cd42fa7974c907d08377763e1cc1a6f85784b638d22f87124317e2,68,804,872,136,736,changed tokens,5000,872,736,136,ReplaceLastCharacterCommand,3
TL_PH,tl-ph-default,1.0.0,e9c291d64e9359d58257cdd5342b7a4fdb94b123e5b23be3343a97073661aa78,289,2042,2336,578,1758,changed tokens,5000,2331,1753,578,BackwardCompoundCommand,1754
TL_PH,tl-ph-default,1.0.0,e9c291d64e9359d58257cdd5342b7a4fdb94b123e5b23be3343a97073661aa78,289,2042,2336,578,1758,changed tokens,5000,2331,1753,578,DeleteSuffixCommand,4
TL_PH,tl-ph-default,1.0.0,e9c291d64e9359d58257cdd5342b7a4fdb94b123e5b23be3343a97073661aa78,289,2042,2336,578,1758,changed tokens,5000,2331,1753,578,PreserveCommand,578
TR_TR,tr-tr-default,1.0.0,29db7f67de1b5560187ab496998aaf886277b96f8c10cec7f49790c2afd23be1,3014,222207,226873,6028,220845,changed tokens,220845,225162,219252,5910,AppendCharacterCommand,605
TR_TR,tr-tr-default,1.0.0,29db7f67de1b5560187ab496998aaf886277b96f8c10cec7f49790c2afd23be1,3014,222207,226873,6028,220845,changed tokens,220845,225162,219252,5910,BackwardCompoundCommand,116262
TR_TR,tr-tr-default,1.0.0,29db7f67de1b5560187ab496998aaf886277b96f8c10cec7f49790c2afd23be1,3014,222207,226873,6028,220845,changed tokens,220845,225162,219252,5910,DeleteSuffixCommand,102999
TR_TR,tr-tr-default,1.0.0,29db7f67de1b5560187ab496998aaf886277b96f8c10cec7f49790c2afd23be1,3014,222207,226873,6028,220845,changed tokens,220845,225162,219252,5910,PreserveCommand,5957
TR_TR,tr-tr-default,1.0.0,29db7f67de1b5560187ab496998aaf886277b96f8c10cec7f49790c2afd23be1,3014,222207,226873,6028,220845,changed tokens,220845,225162,219252,5910,ReplaceLastCharacterCommand,1050
TYV,tyv-default,1.0.0,7b4189ea74cbc151a0dfa22c01dd30b105a53f9f1be561033184df0d5fecd7b6,5032,491421,499024,10064,488960,changed tokens,488960,496307,486535,9772,AppendCharacterCommand,1
TYV,tyv-default,1.0.0,7b4189ea74cbc151a0dfa22c01dd30b105a53f9f1be561033184df0d5fecd7b6,5032,491421,499024,10064,488960,changed tokens,488960,496307,486535,9772,BackwardCompoundCommand,45265
TYV,tyv-default,1.0.0,7b4189ea74cbc151a0dfa22c01dd30b105a53f9f1be561033184df0d5fecd7b6,5032,491421,499024,10064,488960,changed tokens,488960,496307,486535,9772,DeleteSuffixCommand,443520
TYV,tyv-default,1.0.0,7b4189ea74cbc151a0dfa22c01dd30b105a53f9f1be561033184df0d5fecd7b6,5032,491421,499024,10064,488960,changed tokens,488960,496307,486535,9772,PreserveCommand,9839
TYV,tyv-default,1.0.0,7b4189ea74cbc151a0dfa22c01dd30b105a53f9f1be561033184df0d5fecd7b6,5032,491421,499024,10064,488960,changed tokens,488960,496307,486535,9772,ReplaceLastCharacterCommand,399
UG_CN,ug-cn-default,1.0.0,a76f8114c54be66c7ea564c79bc81f88d62a9ab9dd2c7028e542aa1d04e9b22f,85,6200,6316,170,6146,changed tokens,6146,6285,6115,170,BackwardCompoundCommand,5162
UG_CN,ug-cn-default,1.0.0,a76f8114c54be66c7ea564c79bc81f88d62a9ab9dd2c7028e542aa1d04e9b22f,85,6200,6316,170,6146,changed tokens,6146,6285,6115,170,DeleteSuffixCommand,984
UG_CN,ug-cn-default,1.0.0,a76f8114c54be66c7ea564c79bc81f88d62a9ab9dd2c7028e542aa1d04e9b22f,85,6200,6316,170,6146,changed tokens,6146,6285,6115,170,PreserveCommand,170
UK_UA,uk-ua-default,1.0.0,cf3f612cfff16cb7763f99c55851069489b883c3bdd1a6576cd8c57a97e07eae,1493,14150,15737,2985,12752,changed tokens,12752,15628,12671,2957,AppendCharacterCommand,267
UK_UA,uk-ua-default,1.0.0,cf3f612cfff16cb7763f99c55851069489b883c3bdd1a6576cd8c57a97e07eae,1493,14150,15737,2985,12752,changed tokens,12752,15628,12671,2957,BackwardCompoundCommand,4156
UK_UA,uk-ua-default,1.0.0,cf3f612cfff16cb7763f99c55851069489b883c3bdd1a6576cd8c57a97e07eae,1493,14150,15737,2985,12752,changed tokens,12752,15628,12671,2957,DeleteSuffixCommand,5883
UK_UA,uk-ua-default,1.0.0,cf3f612cfff16cb7763f99c55851069489b883c3bdd1a6576cd8c57a97e07eae,1493,14150,15737,2985,12752,changed tokens,12752,15628,12671,2957,PreserveCommand,2962
UK_UA,uk-ua-default,1.0.0,cf3f612cfff16cb7763f99c55851069489b883c3bdd1a6576cd8c57a97e07eae,1493,14150,15737,2985,12752,changed tokens,12752,15628,12671,2957,ReplaceLastCharacterCommand,2469
UR_PK,ur-pk-default,1.0.0,588e4e2644f121073adc8a62f8f5c14e9fcaa5e57ed29ada787596c0248eb426,162,881,1047,324,723,changed tokens,5000,1043,719,324,BackwardCompoundCommand,384
UR_PK,ur-pk-default,1.0.0,588e4e2644f121073adc8a62f8f5c14e9fcaa5e57ed29ada787596c0248eb426,162,881,1047,324,723,changed tokens,5000,1043,719,324,DeleteSuffixCommand,252
UR_PK,ur-pk-default,1.0.0,588e4e2644f121073adc8a62f8f5c14e9fcaa5e57ed29ada787596c0248eb426,162,881,1047,324,723,changed tokens,5000,1043,719,324,PreserveCommand,325
UR_PK,ur-pk-default,1.0.0,588e4e2644f121073adc8a62f8f5c14e9fcaa5e57ed29ada787596c0248eb426,162,881,1047,324,723,changed tokens,5000,1043,719,324,ReplaceLastCharacterCommand,86
US_UK,us-uk-default,1.0.1,0a3ec1fddd5ddb859f5ffa8003efe9200a5ef6203df1fddaf53a58003f33582c,396939,591946,1002414,793874,208540,changed tokens,208540,979039,204599,774440,AppendCharacterCommand,73
US_UK,us-uk-default,1.0.1,0a3ec1fddd5ddb859f5ffa8003efe9200a5ef6203df1fddaf53a58003f33582c,396939,591946,1002414,793874,208540,changed tokens,208540,979039,204599,774440,BackwardCompoundCommand,22481
US_UK,us-uk-default,1.0.1,0a3ec1fddd5ddb859f5ffa8003efe9200a5ef6203df1fddaf53a58003f33582c,396939,591946,1002414,793874,208540,changed tokens,208540,979039,204599,774440,DeleteSuffixCommand,202637
US_UK,us-uk-default,1.0.1,0a3ec1fddd5ddb859f5ffa8003efe9200a5ef6203df1fddaf53a58003f33582c,396939,591946,1002414,793874,208540,changed tokens,208540,979039,204599,774440,PreserveCommand,777146
US_UK,us-uk-default,1.0.1,0a3ec1fddd5ddb859f5ffa8003efe9200a5ef6203df1fddaf53a58003f33582c,396939,591946,1002414,793874,208540,changed tokens,208540,979039,204599,774440,ReplaceLastCharacterCommand,77
UZ_UZ,uz-uz-default,1.0.0,f8e520d4f2741f4c8a52013923850696838cdffa9c433827e942cc779d86f725,15,1080,1095,30,1065,changed tokens,5000,1095,1065,30,DeleteSuffixCommand,1065
UZ_UZ,uz-uz-default,1.0.0,f8e520d4f2741f4c8a52013923850696838cdffa9c433827e942cc779d86f725,15,1080,1095,30,1065,changed tokens,5000,1095,1065,30,PreserveCommand,30
VEC,vec-default,1.0.0,29d9dee4846c6fee65c69116c9ac2cfa370719af04cf206050ce08b9c5acfb0d,368,8595,9056,736,8320,changed tokens,8320,8963,8227,736,AppendCharacterCommand,339
VEC,vec-default,1.0.0,29d9dee4846c6fee65c69116c9ac2cfa370719af04cf206050ce08b9c5acfb0d,368,8595,9056,736,8320,changed tokens,8320,8963,8227,736,BackwardCompoundCommand,5519
VEC,vec-default,1.0.0,29d9dee4846c6fee65c69116c9ac2cfa370719af04cf206050ce08b9c5acfb0d,368,8595,9056,736,8320,changed tokens,8320,8963,8227,736,DeleteSuffixCommand,2456
VEC,vec-default,1.0.0,29d9dee4846c6fee65c69116c9ac2cfa370719af04cf206050ce08b9c5acfb0d,368,8595,9056,736,8320,changed tokens,8320,8963,8227,736,PreserveCommand,736
VEC,vec-default,1.0.0,29d9dee4846c6fee65c69116c9ac2cfa370719af04cf206050ce08b9c5acfb0d,368,8595,9056,736,8320,changed tokens,8320,8963,8227,736,ReplaceLastCharacterCommand,6
VOT,vot-default,1.0.0,f05693d86412bf46ca79606c033018d488553c30a180f3d00bee394867ad667b,55,1392,1448,110,1338,changed tokens,5000,1447,1337,110,BackwardCompoundCommand,913
VOT,vot-default,1.0.0,f05693d86412bf46ca79606c033018d488553c30a180f3d00bee394867ad667b,55,1392,1448,110,1338,changed tokens,5000,1447,1337,110,DeleteSuffixCommand,422
VOT,vot-default,1.0.0,f05693d86412bf46ca79606c033018d488553c30a180f3d00bee394867ad667b,55,1392,1448,110,1338,changed tokens,5000,1447,1337,110,PreserveCommand,110
VOT,vot-default,1.0.0,f05693d86412bf46ca79606c033018d488553c30a180f3d00bee394867ad667b,55,1392,1448,110,1338,changed tokens,5000,1447,1337,110,ReplaceLastCharacterCommand,3
VRO,vro-default,1.0.0,01a1408466bf5c549721a9bffa976dda00fb66d89a1a70d91022296162d9ba94,50,277,328,100,228,changed tokens,5000,327,227,100,AppendCharacterCommand,2
VRO,vro-default,1.0.0,01a1408466bf5c549721a9bffa976dda00fb66d89a1a70d91022296162d9ba94,50,277,328,100,228,changed tokens,5000,327,227,100,BackwardCompoundCommand,176
VRO,vro-default,1.0.0,01a1408466bf5c549721a9bffa976dda00fb66d89a1a70d91022296162d9ba94,50,277,328,100,228,changed tokens,5000,327,227,100,DeleteSuffixCommand,44
VRO,vro-default,1.0.0,01a1408466bf5c549721a9bffa976dda00fb66d89a1a70d91022296162d9ba94,50,277,328,100,228,changed tokens,5000,327,227,100,PreserveCommand,100
VRO,vro-default,1.0.0,01a1408466bf5c549721a9bffa976dda00fb66d89a1a70d91022296162d9ba94,50,277,328,100,228,changed tokens,5000,327,227,100,ReplaceLastCharacterCommand,6
XCL,xcl-default,1.0.0,aca4a0452f876a3c7fc4372c8253f6d73c77e493191e5e5f62aeb69cecbc92e4,4299,55946,63418,8598,54820,changed tokens,54820,60209,51683,8526,AppendCharacterCommand,208
XCL,xcl-default,1.0.0,aca4a0452f876a3c7fc4372c8253f6d73c77e493191e5e5f62aeb69cecbc92e4,4299,55946,63418,8598,54820,changed tokens,54820,60209,51683,8526,BackwardCompoundCommand,35733
XCL,xcl-default,1.0.0,aca4a0452f876a3c7fc4372c8253f6d73c77e493191e5e5f62aeb69cecbc92e4,4299,55946,63418,8598,54820,changed tokens,54820,60209,51683,8526,DeleteSuffixCommand,15387
XCL,xcl-default,1.0.0,aca4a0452f876a3c7fc4372c8253f6d73c77e493191e5e5f62aeb69cecbc92e4,4299,55946,63418,8598,54820,changed tokens,54820,60209,51683,8526,PreserveCommand,9375
XCL,xcl-default,1.0.0,aca4a0452f876a3c7fc4372c8253f6d73c77e493191e5e5f62aeb69cecbc92e4,4299,55946,63418,8598,54820,changed tokens,54820,60209,51683,8526,ReplaceLastCharacterCommand,2715
XNO,xno-default,1.0.0,eb6fa9f98fbc2b3d74714032555f5ab4bad394fdec1ddb2d386dabeed1812fbf,5,186,191,10,181,changed tokens,5000,191,181,10,BackwardCompoundCommand,148
XNO,xno-default,1.0.0,eb6fa9f98fbc2b3d74714032555f5ab4bad394fdec1ddb2d386dabeed1812fbf,5,186,191,10,181,changed tokens,5000,191,181,10,DeleteSuffixCommand,31
XNO,xno-default,1.0.0,eb6fa9f98fbc2b3d74714032555f5ab4bad394fdec1ddb2d386dabeed1812fbf,5,186,191,10,181,changed tokens,5000,191,181,10,PreserveCommand,10
XNO,xno-default,1.0.0,eb6fa9f98fbc2b3d74714032555f5ab4bad394fdec1ddb2d386dabeed1812fbf,5,186,191,10,181,changed tokens,5000,191,181,10,ReplaceLastCharacterCommand,2
XTY,xty-default,1.0.0,f79b31e96b351170504e1a28ca6665be22725f1c50e3f2b30324f37de84f5431,417,1536,1965,834,1131,changed tokens,5000,1953,1119,834,BackwardCompoundCommand,1128
XTY,xty-default,1.0.0,f79b31e96b351170504e1a28ca6665be22725f1c50e3f2b30324f37de84f5431,417,1536,1965,834,1131,changed tokens,5000,1953,1119,834,PreserveCommand,837
YI,yi-default,1.0.0,f47de665c27dcd72833a82904e49c68a945bb5aca769a7ec5a0164e2c981a6d3,802,3532,4300,1524,2776,changed tokens,5000,4244,2740,1504,AppendCharacterCommand,190
YI,yi-default,1.0.0,f47de665c27dcd72833a82904e49c68a945bb5aca769a7ec5a0164e2c981a6d3,802,3532,4300,1524,2776,changed tokens,5000,4244,2740,1504,BackwardCompoundCommand,1227
YI,yi-default,1.0.0,f47de665c27dcd72833a82904e49c68a945bb5aca769a7ec5a0164e2c981a6d3,802,3532,4300,1524,2776,changed tokens,5000,4244,2740,1504,DeleteSuffixCommand,1141
YI,yi-default,1.0.0,f47de665c27dcd72833a82904e49c68a945bb5aca769a7ec5a0164e2c981a6d3,802,3532,4300,1524,2776,changed tokens,5000,4244,2740,1504,PreserveCommand,1519
YI,yi-default,1.0.0,f47de665c27dcd72833a82904e49c68a945bb5aca769a7ec5a0164e2c981a6d3,802,3532,4300,1524,2776,changed tokens,5000,4244,2740,1504,ReplaceLastCharacterCommand,223
ZPV,zpv-default,1.0.0,0dba154558eede2bec318eb5c33edc856483b1ebd999f433f0d16508d5cc62e9,203,812,1021,406,615,changed tokens,5000,1015,609,406,BackwardCompoundCommand,613
ZPV,zpv-default,1.0.0,0dba154558eede2bec318eb5c33edc856483b1ebd999f433f0d16508d5cc62e9,203,812,1021,406,615,changed tokens,5000,1015,609,406,PreserveCommand,408
ZU_ZA,zu-za-default,1.0.0,da7922f2232206c74f0fe22bdc539c5b6f28a2fc781b40945a13be9bb1da4c75,563,32384,33297,1126,32171,changed tokens,32171,32947,31821,1126,BackwardCompoundCommand,31872
ZU_ZA,zu-za-default,1.0.0,da7922f2232206c74f0fe22bdc539c5b6f28a2fc781b40945a13be9bb1da4c75,563,32384,33297,1126,32171,changed tokens,32171,32947,31821,1126,DeleteSuffixCommand,122
ZU_ZA,zu-za-default,1.0.0,da7922f2232206c74f0fe22bdc539c5b6f28a2fc781b40945a13be9bb1da4c75,563,32384,33297,1126,32171,changed tokens,32171,32947,31821,1126,PreserveCommand,1151
ZU_ZA,zu-za-default,1.0.0,da7922f2232206c74f0fe22bdc539c5b6f28a2fc781b40945a13be9bb1da4c75,563,32384,33297,1126,32171,changed tokens,32171,32947,31821,1126,ReplaceLastCharacterCommand,152
