"Benchmark","Mode","Threads","Samples","Score","Score Error (99.9%)","Unit","Param: candidateName","Param: languageCaseName"
"org.egothor.stemmer.benchmark.EnglishHunspellStemmerComparisonBenchmarkQuality.luceneHunspellStemFilterAccuracy","avgt",1,1,508063583.000000,NaN,"ns/op",,
"org.egothor.stemmer.benchmark.EnglishHunspellStemmerComparisonBenchmarkQuality.luceneHunspellStemFilterAccuracy:changedCorrectMatches","avgt",1,1,26838.000000,NaN,"#",,
"org.egothor.stemmer.benchmark.EnglishHunspellStemmerComparisonBenchmarkQuality.luceneHunspellStemFilterAccuracy:changedEvaluatedTokens","avgt",1,1,208540.000000,NaN,"#",,
"org.egothor.stemmer.benchmark.EnglishHunspellStemmerComparisonBenchmarkQuality.luceneHunspellStemFilterAccuracy:correctMatches","avgt",1,1,805938.000000,NaN,"#",,
"org.egothor.stemmer.benchmark.EnglishHunspellStemmerComparisonBenchmarkQuality.luceneHunspellStemFilterAccuracy:evaluatedTokens","avgt",1,1,1002414.000000,NaN,"#",,
"org.egothor.stemmer.benchmark.EnglishHunspellStemmerComparisonBenchmarkQuality.luceneHunspellStemFilterAccuracy:rootEvaluatedTokens","avgt",1,1,793874.000000,NaN,"#",,
"org.egothor.stemmer.benchmark.EnglishHunspellStemmerComparisonBenchmarkQuality.luceneHunspellStemFilterAccuracy:rootPreservedMatches","avgt",1,1,779100.000000,NaN,"#",,
"org.egothor.stemmer.benchmark.EnglishStemmerComparisonBenchmarkQuality.radixorUsUkProfiPreferredStemAccuracy","avgt",1,1,68151249.000000,NaN,"ns/op",,
"org.egothor.stemmer.benchmark.EnglishStemmerComparisonBenchmarkQuality.radixorUsUkProfiPreferredStemAccuracy:changedCorrectMatches","avgt",1,1,204599.000000,NaN,"#",,
"org.egothor.stemmer.benchmark.EnglishStemmerComparisonBenchmarkQuality.radixorUsUkProfiPreferredStemAccuracy:changedEvaluatedTokens","avgt",1,1,208540.000000,NaN,"#",,
"org.egothor.stemmer.benchmark.EnglishStemmerComparisonBenchmarkQuality.radixorUsUkProfiPreferredStemAccuracy:correctMatches","avgt",1,1,979039.000000,NaN,"#",,
"org.egothor.stemmer.benchmark.EnglishStemmerComparisonBenchmarkQuality.radixorUsUkProfiPreferredStemAccuracy:evaluatedTokens","avgt",1,1,1002414.000000,NaN,"#",,
"org.egothor.stemmer.benchmark.EnglishStemmerComparisonBenchmarkQuality.radixorUsUkProfiPreferredStemAccuracy:rootEvaluatedTokens","avgt",1,1,793874.000000,NaN,"#",,
"org.egothor.stemmer.benchmark.EnglishStemmerComparisonBenchmarkQuality.radixorUsUkProfiPreferredStemAccuracy:rootPreservedMatches","avgt",1,1,774440.000000,NaN,"#",,
"org.egothor.stemmer.benchmark.EnglishStemmerComparisonBenchmarkQuality.snowballOriginalPorterAccuracy","avgt",1,1,204011104.000000,NaN,"ns/op",,
"org.egothor.stemmer.benchmark.EnglishStemmerComparisonBenchmarkQuality.snowballOriginalPorterAccuracy:changedCorrectMatches","avgt",1,1,97207.000000,NaN,"#",,
"org.egothor.stemmer.benchmark.EnglishStemmerComparisonBenchmarkQuality.snowballOriginalPorterAccuracy:changedEvaluatedTokens","avgt",1,1,208540.000000,NaN,"#",,
"org.egothor.stemmer.benchmark.EnglishStemmerComparisonBenchmarkQuality.snowballOriginalPorterAccuracy:correctMatches","avgt",1,1,397019.000000,NaN,"#",,
"org.egothor.stemmer.benchmark.EnglishStemmerComparisonBenchmarkQuality.snowballOriginalPorterAccuracy:evaluatedTokens","avgt",1,1,1002414.000000,NaN,"#",,
"org.egothor.stemmer.benchmark.EnglishStemmerComparisonBenchmarkQuality.snowballOriginalPorterAccuracy:rootEvaluatedTokens","avgt",1,1,793874.000000,NaN,"#",,
"org.egothor.stemmer.benchmark.EnglishStemmerComparisonBenchmarkQuality.snowballOriginalPorterAccuracy:rootPreservedMatches","avgt",1,1,299812.000000,NaN,"#",,
"org.egothor.stemmer.benchmark.HunspellStemmerComparisonBenchmarkQuality.luceneHunspellStemFilterAccuracy","avgt",1,1,516660881.000000,NaN,"ns/op",,ENGLISH
"org.egothor.stemmer.benchmark.HunspellStemmerComparisonBenchmarkQuality.luceneHunspellStemFilterAccuracy:changedCorrectMatches","avgt",1,1,26838.000000,NaN,"#",,ENGLISH
"org.egothor.stemmer.benchmark.HunspellStemmerComparisonBenchmarkQuality.luceneHunspellStemFilterAccuracy:changedEvaluatedTokens","avgt",1,1,208540.000000,NaN,"#",,ENGLISH
"org.egothor.stemmer.benchmark.HunspellStemmerComparisonBenchmarkQuality.luceneHunspellStemFilterAccuracy:correctMatches","avgt",1,1,805938.000000,NaN,"#",,ENGLISH
"org.egothor.stemmer.benchmark.HunspellStemmerComparisonBenchmarkQuality.luceneHunspellStemFilterAccuracy:evaluatedTokens","avgt",1,1,1002414.000000,NaN,"#",,ENGLISH
"org.egothor.stemmer.benchmark.HunspellStemmerComparisonBenchmarkQuality.luceneHunspellStemFilterAccuracy:rootEvaluatedTokens","avgt",1,1,793874.000000,NaN,"#",,ENGLISH
"org.egothor.stemmer.benchmark.HunspellStemmerComparisonBenchmarkQuality.luceneHunspellStemFilterAccuracy:rootPreservedMatches","avgt",1,1,779100.000000,NaN,"#",,ENGLISH
"org.egothor.stemmer.benchmark.HunspellStemmerComparisonBenchmarkQuality.luceneHunspellStemFilterAccuracy","avgt",1,1,598849930.000000,NaN,"ns/op",,CZECH
"org.egothor.stemmer.benchmark.HunspellStemmerComparisonBenchmarkQuality.luceneHunspellStemFilterAccuracy:changedCorrectMatches","avgt",1,1,38307.000000,NaN,"#",,CZECH
"org.egothor.stemmer.benchmark.HunspellStemmerComparisonBenchmarkQuality.luceneHunspellStemFilterAccuracy:changedEvaluatedTokens","avgt",1,1,46563.000000,NaN,"#",,CZECH
"org.egothor.stemmer.benchmark.HunspellStemmerComparisonBenchmarkQuality.luceneHunspellStemFilterAccuracy:correctMatches","avgt",1,1,48035.000000,NaN,"#",,CZECH
"org.egothor.stemmer.benchmark.HunspellStemmerComparisonBenchmarkQuality.luceneHunspellStemFilterAccuracy:evaluatedTokens","avgt",1,1,56612.000000,NaN,"#",,CZECH
"org.egothor.stemmer.benchmark.HunspellStemmerComparisonBenchmarkQuality.luceneHunspellStemFilterAccuracy:rootEvaluatedTokens","avgt",1,1,10049.000000,NaN,"#",,CZECH
"org.egothor.stemmer.benchmark.HunspellStemmerComparisonBenchmarkQuality.luceneHunspellStemFilterAccuracy:rootPreservedMatches","avgt",1,1,9728.000000,NaN,"#",,CZECH
"org.egothor.stemmer.benchmark.HunspellStemmerComparisonBenchmarkQuality.luceneHunspellStemFilterAccuracy","avgt",1,1,370140808.000000,NaN,"ns/op",,GERMAN
"org.egothor.stemmer.benchmark.HunspellStemmerComparisonBenchmarkQuality.luceneHunspellStemFilterAccuracy:changedCorrectMatches","avgt",1,1,71928.000000,NaN,"#",,GERMAN
"org.egothor.stemmer.benchmark.HunspellStemmerComparisonBenchmarkQuality.luceneHunspellStemFilterAccuracy:changedEvaluatedTokens","avgt",1,1,242501.000000,NaN,"#",,GERMAN
"org.egothor.stemmer.benchmark.HunspellStemmerComparisonBenchmarkQuality.luceneHunspellStemFilterAccuracy:correctMatches","avgt",1,1,156739.000000,NaN,"#",,GERMAN
"org.egothor.stemmer.benchmark.HunspellStemmerComparisonBenchmarkQuality.luceneHunspellStemFilterAccuracy:evaluatedTokens","avgt",1,1,333036.000000,NaN,"#",,GERMAN
"org.egothor.stemmer.benchmark.HunspellStemmerComparisonBenchmarkQuality.luceneHunspellStemFilterAccuracy:rootEvaluatedTokens","avgt",1,1,90535.000000,NaN,"#",,GERMAN
"org.egothor.stemmer.benchmark.HunspellStemmerComparisonBenchmarkQuality.luceneHunspellStemFilterAccuracy:rootPreservedMatches","avgt",1,1,84811.000000,NaN,"#",,GERMAN
"org.egothor.stemmer.benchmark.HunspellStemmerComparisonBenchmarkQuality.luceneHunspellStemFilterAccuracy","avgt",1,1,2295558264.000000,NaN,"ns/op",,SPANISH
"org.egothor.stemmer.benchmark.HunspellStemmerComparisonBenchmarkQuality.luceneHunspellStemFilterAccuracy:changedCorrectMatches","avgt",1,1,343926.000000,NaN,"#",,SPANISH
"org.egothor.stemmer.benchmark.HunspellStemmerComparisonBenchmarkQuality.luceneHunspellStemFilterAccuracy:changedEvaluatedTokens","avgt",1,1,806272.000000,NaN,"#",,SPANISH
"org.egothor.stemmer.benchmark.HunspellStemmerComparisonBenchmarkQuality.luceneHunspellStemFilterAccuracy:correctMatches","avgt",1,1,454622.000000,NaN,"#",,SPANISH
"org.egothor.stemmer.benchmark.HunspellStemmerComparisonBenchmarkQuality.luceneHunspellStemFilterAccuracy:evaluatedTokens","avgt",1,1,926393.000000,NaN,"#",,SPANISH
"org.egothor.stemmer.benchmark.HunspellStemmerComparisonBenchmarkQuality.luceneHunspellStemFilterAccuracy:rootEvaluatedTokens","avgt",1,1,120121.000000,NaN,"#",,SPANISH
"org.egothor.stemmer.benchmark.HunspellStemmerComparisonBenchmarkQuality.luceneHunspellStemFilterAccuracy:rootPreservedMatches","avgt",1,1,110696.000000,NaN,"#",,SPANISH
"org.egothor.stemmer.benchmark.HunspellStemmerComparisonBenchmarkQuality.luceneHunspellStemFilterAccuracy","avgt",1,1,2141004375.000000,NaN,"ns/op",,FRENCH
"org.egothor.stemmer.benchmark.HunspellStemmerComparisonBenchmarkQuality.luceneHunspellStemFilterAccuracy:changedCorrectMatches","avgt",1,1,232820.000000,NaN,"#",,FRENCH
"org.egothor.stemmer.benchmark.HunspellStemmerComparisonBenchmarkQuality.luceneHunspellStemFilterAccuracy:changedEvaluatedTokens","avgt",1,1,365969.000000,NaN,"#",,FRENCH
"org.egothor.stemmer.benchmark.HunspellStemmerComparisonBenchmarkQuality.luceneHunspellStemFilterAccuracy:correctMatches","avgt",1,1,326769.000000,NaN,"#",,FRENCH
"org.egothor.stemmer.benchmark.HunspellStemmerComparisonBenchmarkQuality.luceneHunspellStemFilterAccuracy:evaluatedTokens","avgt",1,1,474110.000000,NaN,"#",,FRENCH
"org.egothor.stemmer.benchmark.HunspellStemmerComparisonBenchmarkQuality.luceneHunspellStemFilterAccuracy:rootEvaluatedTokens","avgt",1,1,108141.000000,NaN,"#",,FRENCH
"org.egothor.stemmer.benchmark.HunspellStemmerComparisonBenchmarkQuality.luceneHunspellStemFilterAccuracy:rootPreservedMatches","avgt",1,1,93949.000000,NaN,"#",,FRENCH
"org.egothor.stemmer.benchmark.HunspellStemmerComparisonBenchmarkQuality.luceneHunspellStemFilterAccuracy","avgt",1,1,38711288.000000,NaN,"ns/op",,DUTCH
"org.egothor.stemmer.benchmark.HunspellStemmerComparisonBenchmarkQuality.luceneHunspellStemFilterAccuracy:changedCorrectMatches","avgt",1,1,4881.000000,NaN,"#",,DUTCH
"org.egothor.stemmer.benchmark.HunspellStemmerComparisonBenchmarkQuality.luceneHunspellStemFilterAccuracy:changedEvaluatedTokens","avgt",1,1,21485.000000,NaN,"#",,DUTCH
"org.egothor.stemmer.benchmark.HunspellStemmerComparisonBenchmarkQuality.luceneHunspellStemFilterAccuracy:correctMatches","avgt",1,1,14660.000000,NaN,"#",,DUTCH
"org.egothor.stemmer.benchmark.HunspellStemmerComparisonBenchmarkQuality.luceneHunspellStemFilterAccuracy:evaluatedTokens","avgt",1,1,31466.000000,NaN,"#",,DUTCH
"org.egothor.stemmer.benchmark.HunspellStemmerComparisonBenchmarkQuality.luceneHunspellStemFilterAccuracy:rootEvaluatedTokens","avgt",1,1,9981.000000,NaN,"#",,DUTCH
"org.egothor.stemmer.benchmark.HunspellStemmerComparisonBenchmarkQuality.luceneHunspellStemFilterAccuracy:rootPreservedMatches","avgt",1,1,9779.000000,NaN,"#",,DUTCH
"org.egothor.stemmer.benchmark.HunspellStemmerComparisonBenchmarkQuality.luceneHunspellStemFilterAccuracy","avgt",1,1,544787591.000000,NaN,"ns/op",,POLISH
"org.egothor.stemmer.benchmark.HunspellStemmerComparisonBenchmarkQuality.luceneHunspellStemFilterAccuracy:changedCorrectMatches","avgt",1,1,99174.000000,NaN,"#",,POLISH
"org.egothor.stemmer.benchmark.HunspellStemmerComparisonBenchmarkQuality.luceneHunspellStemFilterAccuracy:changedEvaluatedTokens","avgt",1,1,112351.000000,NaN,"#",,POLISH
"org.egothor.stemmer.benchmark.HunspellStemmerComparisonBenchmarkQuality.luceneHunspellStemFilterAccuracy:correctMatches","avgt",1,1,118475.000000,NaN,"#",,POLISH
"org.egothor.stemmer.benchmark.HunspellStemmerComparisonBenchmarkQuality.luceneHunspellStemFilterAccuracy:evaluatedTokens","avgt",1,1,132308.000000,NaN,"#",,POLISH
"org.egothor.stemmer.benchmark.HunspellStemmerComparisonBenchmarkQuality.luceneHunspellStemFilterAccuracy:rootEvaluatedTokens","avgt",1,1,19957.000000,NaN,"#",,POLISH
"org.egothor.stemmer.benchmark.HunspellStemmerComparisonBenchmarkQuality.luceneHunspellStemFilterAccuracy:rootPreservedMatches","avgt",1,1,19301.000000,NaN,"#",,POLISH
"org.egothor.stemmer.benchmark.HunspellStemmerComparisonBenchmarkQuality.luceneHunspellStemFilterAccuracy","avgt",1,1,70550785.000000,NaN,"ns/op",,UKRAINIAN
"org.egothor.stemmer.benchmark.HunspellStemmerComparisonBenchmarkQuality.luceneHunspellStemFilterAccuracy:changedCorrectMatches","avgt",1,1,10681.000000,NaN,"#",,UKRAINIAN
"org.egothor.stemmer.benchmark.HunspellStemmerComparisonBenchmarkQuality.luceneHunspellStemFilterAccuracy:changedEvaluatedTokens","avgt",1,1,12752.000000,NaN,"#",,UKRAINIAN
"org.egothor.stemmer.benchmark.HunspellStemmerComparisonBenchmarkQuality.luceneHunspellStemFilterAccuracy:correctMatches","avgt",1,1,13662.000000,NaN,"#",,UKRAINIAN
"org.egothor.stemmer.benchmark.HunspellStemmerComparisonBenchmarkQuality.luceneHunspellStemFilterAccuracy:evaluatedTokens","avgt",1,1,15737.000000,NaN,"#",,UKRAINIAN
"org.egothor.stemmer.benchmark.HunspellStemmerComparisonBenchmarkQuality.luceneHunspellStemFilterAccuracy:rootEvaluatedTokens","avgt",1,1,2985.000000,NaN,"#",,UKRAINIAN
"org.egothor.stemmer.benchmark.HunspellStemmerComparisonBenchmarkQuality.luceneHunspellStemFilterAccuracy:rootPreservedMatches","avgt",1,1,2981.000000,NaN,"#",,UKRAINIAN
"org.egothor.stemmer.benchmark.StemmerComparisonBenchmarkQuality.exactRootAgreement","avgt",1,1,68594173.000000,NaN,"ns/op",ENGLISH_RADIXOR,
"org.egothor.stemmer.benchmark.StemmerComparisonBenchmarkQuality.exactRootAgreement:changedCorrectMatches","avgt",1,1,204599.000000,NaN,"#",ENGLISH_RADIXOR,
"org.egothor.stemmer.benchmark.StemmerComparisonBenchmarkQuality.exactRootAgreement:changedEvaluatedTokens","avgt",1,1,208540.000000,NaN,"#",ENGLISH_RADIXOR,
"org.egothor.stemmer.benchmark.StemmerComparisonBenchmarkQuality.exactRootAgreement:correctMatches","avgt",1,1,979039.000000,NaN,"#",ENGLISH_RADIXOR,
"org.egothor.stemmer.benchmark.StemmerComparisonBenchmarkQuality.exactRootAgreement:evaluatedTokens","avgt",1,1,1002414.000000,NaN,"#",ENGLISH_RADIXOR,
"org.egothor.stemmer.benchmark.StemmerComparisonBenchmarkQuality.exactRootAgreement:rootEvaluatedTokens","avgt",1,1,793874.000000,NaN,"#",ENGLISH_RADIXOR,
"org.egothor.stemmer.benchmark.StemmerComparisonBenchmarkQuality.exactRootAgreement:rootPreservedMatches","avgt",1,1,774440.000000,NaN,"#",ENGLISH_RADIXOR,
"org.egothor.stemmer.benchmark.StemmerComparisonBenchmarkQuality.exactRootAgreement","avgt",1,1,147651837.000000,NaN,"ns/op",ENGLISH_SNOWBALL_ORIGINAL_PORTER,
"org.egothor.stemmer.benchmark.StemmerComparisonBenchmarkQuality.exactRootAgreement:changedCorrectMatches","avgt",1,1,97207.000000,NaN,"#",ENGLISH_SNOWBALL_ORIGINAL_PORTER,
"org.egothor.stemmer.benchmark.StemmerComparisonBenchmarkQuality.exactRootAgreement:changedEvaluatedTokens","avgt",1,1,208540.000000,NaN,"#",ENGLISH_SNOWBALL_ORIGINAL_PORTER,
"org.egothor.stemmer.benchmark.StemmerComparisonBenchmarkQuality.exactRootAgreement:correctMatches","avgt",1,1,397019.000000,NaN,"#",ENGLISH_SNOWBALL_ORIGINAL_PORTER,
"org.egothor.stemmer.benchmark.StemmerComparisonBenchmarkQuality.exactRootAgreement:evaluatedTokens","avgt",1,1,1002414.000000,NaN,"#",ENGLISH_SNOWBALL_ORIGINAL_PORTER,
"org.egothor.stemmer.benchmark.StemmerComparisonBenchmarkQuality.exactRootAgreement:rootEvaluatedTokens","avgt",1,1,793874.000000,NaN,"#",ENGLISH_SNOWBALL_ORIGINAL_PORTER,
"org.egothor.stemmer.benchmark.StemmerComparisonBenchmarkQuality.exactRootAgreement:rootPreservedMatches","avgt",1,1,299812.000000,NaN,"#",ENGLISH_SNOWBALL_ORIGINAL_PORTER,
"org.egothor.stemmer.benchmark.StemmerComparisonBenchmarkQuality.exactRootAgreement","avgt",1,1,223250190.000000,NaN,"ns/op",ENGLISH_SNOWBALL_PORTER2,
"org.egothor.stemmer.benchmark.StemmerComparisonBenchmarkQuality.exactRootAgreement:changedCorrectMatches","avgt",1,1,97466.000000,NaN,"#",ENGLISH_SNOWBALL_PORTER2,
"org.egothor.stemmer.benchmark.StemmerComparisonBenchmarkQuality.exactRootAgreement:changedEvaluatedTokens","avgt",1,1,208540.000000,NaN,"#",ENGLISH_SNOWBALL_PORTER2,
"org.egothor.stemmer.benchmark.StemmerComparisonBenchmarkQuality.exactRootAgreement:correctMatches","avgt",1,1,405228.000000,NaN,"#",ENGLISH_SNOWBALL_PORTER2,
"org.egothor.stemmer.benchmark.StemmerComparisonBenchmarkQuality.exactRootAgreement:evaluatedTokens","avgt",1,1,1002414.000000,NaN,"#",ENGLISH_SNOWBALL_PORTER2,
"org.egothor.stemmer.benchmark.StemmerComparisonBenchmarkQuality.exactRootAgreement:rootEvaluatedTokens","avgt",1,1,793874.000000,NaN,"#",ENGLISH_SNOWBALL_PORTER2,
"org.egothor.stemmer.benchmark.StemmerComparisonBenchmarkQuality.exactRootAgreement:rootPreservedMatches","avgt",1,1,307762.000000,NaN,"#",ENGLISH_SNOWBALL_PORTER2,
"org.egothor.stemmer.benchmark.StemmerComparisonBenchmarkQuality.exactRootAgreement","avgt",1,1,110001633.000000,NaN,"ns/op",ENGLISH_LUCENE_PORTER_COPIED,
"org.egothor.stemmer.benchmark.StemmerComparisonBenchmarkQuality.exactRootAgreement:changedCorrectMatches","avgt",1,1,97254.000000,NaN,"#",ENGLISH_LUCENE_PORTER_COPIED,
"org.egothor.stemmer.benchmark.StemmerComparisonBenchmarkQuality.exactRootAgreement:changedEvaluatedTokens","avgt",1,1,208540.000000,NaN,"#",ENGLISH_LUCENE_PORTER_COPIED,
"org.egothor.stemmer.benchmark.StemmerComparisonBenchmarkQuality.exactRootAgreement:correctMatches","avgt",1,1,397114.000000,NaN,"#",ENGLISH_LUCENE_PORTER_COPIED,
"org.egothor.stemmer.benchmark.StemmerComparisonBenchmarkQuality.exactRootAgreement:evaluatedTokens","avgt",1,1,1002414.000000,NaN,"#",ENGLISH_LUCENE_PORTER_COPIED,
"org.egothor.stemmer.benchmark.StemmerComparisonBenchmarkQuality.exactRootAgreement:rootEvaluatedTokens","avgt",1,1,793874.000000,NaN,"#",ENGLISH_LUCENE_PORTER_COPIED,
"org.egothor.stemmer.benchmark.StemmerComparisonBenchmarkQuality.exactRootAgreement:rootPreservedMatches","avgt",1,1,299860.000000,NaN,"#",ENGLISH_LUCENE_PORTER_COPIED,
"org.egothor.stemmer.benchmark.StemmerComparisonBenchmarkQuality.exactRootAgreement","avgt",1,1,142861985.000000,NaN,"ns/op",ENGLISH_LUCENE_PORTER_FILTER,
"org.egothor.stemmer.benchmark.StemmerComparisonBenchmarkQuality.exactRootAgreement:changedCorrectMatches","avgt",1,1,97254.000000,NaN,"#",ENGLISH_LUCENE_PORTER_FILTER,
"org.egothor.stemmer.benchmark.StemmerComparisonBenchmarkQuality.exactRootAgreement:changedEvaluatedTokens","avgt",1,1,208540.000000,NaN,"#",ENGLISH_LUCENE_PORTER_FILTER,
"org.egothor.stemmer.benchmark.StemmerComparisonBenchmarkQuality.exactRootAgreement:correctMatches","avgt",1,1,397114.000000,NaN,"#",ENGLISH_LUCENE_PORTER_FILTER,
"org.egothor.stemmer.benchmark.StemmerComparisonBenchmarkQuality.exactRootAgreement:evaluatedTokens","avgt",1,1,1002414.000000,NaN,"#",ENGLISH_LUCENE_PORTER_FILTER,
"org.egothor.stemmer.benchmark.StemmerComparisonBenchmarkQuality.exactRootAgreement:rootEvaluatedTokens","avgt",1,1,793874.000000,NaN,"#",ENGLISH_LUCENE_PORTER_FILTER,
"org.egothor.stemmer.benchmark.StemmerComparisonBenchmarkQuality.exactRootAgreement:rootPreservedMatches","avgt",1,1,299860.000000,NaN,"#",ENGLISH_LUCENE_PORTER_FILTER,
"org.egothor.stemmer.benchmark.StemmerComparisonBenchmarkQuality.exactRootAgreement","avgt",1,1,272057465.000000,NaN,"ns/op",ENGLISH_LUCENE_KSTEM_FILTER,
"org.egothor.stemmer.benchmark.StemmerComparisonBenchmarkQuality.exactRootAgreement:changedCorrectMatches","avgt",1,1,161259.000000,NaN,"#",ENGLISH_LUCENE_KSTEM_FILTER,
"org.egothor.stemmer.benchmark.StemmerComparisonBenchmarkQuality.exactRootAgreement:changedEvaluatedTokens","avgt",1,1,208540.000000,NaN,"#",ENGLISH_LUCENE_KSTEM_FILTER,
"org.egothor.stemmer.benchmark.StemmerComparisonBenchmarkQuality.exactRootAgreement:correctMatches","avgt",1,1,804262.000000,NaN,"#",ENGLISH_LUCENE_KSTEM_FILTER,
"org.egothor.stemmer.benchmark.StemmerComparisonBenchmarkQuality.exactRootAgreement:evaluatedTokens","avgt",1,1,1002414.000000,NaN,"#",ENGLISH_LUCENE_KSTEM_FILTER,
"org.egothor.stemmer.benchmark.StemmerComparisonBenchmarkQuality.exactRootAgreement:rootEvaluatedTokens","avgt",1,1,793874.000000,NaN,"#",ENGLISH_LUCENE_KSTEM_FILTER,
"org.egothor.stemmer.benchmark.StemmerComparisonBenchmarkQuality.exactRootAgreement:rootPreservedMatches","avgt",1,1,643003.000000,NaN,"#",ENGLISH_LUCENE_KSTEM_FILTER,
"org.egothor.stemmer.benchmark.StemmerComparisonBenchmarkQuality.exactRootAgreement","avgt",1,1,54251117.000000,NaN,"ns/op",ENGLISH_LUCENE_MINIMAL_FILTER,
"org.egothor.stemmer.benchmark.StemmerComparisonBenchmarkQuality.exactRootAgreement:changedCorrectMatches","avgt",1,1,137222.000000,NaN,"#",ENGLISH_LUCENE_MINIMAL_FILTER,
"org.egothor.stemmer.benchmark.StemmerComparisonBenchmarkQuality.exactRootAgreement:changedEvaluatedTokens","avgt",1,1,208540.000000,NaN,"#",ENGLISH_LUCENE_MINIMAL_FILTER,
"org.egothor.stemmer.benchmark.StemmerComparisonBenchmarkQuality.exactRootAgreement:correctMatches","avgt",1,1,913793.000000,NaN,"#",ENGLISH_LUCENE_MINIMAL_FILTER,
"org.egothor.stemmer.benchmark.StemmerComparisonBenchmarkQuality.exactRootAgreement:evaluatedTokens","avgt",1,1,1002414.000000,NaN,"#",ENGLISH_LUCENE_MINIMAL_FILTER,
"org.egothor.stemmer.benchmark.StemmerComparisonBenchmarkQuality.exactRootAgreement:rootEvaluatedTokens","avgt",1,1,793874.000000,NaN,"#",ENGLISH_LUCENE_MINIMAL_FILTER,
"org.egothor.stemmer.benchmark.StemmerComparisonBenchmarkQuality.exactRootAgreement:rootPreservedMatches","avgt",1,1,776571.000000,NaN,"#",ENGLISH_LUCENE_MINIMAL_FILTER,
"org.egothor.stemmer.benchmark.StemmerComparisonBenchmarkQuality.exactRootAgreement","avgt",1,1,45250686.000000,NaN,"ns/op",ENGLISH_LUCENE_POSSESSIVE_FILTER,
"org.egothor.stemmer.benchmark.StemmerComparisonBenchmarkQuality.exactRootAgreement:changedCorrectMatches","avgt",1,1,7.000000,NaN,"#",ENGLISH_LUCENE_POSSESSIVE_FILTER,
"org.egothor.stemmer.benchmark.StemmerComparisonBenchmarkQuality.exactRootAgreement:changedEvaluatedTokens","avgt",1,1,208540.000000,NaN,"#",ENGLISH_LUCENE_POSSESSIVE_FILTER,
"org.egothor.stemmer.benchmark.StemmerComparisonBenchmarkQuality.exactRootAgreement:correctMatches","avgt",1,1,793775.000000,NaN,"#",ENGLISH_LUCENE_POSSESSIVE_FILTER,
"org.egothor.stemmer.benchmark.StemmerComparisonBenchmarkQuality.exactRootAgreement:evaluatedTokens","avgt",1,1,1002414.000000,NaN,"#",ENGLISH_LUCENE_POSSESSIVE_FILTER,
"org.egothor.stemmer.benchmark.StemmerComparisonBenchmarkQuality.exactRootAgreement:rootEvaluatedTokens","avgt",1,1,793874.000000,NaN,"#",ENGLISH_LUCENE_POSSESSIVE_FILTER,
"org.egothor.stemmer.benchmark.StemmerComparisonBenchmarkQuality.exactRootAgreement:rootPreservedMatches","avgt",1,1,793768.000000,NaN,"#",ENGLISH_LUCENE_POSSESSIVE_FILTER,
"org.egothor.stemmer.benchmark.StemmerComparisonBenchmarkQuality.exactRootAgreement","avgt",1,1,760357740.000000,NaN,"ns/op",ENGLISH_PAICE_HUSK_LANCASTER,
"org.egothor.stemmer.benchmark.StemmerComparisonBenchmarkQuality.exactRootAgreement:changedCorrectMatches","avgt",1,1,77967.000000,NaN,"#",ENGLISH_PAICE_HUSK_LANCASTER,
"org.egothor.stemmer.benchmark.StemmerComparisonBenchmarkQuality.exactRootAgreement:changedEvaluatedTokens","avgt",1,1,208540.000000,NaN,"#",ENGLISH_PAICE_HUSK_LANCASTER,
"org.egothor.stemmer.benchmark.StemmerComparisonBenchmarkQuality.exactRootAgreement:correctMatches","avgt",1,1,281778.000000,NaN,"#",ENGLISH_PAICE_HUSK_LANCASTER,
"org.egothor.stemmer.benchmark.StemmerComparisonBenchmarkQuality.exactRootAgreement:evaluatedTokens","avgt",1,1,1002414.000000,NaN,"#",ENGLISH_PAICE_HUSK_LANCASTER,
"org.egothor.stemmer.benchmark.StemmerComparisonBenchmarkQuality.exactRootAgreement:rootEvaluatedTokens","avgt",1,1,793874.000000,NaN,"#",ENGLISH_PAICE_HUSK_LANCASTER,
"org.egothor.stemmer.benchmark.StemmerComparisonBenchmarkQuality.exactRootAgreement:rootPreservedMatches","avgt",1,1,203811.000000,NaN,"#",ENGLISH_PAICE_HUSK_LANCASTER,
"org.egothor.stemmer.benchmark.StemmerComparisonBenchmarkQuality.exactRootAgreement","avgt",1,1,100188983.000000,NaN,"ns/op",ENGLISH_OPENNLP_PORTER,
"org.egothor.stemmer.benchmark.StemmerComparisonBenchmarkQuality.exactRootAgreement:changedCorrectMatches","avgt",1,1,97254.000000,NaN,"#",ENGLISH_OPENNLP_PORTER,
"org.egothor.stemmer.benchmark.StemmerComparisonBenchmarkQuality.exactRootAgreement:changedEvaluatedTokens","avgt",1,1,208540.000000,NaN,"#",ENGLISH_OPENNLP_PORTER,
"org.egothor.stemmer.benchmark.StemmerComparisonBenchmarkQuality.exactRootAgreement:correctMatches","avgt",1,1,397114.000000,NaN,"#",ENGLISH_OPENNLP_PORTER,
"org.egothor.stemmer.benchmark.StemmerComparisonBenchmarkQuality.exactRootAgreement:evaluatedTokens","avgt",1,1,1002414.000000,NaN,"#",ENGLISH_OPENNLP_PORTER,
"org.egothor.stemmer.benchmark.StemmerComparisonBenchmarkQuality.exactRootAgreement:rootEvaluatedTokens","avgt",1,1,793874.000000,NaN,"#",ENGLISH_OPENNLP_PORTER,
"org.egothor.stemmer.benchmark.StemmerComparisonBenchmarkQuality.exactRootAgreement:rootPreservedMatches","avgt",1,1,299860.000000,NaN,"#",ENGLISH_OPENNLP_PORTER,
"org.egothor.stemmer.benchmark.StemmerComparisonBenchmarkQuality.exactRootAgreement","avgt",1,1,7246017.000000,NaN,"ns/op",CZECH_RADIXOR,
"org.egothor.stemmer.benchmark.StemmerComparisonBenchmarkQuality.exactRootAgreement:changedCorrectMatches","avgt",1,1,46302.000000,NaN,"#",CZECH_RADIXOR,
"org.egothor.stemmer.benchmark.StemmerComparisonBenchmarkQuality.exactRootAgreement:changedEvaluatedTokens","avgt",1,1,46563.000000,NaN,"#",CZECH_RADIXOR,
"org.egothor.stemmer.benchmark.StemmerComparisonBenchmarkQuality.exactRootAgreement:correctMatches","avgt",1,1,56309.000000,NaN,"#",CZECH_RADIXOR,
"org.egothor.stemmer.benchmark.StemmerComparisonBenchmarkQuality.exactRootAgreement:evaluatedTokens","avgt",1,1,56612.000000,NaN,"#",CZECH_RADIXOR,
"org.egothor.stemmer.benchmark.StemmerComparisonBenchmarkQuality.exactRootAgreement:rootEvaluatedTokens","avgt",1,1,10049.000000,NaN,"#",CZECH_RADIXOR,
"org.egothor.stemmer.benchmark.StemmerComparisonBenchmarkQuality.exactRootAgreement:rootPreservedMatches","avgt",1,1,10007.000000,NaN,"#",CZECH_RADIXOR,
"org.egothor.stemmer.benchmark.StemmerComparisonBenchmarkQuality.exactRootAgreement","avgt",1,1,12525711.000000,NaN,"ns/op",CZECH_LUCENE_CZECH_STEM_FILTER,
"org.egothor.stemmer.benchmark.StemmerComparisonBenchmarkQuality.exactRootAgreement:changedCorrectMatches","avgt",1,1,7235.000000,NaN,"#",CZECH_LUCENE_CZECH_STEM_FILTER,
"org.egothor.stemmer.benchmark.StemmerComparisonBenchmarkQuality.exactRootAgreement:changedEvaluatedTokens","avgt",1,1,46563.000000,NaN,"#",CZECH_LUCENE_CZECH_STEM_FILTER,
"org.egothor.stemmer.benchmark.StemmerComparisonBenchmarkQuality.exactRootAgreement:correctMatches","avgt",1,1,9502.000000,NaN,"#",CZECH_LUCENE_CZECH_STEM_FILTER,
"org.egothor.stemmer.benchmark.StemmerComparisonBenchmarkQuality.exactRootAgreement:evaluatedTokens","avgt",1,1,56612.000000,NaN,"#",CZECH_LUCENE_CZECH_STEM_FILTER,
"org.egothor.stemmer.benchmark.StemmerComparisonBenchmarkQuality.exactRootAgreement:rootEvaluatedTokens","avgt",1,1,10049.000000,NaN,"#",CZECH_LUCENE_CZECH_STEM_FILTER,
"org.egothor.stemmer.benchmark.StemmerComparisonBenchmarkQuality.exactRootAgreement:rootPreservedMatches","avgt",1,1,2267.000000,NaN,"#",CZECH_LUCENE_CZECH_STEM_FILTER,
"org.egothor.stemmer.benchmark.StemmerComparisonBenchmarkQuality.exactRootAgreement","avgt",1,1,51497626.000000,NaN,"ns/op",GERMAN_RADIXOR,
"org.egothor.stemmer.benchmark.StemmerComparisonBenchmarkQuality.exactRootAgreement:changedCorrectMatches","avgt",1,1,225156.000000,NaN,"#",GERMAN_RADIXOR,
"org.egothor.stemmer.benchmark.StemmerComparisonBenchmarkQuality.exactRootAgreement:changedEvaluatedTokens","avgt",1,1,242501.000000,NaN,"#",GERMAN_RADIXOR,
"org.egothor.stemmer.benchmark.StemmerComparisonBenchmarkQuality.exactRootAgreement:correctMatches","avgt",1,1,308807.000000,NaN,"#",GERMAN_RADIXOR,
"org.egothor.stemmer.benchmark.StemmerComparisonBenchmarkQuality.exactRootAgreement:evaluatedTokens","avgt",1,1,333036.000000,NaN,"#",GERMAN_RADIXOR,
"org.egothor.stemmer.benchmark.StemmerComparisonBenchmarkQuality.exactRootAgreement:rootEvaluatedTokens","avgt",1,1,90535.000000,NaN,"#",GERMAN_RADIXOR,
"org.egothor.stemmer.benchmark.StemmerComparisonBenchmarkQuality.exactRootAgreement:rootPreservedMatches","avgt",1,1,83651.000000,NaN,"#",GERMAN_RADIXOR,
"org.egothor.stemmer.benchmark.StemmerComparisonBenchmarkQuality.exactRootAgreement","avgt",1,1,153996677.000000,NaN,"ns/op",GERMAN_LUCENE_GERMAN_STEM_FILTER,
"org.egothor.stemmer.benchmark.StemmerComparisonBenchmarkQuality.exactRootAgreement:changedCorrectMatches","avgt",1,1,46833.000000,NaN,"#",GERMAN_LUCENE_GERMAN_STEM_FILTER,
"org.egothor.stemmer.benchmark.StemmerComparisonBenchmarkQuality.exactRootAgreement:changedEvaluatedTokens","avgt",1,1,242501.000000,NaN,"#",GERMAN_LUCENE_GERMAN_STEM_FILTER,
"org.egothor.stemmer.benchmark.StemmerComparisonBenchmarkQuality.exactRootAgreement:correctMatches","avgt",1,1,71799.000000,NaN,"#",GERMAN_LUCENE_GERMAN_STEM_FILTER,
"org.egothor.stemmer.benchmark.StemmerComparisonBenchmarkQuality.exactRootAgreement:evaluatedTokens","avgt",1,1,333036.000000,NaN,"#",GERMAN_LUCENE_GERMAN_STEM_FILTER,
"org.egothor.stemmer.benchmark.StemmerComparisonBenchmarkQuality.exactRootAgreement:rootEvaluatedTokens","avgt",1,1,90535.000000,NaN,"#",GERMAN_LUCENE_GERMAN_STEM_FILTER,
"org.egothor.stemmer.benchmark.StemmerComparisonBenchmarkQuality.exactRootAgreement:rootPreservedMatches","avgt",1,1,24966.000000,NaN,"#",GERMAN_LUCENE_GERMAN_STEM_FILTER,
"org.egothor.stemmer.benchmark.StemmerComparisonBenchmarkQuality.exactRootAgreement","avgt",1,1,46425639.000000,NaN,"ns/op",GERMAN_LUCENE_GERMAN_LIGHT_STEM_FILTER,
"org.egothor.stemmer.benchmark.StemmerComparisonBenchmarkQuality.exactRootAgreement:changedCorrectMatches","avgt",1,1,86003.000000,NaN,"#",GERMAN_LUCENE_GERMAN_LIGHT_STEM_FILTER,
"org.egothor.stemmer.benchmark.StemmerComparisonBenchmarkQuality.exactRootAgreement:changedEvaluatedTokens","avgt",1,1,242501.000000,NaN,"#",GERMAN_LUCENE_GERMAN_LIGHT_STEM_FILTER,
"org.egothor.stemmer.benchmark.StemmerComparisonBenchmarkQuality.exactRootAgreement:correctMatches","avgt",1,1,124668.000000,NaN,"#",GERMAN_LUCENE_GERMAN_LIGHT_STEM_FILTER,
"org.egothor.stemmer.benchmark.StemmerComparisonBenchmarkQuality.exactRootAgreement:evaluatedTokens","avgt",1,1,333036.000000,NaN,"#",GERMAN_LUCENE_GERMAN_LIGHT_STEM_FILTER,
"org.egothor.stemmer.benchmark.StemmerComparisonBenchmarkQuality.exactRootAgreement:rootEvaluatedTokens","avgt",1,1,90535.000000,NaN,"#",GERMAN_LUCENE_GERMAN_LIGHT_STEM_FILTER,
"org.egothor.stemmer.benchmark.StemmerComparisonBenchmarkQuality.exactRootAgreement:rootPreservedMatches","avgt",1,1,38665.000000,NaN,"#",GERMAN_LUCENE_GERMAN_LIGHT_STEM_FILTER,
"org.egothor.stemmer.benchmark.StemmerComparisonBenchmarkQuality.exactRootAgreement","avgt",1,1,36619218.000000,NaN,"ns/op",GERMAN_LUCENE_GERMAN_MINIMAL_STEM_FILTER,
"org.egothor.stemmer.benchmark.StemmerComparisonBenchmarkQuality.exactRootAgreement:changedCorrectMatches","avgt",1,1,60506.000000,NaN,"#",GERMAN_LUCENE_GERMAN_MINIMAL_STEM_FILTER,
"org.egothor.stemmer.benchmark.StemmerComparisonBenchmarkQuality.exactRootAgreement:changedEvaluatedTokens","avgt",1,1,242501.000000,NaN,"#",GERMAN_LUCENE_GERMAN_MINIMAL_STEM_FILTER,
"org.egothor.stemmer.benchmark.StemmerComparisonBenchmarkQuality.exactRootAgreement:correctMatches","avgt",1,1,92052.000000,NaN,"#",GERMAN_LUCENE_GERMAN_MINIMAL_STEM_FILTER,
"org.egothor.stemmer.benchmark.StemmerComparisonBenchmarkQuality.exactRootAgreement:evaluatedTokens","avgt",1,1,333036.000000,NaN,"#",GERMAN_LUCENE_GERMAN_MINIMAL_STEM_FILTER,
"org.egothor.stemmer.benchmark.StemmerComparisonBenchmarkQuality.exactRootAgreement:rootEvaluatedTokens","avgt",1,1,90535.000000,NaN,"#",GERMAN_LUCENE_GERMAN_MINIMAL_STEM_FILTER,
"org.egothor.stemmer.benchmark.StemmerComparisonBenchmarkQuality.exactRootAgreement:rootPreservedMatches","avgt",1,1,31546.000000,NaN,"#",GERMAN_LUCENE_GERMAN_MINIMAL_STEM_FILTER,
"org.egothor.stemmer.benchmark.StemmerComparisonBenchmarkQuality.exactRootAgreement","avgt",1,1,441986685.000000,NaN,"ns/op",GERMAN_CISTEM,
"org.egothor.stemmer.benchmark.StemmerComparisonBenchmarkQuality.exactRootAgreement:changedCorrectMatches","avgt",1,1,57531.000000,NaN,"#",GERMAN_CISTEM,
"org.egothor.stemmer.benchmark.StemmerComparisonBenchmarkQuality.exactRootAgreement:changedEvaluatedTokens","avgt",1,1,242501.000000,NaN,"#",GERMAN_CISTEM,
"org.egothor.stemmer.benchmark.StemmerComparisonBenchmarkQuality.exactRootAgreement:correctMatches","avgt",1,1,82176.000000,NaN,"#",GERMAN_CISTEM,
"org.egothor.stemmer.benchmark.StemmerComparisonBenchmarkQuality.exactRootAgreement:evaluatedTokens","avgt",1,1,333036.000000,NaN,"#",GERMAN_CISTEM,
"org.egothor.stemmer.benchmark.StemmerComparisonBenchmarkQuality.exactRootAgreement:rootEvaluatedTokens","avgt",1,1,90535.000000,NaN,"#",GERMAN_CISTEM,
"org.egothor.stemmer.benchmark.StemmerComparisonBenchmarkQuality.exactRootAgreement:rootPreservedMatches","avgt",1,1,24645.000000,NaN,"#",GERMAN_CISTEM,
"org.egothor.stemmer.benchmark.StemmerComparisonBenchmarkQuality.exactRootAgreement","avgt",1,1,82853890.000000,NaN,"ns/op",SPANISH_RADIXOR,
"org.egothor.stemmer.benchmark.StemmerComparisonBenchmarkQuality.exactRootAgreement:changedCorrectMatches","avgt",1,1,786466.000000,NaN,"#",SPANISH_RADIXOR,
"org.egothor.stemmer.benchmark.StemmerComparisonBenchmarkQuality.exactRootAgreement:changedEvaluatedTokens","avgt",1,1,806272.000000,NaN,"#",SPANISH_RADIXOR,
"org.egothor.stemmer.benchmark.StemmerComparisonBenchmarkQuality.exactRootAgreement:correctMatches","avgt",1,1,902853.000000,NaN,"#",SPANISH_RADIXOR,
"org.egothor.stemmer.benchmark.StemmerComparisonBenchmarkQuality.exactRootAgreement:evaluatedTokens","avgt",1,1,926393.000000,NaN,"#",SPANISH_RADIXOR,
"org.egothor.stemmer.benchmark.StemmerComparisonBenchmarkQuality.exactRootAgreement:rootEvaluatedTokens","avgt",1,1,120121.000000,NaN,"#",SPANISH_RADIXOR,
"org.egothor.stemmer.benchmark.StemmerComparisonBenchmarkQuality.exactRootAgreement:rootPreservedMatches","avgt",1,1,116387.000000,NaN,"#",SPANISH_RADIXOR,
"org.egothor.stemmer.benchmark.StemmerComparisonBenchmarkQuality.exactRootAgreement","avgt",1,1,58472428.000000,NaN,"ns/op",SPANISH_LUCENE_SPANISH_LIGHT_STEM_FILTER,
"org.egothor.stemmer.benchmark.StemmerComparisonBenchmarkQuality.exactRootAgreement:changedCorrectMatches","avgt",1,1,57152.000000,NaN,"#",SPANISH_LUCENE_SPANISH_LIGHT_STEM_FILTER,
"org.egothor.stemmer.benchmark.StemmerComparisonBenchmarkQuality.exactRootAgreement:changedEvaluatedTokens","avgt",1,1,806272.000000,NaN,"#",SPANISH_LUCENE_SPANISH_LIGHT_STEM_FILTER,
"org.egothor.stemmer.benchmark.StemmerComparisonBenchmarkQuality.exactRootAgreement:correctMatches","avgt",1,1,88719.000000,NaN,"#",SPANISH_LUCENE_SPANISH_LIGHT_STEM_FILTER,
"org.egothor.stemmer.benchmark.StemmerComparisonBenchmarkQuality.exactRootAgreement:evaluatedTokens","avgt",1,1,926393.000000,NaN,"#",SPANISH_LUCENE_SPANISH_LIGHT_STEM_FILTER,
"org.egothor.stemmer.benchmark.StemmerComparisonBenchmarkQuality.exactRootAgreement:rootEvaluatedTokens","avgt",1,1,120121.000000,NaN,"#",SPANISH_LUCENE_SPANISH_LIGHT_STEM_FILTER,
"org.egothor.stemmer.benchmark.StemmerComparisonBenchmarkQuality.exactRootAgreement:rootPreservedMatches","avgt",1,1,31567.000000,NaN,"#",SPANISH_LUCENE_SPANISH_LIGHT_STEM_FILTER,
"org.egothor.stemmer.benchmark.StemmerComparisonBenchmarkQuality.exactRootAgreement","avgt",1,1,77108092.000000,NaN,"ns/op",SPANISH_LUCENE_SPANISH_MINIMAL_STEM_FILTER,
"org.egothor.stemmer.benchmark.StemmerComparisonBenchmarkQuality.exactRootAgreement:changedCorrectMatches","avgt",1,1,43114.000000,NaN,"#",SPANISH_LUCENE_SPANISH_MINIMAL_STEM_FILTER,
"org.egothor.stemmer.benchmark.StemmerComparisonBenchmarkQuality.exactRootAgreement:changedEvaluatedTokens","avgt",1,1,806272.000000,NaN,"#",SPANISH_LUCENE_SPANISH_MINIMAL_STEM_FILTER,
"org.egothor.stemmer.benchmark.StemmerComparisonBenchmarkQuality.exactRootAgreement:correctMatches","avgt",1,1,160116.000000,NaN,"#",SPANISH_LUCENE_SPANISH_MINIMAL_STEM_FILTER,
"org.egothor.stemmer.benchmark.StemmerComparisonBenchmarkQuality.exactRootAgreement:evaluatedTokens","avgt",1,1,926393.000000,NaN,"#",SPANISH_LUCENE_SPANISH_MINIMAL_STEM_FILTER,
"org.egothor.stemmer.benchmark.StemmerComparisonBenchmarkQuality.exactRootAgreement:rootEvaluatedTokens","avgt",1,1,120121.000000,NaN,"#",SPANISH_LUCENE_SPANISH_MINIMAL_STEM_FILTER,
"org.egothor.stemmer.benchmark.StemmerComparisonBenchmarkQuality.exactRootAgreement:rootPreservedMatches","avgt",1,1,117002.000000,NaN,"#",SPANISH_LUCENE_SPANISH_MINIMAL_STEM_FILTER,
"org.egothor.stemmer.benchmark.StemmerComparisonBenchmarkQuality.exactRootAgreement","avgt",1,1,118003989.000000,NaN,"ns/op",SPANISH_LUCENE_SPANISH_PLURAL_STEM_FILTER,
"org.egothor.stemmer.benchmark.StemmerComparisonBenchmarkQuality.exactRootAgreement:changedCorrectMatches","avgt",1,1,46777.000000,NaN,"#",SPANISH_LUCENE_SPANISH_PLURAL_STEM_FILTER,
"org.egothor.stemmer.benchmark.StemmerComparisonBenchmarkQuality.exactRootAgreement:changedEvaluatedTokens","avgt",1,1,806272.000000,NaN,"#",SPANISH_LUCENE_SPANISH_PLURAL_STEM_FILTER,
"org.egothor.stemmer.benchmark.StemmerComparisonBenchmarkQuality.exactRootAgreement:correctMatches","avgt",1,1,140255.000000,NaN,"#",SPANISH_LUCENE_SPANISH_PLURAL_STEM_FILTER,
"org.egothor.stemmer.benchmark.StemmerComparisonBenchmarkQuality.exactRootAgreement:evaluatedTokens","avgt",1,1,926393.000000,NaN,"#",SPANISH_LUCENE_SPANISH_PLURAL_STEM_FILTER,
"org.egothor.stemmer.benchmark.StemmerComparisonBenchmarkQuality.exactRootAgreement:rootEvaluatedTokens","avgt",1,1,120121.000000,NaN,"#",SPANISH_LUCENE_SPANISH_PLURAL_STEM_FILTER,
"org.egothor.stemmer.benchmark.StemmerComparisonBenchmarkQuality.exactRootAgreement:rootPreservedMatches","avgt",1,1,93478.000000,NaN,"#",SPANISH_LUCENE_SPANISH_PLURAL_STEM_FILTER,
"org.egothor.stemmer.benchmark.StemmerComparisonBenchmarkQuality.exactRootAgreement","avgt",1,1,381358.000000,NaN,"ns/op",PERSIAN_RADIXOR,
"org.egothor.stemmer.benchmark.StemmerComparisonBenchmarkQuality.exactRootAgreement:changedCorrectMatches","avgt",1,1,10425.000000,NaN,"#",PERSIAN_RADIXOR,
"org.egothor.stemmer.benchmark.StemmerComparisonBenchmarkQuality.exactRootAgreement:changedEvaluatedTokens","avgt",1,1,10896.000000,NaN,"#",PERSIAN_RADIXOR,
"org.egothor.stemmer.benchmark.StemmerComparisonBenchmarkQuality.exactRootAgreement:correctMatches","avgt",1,1,10839.000000,NaN,"#",PERSIAN_RADIXOR,
"org.egothor.stemmer.benchmark.StemmerComparisonBenchmarkQuality.exactRootAgreement:evaluatedTokens","avgt",1,1,11310.000000,NaN,"#",PERSIAN_RADIXOR,
"org.egothor.stemmer.benchmark.StemmerComparisonBenchmarkQuality.exactRootAgreement:rootEvaluatedTokens","avgt",1,1,414.000000,NaN,"#",PERSIAN_RADIXOR,
"org.egothor.stemmer.benchmark.StemmerComparisonBenchmarkQuality.exactRootAgreement:rootPreservedMatches","avgt",1,1,414.000000,NaN,"#",PERSIAN_RADIXOR,
"org.egothor.stemmer.benchmark.StemmerComparisonBenchmarkQuality.exactRootAgreement","avgt",1,1,3028317.000000,NaN,"ns/op",PERSIAN_LUCENE_PERSIAN_STEM_FILTER,
"org.egothor.stemmer.benchmark.StemmerComparisonBenchmarkQuality.exactRootAgreement:changedCorrectMatches","avgt",1,1,0.000000,NaN,"#",PERSIAN_LUCENE_PERSIAN_STEM_FILTER,
"org.egothor.stemmer.benchmark.StemmerComparisonBenchmarkQuality.exactRootAgreement:changedEvaluatedTokens","avgt",1,1,3632.000000,NaN,"#",PERSIAN_LUCENE_PERSIAN_STEM_FILTER,
"org.egothor.stemmer.benchmark.StemmerComparisonBenchmarkQuality.exactRootAgreement:correctMatches","avgt",1,1,56.000000,NaN,"#",PERSIAN_LUCENE_PERSIAN_STEM_FILTER,
"org.egothor.stemmer.benchmark.StemmerComparisonBenchmarkQuality.exactRootAgreement:evaluatedTokens","avgt",1,1,3770.000000,NaN,"#",PERSIAN_LUCENE_PERSIAN_STEM_FILTER,
"org.egothor.stemmer.benchmark.StemmerComparisonBenchmarkQuality.exactRootAgreement:rootEvaluatedTokens","avgt",1,1,138.000000,NaN,"#",PERSIAN_LUCENE_PERSIAN_STEM_FILTER,
"org.egothor.stemmer.benchmark.StemmerComparisonBenchmarkQuality.exactRootAgreement:rootPreservedMatches","avgt",1,1,56.000000,NaN,"#",PERSIAN_LUCENE_PERSIAN_STEM_FILTER,
"org.egothor.stemmer.benchmark.StemmerComparisonBenchmarkQuality.exactRootAgreement","avgt",1,1,276872056.000000,NaN,"ns/op",FINNISH_RADIXOR,
"org.egothor.stemmer.benchmark.StemmerComparisonBenchmarkQuality.exactRootAgreement:changedCorrectMatches","avgt",1,1,1733693.000000,NaN,"#",FINNISH_RADIXOR,
"org.egothor.stemmer.benchmark.StemmerComparisonBenchmarkQuality.exactRootAgreement:changedEvaluatedTokens","avgt",1,1,1754690.000000,NaN,"#",FINNISH_RADIXOR,
"org.egothor.stemmer.benchmark.StemmerComparisonBenchmarkQuality.exactRootAgreement:correctMatches","avgt",1,1,1840248.000000,NaN,"#",FINNISH_RADIXOR,
"org.egothor.stemmer.benchmark.StemmerComparisonBenchmarkQuality.exactRootAgreement:evaluatedTokens","avgt",1,1,1865215.000000,NaN,"#",FINNISH_RADIXOR,
"org.egothor.stemmer.benchmark.StemmerComparisonBenchmarkQuality.exactRootAgreement:rootEvaluatedTokens","avgt",1,1,110525.000000,NaN,"#",FINNISH_RADIXOR,
"org.egothor.stemmer.benchmark.StemmerComparisonBenchmarkQuality.exactRootAgreement:rootPreservedMatches","avgt",1,1,106555.000000,NaN,"#",FINNISH_RADIXOR,
"org.egothor.stemmer.benchmark.StemmerComparisonBenchmarkQuality.exactRootAgreement","avgt",1,1,199951902.000000,NaN,"ns/op",FINNISH_LUCENE_FINNISH_LIGHT_STEM_FILTER,
"org.egothor.stemmer.benchmark.StemmerComparisonBenchmarkQuality.exactRootAgreement:changedCorrectMatches","avgt",1,1,75346.000000,NaN,"#",FINNISH_LUCENE_FINNISH_LIGHT_STEM_FILTER,
"org.egothor.stemmer.benchmark.StemmerComparisonBenchmarkQuality.exactRootAgreement:changedEvaluatedTokens","avgt",1,1,1754690.000000,NaN,"#",FINNISH_LUCENE_FINNISH_LIGHT_STEM_FILTER,
"org.egothor.stemmer.benchmark.StemmerComparisonBenchmarkQuality.exactRootAgreement:correctMatches","avgt",1,1,81164.000000,NaN,"#",FINNISH_LUCENE_FINNISH_LIGHT_STEM_FILTER,
"org.egothor.stemmer.benchmark.StemmerComparisonBenchmarkQuality.exactRootAgreement:evaluatedTokens","avgt",1,1,1865215.000000,NaN,"#",FINNISH_LUCENE_FINNISH_LIGHT_STEM_FILTER,
"org.egothor.stemmer.benchmark.StemmerComparisonBenchmarkQuality.exactRootAgreement:rootEvaluatedTokens","avgt",1,1,110525.000000,NaN,"#",FINNISH_LUCENE_FINNISH_LIGHT_STEM_FILTER,
"org.egothor.stemmer.benchmark.StemmerComparisonBenchmarkQuality.exactRootAgreement:rootPreservedMatches","avgt",1,1,5818.000000,NaN,"#",FINNISH_LUCENE_FINNISH_LIGHT_STEM_FILTER,
"org.egothor.stemmer.benchmark.StemmerComparisonBenchmarkQuality.exactRootAgreement","avgt",1,1,56175640.000000,NaN,"ns/op",FRENCH_RADIXOR,
"org.egothor.stemmer.benchmark.StemmerComparisonBenchmarkQuality.exactRootAgreement:changedCorrectMatches","avgt",1,1,347155.000000,NaN,"#",FRENCH_RADIXOR,
"org.egothor.stemmer.benchmark.StemmerComparisonBenchmarkQuality.exactRootAgreement:changedEvaluatedTokens","avgt",1,1,365969.000000,NaN,"#",FRENCH_RADIXOR,
"org.egothor.stemmer.benchmark.StemmerComparisonBenchmarkQuality.exactRootAgreement:correctMatches","avgt",1,1,449601.000000,NaN,"#",FRENCH_RADIXOR,
"org.egothor.stemmer.benchmark.StemmerComparisonBenchmarkQuality.exactRootAgreement:evaluatedTokens","avgt",1,1,474110.000000,NaN,"#",FRENCH_RADIXOR,
"org.egothor.stemmer.benchmark.StemmerComparisonBenchmarkQuality.exactRootAgreement:rootEvaluatedTokens","avgt",1,1,108141.000000,NaN,"#",FRENCH_RADIXOR,
"org.egothor.stemmer.benchmark.StemmerComparisonBenchmarkQuality.exactRootAgreement:rootPreservedMatches","avgt",1,1,102446.000000,NaN,"#",FRENCH_RADIXOR,
"org.egothor.stemmer.benchmark.StemmerComparisonBenchmarkQuality.exactRootAgreement","avgt",1,1,73929157.000000,NaN,"ns/op",FRENCH_LUCENE_FRENCH_LIGHT_STEM_FILTER,
"org.egothor.stemmer.benchmark.StemmerComparisonBenchmarkQuality.exactRootAgreement:changedCorrectMatches","avgt",1,1,14512.000000,NaN,"#",FRENCH_LUCENE_FRENCH_LIGHT_STEM_FILTER,
"org.egothor.stemmer.benchmark.StemmerComparisonBenchmarkQuality.exactRootAgreement:changedEvaluatedTokens","avgt",1,1,365969.000000,NaN,"#",FRENCH_LUCENE_FRENCH_LIGHT_STEM_FILTER,
"org.egothor.stemmer.benchmark.StemmerComparisonBenchmarkQuality.exactRootAgreement:correctMatches","avgt",1,1,30236.000000,NaN,"#",FRENCH_LUCENE_FRENCH_LIGHT_STEM_FILTER,
"org.egothor.stemmer.benchmark.StemmerComparisonBenchmarkQuality.exactRootAgreement:evaluatedTokens","avgt",1,1,474110.000000,NaN,"#",FRENCH_LUCENE_FRENCH_LIGHT_STEM_FILTER,
"org.egothor.stemmer.benchmark.StemmerComparisonBenchmarkQuality.exactRootAgreement:rootEvaluatedTokens","avgt",1,1,108141.000000,NaN,"#",FRENCH_LUCENE_FRENCH_LIGHT_STEM_FILTER,
"org.egothor.stemmer.benchmark.StemmerComparisonBenchmarkQuality.exactRootAgreement:rootPreservedMatches","avgt",1,1,15724.000000,NaN,"#",FRENCH_LUCENE_FRENCH_LIGHT_STEM_FILTER,
"org.egothor.stemmer.benchmark.StemmerComparisonBenchmarkQuality.exactRootAgreement","avgt",1,1,33946196.000000,NaN,"ns/op",FRENCH_LUCENE_FRENCH_MINIMAL_STEM_FILTER,
"org.egothor.stemmer.benchmark.StemmerComparisonBenchmarkQuality.exactRootAgreement:changedCorrectMatches","avgt",1,1,22821.000000,NaN,"#",FRENCH_LUCENE_FRENCH_MINIMAL_STEM_FILTER,
"org.egothor.stemmer.benchmark.StemmerComparisonBenchmarkQuality.exactRootAgreement:changedEvaluatedTokens","avgt",1,1,365969.000000,NaN,"#",FRENCH_LUCENE_FRENCH_MINIMAL_STEM_FILTER,
"org.egothor.stemmer.benchmark.StemmerComparisonBenchmarkQuality.exactRootAgreement:correctMatches","avgt",1,1,54390.000000,NaN,"#",FRENCH_LUCENE_FRENCH_MINIMAL_STEM_FILTER,
"org.egothor.stemmer.benchmark.StemmerComparisonBenchmarkQuality.exactRootAgreement:evaluatedTokens","avgt",1,1,474110.000000,NaN,"#",FRENCH_LUCENE_FRENCH_MINIMAL_STEM_FILTER,
"org.egothor.stemmer.benchmark.StemmerComparisonBenchmarkQuality.exactRootAgreement:rootEvaluatedTokens","avgt",1,1,108141.000000,NaN,"#",FRENCH_LUCENE_FRENCH_MINIMAL_STEM_FILTER,
"org.egothor.stemmer.benchmark.StemmerComparisonBenchmarkQuality.exactRootAgreement:rootPreservedMatches","avgt",1,1,31569.000000,NaN,"#",FRENCH_LUCENE_FRENCH_MINIMAL_STEM_FILTER,
"org.egothor.stemmer.benchmark.StemmerComparisonBenchmarkQuality.exactRootAgreement","avgt",1,1,60367320.000000,NaN,"ns/op",HUNGARIAN_RADIXOR,
"org.egothor.stemmer.benchmark.StemmerComparisonBenchmarkQuality.exactRootAgreement:changedCorrectMatches","avgt",1,1,892782.000000,NaN,"#",HUNGARIAN_RADIXOR,
"org.egothor.stemmer.benchmark.StemmerComparisonBenchmarkQuality.exactRootAgreement:changedEvaluatedTokens","avgt",1,1,896938.000000,NaN,"#",HUNGARIAN_RADIXOR,
"org.egothor.stemmer.benchmark.StemmerComparisonBenchmarkQuality.exactRootAgreement:correctMatches","avgt",1,1,928435.000000,NaN,"#",HUNGARIAN_RADIXOR,
"org.egothor.stemmer.benchmark.StemmerComparisonBenchmarkQuality.exactRootAgreement:evaluatedTokens","avgt",1,1,935713.000000,NaN,"#",HUNGARIAN_RADIXOR,
"org.egothor.stemmer.benchmark.StemmerComparisonBenchmarkQuality.exactRootAgreement:rootEvaluatedTokens","avgt",1,1,38775.000000,NaN,"#",HUNGARIAN_RADIXOR,
"org.egothor.stemmer.benchmark.StemmerComparisonBenchmarkQuality.exactRootAgreement:rootPreservedMatches","avgt",1,1,35653.000000,NaN,"#",HUNGARIAN_RADIXOR,
"org.egothor.stemmer.benchmark.StemmerComparisonBenchmarkQuality.exactRootAgreement","avgt",1,1,105189142.000000,NaN,"ns/op",HUNGARIAN_LUCENE_HUNGARIAN_LIGHT_STEM_FILTER,
"org.egothor.stemmer.benchmark.StemmerComparisonBenchmarkQuality.exactRootAgreement:changedCorrectMatches","avgt",1,1,132541.000000,NaN,"#",HUNGARIAN_LUCENE_HUNGARIAN_LIGHT_STEM_FILTER,
"org.egothor.stemmer.benchmark.StemmerComparisonBenchmarkQuality.exactRootAgreement:changedEvaluatedTokens","avgt",1,1,896938.000000,NaN,"#",HUNGARIAN_LUCENE_HUNGARIAN_LIGHT_STEM_FILTER,
"org.egothor.stemmer.benchmark.StemmerComparisonBenchmarkQuality.exactRootAgreement:correctMatches","avgt",1,1,138003.000000,NaN,"#",HUNGARIAN_LUCENE_HUNGARIAN_LIGHT_STEM_FILTER,
"org.egothor.stemmer.benchmark.StemmerComparisonBenchmarkQuality.exactRootAgreement:evaluatedTokens","avgt",1,1,935713.000000,NaN,"#",HUNGARIAN_LUCENE_HUNGARIAN_LIGHT_STEM_FILTER,
"org.egothor.stemmer.benchmark.StemmerComparisonBenchmarkQuality.exactRootAgreement:rootEvaluatedTokens","avgt",1,1,38775.000000,NaN,"#",HUNGARIAN_LUCENE_HUNGARIAN_LIGHT_STEM_FILTER,
"org.egothor.stemmer.benchmark.StemmerComparisonBenchmarkQuality.exactRootAgreement:rootPreservedMatches","avgt",1,1,5462.000000,NaN,"#",HUNGARIAN_LUCENE_HUNGARIAN_LIGHT_STEM_FILTER,
"org.egothor.stemmer.benchmark.StemmerComparisonBenchmarkQuality.exactRootAgreement","avgt",1,1,29616478.000000,NaN,"ns/op",ITALIAN_RADIXOR,
"org.egothor.stemmer.benchmark.StemmerComparisonBenchmarkQuality.exactRootAgreement:changedCorrectMatches","avgt",1,1,314357.000000,NaN,"#",ITALIAN_RADIXOR,
"org.egothor.stemmer.benchmark.StemmerComparisonBenchmarkQuality.exactRootAgreement:changedEvaluatedTokens","avgt",1,1,317542.000000,NaN,"#",ITALIAN_RADIXOR,
"org.egothor.stemmer.benchmark.StemmerComparisonBenchmarkQuality.exactRootAgreement:correctMatches","avgt",1,1,334361.000000,NaN,"#",ITALIAN_RADIXOR,
"org.egothor.stemmer.benchmark.StemmerComparisonBenchmarkQuality.exactRootAgreement:evaluatedTokens","avgt",1,1,337546.000000,NaN,"#",ITALIAN_RADIXOR,
"org.egothor.stemmer.benchmark.StemmerComparisonBenchmarkQuality.exactRootAgreement:rootEvaluatedTokens","avgt",1,1,20004.000000,NaN,"#",ITALIAN_RADIXOR,
"org.egothor.stemmer.benchmark.StemmerComparisonBenchmarkQuality.exactRootAgreement:rootPreservedMatches","avgt",1,1,20004.000000,NaN,"#",ITALIAN_RADIXOR,
"org.egothor.stemmer.benchmark.StemmerComparisonBenchmarkQuality.exactRootAgreement","avgt",1,1,27073245.000000,NaN,"ns/op",ITALIAN_LUCENE_ITALIAN_LIGHT_STEM_FILTER,
"org.egothor.stemmer.benchmark.StemmerComparisonBenchmarkQuality.exactRootAgreement:changedCorrectMatches","avgt",1,1,1520.000000,NaN,"#",ITALIAN_LUCENE_ITALIAN_LIGHT_STEM_FILTER,
"org.egothor.stemmer.benchmark.StemmerComparisonBenchmarkQuality.exactRootAgreement:changedEvaluatedTokens","avgt",1,1,317542.000000,NaN,"#",ITALIAN_LUCENE_ITALIAN_LIGHT_STEM_FILTER,
"org.egothor.stemmer.benchmark.StemmerComparisonBenchmarkQuality.exactRootAgreement:correctMatches","avgt",1,1,1574.000000,NaN,"#",ITALIAN_LUCENE_ITALIAN_LIGHT_STEM_FILTER,
"org.egothor.stemmer.benchmark.StemmerComparisonBenchmarkQuality.exactRootAgreement:evaluatedTokens","avgt",1,1,337546.000000,NaN,"#",ITALIAN_LUCENE_ITALIAN_LIGHT_STEM_FILTER,
"org.egothor.stemmer.benchmark.StemmerComparisonBenchmarkQuality.exactRootAgreement:rootEvaluatedTokens","avgt",1,1,20004.000000,NaN,"#",ITALIAN_LUCENE_ITALIAN_LIGHT_STEM_FILTER,
"org.egothor.stemmer.benchmark.StemmerComparisonBenchmarkQuality.exactRootAgreement:rootPreservedMatches","avgt",1,1,54.000000,NaN,"#",ITALIAN_LUCENE_ITALIAN_LIGHT_STEM_FILTER,
"org.egothor.stemmer.benchmark.StemmerComparisonBenchmarkQuality.exactRootAgreement","avgt",1,1,6115363.000000,NaN,"ns/op",NORWEGIAN_BOKMAL_RADIXOR,
"org.egothor.stemmer.benchmark.StemmerComparisonBenchmarkQuality.exactRootAgreement:changedCorrectMatches","avgt",1,1,56025.000000,NaN,"#",NORWEGIAN_BOKMAL_RADIXOR,
"org.egothor.stemmer.benchmark.StemmerComparisonBenchmarkQuality.exactRootAgreement:changedEvaluatedTokens","avgt",1,1,57381.000000,NaN,"#",NORWEGIAN_BOKMAL_RADIXOR,
"org.egothor.stemmer.benchmark.StemmerComparisonBenchmarkQuality.exactRootAgreement:correctMatches","avgt",1,1,87900.000000,NaN,"#",NORWEGIAN_BOKMAL_RADIXOR,
"org.egothor.stemmer.benchmark.StemmerComparisonBenchmarkQuality.exactRootAgreement:evaluatedTokens","avgt",1,1,90757.000000,NaN,"#",NORWEGIAN_BOKMAL_RADIXOR,
"org.egothor.stemmer.benchmark.StemmerComparisonBenchmarkQuality.exactRootAgreement:rootEvaluatedTokens","avgt",1,1,33376.000000,NaN,"#",NORWEGIAN_BOKMAL_RADIXOR,
"org.egothor.stemmer.benchmark.StemmerComparisonBenchmarkQuality.exactRootAgreement:rootPreservedMatches","avgt",1,1,31875.000000,NaN,"#",NORWEGIAN_BOKMAL_RADIXOR,
"org.egothor.stemmer.benchmark.StemmerComparisonBenchmarkQuality.exactRootAgreement","avgt",1,1,15726566.000000,NaN,"ns/op",NORWEGIAN_BOKMAL_LUCENE_NORWEGIAN_LIGHT_STEM_FILTER,
"org.egothor.stemmer.benchmark.StemmerComparisonBenchmarkQuality.exactRootAgreement:changedCorrectMatches","avgt",1,1,29044.000000,NaN,"#",NORWEGIAN_BOKMAL_LUCENE_NORWEGIAN_LIGHT_STEM_FILTER,
"org.egothor.stemmer.benchmark.StemmerComparisonBenchmarkQuality.exactRootAgreement:changedEvaluatedTokens","avgt",1,1,57381.000000,NaN,"#",NORWEGIAN_BOKMAL_LUCENE_NORWEGIAN_LIGHT_STEM_FILTER,
"org.egothor.stemmer.benchmark.StemmerComparisonBenchmarkQuality.exactRootAgreement:correctMatches","avgt",1,1,47317.000000,NaN,"#",NORWEGIAN_BOKMAL_LUCENE_NORWEGIAN_LIGHT_STEM_FILTER,
"org.egothor.stemmer.benchmark.StemmerComparisonBenchmarkQuality.exactRootAgreement:evaluatedTokens","avgt",1,1,90757.000000,NaN,"#",NORWEGIAN_BOKMAL_LUCENE_NORWEGIAN_LIGHT_STEM_FILTER,
"org.egothor.stemmer.benchmark.StemmerComparisonBenchmarkQuality.exactRootAgreement:rootEvaluatedTokens","avgt",1,1,33376.000000,NaN,"#",NORWEGIAN_BOKMAL_LUCENE_NORWEGIAN_LIGHT_STEM_FILTER,
"org.egothor.stemmer.benchmark.StemmerComparisonBenchmarkQuality.exactRootAgreement:rootPreservedMatches","avgt",1,1,18273.000000,NaN,"#",NORWEGIAN_BOKMAL_LUCENE_NORWEGIAN_LIGHT_STEM_FILTER,
"org.egothor.stemmer.benchmark.StemmerComparisonBenchmarkQuality.exactRootAgreement","avgt",1,1,8243703.000000,NaN,"ns/op",NORWEGIAN_BOKMAL_LUCENE_NORWEGIAN_MINIMAL_STEM_FILTER,
"org.egothor.stemmer.benchmark.StemmerComparisonBenchmarkQuality.exactRootAgreement:changedCorrectMatches","avgt",1,1,30936.000000,NaN,"#",NORWEGIAN_BOKMAL_LUCENE_NORWEGIAN_MINIMAL_STEM_FILTER,
"org.egothor.stemmer.benchmark.StemmerComparisonBenchmarkQuality.exactRootAgreement:changedEvaluatedTokens","avgt",1,1,57381.000000,NaN,"#",NORWEGIAN_BOKMAL_LUCENE_NORWEGIAN_MINIMAL_STEM_FILTER,
"org.egothor.stemmer.benchmark.StemmerComparisonBenchmarkQuality.exactRootAgreement:correctMatches","avgt",1,1,51829.000000,NaN,"#",NORWEGIAN_BOKMAL_LUCENE_NORWEGIAN_MINIMAL_STEM_FILTER,
"org.egothor.stemmer.benchmark.StemmerComparisonBenchmarkQuality.exactRootAgreement:evaluatedTokens","avgt",1,1,90757.000000,NaN,"#",NORWEGIAN_BOKMAL_LUCENE_NORWEGIAN_MINIMAL_STEM_FILTER,
"org.egothor.stemmer.benchmark.StemmerComparisonBenchmarkQuality.exactRootAgreement:rootEvaluatedTokens","avgt",1,1,33376.000000,NaN,"#",NORWEGIAN_BOKMAL_LUCENE_NORWEGIAN_MINIMAL_STEM_FILTER,
"org.egothor.stemmer.benchmark.StemmerComparisonBenchmarkQuality.exactRootAgreement:rootPreservedMatches","avgt",1,1,20893.000000,NaN,"#",NORWEGIAN_BOKMAL_LUCENE_NORWEGIAN_MINIMAL_STEM_FILTER,
"org.egothor.stemmer.benchmark.StemmerComparisonBenchmarkQuality.exactRootAgreement","avgt",1,1,12138638.000000,NaN,"ns/op",POLISH_RADIXOR,
"org.egothor.stemmer.benchmark.StemmerComparisonBenchmarkQuality.exactRootAgreement:changedCorrectMatches","avgt",1,1,110940.000000,NaN,"#",POLISH_RADIXOR,
"org.egothor.stemmer.benchmark.StemmerComparisonBenchmarkQuality.exactRootAgreement:changedEvaluatedTokens","avgt",1,1,112351.000000,NaN,"#",POLISH_RADIXOR,
"org.egothor.stemmer.benchmark.StemmerComparisonBenchmarkQuality.exactRootAgreement:correctMatches","avgt",1,1,130769.000000,NaN,"#",POLISH_RADIXOR,
"org.egothor.stemmer.benchmark.StemmerComparisonBenchmarkQuality.exactRootAgreement:evaluatedTokens","avgt",1,1,132308.000000,NaN,"#",POLISH_RADIXOR,
"org.egothor.stemmer.benchmark.StemmerComparisonBenchmarkQuality.exactRootAgreement:rootEvaluatedTokens","avgt",1,1,19957.000000,NaN,"#",POLISH_RADIXOR,
"org.egothor.stemmer.benchmark.StemmerComparisonBenchmarkQuality.exactRootAgreement:rootPreservedMatches","avgt",1,1,19829.000000,NaN,"#",POLISH_RADIXOR,
"org.egothor.stemmer.benchmark.StemmerComparisonBenchmarkQuality.exactRootAgreement","avgt",1,1,68087940.000000,NaN,"ns/op",POLISH_LUCENE_STEMPEL_DIRECT,
"org.egothor.stemmer.benchmark.StemmerComparisonBenchmarkQuality.exactRootAgreement:changedCorrectMatches","avgt",1,1,77816.000000,NaN,"#",POLISH_LUCENE_STEMPEL_DIRECT,
"org.egothor.stemmer.benchmark.StemmerComparisonBenchmarkQuality.exactRootAgreement:changedEvaluatedTokens","avgt",1,1,112351.000000,NaN,"#",POLISH_LUCENE_STEMPEL_DIRECT,
"org.egothor.stemmer.benchmark.StemmerComparisonBenchmarkQuality.exactRootAgreement:correctMatches","avgt",1,1,92628.000000,NaN,"#",POLISH_LUCENE_STEMPEL_DIRECT,
"org.egothor.stemmer.benchmark.StemmerComparisonBenchmarkQuality.exactRootAgreement:evaluatedTokens","avgt",1,1,132308.000000,NaN,"#",POLISH_LUCENE_STEMPEL_DIRECT,
"org.egothor.stemmer.benchmark.StemmerComparisonBenchmarkQuality.exactRootAgreement:rootEvaluatedTokens","avgt",1,1,19957.000000,NaN,"#",POLISH_LUCENE_STEMPEL_DIRECT,
"org.egothor.stemmer.benchmark.StemmerComparisonBenchmarkQuality.exactRootAgreement:rootPreservedMatches","avgt",1,1,14812.000000,NaN,"#",POLISH_LUCENE_STEMPEL_DIRECT,
"org.egothor.stemmer.benchmark.StemmerComparisonBenchmarkQuality.exactRootAgreement","avgt",1,1,77559296.000000,NaN,"ns/op",POLISH_LUCENE_STEMPEL_FILTER,
"org.egothor.stemmer.benchmark.StemmerComparisonBenchmarkQuality.exactRootAgreement:changedCorrectMatches","avgt",1,1,77816.000000,NaN,"#",POLISH_LUCENE_STEMPEL_FILTER,
"org.egothor.stemmer.benchmark.StemmerComparisonBenchmarkQuality.exactRootAgreement:changedEvaluatedTokens","avgt",1,1,112351.000000,NaN,"#",POLISH_LUCENE_STEMPEL_FILTER,
"org.egothor.stemmer.benchmark.StemmerComparisonBenchmarkQuality.exactRootAgreement:correctMatches","avgt",1,1,92628.000000,NaN,"#",POLISH_LUCENE_STEMPEL_FILTER,
"org.egothor.stemmer.benchmark.StemmerComparisonBenchmarkQuality.exactRootAgreement:evaluatedTokens","avgt",1,1,132308.000000,NaN,"#",POLISH_LUCENE_STEMPEL_FILTER,
"org.egothor.stemmer.benchmark.StemmerComparisonBenchmarkQuality.exactRootAgreement:rootEvaluatedTokens","avgt",1,1,19957.000000,NaN,"#",POLISH_LUCENE_STEMPEL_FILTER,
"org.egothor.stemmer.benchmark.StemmerComparisonBenchmarkQuality.exactRootAgreement:rootPreservedMatches","avgt",1,1,14812.000000,NaN,"#",POLISH_LUCENE_STEMPEL_FILTER,
"org.egothor.stemmer.benchmark.StemmerComparisonBenchmarkQuality.exactRootAgreement","avgt",1,1,388111283.000000,NaN,"ns/op",POLISH_LUCENE_MORFOLOGIK_FILTER,
"org.egothor.stemmer.benchmark.StemmerComparisonBenchmarkQuality.exactRootAgreement:changedCorrectMatches","avgt",1,1,97303.000000,NaN,"#",POLISH_LUCENE_MORFOLOGIK_FILTER,
"org.egothor.stemmer.benchmark.StemmerComparisonBenchmarkQuality.exactRootAgreement:changedEvaluatedTokens","avgt",1,1,112351.000000,NaN,"#",POLISH_LUCENE_MORFOLOGIK_FILTER,
"org.egothor.stemmer.benchmark.StemmerComparisonBenchmarkQuality.exactRootAgreement:correctMatches","avgt",1,1,116072.000000,NaN,"#",POLISH_LUCENE_MORFOLOGIK_FILTER,
"org.egothor.stemmer.benchmark.StemmerComparisonBenchmarkQuality.exactRootAgreement:evaluatedTokens","avgt",1,1,132308.000000,NaN,"#",POLISH_LUCENE_MORFOLOGIK_FILTER,
"org.egothor.stemmer.benchmark.StemmerComparisonBenchmarkQuality.exactRootAgreement:rootEvaluatedTokens","avgt",1,1,19957.000000,NaN,"#",POLISH_LUCENE_MORFOLOGIK_FILTER,
"org.egothor.stemmer.benchmark.StemmerComparisonBenchmarkQuality.exactRootAgreement:rootPreservedMatches","avgt",1,1,18769.000000,NaN,"#",POLISH_LUCENE_MORFOLOGIK_FILTER,
"org.egothor.stemmer.benchmark.StemmerComparisonBenchmarkQuality.exactRootAgreement","avgt",1,1,14445684.000000,NaN,"ns/op",PORTUGUESE_RADIXOR,
"org.egothor.stemmer.benchmark.StemmerComparisonBenchmarkQuality.exactRootAgreement:changedCorrectMatches","avgt",1,1,207090.000000,NaN,"#",PORTUGUESE_RADIXOR,
"org.egothor.stemmer.benchmark.StemmerComparisonBenchmarkQuality.exactRootAgreement:changedEvaluatedTokens","avgt",1,1,207488.000000,NaN,"#",PORTUGUESE_RADIXOR,
"org.egothor.stemmer.benchmark.StemmerComparisonBenchmarkQuality.exactRootAgreement:correctMatches","avgt",1,1,215092.000000,NaN,"#",PORTUGUESE_RADIXOR,
"org.egothor.stemmer.benchmark.StemmerComparisonBenchmarkQuality.exactRootAgreement:evaluatedTokens","avgt",1,1,215490.000000,NaN,"#",PORTUGUESE_RADIXOR,
"org.egothor.stemmer.benchmark.StemmerComparisonBenchmarkQuality.exactRootAgreement:rootEvaluatedTokens","avgt",1,1,8002.000000,NaN,"#",PORTUGUESE_RADIXOR,
"org.egothor.stemmer.benchmark.StemmerComparisonBenchmarkQuality.exactRootAgreement:rootPreservedMatches","avgt",1,1,8002.000000,NaN,"#",PORTUGUESE_RADIXOR,
"org.egothor.stemmer.benchmark.StemmerComparisonBenchmarkQuality.exactRootAgreement","avgt",1,1,185044714.000000,NaN,"ns/op",PORTUGUESE_LUCENE_PORTUGUESE_STEM_FILTER,
"org.egothor.stemmer.benchmark.StemmerComparisonBenchmarkQuality.exactRootAgreement:changedCorrectMatches","avgt",1,1,639.000000,NaN,"#",PORTUGUESE_LUCENE_PORTUGUESE_STEM_FILTER,
"org.egothor.stemmer.benchmark.StemmerComparisonBenchmarkQuality.exactRootAgreement:changedEvaluatedTokens","avgt",1,1,207488.000000,NaN,"#",PORTUGUESE_LUCENE_PORTUGUESE_STEM_FILTER,
"org.egothor.stemmer.benchmark.StemmerComparisonBenchmarkQuality.exactRootAgreement:correctMatches","avgt",1,1,673.000000,NaN,"#",PORTUGUESE_LUCENE_PORTUGUESE_STEM_FILTER,
"org.egothor.stemmer.benchmark.StemmerComparisonBenchmarkQuality.exactRootAgreement:evaluatedTokens","avgt",1,1,215490.000000,NaN,"#",PORTUGUESE_LUCENE_PORTUGUESE_STEM_FILTER,
"org.egothor.stemmer.benchmark.StemmerComparisonBenchmarkQuality.exactRootAgreement:rootEvaluatedTokens","avgt",1,1,8002.000000,NaN,"#",PORTUGUESE_LUCENE_PORTUGUESE_STEM_FILTER,
"org.egothor.stemmer.benchmark.StemmerComparisonBenchmarkQuality.exactRootAgreement:rootPreservedMatches","avgt",1,1,34.000000,NaN,"#",PORTUGUESE_LUCENE_PORTUGUESE_STEM_FILTER,
"org.egothor.stemmer.benchmark.StemmerComparisonBenchmarkQuality.exactRootAgreement","avgt",1,1,30442876.000000,NaN,"ns/op",PORTUGUESE_LUCENE_PORTUGUESE_LIGHT_STEM_FILTER,
"org.egothor.stemmer.benchmark.StemmerComparisonBenchmarkQuality.exactRootAgreement:changedCorrectMatches","avgt",1,1,11533.000000,NaN,"#",PORTUGUESE_LUCENE_PORTUGUESE_LIGHT_STEM_FILTER,
"org.egothor.stemmer.benchmark.StemmerComparisonBenchmarkQuality.exactRootAgreement:changedEvaluatedTokens","avgt",1,1,207488.000000,NaN,"#",PORTUGUESE_LUCENE_PORTUGUESE_LIGHT_STEM_FILTER,
"org.egothor.stemmer.benchmark.StemmerComparisonBenchmarkQuality.exactRootAgreement:correctMatches","avgt",1,1,19321.000000,NaN,"#",PORTUGUESE_LUCENE_PORTUGUESE_LIGHT_STEM_FILTER,
"org.egothor.stemmer.benchmark.StemmerComparisonBenchmarkQuality.exactRootAgreement:evaluatedTokens","avgt",1,1,215490.000000,NaN,"#",PORTUGUESE_LUCENE_PORTUGUESE_LIGHT_STEM_FILTER,
"org.egothor.stemmer.benchmark.StemmerComparisonBenchmarkQuality.exactRootAgreement:rootEvaluatedTokens","avgt",1,1,8002.000000,NaN,"#",PORTUGUESE_LUCENE_PORTUGUESE_LIGHT_STEM_FILTER,
"org.egothor.stemmer.benchmark.StemmerComparisonBenchmarkQuality.exactRootAgreement:rootPreservedMatches","avgt",1,1,7788.000000,NaN,"#",PORTUGUESE_LUCENE_PORTUGUESE_LIGHT_STEM_FILTER,
"org.egothor.stemmer.benchmark.StemmerComparisonBenchmarkQuality.exactRootAgreement","avgt",1,1,20973631.000000,NaN,"ns/op",PORTUGUESE_LUCENE_PORTUGUESE_MINIMAL_STEM_FILTER,
"org.egothor.stemmer.benchmark.StemmerComparisonBenchmarkQuality.exactRootAgreement:changedCorrectMatches","avgt",1,1,3935.000000,NaN,"#",PORTUGUESE_LUCENE_PORTUGUESE_MINIMAL_STEM_FILTER,
"org.egothor.stemmer.benchmark.StemmerComparisonBenchmarkQuality.exactRootAgreement:changedEvaluatedTokens","avgt",1,1,207488.000000,NaN,"#",PORTUGUESE_LUCENE_PORTUGUESE_MINIMAL_STEM_FILTER,
"org.egothor.stemmer.benchmark.StemmerComparisonBenchmarkQuality.exactRootAgreement:correctMatches","avgt",1,1,11937.000000,NaN,"#",PORTUGUESE_LUCENE_PORTUGUESE_MINIMAL_STEM_FILTER,
"org.egothor.stemmer.benchmark.StemmerComparisonBenchmarkQuality.exactRootAgreement:evaluatedTokens","avgt",1,1,215490.000000,NaN,"#",PORTUGUESE_LUCENE_PORTUGUESE_MINIMAL_STEM_FILTER,
"org.egothor.stemmer.benchmark.StemmerComparisonBenchmarkQuality.exactRootAgreement:rootEvaluatedTokens","avgt",1,1,8002.000000,NaN,"#",PORTUGUESE_LUCENE_PORTUGUESE_MINIMAL_STEM_FILTER,
"org.egothor.stemmer.benchmark.StemmerComparisonBenchmarkQuality.exactRootAgreement:rootPreservedMatches","avgt",1,1,8002.000000,NaN,"#",PORTUGUESE_LUCENE_PORTUGUESE_MINIMAL_STEM_FILTER,
"org.egothor.stemmer.benchmark.StemmerComparisonBenchmarkQuality.exactRootAgreement","avgt",1,1,184508802.000000,NaN,"ns/op",RUSSIAN_RADIXOR,
"org.egothor.stemmer.benchmark.StemmerComparisonBenchmarkQuality.exactRootAgreement:changedCorrectMatches","avgt",1,1,721931.000000,NaN,"#",RUSSIAN_RADIXOR,
"org.egothor.stemmer.benchmark.StemmerComparisonBenchmarkQuality.exactRootAgreement:changedEvaluatedTokens","avgt",1,1,731471.000000,NaN,"#",RUSSIAN_RADIXOR,
"org.egothor.stemmer.benchmark.StemmerComparisonBenchmarkQuality.exactRootAgreement:correctMatches","avgt",1,1,796661.000000,NaN,"#",RUSSIAN_RADIXOR,
"org.egothor.stemmer.benchmark.StemmerComparisonBenchmarkQuality.exactRootAgreement:evaluatedTokens","avgt",1,1,806279.000000,NaN,"#",RUSSIAN_RADIXOR,
"org.egothor.stemmer.benchmark.StemmerComparisonBenchmarkQuality.exactRootAgreement:rootEvaluatedTokens","avgt",1,1,74808.000000,NaN,"#",RUSSIAN_RADIXOR,
"org.egothor.stemmer.benchmark.StemmerComparisonBenchmarkQuality.exactRootAgreement:rootPreservedMatches","avgt",1,1,74730.000000,NaN,"#",RUSSIAN_RADIXOR,
"org.egothor.stemmer.benchmark.StemmerComparisonBenchmarkQuality.exactRootAgreement","avgt",1,1,125096639.000000,NaN,"ns/op",RUSSIAN_LUCENE_RUSSIAN_LIGHT_STEM_FILTER,
"org.egothor.stemmer.benchmark.StemmerComparisonBenchmarkQuality.exactRootAgreement:changedCorrectMatches","avgt",1,1,61826.000000,NaN,"#",RUSSIAN_LUCENE_RUSSIAN_LIGHT_STEM_FILTER,
"org.egothor.stemmer.benchmark.StemmerComparisonBenchmarkQuality.exactRootAgreement:changedEvaluatedTokens","avgt",1,1,731471.000000,NaN,"#",RUSSIAN_LUCENE_RUSSIAN_LIGHT_STEM_FILTER,
"org.egothor.stemmer.benchmark.StemmerComparisonBenchmarkQuality.exactRootAgreement:correctMatches","avgt",1,1,77870.000000,NaN,"#",RUSSIAN_LUCENE_RUSSIAN_LIGHT_STEM_FILTER,
"org.egothor.stemmer.benchmark.StemmerComparisonBenchmarkQuality.exactRootAgreement:evaluatedTokens","avgt",1,1,806279.000000,NaN,"#",RUSSIAN_LUCENE_RUSSIAN_LIGHT_STEM_FILTER,
"org.egothor.stemmer.benchmark.StemmerComparisonBenchmarkQuality.exactRootAgreement:rootEvaluatedTokens","avgt",1,1,74808.000000,NaN,"#",RUSSIAN_LUCENE_RUSSIAN_LIGHT_STEM_FILTER,
"org.egothor.stemmer.benchmark.StemmerComparisonBenchmarkQuality.exactRootAgreement:rootPreservedMatches","avgt",1,1,16044.000000,NaN,"#",RUSSIAN_LUCENE_RUSSIAN_LIGHT_STEM_FILTER,
"org.egothor.stemmer.benchmark.StemmerComparisonBenchmarkQuality.exactRootAgreement","avgt",1,1,8370810.000000,NaN,"ns/op",SWEDISH_RADIXOR,
"org.egothor.stemmer.benchmark.StemmerComparisonBenchmarkQuality.exactRootAgreement:changedCorrectMatches","avgt",1,1,83514.000000,NaN,"#",SWEDISH_RADIXOR,
"org.egothor.stemmer.benchmark.StemmerComparisonBenchmarkQuality.exactRootAgreement:changedEvaluatedTokens","avgt",1,1,85737.000000,NaN,"#",SWEDISH_RADIXOR,
"org.egothor.stemmer.benchmark.StemmerComparisonBenchmarkQuality.exactRootAgreement:correctMatches","avgt",1,1,106837.000000,NaN,"#",SWEDISH_RADIXOR,
"org.egothor.stemmer.benchmark.StemmerComparisonBenchmarkQuality.exactRootAgreement:evaluatedTokens","avgt",1,1,110468.000000,NaN,"#",SWEDISH_RADIXOR,
"org.egothor.stemmer.benchmark.StemmerComparisonBenchmarkQuality.exactRootAgreement:rootEvaluatedTokens","avgt",1,1,24731.000000,NaN,"#",SWEDISH_RADIXOR,
"org.egothor.stemmer.benchmark.StemmerComparisonBenchmarkQuality.exactRootAgreement:rootPreservedMatches","avgt",1,1,23323.000000,NaN,"#",SWEDISH_RADIXOR,
"org.egothor.stemmer.benchmark.StemmerComparisonBenchmarkQuality.exactRootAgreement","avgt",1,1,13507457.000000,NaN,"ns/op",SWEDISH_LUCENE_SWEDISH_LIGHT_STEM_FILTER,
"org.egothor.stemmer.benchmark.StemmerComparisonBenchmarkQuality.exactRootAgreement:changedCorrectMatches","avgt",1,1,39767.000000,NaN,"#",SWEDISH_LUCENE_SWEDISH_LIGHT_STEM_FILTER,
"org.egothor.stemmer.benchmark.StemmerComparisonBenchmarkQuality.exactRootAgreement:changedEvaluatedTokens","avgt",1,1,85737.000000,NaN,"#",SWEDISH_LUCENE_SWEDISH_LIGHT_STEM_FILTER,
"org.egothor.stemmer.benchmark.StemmerComparisonBenchmarkQuality.exactRootAgreement:correctMatches","avgt",1,1,50453.000000,NaN,"#",SWEDISH_LUCENE_SWEDISH_LIGHT_STEM_FILTER,
"org.egothor.stemmer.benchmark.StemmerComparisonBenchmarkQuality.exactRootAgreement:evaluatedTokens","avgt",1,1,110468.000000,NaN,"#",SWEDISH_LUCENE_SWEDISH_LIGHT_STEM_FILTER,
"org.egothor.stemmer.benchmark.StemmerComparisonBenchmarkQuality.exactRootAgreement:rootEvaluatedTokens","avgt",1,1,24731.000000,NaN,"#",SWEDISH_LUCENE_SWEDISH_LIGHT_STEM_FILTER,
"org.egothor.stemmer.benchmark.StemmerComparisonBenchmarkQuality.exactRootAgreement:rootPreservedMatches","avgt",1,1,10686.000000,NaN,"#",SWEDISH_LUCENE_SWEDISH_LIGHT_STEM_FILTER,
"org.egothor.stemmer.benchmark.StemmerComparisonBenchmarkQuality.exactRootAgreement","avgt",1,1,11480167.000000,NaN,"ns/op",SWEDISH_LUCENE_SWEDISH_MINIMAL_STEM_FILTER,
"org.egothor.stemmer.benchmark.StemmerComparisonBenchmarkQuality.exactRootAgreement:changedCorrectMatches","avgt",1,1,42171.000000,NaN,"#",SWEDISH_LUCENE_SWEDISH_MINIMAL_STEM_FILTER,
"org.egothor.stemmer.benchmark.StemmerComparisonBenchmarkQuality.exactRootAgreement:changedEvaluatedTokens","avgt",1,1,85737.000000,NaN,"#",SWEDISH_LUCENE_SWEDISH_MINIMAL_STEM_FILTER,
"org.egothor.stemmer.benchmark.StemmerComparisonBenchmarkQuality.exactRootAgreement:correctMatches","avgt",1,1,54717.000000,NaN,"#",SWEDISH_LUCENE_SWEDISH_MINIMAL_STEM_FILTER,
"org.egothor.stemmer.benchmark.StemmerComparisonBenchmarkQuality.exactRootAgreement:evaluatedTokens","avgt",1,1,110468.000000,NaN,"#",SWEDISH_LUCENE_SWEDISH_MINIMAL_STEM_FILTER,
"org.egothor.stemmer.benchmark.StemmerComparisonBenchmarkQuality.exactRootAgreement:rootEvaluatedTokens","avgt",1,1,24731.000000,NaN,"#",SWEDISH_LUCENE_SWEDISH_MINIMAL_STEM_FILTER,
"org.egothor.stemmer.benchmark.StemmerComparisonBenchmarkQuality.exactRootAgreement:rootPreservedMatches","avgt",1,1,12546.000000,NaN,"#",SWEDISH_LUCENE_SWEDISH_MINIMAL_STEM_FILTER,
"org.egothor.stemmer.benchmark.StemmerComparisonBenchmarkQuality.exactRootAgreement","avgt",1,1,1148424.000000,NaN,"ns/op",UKRAINIAN_RADIXOR,
"org.egothor.stemmer.benchmark.StemmerComparisonBenchmarkQuality.exactRootAgreement:changedCorrectMatches","avgt",1,1,12671.000000,NaN,"#",UKRAINIAN_RADIXOR,
"org.egothor.stemmer.benchmark.StemmerComparisonBenchmarkQuality.exactRootAgreement:changedEvaluatedTokens","avgt",1,1,12752.000000,NaN,"#",UKRAINIAN_RADIXOR,
"org.egothor.stemmer.benchmark.StemmerComparisonBenchmarkQuality.exactRootAgreement:correctMatches","avgt",1,1,15628.000000,NaN,"#",UKRAINIAN_RADIXOR,
"org.egothor.stemmer.benchmark.StemmerComparisonBenchmarkQuality.exactRootAgreement:evaluatedTokens","avgt",1,1,15737.000000,NaN,"#",UKRAINIAN_RADIXOR,
"org.egothor.stemmer.benchmark.StemmerComparisonBenchmarkQuality.exactRootAgreement:rootEvaluatedTokens","avgt",1,1,2985.000000,NaN,"#",UKRAINIAN_RADIXOR,
"org.egothor.stemmer.benchmark.StemmerComparisonBenchmarkQuality.exactRootAgreement:rootPreservedMatches","avgt",1,1,2957.000000,NaN,"#",UKRAINIAN_RADIXOR,
"org.egothor.stemmer.benchmark.StemmerComparisonBenchmarkQuality.exactRootAgreement","avgt",1,1,31416513.000000,NaN,"ns/op",UKRAINIAN_MORFOLOGIK_DIRECT,
"org.egothor.stemmer.benchmark.StemmerComparisonBenchmarkQuality.exactRootAgreement:changedCorrectMatches","avgt",1,1,11558.000000,NaN,"#",UKRAINIAN_MORFOLOGIK_DIRECT,
"org.egothor.stemmer.benchmark.StemmerComparisonBenchmarkQuality.exactRootAgreement:changedEvaluatedTokens","avgt",1,1,12752.000000,NaN,"#",UKRAINIAN_MORFOLOGIK_DIRECT,
"org.egothor.stemmer.benchmark.StemmerComparisonBenchmarkQuality.exactRootAgreement:correctMatches","avgt",1,1,14535.000000,NaN,"#",UKRAINIAN_MORFOLOGIK_DIRECT,
"org.egothor.stemmer.benchmark.StemmerComparisonBenchmarkQuality.exactRootAgreement:evaluatedTokens","avgt",1,1,15737.000000,NaN,"#",UKRAINIAN_MORFOLOGIK_DIRECT,
"org.egothor.stemmer.benchmark.StemmerComparisonBenchmarkQuality.exactRootAgreement:rootEvaluatedTokens","avgt",1,1,2985.000000,NaN,"#",UKRAINIAN_MORFOLOGIK_DIRECT,
"org.egothor.stemmer.benchmark.StemmerComparisonBenchmarkQuality.exactRootAgreement:rootPreservedMatches","avgt",1,1,2977.000000,NaN,"#",UKRAINIAN_MORFOLOGIK_DIRECT,
"org.egothor.stemmer.benchmark.StemmerComparisonBenchmarkQuality.exactRootAgreement","avgt",1,1,22107535.000000,NaN,"ns/op",UKRAINIAN_LUCENE_MORFOLOGIK_FILTER,
"org.egothor.stemmer.benchmark.StemmerComparisonBenchmarkQuality.exactRootAgreement:changedCorrectMatches","avgt",1,1,11558.000000,NaN,"#",UKRAINIAN_LUCENE_MORFOLOGIK_FILTER,
"org.egothor.stemmer.benchmark.StemmerComparisonBenchmarkQuality.exactRootAgreement:changedEvaluatedTokens","avgt",1,1,12752.000000,NaN,"#",UKRAINIAN_LUCENE_MORFOLOGIK_FILTER,
"org.egothor.stemmer.benchmark.StemmerComparisonBenchmarkQuality.exactRootAgreement:correctMatches","avgt",1,1,14535.000000,NaN,"#",UKRAINIAN_LUCENE_MORFOLOGIK_FILTER,
"org.egothor.stemmer.benchmark.StemmerComparisonBenchmarkQuality.exactRootAgreement:evaluatedTokens","avgt",1,1,15737.000000,NaN,"#",UKRAINIAN_LUCENE_MORFOLOGIK_FILTER,
"org.egothor.stemmer.benchmark.StemmerComparisonBenchmarkQuality.exactRootAgreement:rootEvaluatedTokens","avgt",1,1,2985.000000,NaN,"#",UKRAINIAN_LUCENE_MORFOLOGIK_FILTER,
"org.egothor.stemmer.benchmark.StemmerComparisonBenchmarkQuality.exactRootAgreement:rootPreservedMatches","avgt",1,1,2977.000000,NaN,"#",UKRAINIAN_LUCENE_MORFOLOGIK_FILTER,
"org.egothor.stemmer.benchmark.StemmerComparisonBenchmarkQuality.exactRootAgreement","avgt",1,1,9270197.000000,NaN,"ns/op",SNOWBALL_CZECH_DIRECT,
"org.egothor.stemmer.benchmark.StemmerComparisonBenchmarkQuality.exactRootAgreement:changedCorrectMatches","avgt",1,1,8468.000000,NaN,"#",SNOWBALL_CZECH_DIRECT,
"org.egothor.stemmer.benchmark.StemmerComparisonBenchmarkQuality.exactRootAgreement:changedEvaluatedTokens","avgt",1,1,46563.000000,NaN,"#",SNOWBALL_CZECH_DIRECT,
"org.egothor.stemmer.benchmark.StemmerComparisonBenchmarkQuality.exactRootAgreement:correctMatches","avgt",1,1,11246.000000,NaN,"#",SNOWBALL_CZECH_DIRECT,
"org.egothor.stemmer.benchmark.StemmerComparisonBenchmarkQuality.exactRootAgreement:evaluatedTokens","avgt",1,1,56612.000000,NaN,"#",SNOWBALL_CZECH_DIRECT,
"org.egothor.stemmer.benchmark.StemmerComparisonBenchmarkQuality.exactRootAgreement:rootEvaluatedTokens","avgt",1,1,10049.000000,NaN,"#",SNOWBALL_CZECH_DIRECT,
"org.egothor.stemmer.benchmark.StemmerComparisonBenchmarkQuality.exactRootAgreement:rootPreservedMatches","avgt",1,1,2778.000000,NaN,"#",SNOWBALL_CZECH_DIRECT,
"org.egothor.stemmer.benchmark.StemmerComparisonBenchmarkQuality.exactRootAgreement","avgt",1,1,10037717.000000,NaN,"ns/op",SNOWBALL_DANISH_DIRECT,
"org.egothor.stemmer.benchmark.StemmerComparisonBenchmarkQuality.exactRootAgreement:changedCorrectMatches","avgt",1,1,13095.000000,NaN,"#",SNOWBALL_DANISH_DIRECT,
"org.egothor.stemmer.benchmark.StemmerComparisonBenchmarkQuality.exactRootAgreement:changedEvaluatedTokens","avgt",1,1,23900.000000,NaN,"#",SNOWBALL_DANISH_DIRECT,
"org.egothor.stemmer.benchmark.StemmerComparisonBenchmarkQuality.exactRootAgreement:correctMatches","avgt",1,1,18054.000000,NaN,"#",SNOWBALL_DANISH_DIRECT,
"org.egothor.stemmer.benchmark.StemmerComparisonBenchmarkQuality.exactRootAgreement:evaluatedTokens","avgt",1,1,32256.000000,NaN,"#",SNOWBALL_DANISH_DIRECT,
"org.egothor.stemmer.benchmark.StemmerComparisonBenchmarkQuality.exactRootAgreement:rootEvaluatedTokens","avgt",1,1,8356.000000,NaN,"#",SNOWBALL_DANISH_DIRECT,
"org.egothor.stemmer.benchmark.StemmerComparisonBenchmarkQuality.exactRootAgreement:rootPreservedMatches","avgt",1,1,4959.000000,NaN,"#",SNOWBALL_DANISH_DIRECT,
"org.egothor.stemmer.benchmark.StemmerComparisonBenchmarkQuality.exactRootAgreement","avgt",1,1,18014784.000000,NaN,"ns/op",SNOWBALL_DANISH_LUCENE_FILTER,
"org.egothor.stemmer.benchmark.StemmerComparisonBenchmarkQuality.exactRootAgreement:changedCorrectMatches","avgt",1,1,12944.000000,NaN,"#",SNOWBALL_DANISH_LUCENE_FILTER,
"org.egothor.stemmer.benchmark.StemmerComparisonBenchmarkQuality.exactRootAgreement:changedEvaluatedTokens","avgt",1,1,23900.000000,NaN,"#",SNOWBALL_DANISH_LUCENE_FILTER,
"org.egothor.stemmer.benchmark.StemmerComparisonBenchmarkQuality.exactRootAgreement:correctMatches","avgt",1,1,17905.000000,NaN,"#",SNOWBALL_DANISH_LUCENE_FILTER,
"org.egothor.stemmer.benchmark.StemmerComparisonBenchmarkQuality.exactRootAgreement:evaluatedTokens","avgt",1,1,32256.000000,NaN,"#",SNOWBALL_DANISH_LUCENE_FILTER,
"org.egothor.stemmer.benchmark.StemmerComparisonBenchmarkQuality.exactRootAgreement:rootEvaluatedTokens","avgt",1,1,8356.000000,NaN,"#",SNOWBALL_DANISH_LUCENE_FILTER,
"org.egothor.stemmer.benchmark.StemmerComparisonBenchmarkQuality.exactRootAgreement:rootPreservedMatches","avgt",1,1,4961.000000,NaN,"#",SNOWBALL_DANISH_LUCENE_FILTER,
"org.egothor.stemmer.benchmark.StemmerComparisonBenchmarkQuality.exactRootAgreement","avgt",1,1,14036280.000000,NaN,"ns/op",SNOWBALL_DUTCH_DIRECT,
"org.egothor.stemmer.benchmark.StemmerComparisonBenchmarkQuality.exactRootAgreement:changedCorrectMatches","avgt",1,1,1932.000000,NaN,"#",SNOWBALL_DUTCH_DIRECT,
"org.egothor.stemmer.benchmark.StemmerComparisonBenchmarkQuality.exactRootAgreement:changedEvaluatedTokens","avgt",1,1,21485.000000,NaN,"#",SNOWBALL_DUTCH_DIRECT,
"org.egothor.stemmer.benchmark.StemmerComparisonBenchmarkQuality.exactRootAgreement:correctMatches","avgt",1,1,5020.000000,NaN,"#",SNOWBALL_DUTCH_DIRECT,
"org.egothor.stemmer.benchmark.StemmerComparisonBenchmarkQuality.exactRootAgreement:evaluatedTokens","avgt",1,1,31466.000000,NaN,"#",SNOWBALL_DUTCH_DIRECT,
"org.egothor.stemmer.benchmark.StemmerComparisonBenchmarkQuality.exactRootAgreement:rootEvaluatedTokens","avgt",1,1,9981.000000,NaN,"#",SNOWBALL_DUTCH_DIRECT,
"org.egothor.stemmer.benchmark.StemmerComparisonBenchmarkQuality.exactRootAgreement:rootPreservedMatches","avgt",1,1,3088.000000,NaN,"#",SNOWBALL_DUTCH_DIRECT,
"org.egothor.stemmer.benchmark.StemmerComparisonBenchmarkQuality.exactRootAgreement","avgt",1,1,27127444.000000,NaN,"ns/op",SNOWBALL_DUTCH_LUCENE_FILTER,
"org.egothor.stemmer.benchmark.StemmerComparisonBenchmarkQuality.exactRootAgreement:changedCorrectMatches","avgt",1,1,1169.000000,NaN,"#",SNOWBALL_DUTCH_LUCENE_FILTER,
"org.egothor.stemmer.benchmark.StemmerComparisonBenchmarkQuality.exactRootAgreement:changedEvaluatedTokens","avgt",1,1,21485.000000,NaN,"#",SNOWBALL_DUTCH_LUCENE_FILTER,
"org.egothor.stemmer.benchmark.StemmerComparisonBenchmarkQuality.exactRootAgreement:correctMatches","avgt",1,1,3971.000000,NaN,"#",SNOWBALL_DUTCH_LUCENE_FILTER,
"org.egothor.stemmer.benchmark.StemmerComparisonBenchmarkQuality.exactRootAgreement:evaluatedTokens","avgt",1,1,31466.000000,NaN,"#",SNOWBALL_DUTCH_LUCENE_FILTER,
"org.egothor.stemmer.benchmark.StemmerComparisonBenchmarkQuality.exactRootAgreement:rootEvaluatedTokens","avgt",1,1,9981.000000,NaN,"#",SNOWBALL_DUTCH_LUCENE_FILTER,
"org.egothor.stemmer.benchmark.StemmerComparisonBenchmarkQuality.exactRootAgreement:rootPreservedMatches","avgt",1,1,2802.000000,NaN,"#",SNOWBALL_DUTCH_LUCENE_FILTER,
"org.egothor.stemmer.benchmark.StemmerComparisonBenchmarkQuality.exactRootAgreement","avgt",1,1,296004474.000000,NaN,"ns/op",SNOWBALL_FINNISH_DIRECT,
"org.egothor.stemmer.benchmark.StemmerComparisonBenchmarkQuality.exactRootAgreement:changedCorrectMatches","avgt",1,1,180250.000000,NaN,"#",SNOWBALL_FINNISH_DIRECT,
"org.egothor.stemmer.benchmark.StemmerComparisonBenchmarkQuality.exactRootAgreement:changedEvaluatedTokens","avgt",1,1,1754690.000000,NaN,"#",SNOWBALL_FINNISH_DIRECT,
"org.egothor.stemmer.benchmark.StemmerComparisonBenchmarkQuality.exactRootAgreement:correctMatches","avgt",1,1,205076.000000,NaN,"#",SNOWBALL_FINNISH_DIRECT,
"org.egothor.stemmer.benchmark.StemmerComparisonBenchmarkQuality.exactRootAgreement:evaluatedTokens","avgt",1,1,1865215.000000,NaN,"#",SNOWBALL_FINNISH_DIRECT,
"org.egothor.stemmer.benchmark.StemmerComparisonBenchmarkQuality.exactRootAgreement:rootEvaluatedTokens","avgt",1,1,110525.000000,NaN,"#",SNOWBALL_FINNISH_DIRECT,
"org.egothor.stemmer.benchmark.StemmerComparisonBenchmarkQuality.exactRootAgreement:rootPreservedMatches","avgt",1,1,24826.000000,NaN,"#",SNOWBALL_FINNISH_DIRECT,
"org.egothor.stemmer.benchmark.StemmerComparisonBenchmarkQuality.exactRootAgreement","avgt",1,1,360290248.000000,NaN,"ns/op",SNOWBALL_FINNISH_LUCENE_FILTER,
"org.egothor.stemmer.benchmark.StemmerComparisonBenchmarkQuality.exactRootAgreement:changedCorrectMatches","avgt",1,1,180176.000000,NaN,"#",SNOWBALL_FINNISH_LUCENE_FILTER,
"org.egothor.stemmer.benchmark.StemmerComparisonBenchmarkQuality.exactRootAgreement:changedEvaluatedTokens","avgt",1,1,1754690.000000,NaN,"#",SNOWBALL_FINNISH_LUCENE_FILTER,
"org.egothor.stemmer.benchmark.StemmerComparisonBenchmarkQuality.exactRootAgreement:correctMatches","avgt",1,1,205012.000000,NaN,"#",SNOWBALL_FINNISH_LUCENE_FILTER,
"org.egothor.stemmer.benchmark.StemmerComparisonBenchmarkQuality.exactRootAgreement:evaluatedTokens","avgt",1,1,1865215.000000,NaN,"#",SNOWBALL_FINNISH_LUCENE_FILTER,
"org.egothor.stemmer.benchmark.StemmerComparisonBenchmarkQuality.exactRootAgreement:rootEvaluatedTokens","avgt",1,1,110525.000000,NaN,"#",SNOWBALL_FINNISH_LUCENE_FILTER,
"org.egothor.stemmer.benchmark.StemmerComparisonBenchmarkQuality.exactRootAgreement:rootPreservedMatches","avgt",1,1,24836.000000,NaN,"#",SNOWBALL_FINNISH_LUCENE_FILTER,
"org.egothor.stemmer.benchmark.StemmerComparisonBenchmarkQuality.exactRootAgreement","avgt",1,1,157467237.000000,NaN,"ns/op",SNOWBALL_FRENCH_DIRECT,
"org.egothor.stemmer.benchmark.StemmerComparisonBenchmarkQuality.exactRootAgreement:changedCorrectMatches","avgt",1,1,18543.000000,NaN,"#",SNOWBALL_FRENCH_DIRECT,
"org.egothor.stemmer.benchmark.StemmerComparisonBenchmarkQuality.exactRootAgreement:changedEvaluatedTokens","avgt",1,1,365969.000000,NaN,"#",SNOWBALL_FRENCH_DIRECT,
"org.egothor.stemmer.benchmark.StemmerComparisonBenchmarkQuality.exactRootAgreement:correctMatches","avgt",1,1,40119.000000,NaN,"#",SNOWBALL_FRENCH_DIRECT,
"org.egothor.stemmer.benchmark.StemmerComparisonBenchmarkQuality.exactRootAgreement:evaluatedTokens","avgt",1,1,474110.000000,NaN,"#",SNOWBALL_FRENCH_DIRECT,
"org.egothor.stemmer.benchmark.StemmerComparisonBenchmarkQuality.exactRootAgreement:rootEvaluatedTokens","avgt",1,1,108141.000000,NaN,"#",SNOWBALL_FRENCH_DIRECT,
"org.egothor.stemmer.benchmark.StemmerComparisonBenchmarkQuality.exactRootAgreement:rootPreservedMatches","avgt",1,1,21576.000000,NaN,"#",SNOWBALL_FRENCH_DIRECT,
"org.egothor.stemmer.benchmark.StemmerComparisonBenchmarkQuality.exactRootAgreement","avgt",1,1,167407426.000000,NaN,"ns/op",SNOWBALL_FRENCH_LUCENE_FILTER,
"org.egothor.stemmer.benchmark.StemmerComparisonBenchmarkQuality.exactRootAgreement:changedCorrectMatches","avgt",1,1,18967.000000,NaN,"#",SNOWBALL_FRENCH_LUCENE_FILTER,
"org.egothor.stemmer.benchmark.StemmerComparisonBenchmarkQuality.exactRootAgreement:changedEvaluatedTokens","avgt",1,1,365969.000000,NaN,"#",SNOWBALL_FRENCH_LUCENE_FILTER,
"org.egothor.stemmer.benchmark.StemmerComparisonBenchmarkQuality.exactRootAgreement:correctMatches","avgt",1,1,40543.000000,NaN,"#",SNOWBALL_FRENCH_LUCENE_FILTER,
"org.egothor.stemmer.benchmark.StemmerComparisonBenchmarkQuality.exactRootAgreement:evaluatedTokens","avgt",1,1,474110.000000,NaN,"#",SNOWBALL_FRENCH_LUCENE_FILTER,
"org.egothor.stemmer.benchmark.StemmerComparisonBenchmarkQuality.exactRootAgreement:rootEvaluatedTokens","avgt",1,1,108141.000000,NaN,"#",SNOWBALL_FRENCH_LUCENE_FILTER,
"org.egothor.stemmer.benchmark.StemmerComparisonBenchmarkQuality.exactRootAgreement:rootPreservedMatches","avgt",1,1,21576.000000,NaN,"#",SNOWBALL_FRENCH_LUCENE_FILTER,
"org.egothor.stemmer.benchmark.StemmerComparisonBenchmarkQuality.exactRootAgreement","avgt",1,1,138711675.000000,NaN,"ns/op",SNOWBALL_GERMAN_DIRECT,
"org.egothor.stemmer.benchmark.StemmerComparisonBenchmarkQuality.exactRootAgreement:changedCorrectMatches","avgt",1,1,70398.000000,NaN,"#",SNOWBALL_GERMAN_DIRECT,
"org.egothor.stemmer.benchmark.StemmerComparisonBenchmarkQuality.exactRootAgreement:changedEvaluatedTokens","avgt",1,1,242501.000000,NaN,"#",SNOWBALL_GERMAN_DIRECT,
"org.egothor.stemmer.benchmark.StemmerComparisonBenchmarkQuality.exactRootAgreement:correctMatches","avgt",1,1,101520.000000,NaN,"#",SNOWBALL_GERMAN_DIRECT,
"org.egothor.stemmer.benchmark.StemmerComparisonBenchmarkQuality.exactRootAgreement:evaluatedTokens","avgt",1,1,333036.000000,NaN,"#",SNOWBALL_GERMAN_DIRECT,
"org.egothor.stemmer.benchmark.StemmerComparisonBenchmarkQuality.exactRootAgreement:rootEvaluatedTokens","avgt",1,1,90535.000000,NaN,"#",SNOWBALL_GERMAN_DIRECT,
"org.egothor.stemmer.benchmark.StemmerComparisonBenchmarkQuality.exactRootAgreement:rootPreservedMatches","avgt",1,1,31122.000000,NaN,"#",SNOWBALL_GERMAN_DIRECT,
"org.egothor.stemmer.benchmark.StemmerComparisonBenchmarkQuality.exactRootAgreement","avgt",1,1,152662966.000000,NaN,"ns/op",SNOWBALL_GERMAN_LUCENE_FILTER,
"org.egothor.stemmer.benchmark.StemmerComparisonBenchmarkQuality.exactRootAgreement:changedCorrectMatches","avgt",1,1,69970.000000,NaN,"#",SNOWBALL_GERMAN_LUCENE_FILTER,
"org.egothor.stemmer.benchmark.StemmerComparisonBenchmarkQuality.exactRootAgreement:changedEvaluatedTokens","avgt",1,1,242501.000000,NaN,"#",SNOWBALL_GERMAN_LUCENE_FILTER,
"org.egothor.stemmer.benchmark.StemmerComparisonBenchmarkQuality.exactRootAgreement:correctMatches","avgt",1,1,103096.000000,NaN,"#",SNOWBALL_GERMAN_LUCENE_FILTER,
"org.egothor.stemmer.benchmark.StemmerComparisonBenchmarkQuality.exactRootAgreement:evaluatedTokens","avgt",1,1,333036.000000,NaN,"#",SNOWBALL_GERMAN_LUCENE_FILTER,
"org.egothor.stemmer.benchmark.StemmerComparisonBenchmarkQuality.exactRootAgreement:rootEvaluatedTokens","avgt",1,1,90535.000000,NaN,"#",SNOWBALL_GERMAN_LUCENE_FILTER,
"org.egothor.stemmer.benchmark.StemmerComparisonBenchmarkQuality.exactRootAgreement:rootPreservedMatches","avgt",1,1,33126.000000,NaN,"#",SNOWBALL_GERMAN_LUCENE_FILTER,
"org.egothor.stemmer.benchmark.StemmerComparisonBenchmarkQuality.exactRootAgreement","avgt",1,1,168142855.000000,NaN,"ns/op",SNOWBALL_HUNGARIAN_DIRECT,
"org.egothor.stemmer.benchmark.StemmerComparisonBenchmarkQuality.exactRootAgreement:changedCorrectMatches","avgt",1,1,600396.000000,NaN,"#",SNOWBALL_HUNGARIAN_DIRECT,
"org.egothor.stemmer.benchmark.StemmerComparisonBenchmarkQuality.exactRootAgreement:changedEvaluatedTokens","avgt",1,1,896938.000000,NaN,"#",SNOWBALL_HUNGARIAN_DIRECT,
"org.egothor.stemmer.benchmark.StemmerComparisonBenchmarkQuality.exactRootAgreement:correctMatches","avgt",1,1,621739.000000,NaN,"#",SNOWBALL_HUNGARIAN_DIRECT,
"org.egothor.stemmer.benchmark.StemmerComparisonBenchmarkQuality.exactRootAgreement:evaluatedTokens","avgt",1,1,935713.000000,NaN,"#",SNOWBALL_HUNGARIAN_DIRECT,
"org.egothor.stemmer.benchmark.StemmerComparisonBenchmarkQuality.exactRootAgreement:rootEvaluatedTokens","avgt",1,1,38775.000000,NaN,"#",SNOWBALL_HUNGARIAN_DIRECT,
"org.egothor.stemmer.benchmark.StemmerComparisonBenchmarkQuality.exactRootAgreement:rootPreservedMatches","avgt",1,1,21343.000000,NaN,"#",SNOWBALL_HUNGARIAN_DIRECT,
"org.egothor.stemmer.benchmark.StemmerComparisonBenchmarkQuality.exactRootAgreement","avgt",1,1,204277071.000000,NaN,"ns/op",SNOWBALL_HUNGARIAN_LUCENE_FILTER,
"org.egothor.stemmer.benchmark.StemmerComparisonBenchmarkQuality.exactRootAgreement:changedCorrectMatches","avgt",1,1,600396.000000,NaN,"#",SNOWBALL_HUNGARIAN_LUCENE_FILTER,
"org.egothor.stemmer.benchmark.StemmerComparisonBenchmarkQuality.exactRootAgreement:changedEvaluatedTokens","avgt",1,1,896938.000000,NaN,"#",SNOWBALL_HUNGARIAN_LUCENE_FILTER,
"org.egothor.stemmer.benchmark.StemmerComparisonBenchmarkQuality.exactRootAgreement:correctMatches","avgt",1,1,621739.000000,NaN,"#",SNOWBALL_HUNGARIAN_LUCENE_FILTER,
"org.egothor.stemmer.benchmark.StemmerComparisonBenchmarkQuality.exactRootAgreement:evaluatedTokens","avgt",1,1,935713.000000,NaN,"#",SNOWBALL_HUNGARIAN_LUCENE_FILTER,
"org.egothor.stemmer.benchmark.StemmerComparisonBenchmarkQuality.exactRootAgreement:rootEvaluatedTokens","avgt",1,1,38775.000000,NaN,"#",SNOWBALL_HUNGARIAN_LUCENE_FILTER,
"org.egothor.stemmer.benchmark.StemmerComparisonBenchmarkQuality.exactRootAgreement:rootPreservedMatches","avgt",1,1,21343.000000,NaN,"#",SNOWBALL_HUNGARIAN_LUCENE_FILTER,
"org.egothor.stemmer.benchmark.StemmerComparisonBenchmarkQuality.exactRootAgreement","avgt",1,1,137143576.000000,NaN,"ns/op",SNOWBALL_ITALIAN_DIRECT,
"org.egothor.stemmer.benchmark.StemmerComparisonBenchmarkQuality.exactRootAgreement:changedCorrectMatches","avgt",1,1,135.000000,NaN,"#",SNOWBALL_ITALIAN_DIRECT,
"org.egothor.stemmer.benchmark.StemmerComparisonBenchmarkQuality.exactRootAgreement:changedEvaluatedTokens","avgt",1,1,317542.000000,NaN,"#",SNOWBALL_ITALIAN_DIRECT,
"org.egothor.stemmer.benchmark.StemmerComparisonBenchmarkQuality.exactRootAgreement:correctMatches","avgt",1,1,137.000000,NaN,"#",SNOWBALL_ITALIAN_DIRECT,
"org.egothor.stemmer.benchmark.StemmerComparisonBenchmarkQuality.exactRootAgreement:evaluatedTokens","avgt",1,1,337546.000000,NaN,"#",SNOWBALL_ITALIAN_DIRECT,
"org.egothor.stemmer.benchmark.StemmerComparisonBenchmarkQuality.exactRootAgreement:rootEvaluatedTokens","avgt",1,1,20004.000000,NaN,"#",SNOWBALL_ITALIAN_DIRECT,
"org.egothor.stemmer.benchmark.StemmerComparisonBenchmarkQuality.exactRootAgreement:rootPreservedMatches","avgt",1,1,2.000000,NaN,"#",SNOWBALL_ITALIAN_DIRECT,
"org.egothor.stemmer.benchmark.StemmerComparisonBenchmarkQuality.exactRootAgreement","avgt",1,1,142877695.000000,NaN,"ns/op",SNOWBALL_ITALIAN_LUCENE_FILTER,
"org.egothor.stemmer.benchmark.StemmerComparisonBenchmarkQuality.exactRootAgreement:changedCorrectMatches","avgt",1,1,135.000000,NaN,"#",SNOWBALL_ITALIAN_LUCENE_FILTER,
"org.egothor.stemmer.benchmark.StemmerComparisonBenchmarkQuality.exactRootAgreement:changedEvaluatedTokens","avgt",1,1,317542.000000,NaN,"#",SNOWBALL_ITALIAN_LUCENE_FILTER,
"org.egothor.stemmer.benchmark.StemmerComparisonBenchmarkQuality.exactRootAgreement:correctMatches","avgt",1,1,137.000000,NaN,"#",SNOWBALL_ITALIAN_LUCENE_FILTER,
"org.egothor.stemmer.benchmark.StemmerComparisonBenchmarkQuality.exactRootAgreement:evaluatedTokens","avgt",1,1,337546.000000,NaN,"#",SNOWBALL_ITALIAN_LUCENE_FILTER,
"org.egothor.stemmer.benchmark.StemmerComparisonBenchmarkQuality.exactRootAgreement:rootEvaluatedTokens","avgt",1,1,20004.000000,NaN,"#",SNOWBALL_ITALIAN_LUCENE_FILTER,
"org.egothor.stemmer.benchmark.StemmerComparisonBenchmarkQuality.exactRootAgreement:rootPreservedMatches","avgt",1,1,2.000000,NaN,"#",SNOWBALL_ITALIAN_LUCENE_FILTER,
"org.egothor.stemmer.benchmark.StemmerComparisonBenchmarkQuality.exactRootAgreement","avgt",1,1,14254608.000000,NaN,"ns/op",SNOWBALL_NORWEGIAN_BOKMAL_DIRECT,
"org.egothor.stemmer.benchmark.StemmerComparisonBenchmarkQuality.exactRootAgreement:changedCorrectMatches","avgt",1,1,29718.000000,NaN,"#",SNOWBALL_NORWEGIAN_BOKMAL_DIRECT,
"org.egothor.stemmer.benchmark.StemmerComparisonBenchmarkQuality.exactRootAgreement:changedEvaluatedTokens","avgt",1,1,57381.000000,NaN,"#",SNOWBALL_NORWEGIAN_BOKMAL_DIRECT,
"org.egothor.stemmer.benchmark.StemmerComparisonBenchmarkQuality.exactRootAgreement:correctMatches","avgt",1,1,49757.000000,NaN,"#",SNOWBALL_NORWEGIAN_BOKMAL_DIRECT,
"org.egothor.stemmer.benchmark.StemmerComparisonBenchmarkQuality.exactRootAgreement:evaluatedTokens","avgt",1,1,90757.000000,NaN,"#",SNOWBALL_NORWEGIAN_BOKMAL_DIRECT,
"org.egothor.stemmer.benchmark.StemmerComparisonBenchmarkQuality.exactRootAgreement:rootEvaluatedTokens","avgt",1,1,33376.000000,NaN,"#",SNOWBALL_NORWEGIAN_BOKMAL_DIRECT,
"org.egothor.stemmer.benchmark.StemmerComparisonBenchmarkQuality.exactRootAgreement:rootPreservedMatches","avgt",1,1,20039.000000,NaN,"#",SNOWBALL_NORWEGIAN_BOKMAL_DIRECT,
"org.egothor.stemmer.benchmark.StemmerComparisonBenchmarkQuality.exactRootAgreement","avgt",1,1,14910497.000000,NaN,"ns/op",SNOWBALL_NORWEGIAN_BOKMAL_LUCENE_FILTER,
"org.egothor.stemmer.benchmark.StemmerComparisonBenchmarkQuality.exactRootAgreement:changedCorrectMatches","avgt",1,1,29712.000000,NaN,"#",SNOWBALL_NORWEGIAN_BOKMAL_LUCENE_FILTER,
"org.egothor.stemmer.benchmark.StemmerComparisonBenchmarkQuality.exactRootAgreement:changedEvaluatedTokens","avgt",1,1,57381.000000,NaN,"#",SNOWBALL_NORWEGIAN_BOKMAL_LUCENE_FILTER,
"org.egothor.stemmer.benchmark.StemmerComparisonBenchmarkQuality.exactRootAgreement:correctMatches","avgt",1,1,49738.000000,NaN,"#",SNOWBALL_NORWEGIAN_BOKMAL_LUCENE_FILTER,
"org.egothor.stemmer.benchmark.StemmerComparisonBenchmarkQuality.exactRootAgreement:evaluatedTokens","avgt",1,1,90757.000000,NaN,"#",SNOWBALL_NORWEGIAN_BOKMAL_LUCENE_FILTER,
"org.egothor.stemmer.benchmark.StemmerComparisonBenchmarkQuality.exactRootAgreement:rootEvaluatedTokens","avgt",1,1,33376.000000,NaN,"#",SNOWBALL_NORWEGIAN_BOKMAL_LUCENE_FILTER,
"org.egothor.stemmer.benchmark.StemmerComparisonBenchmarkQuality.exactRootAgreement:rootPreservedMatches","avgt",1,1,20026.000000,NaN,"#",SNOWBALL_NORWEGIAN_BOKMAL_LUCENE_FILTER,
"org.egothor.stemmer.benchmark.StemmerComparisonBenchmarkQuality.exactRootAgreement","avgt",1,1,2152789.000000,NaN,"ns/op",SNOWBALL_NORWEGIAN_NYNORSK_DIRECT,
"org.egothor.stemmer.benchmark.StemmerComparisonBenchmarkQuality.exactRootAgreement:changedCorrectMatches","avgt",1,1,8166.000000,NaN,"#",SNOWBALL_NORWEGIAN_NYNORSK_DIRECT,
"org.egothor.stemmer.benchmark.StemmerComparisonBenchmarkQuality.exactRootAgreement:changedEvaluatedTokens","avgt",1,1,13562.000000,NaN,"#",SNOWBALL_NORWEGIAN_NYNORSK_DIRECT,
"org.egothor.stemmer.benchmark.StemmerComparisonBenchmarkQuality.exactRootAgreement:correctMatches","avgt",1,1,11982.000000,NaN,"#",SNOWBALL_NORWEGIAN_NYNORSK_DIRECT,
"org.egothor.stemmer.benchmark.StemmerComparisonBenchmarkQuality.exactRootAgreement:evaluatedTokens","avgt",1,1,19651.000000,NaN,"#",SNOWBALL_NORWEGIAN_NYNORSK_DIRECT,
"org.egothor.stemmer.benchmark.StemmerComparisonBenchmarkQuality.exactRootAgreement:rootEvaluatedTokens","avgt",1,1,6089.000000,NaN,"#",SNOWBALL_NORWEGIAN_NYNORSK_DIRECT,
"org.egothor.stemmer.benchmark.StemmerComparisonBenchmarkQuality.exactRootAgreement:rootPreservedMatches","avgt",1,1,3816.000000,NaN,"#",SNOWBALL_NORWEGIAN_NYNORSK_DIRECT,
"org.egothor.stemmer.benchmark.StemmerComparisonBenchmarkQuality.exactRootAgreement","avgt",1,1,2587873.000000,NaN,"ns/op",SNOWBALL_NORWEGIAN_NYNORSK_LUCENE_FILTER,
"org.egothor.stemmer.benchmark.StemmerComparisonBenchmarkQuality.exactRootAgreement:changedCorrectMatches","avgt",1,1,8157.000000,NaN,"#",SNOWBALL_NORWEGIAN_NYNORSK_LUCENE_FILTER,
"org.egothor.stemmer.benchmark.StemmerComparisonBenchmarkQuality.exactRootAgreement:changedEvaluatedTokens","avgt",1,1,13562.000000,NaN,"#",SNOWBALL_NORWEGIAN_NYNORSK_LUCENE_FILTER,
"org.egothor.stemmer.benchmark.StemmerComparisonBenchmarkQuality.exactRootAgreement:correctMatches","avgt",1,1,11971.000000,NaN,"#",SNOWBALL_NORWEGIAN_NYNORSK_LUCENE_FILTER,
"org.egothor.stemmer.benchmark.StemmerComparisonBenchmarkQuality.exactRootAgreement:evaluatedTokens","avgt",1,1,19651.000000,NaN,"#",SNOWBALL_NORWEGIAN_NYNORSK_LUCENE_FILTER,
"org.egothor.stemmer.benchmark.StemmerComparisonBenchmarkQuality.exactRootAgreement:rootEvaluatedTokens","avgt",1,1,6089.000000,NaN,"#",SNOWBALL_NORWEGIAN_NYNORSK_LUCENE_FILTER,
"org.egothor.stemmer.benchmark.StemmerComparisonBenchmarkQuality.exactRootAgreement:rootPreservedMatches","avgt",1,1,3814.000000,NaN,"#",SNOWBALL_NORWEGIAN_NYNORSK_LUCENE_FILTER,
"org.egothor.stemmer.benchmark.StemmerComparisonBenchmarkQuality.exactRootAgreement","avgt",1,1,2744551.000000,NaN,"ns/op",SNOWBALL_PERSIAN_DIRECT,
"org.egothor.stemmer.benchmark.StemmerComparisonBenchmarkQuality.exactRootAgreement:changedCorrectMatches","avgt",1,1,0.000000,NaN,"#",SNOWBALL_PERSIAN_DIRECT,
"org.egothor.stemmer.benchmark.StemmerComparisonBenchmarkQuality.exactRootAgreement:changedEvaluatedTokens","avgt",1,1,3632.000000,NaN,"#",SNOWBALL_PERSIAN_DIRECT,
"org.egothor.stemmer.benchmark.StemmerComparisonBenchmarkQuality.exactRootAgreement:correctMatches","avgt",1,1,138.000000,NaN,"#",SNOWBALL_PERSIAN_DIRECT,
"org.egothor.stemmer.benchmark.StemmerComparisonBenchmarkQuality.exactRootAgreement:evaluatedTokens","avgt",1,1,3770.000000,NaN,"#",SNOWBALL_PERSIAN_DIRECT,
"org.egothor.stemmer.benchmark.StemmerComparisonBenchmarkQuality.exactRootAgreement:rootEvaluatedTokens","avgt",1,1,138.000000,NaN,"#",SNOWBALL_PERSIAN_DIRECT,
"org.egothor.stemmer.benchmark.StemmerComparisonBenchmarkQuality.exactRootAgreement:rootPreservedMatches","avgt",1,1,138.000000,NaN,"#",SNOWBALL_PERSIAN_DIRECT,
"org.egothor.stemmer.benchmark.StemmerComparisonBenchmarkQuality.exactRootAgreement","avgt",1,1,20831573.000000,NaN,"ns/op",SNOWBALL_POLISH_DIRECT,
"org.egothor.stemmer.benchmark.StemmerComparisonBenchmarkQuality.exactRootAgreement:changedCorrectMatches","avgt",1,1,22723.000000,NaN,"#",SNOWBALL_POLISH_DIRECT,
"org.egothor.stemmer.benchmark.StemmerComparisonBenchmarkQuality.exactRootAgreement:changedEvaluatedTokens","avgt",1,1,112351.000000,NaN,"#",SNOWBALL_POLISH_DIRECT,
"org.egothor.stemmer.benchmark.StemmerComparisonBenchmarkQuality.exactRootAgreement:correctMatches","avgt",1,1,29524.000000,NaN,"#",SNOWBALL_POLISH_DIRECT,
"org.egothor.stemmer.benchmark.StemmerComparisonBenchmarkQuality.exactRootAgreement:evaluatedTokens","avgt",1,1,132308.000000,NaN,"#",SNOWBALL_POLISH_DIRECT,
"org.egothor.stemmer.benchmark.StemmerComparisonBenchmarkQuality.exactRootAgreement:rootEvaluatedTokens","avgt",1,1,19957.000000,NaN,"#",SNOWBALL_POLISH_DIRECT,
"org.egothor.stemmer.benchmark.StemmerComparisonBenchmarkQuality.exactRootAgreement:rootPreservedMatches","avgt",1,1,6801.000000,NaN,"#",SNOWBALL_POLISH_DIRECT,
"org.egothor.stemmer.benchmark.StemmerComparisonBenchmarkQuality.exactRootAgreement","avgt",1,1,66018319.000000,NaN,"ns/op",SNOWBALL_PORTUGUESE_DIRECT,
"org.egothor.stemmer.benchmark.StemmerComparisonBenchmarkQuality.exactRootAgreement:changedCorrectMatches","avgt",1,1,1157.000000,NaN,"#",SNOWBALL_PORTUGUESE_DIRECT,
"org.egothor.stemmer.benchmark.StemmerComparisonBenchmarkQuality.exactRootAgreement:changedEvaluatedTokens","avgt",1,1,207488.000000,NaN,"#",SNOWBALL_PORTUGUESE_DIRECT,
"org.egothor.stemmer.benchmark.StemmerComparisonBenchmarkQuality.exactRootAgreement:correctMatches","avgt",1,1,1347.000000,NaN,"#",SNOWBALL_PORTUGUESE_DIRECT,
"org.egothor.stemmer.benchmark.StemmerComparisonBenchmarkQuality.exactRootAgreement:evaluatedTokens","avgt",1,1,215490.000000,NaN,"#",SNOWBALL_PORTUGUESE_DIRECT,
"org.egothor.stemmer.benchmark.StemmerComparisonBenchmarkQuality.exactRootAgreement:rootEvaluatedTokens","avgt",1,1,8002.000000,NaN,"#",SNOWBALL_PORTUGUESE_DIRECT,
"org.egothor.stemmer.benchmark.StemmerComparisonBenchmarkQuality.exactRootAgreement:rootPreservedMatches","avgt",1,1,190.000000,NaN,"#",SNOWBALL_PORTUGUESE_DIRECT,
"org.egothor.stemmer.benchmark.StemmerComparisonBenchmarkQuality.exactRootAgreement","avgt",1,1,74435319.000000,NaN,"ns/op",SNOWBALL_PORTUGUESE_LUCENE_FILTER,
"org.egothor.stemmer.benchmark.StemmerComparisonBenchmarkQuality.exactRootAgreement:changedCorrectMatches","avgt",1,1,1157.000000,NaN,"#",SNOWBALL_PORTUGUESE_LUCENE_FILTER,
"org.egothor.stemmer.benchmark.StemmerComparisonBenchmarkQuality.exactRootAgreement:changedEvaluatedTokens","avgt",1,1,207488.000000,NaN,"#",SNOWBALL_PORTUGUESE_LUCENE_FILTER,
"org.egothor.stemmer.benchmark.StemmerComparisonBenchmarkQuality.exactRootAgreement:correctMatches","avgt",1,1,1347.000000,NaN,"#",SNOWBALL_PORTUGUESE_LUCENE_FILTER,
"org.egothor.stemmer.benchmark.StemmerComparisonBenchmarkQuality.exactRootAgreement:evaluatedTokens","avgt",1,1,215490.000000,NaN,"#",SNOWBALL_PORTUGUESE_LUCENE_FILTER,
"org.egothor.stemmer.benchmark.StemmerComparisonBenchmarkQuality.exactRootAgreement:rootEvaluatedTokens","avgt",1,1,8002.000000,NaN,"#",SNOWBALL_PORTUGUESE_LUCENE_FILTER,
"org.egothor.stemmer.benchmark.StemmerComparisonBenchmarkQuality.exactRootAgreement:rootPreservedMatches","avgt",1,1,190.000000,NaN,"#",SNOWBALL_PORTUGUESE_LUCENE_FILTER,
"org.egothor.stemmer.benchmark.StemmerComparisonBenchmarkQuality.exactRootAgreement","avgt",1,1,151784638.000000,NaN,"ns/op",SNOWBALL_RUSSIAN_DIRECT,
"org.egothor.stemmer.benchmark.StemmerComparisonBenchmarkQuality.exactRootAgreement:changedCorrectMatches","avgt",1,1,59702.000000,NaN,"#",SNOWBALL_RUSSIAN_DIRECT,
"org.egothor.stemmer.benchmark.StemmerComparisonBenchmarkQuality.exactRootAgreement:changedEvaluatedTokens","avgt",1,1,731471.000000,NaN,"#",SNOWBALL_RUSSIAN_DIRECT,
"org.egothor.stemmer.benchmark.StemmerComparisonBenchmarkQuality.exactRootAgreement:correctMatches","avgt",1,1,73868.000000,NaN,"#",SNOWBALL_RUSSIAN_DIRECT,
"org.egothor.stemmer.benchmark.StemmerComparisonBenchmarkQuality.exactRootAgreement:evaluatedTokens","avgt",1,1,806279.000000,NaN,"#",SNOWBALL_RUSSIAN_DIRECT,
"org.egothor.stemmer.benchmark.StemmerComparisonBenchmarkQuality.exactRootAgreement:rootEvaluatedTokens","avgt",1,1,74808.000000,NaN,"#",SNOWBALL_RUSSIAN_DIRECT,
"org.egothor.stemmer.benchmark.StemmerComparisonBenchmarkQuality.exactRootAgreement:rootPreservedMatches","avgt",1,1,14166.000000,NaN,"#",SNOWBALL_RUSSIAN_DIRECT,
"org.egothor.stemmer.benchmark.StemmerComparisonBenchmarkQuality.exactRootAgreement","avgt",1,1,192122103.000000,NaN,"ns/op",SNOWBALL_RUSSIAN_LUCENE_FILTER,
"org.egothor.stemmer.benchmark.StemmerComparisonBenchmarkQuality.exactRootAgreement:changedCorrectMatches","avgt",1,1,59702.000000,NaN,"#",SNOWBALL_RUSSIAN_LUCENE_FILTER,
"org.egothor.stemmer.benchmark.StemmerComparisonBenchmarkQuality.exactRootAgreement:changedEvaluatedTokens","avgt",1,1,731471.000000,NaN,"#",SNOWBALL_RUSSIAN_LUCENE_FILTER,
"org.egothor.stemmer.benchmark.StemmerComparisonBenchmarkQuality.exactRootAgreement:correctMatches","avgt",1,1,73868.000000,NaN,"#",SNOWBALL_RUSSIAN_LUCENE_FILTER,
"org.egothor.stemmer.benchmark.StemmerComparisonBenchmarkQuality.exactRootAgreement:evaluatedTokens","avgt",1,1,806279.000000,NaN,"#",SNOWBALL_RUSSIAN_LUCENE_FILTER,
"org.egothor.stemmer.benchmark.StemmerComparisonBenchmarkQuality.exactRootAgreement:rootEvaluatedTokens","avgt",1,1,74808.000000,NaN,"#",SNOWBALL_RUSSIAN_LUCENE_FILTER,
"org.egothor.stemmer.benchmark.StemmerComparisonBenchmarkQuality.exactRootAgreement:rootPreservedMatches","avgt",1,1,14166.000000,NaN,"#",SNOWBALL_RUSSIAN_LUCENE_FILTER,
"org.egothor.stemmer.benchmark.StemmerComparisonBenchmarkQuality.exactRootAgreement","avgt",1,1,232724785.000000,NaN,"ns/op",SNOWBALL_SPANISH_DIRECT,
"org.egothor.stemmer.benchmark.StemmerComparisonBenchmarkQuality.exactRootAgreement:changedCorrectMatches","avgt",1,1,34562.000000,NaN,"#",SNOWBALL_SPANISH_DIRECT,
"org.egothor.stemmer.benchmark.StemmerComparisonBenchmarkQuality.exactRootAgreement:changedEvaluatedTokens","avgt",1,1,806272.000000,NaN,"#",SNOWBALL_SPANISH_DIRECT,
"org.egothor.stemmer.benchmark.StemmerComparisonBenchmarkQuality.exactRootAgreement:correctMatches","avgt",1,1,45289.000000,NaN,"#",SNOWBALL_SPANISH_DIRECT,
"org.egothor.stemmer.benchmark.StemmerComparisonBenchmarkQuality.exactRootAgreement:evaluatedTokens","avgt",1,1,926393.000000,NaN,"#",SNOWBALL_SPANISH_DIRECT,
"org.egothor.stemmer.benchmark.StemmerComparisonBenchmarkQuality.exactRootAgreement:rootEvaluatedTokens","avgt",1,1,120121.000000,NaN,"#",SNOWBALL_SPANISH_DIRECT,
"org.egothor.stemmer.benchmark.StemmerComparisonBenchmarkQuality.exactRootAgreement:rootPreservedMatches","avgt",1,1,10727.000000,NaN,"#",SNOWBALL_SPANISH_DIRECT,
"org.egothor.stemmer.benchmark.StemmerComparisonBenchmarkQuality.exactRootAgreement","avgt",1,1,262897076.000000,NaN,"ns/op",SNOWBALL_SPANISH_LUCENE_FILTER,
"org.egothor.stemmer.benchmark.StemmerComparisonBenchmarkQuality.exactRootAgreement:changedCorrectMatches","avgt",1,1,34562.000000,NaN,"#",SNOWBALL_SPANISH_LUCENE_FILTER,
"org.egothor.stemmer.benchmark.StemmerComparisonBenchmarkQuality.exactRootAgreement:changedEvaluatedTokens","avgt",1,1,806272.000000,NaN,"#",SNOWBALL_SPANISH_LUCENE_FILTER,
"org.egothor.stemmer.benchmark.StemmerComparisonBenchmarkQuality.exactRootAgreement:correctMatches","avgt",1,1,45291.000000,NaN,"#",SNOWBALL_SPANISH_LUCENE_FILTER,
"org.egothor.stemmer.benchmark.StemmerComparisonBenchmarkQuality.exactRootAgreement:evaluatedTokens","avgt",1,1,926393.000000,NaN,"#",SNOWBALL_SPANISH_LUCENE_FILTER,
"org.egothor.stemmer.benchmark.StemmerComparisonBenchmarkQuality.exactRootAgreement:rootEvaluatedTokens","avgt",1,1,120121.000000,NaN,"#",SNOWBALL_SPANISH_LUCENE_FILTER,
"org.egothor.stemmer.benchmark.StemmerComparisonBenchmarkQuality.exactRootAgreement:rootPreservedMatches","avgt",1,1,10729.000000,NaN,"#",SNOWBALL_SPANISH_LUCENE_FILTER,
"org.egothor.stemmer.benchmark.StemmerComparisonBenchmarkQuality.exactRootAgreement","avgt",1,1,13994211.000000,NaN,"ns/op",SNOWBALL_SWEDISH_DIRECT,
"org.egothor.stemmer.benchmark.StemmerComparisonBenchmarkQuality.exactRootAgreement:changedCorrectMatches","avgt",1,1,32162.000000,NaN,"#",SNOWBALL_SWEDISH_DIRECT,
"org.egothor.stemmer.benchmark.StemmerComparisonBenchmarkQuality.exactRootAgreement:changedEvaluatedTokens","avgt",1,1,85737.000000,NaN,"#",SNOWBALL_SWEDISH_DIRECT,
"org.egothor.stemmer.benchmark.StemmerComparisonBenchmarkQuality.exactRootAgreement:correctMatches","avgt",1,1,44262.000000,NaN,"#",SNOWBALL_SWEDISH_DIRECT,
"org.egothor.stemmer.benchmark.StemmerComparisonBenchmarkQuality.exactRootAgreement:evaluatedTokens","avgt",1,1,110468.000000,NaN,"#",SNOWBALL_SWEDISH_DIRECT,
"org.egothor.stemmer.benchmark.StemmerComparisonBenchmarkQuality.exactRootAgreement:rootEvaluatedTokens","avgt",1,1,24731.000000,NaN,"#",SNOWBALL_SWEDISH_DIRECT,
"org.egothor.stemmer.benchmark.StemmerComparisonBenchmarkQuality.exactRootAgreement:rootPreservedMatches","avgt",1,1,12100.000000,NaN,"#",SNOWBALL_SWEDISH_DIRECT,
"org.egothor.stemmer.benchmark.StemmerComparisonBenchmarkQuality.exactRootAgreement","avgt",1,1,19240686.000000,NaN,"ns/op",SNOWBALL_SWEDISH_LUCENE_FILTER,
"org.egothor.stemmer.benchmark.StemmerComparisonBenchmarkQuality.exactRootAgreement:changedCorrectMatches","avgt",1,1,30727.000000,NaN,"#",SNOWBALL_SWEDISH_LUCENE_FILTER,
"org.egothor.stemmer.benchmark.StemmerComparisonBenchmarkQuality.exactRootAgreement:changedEvaluatedTokens","avgt",1,1,85737.000000,NaN,"#",SNOWBALL_SWEDISH_LUCENE_FILTER,
"org.egothor.stemmer.benchmark.StemmerComparisonBenchmarkQuality.exactRootAgreement:correctMatches","avgt",1,1,42845.000000,NaN,"#",SNOWBALL_SWEDISH_LUCENE_FILTER,
"org.egothor.stemmer.benchmark.StemmerComparisonBenchmarkQuality.exactRootAgreement:evaluatedTokens","avgt",1,1,110468.000000,NaN,"#",SNOWBALL_SWEDISH_LUCENE_FILTER,
"org.egothor.stemmer.benchmark.StemmerComparisonBenchmarkQuality.exactRootAgreement:rootEvaluatedTokens","avgt",1,1,24731.000000,NaN,"#",SNOWBALL_SWEDISH_LUCENE_FILTER,
"org.egothor.stemmer.benchmark.StemmerComparisonBenchmarkQuality.exactRootAgreement:rootPreservedMatches","avgt",1,1,12118.000000,NaN,"#",SNOWBALL_SWEDISH_LUCENE_FILTER,
"org.egothor.stemmer.benchmark.StemmerComparisonBenchmarkQuality.exactRootAgreement","avgt",1,1,5081017.000000,NaN,"ns/op",SNOWBALL_YIDDISH_DIRECT,
"org.egothor.stemmer.benchmark.StemmerComparisonBenchmarkQuality.exactRootAgreement:changedCorrectMatches","avgt",1,1,71.000000,NaN,"#",SNOWBALL_YIDDISH_DIRECT,
"org.egothor.stemmer.benchmark.StemmerComparisonBenchmarkQuality.exactRootAgreement:changedEvaluatedTokens","avgt",1,1,2776.000000,NaN,"#",SNOWBALL_YIDDISH_DIRECT,
"org.egothor.stemmer.benchmark.StemmerComparisonBenchmarkQuality.exactRootAgreement:correctMatches","avgt",1,1,122.000000,NaN,"#",SNOWBALL_YIDDISH_DIRECT,
"org.egothor.stemmer.benchmark.StemmerComparisonBenchmarkQuality.exactRootAgreement:evaluatedTokens","avgt",1,1,4300.000000,NaN,"#",SNOWBALL_YIDDISH_DIRECT,
"org.egothor.stemmer.benchmark.StemmerComparisonBenchmarkQuality.exactRootAgreement:rootEvaluatedTokens","avgt",1,1,1524.000000,NaN,"#",SNOWBALL_YIDDISH_DIRECT,
"org.egothor.stemmer.benchmark.StemmerComparisonBenchmarkQuality.exactRootAgreement:rootPreservedMatches","avgt",1,1,51.000000,NaN,"#",SNOWBALL_YIDDISH_DIRECT,
"org.egothor.stemmer.benchmark.StemmerComparisonBenchmarkQuality.exactRootAgreement","avgt",1,1,4772212.000000,NaN,"ns/op",SNOWBALL_YIDDISH_LUCENE_FILTER,
"org.egothor.stemmer.benchmark.StemmerComparisonBenchmarkQuality.exactRootAgreement:changedCorrectMatches","avgt",1,1,71.000000,NaN,"#",SNOWBALL_YIDDISH_LUCENE_FILTER,
"org.egothor.stemmer.benchmark.StemmerComparisonBenchmarkQuality.exactRootAgreement:changedEvaluatedTokens","avgt",1,1,2776.000000,NaN,"#",SNOWBALL_YIDDISH_LUCENE_FILTER,
"org.egothor.stemmer.benchmark.StemmerComparisonBenchmarkQuality.exactRootAgreement:correctMatches","avgt",1,1,122.000000,NaN,"#",SNOWBALL_YIDDISH_LUCENE_FILTER,
"org.egothor.stemmer.benchmark.StemmerComparisonBenchmarkQuality.exactRootAgreement:evaluatedTokens","avgt",1,1,4300.000000,NaN,"#",SNOWBALL_YIDDISH_LUCENE_FILTER,
"org.egothor.stemmer.benchmark.StemmerComparisonBenchmarkQuality.exactRootAgreement:rootEvaluatedTokens","avgt",1,1,1524.000000,NaN,"#",SNOWBALL_YIDDISH_LUCENE_FILTER,
"org.egothor.stemmer.benchmark.StemmerComparisonBenchmarkQuality.exactRootAgreement:rootPreservedMatches","avgt",1,1,51.000000,NaN,"#",SNOWBALL_YIDDISH_LUCENE_FILTER,
