Stemmer,Language,Dictionary model ID,Dictionary model version,Dictionary model SHA-256,Dictionary mode,Output policy,Applied dictionary rows,Processed word forms,Singleton dictionary rows,Forms with one candidate,Forms with multiple candidates,Maximum candidates for one form,Total candidate assignments,Distinct output stems,True-positive pairs,False-positive pairs,False-negative pairs,True-negative pairs,Over-stemming error pairs,Over-stemming possible pairs,Over-stemming percentage,Under-stemming error pairs,Under-stemming possible pairs,Under-stemming percentage,Pairwise precision,Pairwise recall,Pairwise specificity,Pairwise accuracy,Balanced accuracy,Pairwise F0.5,Pairwise F1,Pairwise F2,Jaccard index,Fowlkes-Mallows index,Matthews correlation coefficient,Pairwise error rate,Adjusted Rand Index,Homogeneity,Completeness,V-measure,Normalized mutual information
"ADY_RADIXOR","ADY","ady-default","1.0.0","a6ec25c18612cfdc77d43aba4bf49ec3b6cf07e3e484af404a788dff7e944e16","ALL_WORDS","PRIMARY_OUTPUT","1635","20347","0","20347","0","1","20347","1635","116747","0","222","206873062","0","206873062","0.000000","222","116969","0.189794","1.000000000000","0.998102061230","1.000000000000","0.999998927485","0.999051030615","0.999619835022","0.999050129217","0.998481072418","0.998102061230","0.999050579916","0.999050043865","0.000001072515","","","","",""
"ADY_RADIXOR","ADY","ady-default","1.0.0","a6ec25c18612cfdc77d43aba4bf49ec3b6cf07e3e484af404a788dff7e944e16","ALL_WORDS","ANY_CANDIDATE","1635","20347","0","20328","19","2","20366","1635","","","","","0","206873062","0.000000","0","116969","0.000000","","","","","","","","","","","","","","","","",""
"ADY_RADIXOR","ADY","ady-default","1.0.0","a6ec25c18612cfdc77d43aba4bf49ec3b6cf07e3e484af404a788dff7e944e16","ALL_WORDS","ALL_CANDIDATES","1635","20347","0","20328","19","2","20366","1635","116969","0","0","206873062","0","206873062","0.000000","0","116969","0.000000","1.000000000000","1.000000000000","1.000000000000","1.000000000000","1.000000000000","1.000000000000","1.000000000000","1.000000000000","1.000000000000","1.000000000000","1.000000000000","0.000000000000","","","","",""
"ADY_RADIXOR","ADY","ady-default","1.0.0","a6ec25c18612cfdc77d43aba4bf49ec3b6cf07e3e484af404a788dff7e944e16","LOWERCASE_GROUPS_ONLY","PRIMARY_OUTPUT","1635","20347","0","20347","0","1","20347","1635","116747","0","222","206873062","0","206873062","0.000000","222","116969","0.189794","1.000000000000","0.998102061230","1.000000000000","0.999998927485","0.999051030615","0.999619835022","0.999050129217","0.998481072418","0.998102061230","0.999050579916","0.999050043865","0.000001072515","","","","",""
"ADY_RADIXOR","ADY","ady-default","1.0.0","a6ec25c18612cfdc77d43aba4bf49ec3b6cf07e3e484af404a788dff7e944e16","LOWERCASE_GROUPS_ONLY","ANY_CANDIDATE","1635","20347","0","20328","19","2","20366","1635","","","","","0","206873062","0.000000","0","116969","0.000000","","","","","","","","","","","","","","","","",""
"ADY_RADIXOR","ADY","ady-default","1.0.0","a6ec25c18612cfdc77d43aba4bf49ec3b6cf07e3e484af404a788dff7e944e16","LOWERCASE_GROUPS_ONLY","ALL_CANDIDATES","1635","20347","0","20328","19","2","20366","1635","116969","0","0","206873062","0","206873062","0.000000","0","116969","0.000000","1.000000000000","1.000000000000","1.000000000000","1.000000000000","1.000000000000","1.000000000000","1.000000000000","1.000000000000","1.000000000000","1.000000000000","1.000000000000","0.000000000000","","","","",""
"AFB_RADIXOR","AFB","afb-default","1.0.0","7ba0759227455725063648b569652e0442452501fa58b763f3861a3828655ba7","ALL_WORDS","PRIMARY_OUTPUT","6345","29344","33","29344","0","1","29344","6345","141103","0","3796","430375597","0","430375597","0.000000","3796","144899","2.619756","1.000000000000","0.973802441701","1.000000000000","0.999991182766","0.986901220850","0.994648327743","0.986727365543","0.978931565050","0.973802441701","0.986814289368","0.986809937446","0.000008817234","","","","",""
"AFB_RADIXOR","AFB","afb-default","1.0.0","7ba0759227455725063648b569652e0442452501fa58b763f3861a3828655ba7","ALL_WORDS","ANY_CANDIDATE","6345","29344","33","28605","739","6","30156","6345","","","","","0","430375597","0.000000","0","144899","0.000000","","","","","","","","","","","","","","","","",""
"AFB_RADIXOR","AFB","afb-default","1.0.0","7ba0759227455725063648b569652e0442452501fa58b763f3861a3828655ba7","ALL_WORDS","ALL_CANDIDATES","6345","29344","33","28605","739","6","30156","6345","144899","0","0","430375597","0","430375597","0.000000","0","144899","0.000000","1.000000000000","1.000000000000","1.000000000000","1.000000000000","1.000000000000","1.000000000000","1.000000000000","1.000000000000","1.000000000000","1.000000000000","1.000000000000","0.000000000000","","","","",""
"AFB_RADIXOR","AFB","afb-default","1.0.0","7ba0759227455725063648b569652e0442452501fa58b763f3861a3828655ba7","LOWERCASE_GROUPS_ONLY","PRIMARY_OUTPUT","6345","29344","33","29344","0","1","29344","6345","141103","0","3796","430375597","0","430375597","0.000000","3796","144899","2.619756","1.000000000000","0.973802441701","1.000000000000","0.999991182766","0.986901220850","0.994648327743","0.986727365543","0.978931565050","0.973802441701","0.986814289368","0.986809937446","0.000008817234","","","","",""
"AFB_RADIXOR","AFB","afb-default","1.0.0","7ba0759227455725063648b569652e0442452501fa58b763f3861a3828655ba7","LOWERCASE_GROUPS_ONLY","ANY_CANDIDATE","6345","29344","33","28605","739","6","30156","6345","","","","","0","430375597","0.000000","0","144899","0.000000","","","","","","","","","","","","","","","","",""
"AFB_RADIXOR","AFB","afb-default","1.0.0","7ba0759227455725063648b569652e0442452501fa58b763f3861a3828655ba7","LOWERCASE_GROUPS_ONLY","ALL_CANDIDATES","6345","29344","33","28605","739","6","30156","6345","144899","0","0","430375597","0","430375597","0.000000","0","144899","0.000000","1.000000000000","1.000000000000","1.000000000000","1.000000000000","1.000000000000","1.000000000000","1.000000000000","1.000000000000","1.000000000000","1.000000000000","1.000000000000","0.000000000000","","","","",""
"AF_ZA_RADIXOR","AF_ZA","af-za-default","1.0.0","ab23228100b7671fa7a21a23c6c8662a71de69584b277033d5160806542b4bbd","ALL_WORDS","PRIMARY_OUTPUT","170974","297154","61729","297154","0","1","297154","170749","155039","0","5639","44149940603","0","44149940603","0.000000","5639","160678","3.509503","1.000000000000","0.964904965210","1.000000000000","0.999999872277","0.982452482605","0.992778234554","0.982139067583","0.971725513349","0.964904965210","0.982295762594","0.982295699863","0.000000127723","","","","",""
"AF_ZA_RADIXOR","AF_ZA","af-za-default","1.0.0","ab23228100b7671fa7a21a23c6c8662a71de69584b277033d5160806542b4bbd","ALL_WORDS","ANY_CANDIDATE","170974","297154","61729","292858","4296","3","301545","170974","","","","","0","44149940603","0.000000","0","160678","0.000000","","","","","","","","","","","","","","","","",""
"AF_ZA_RADIXOR","AF_ZA","af-za-default","1.0.0","ab23228100b7671fa7a21a23c6c8662a71de69584b277033d5160806542b4bbd","ALL_WORDS","ALL_CANDIDATES","170974","297154","61729","292858","4296","3","301545","170974","160678","0","0","44149940603","0","44149940603","0.000000","0","160678","0.000000","1.000000000000","1.000000000000","1.000000000000","1.000000000000","1.000000000000","1.000000000000","1.000000000000","1.000000000000","1.000000000000","1.000000000000","1.000000000000","0.000000000000","","","","",""
"AF_ZA_RADIXOR","AF_ZA","af-za-default","1.0.0","ab23228100b7671fa7a21a23c6c8662a71de69584b277033d5160806542b4bbd","LOWERCASE_GROUPS_ONLY","PRIMARY_OUTPUT","170974","297154","61729","297154","0","1","297154","170749","155039","0","5639","44149940603","0","44149940603","0.000000","5639","160678","3.509503","1.000000000000","0.964904965210","1.000000000000","0.999999872277","0.982452482605","0.992778234554","0.982139067583","0.971725513349","0.964904965210","0.982295762594","0.982295699863","0.000000127723","","","","",""
"AF_ZA_RADIXOR","AF_ZA","af-za-default","1.0.0","ab23228100b7671fa7a21a23c6c8662a71de69584b277033d5160806542b4bbd","LOWERCASE_GROUPS_ONLY","ANY_CANDIDATE","170974","297154","61729","292858","4296","3","301545","170974","","","","","0","44149940603","0.000000","0","160678","0.000000","","","","","","","","","","","","","","","","",""
"AF_ZA_RADIXOR","AF_ZA","af-za-default","1.0.0","ab23228100b7671fa7a21a23c6c8662a71de69584b277033d5160806542b4bbd","LOWERCASE_GROUPS_ONLY","ALL_CANDIDATES","170974","297154","61729","292858","4296","3","301545","170974","160678","0","0","44149940603","0","44149940603","0.000000","0","160678","0.000000","1.000000000000","1.000000000000","1.000000000000","1.000000000000","1.000000000000","1.000000000000","1.000000000000","1.000000000000","1.000000000000","1.000000000000","1.000000000000","0.000000000000","","","","",""
"AIL_RADIXOR","AIL","ail-default","1.0.0","a462d3bc94670a2e37c292d027e70892a35c221441500242b5fa9e350fbfba6f","ALL_WORDS","PRIMARY_OUTPUT","636","3061","3","3061","0","1","3061","636","37119","0","2731","4643480","0","4643480","0.000000","2731","39850","6.853199","1.000000000000","0.931468005019","1.000000000000","0.999416867912","0.965734002509","0.985498550386","0.964518182645","0.944412499555","0.931468005019","0.965125901123","0.964842213375","0.000583132088","","","","",""
"AIL_RADIXOR","AIL","ail-default","1.0.0","a462d3bc94670a2e37c292d027e70892a35c221441500242b5fa9e350fbfba6f","ALL_WORDS","ANY_CANDIDATE","636","3061","3","2991","70","3","3133","636","","","","","0","4643480","0.000000","0","39850","0.000000","","","","","","","","","","","","","","","","",""
"AIL_RADIXOR","AIL","ail-default","1.0.0","a462d3bc94670a2e37c292d027e70892a35c221441500242b5fa9e350fbfba6f","ALL_WORDS","ALL_CANDIDATES","636","3061","3","2991","70","3","3133","636","39850","0","0","4643480","0","4643480","0.000000","0","39850","0.000000","1.000000000000","1.000000000000","1.000000000000","1.000000000000","1.000000000000","1.000000000000","1.000000000000","1.000000000000","1.000000000000","1.000000000000","1.000000000000","0.000000000000","","","","",""
"AIL_RADIXOR","AIL","ail-default","1.0.0","a462d3bc94670a2e37c292d027e70892a35c221441500242b5fa9e350fbfba6f","LOWERCASE_GROUPS_ONLY","PRIMARY_OUTPUT","636","3061","3","3061","0","1","3061","636","37119","0","2731","4643480","0","4643480","0.000000","2731","39850","6.853199","1.000000000000","0.931468005019","1.000000000000","0.999416867912","0.965734002509","0.985498550386","0.964518182645","0.944412499555","0.931468005019","0.965125901123","0.964842213375","0.000583132088","","","","",""
"AIL_RADIXOR","AIL","ail-default","1.0.0","a462d3bc94670a2e37c292d027e70892a35c221441500242b5fa9e350fbfba6f","LOWERCASE_GROUPS_ONLY","ANY_CANDIDATE","636","3061","3","2991","70","3","3133","636","","","","","0","4643480","0.000000","0","39850","0.000000","","","","","","","","","","","","","","","","",""
"AIL_RADIXOR","AIL","ail-default","1.0.0","a462d3bc94670a2e37c292d027e70892a35c221441500242b5fa9e350fbfba6f","LOWERCASE_GROUPS_ONLY","ALL_CANDIDATES","636","3061","3","2991","70","3","3133","636","39850","0","0","4643480","0","4643480","0.000000","0","39850","0.000000","1.000000000000","1.000000000000","1.000000000000","1.000000000000","1.000000000000","1.000000000000","1.000000000000","1.000000000000","1.000000000000","1.000000000000","1.000000000000","0.000000000000","","","","",""
"AK_RADIXOR","AK","aka-default","1.0.0","7dd8e1835f51ced8bc3f87409c1ce6eb089ef0e5cde20111c44282ed9ca498b0","ALL_WORDS","PRIMARY_OUTPUT","79","1890","0","1890","0","1","1890","79","21681","0","108","1763316","0","1763316","0.000000","108","21789","0.495663","1.000000000000","0.995043370508","1.000000000000","0.999939499357","0.997521685254","0.999004727544","0.997515527950","0.996030761598","0.995043370508","0.997518606597","0.997488059872","0.000060500643","","","","",""
"AK_RADIXOR","AK","aka-default","1.0.0","7dd8e1835f51ced8bc3f87409c1ce6eb089ef0e5cde20111c44282ed9ca498b0","ALL_WORDS","ANY_CANDIDATE","79","1890","0","1884","6","2","1896","79","","","","","0","1763316","0.000000","0","21789","0.000000","","","","","","","","","","","","","","","","",""
"AK_RADIXOR","AK","aka-default","1.0.0","7dd8e1835f51ced8bc3f87409c1ce6eb089ef0e5cde20111c44282ed9ca498b0","ALL_WORDS","ALL_CANDIDATES","79","1890","0","1884","6","2","1896","79","21789","0","0","1763316","0","1763316","0.000000","0","21789","0.000000","1.000000000000","1.000000000000","1.000000000000","1.000000000000","1.000000000000","1.000000000000","1.000000000000","1.000000000000","1.000000000000","1.000000000000","1.000000000000","0.000000000000","","","","",""
"AK_RADIXOR","AK","aka-default","1.0.0","7dd8e1835f51ced8bc3f87409c1ce6eb089ef0e5cde20111c44282ed9ca498b0","LOWERCASE_GROUPS_ONLY","PRIMARY_OUTPUT","79","1890","0","1890","0","1","1890","79","21681","0","108","1763316","0","1763316","0.000000","108","21789","0.495663","1.000000000000","0.995043370508","1.000000000000","0.999939499357","0.997521685254","0.999004727544","0.997515527950","0.996030761598","0.995043370508","0.997518606597","0.997488059872","0.000060500643","","","","",""
"AK_RADIXOR","AK","aka-default","1.0.0","7dd8e1835f51ced8bc3f87409c1ce6eb089ef0e5cde20111c44282ed9ca498b0","LOWERCASE_GROUPS_ONLY","ANY_CANDIDATE","79","1890","0","1884","6","2","1896","79","","","","","0","1763316","0.000000","0","21789","0.000000","","","","","","","","","","","","","","","","",""
"AK_RADIXOR","AK","aka-default","1.0.0","7dd8e1835f51ced8bc3f87409c1ce6eb089ef0e5cde20111c44282ed9ca498b0","LOWERCASE_GROUPS_ONLY","ALL_CANDIDATES","79","1890","0","1884","6","2","1896","79","21789","0","0","1763316","0","1763316","0.000000","0","21789","0.000000","1.000000000000","1.000000000000","1.000000000000","1.000000000000","1.000000000000","1.000000000000","1.000000000000","1.000000000000","1.000000000000","1.000000000000","1.000000000000","0.000000000000","","","","",""
"AME_RADIXOR","AME","ame-default","1.0.0","e59d252da23b0152d213b1ccff688971bfb49971e2ffcc50b991340516d8feaa","ALL_WORDS","PRIMARY_OUTPUT","326","2635","1","2635","0","1","2635","326","9899","0","180","3460216","0","3460216","0.000000","180","10079","1.785891","1.000000000000","0.982141085425","1.000000000000","0.999948131211","0.991070542713","0.996376446905","0.990990089098","0.985661654884","0.982141085425","0.991030315089","0.991004539458","0.000051868789","","","","",""
"AME_RADIXOR","AME","ame-default","1.0.0","e59d252da23b0152d213b1ccff688971bfb49971e2ffcc50b991340516d8feaa","ALL_WORDS","ANY_CANDIDATE","326","2635","1","2602","33","2","2668","326","","","","","0","3460216","0.000000","0","10079","0.000000","","","","","","","","","","","","","","","","",""
"AME_RADIXOR","AME","ame-default","1.0.0","e59d252da23b0152d213b1ccff688971bfb49971e2ffcc50b991340516d8feaa","ALL_WORDS","ALL_CANDIDATES","326","2635","1","2602","33","2","2668","326","10079","0","0","3460216","0","3460216","0.000000","0","10079","0.000000","1.000000000000","1.000000000000","1.000000000000","1.000000000000","1.000000000000","1.000000000000","1.000000000000","1.000000000000","1.000000000000","1.000000000000","1.000000000000","0.000000000000","","","","",""
"AME_RADIXOR","AME","ame-default","1.0.0","e59d252da23b0152d213b1ccff688971bfb49971e2ffcc50b991340516d8feaa","LOWERCASE_GROUPS_ONLY","PRIMARY_OUTPUT","326","2635","1","2635","0","1","2635","326","9899","0","180","3460216","0","3460216","0.000000","180","10079","1.785891","1.000000000000","0.982141085425","1.000000000000","0.999948131211","0.991070542713","0.996376446905","0.990990089098","0.985661654884","0.982141085425","0.991030315089","0.991004539458","0.000051868789","","","","",""
"AME_RADIXOR","AME","ame-default","1.0.0","e59d252da23b0152d213b1ccff688971bfb49971e2ffcc50b991340516d8feaa","LOWERCASE_GROUPS_ONLY","ANY_CANDIDATE","326","2635","1","2602","33","2","2668","326","","","","","0","3460216","0.000000","0","10079","0.000000","","","","","","","","","","","","","","","","",""
"AME_RADIXOR","AME","ame-default","1.0.0","e59d252da23b0152d213b1ccff688971bfb49971e2ffcc50b991340516d8feaa","LOWERCASE_GROUPS_ONLY","ALL_CANDIDATES","326","2635","1","2602","33","2","2668","326","10079","0","0","3460216","0","3460216","0.000000","0","10079","0.000000","1.000000000000","1.000000000000","1.000000000000","1.000000000000","1.000000000000","1.000000000000","1.000000000000","1.000000000000","1.000000000000","1.000000000000","1.000000000000","0.000000000000","","","","",""
"AM_ET_RADIXOR","AM_ET","am-et-default","1.0.0","69e9089fae06a465459f288a4e2074ffcb9656bf2b6fd01772a2af3f71e5bb70","ALL_WORDS","PRIMARY_OUTPUT","2461","41308","1","41308","0","1","41308","2461","619359","0","25737","852509682","0","852509682","0.000000","25737","645096","3.989639","1.000000000000","0.960103612486","1.000000000000","0.999969833141","0.980051806243","0.991757650522","0.979645776244","0.967826166039","0.960103612486","0.979848770212","0.979833979883","0.000030166859","","","","",""
"AM_ET_RADIXOR","AM_ET","am-et-default","1.0.0","69e9089fae06a465459f288a4e2074ffcb9656bf2b6fd01772a2af3f71e5bb70","ALL_WORDS","ANY_CANDIDATE","2461","41308","1","40168","1140","3","42462","2461","","","","","0","852509682","0.000000","0","645096","0.000000","","","","","","","","","","","","","","","","",""
"AM_ET_RADIXOR","AM_ET","am-et-default","1.0.0","69e9089fae06a465459f288a4e2074ffcb9656bf2b6fd01772a2af3f71e5bb70","ALL_WORDS","ALL_CANDIDATES","2461","41308","1","40168","1140","3","42462","2461","645096","0","0","852509682","0","852509682","0.000000","0","645096","0.000000","1.000000000000","1.000000000000","1.000000000000","1.000000000000","1.000000000000","1.000000000000","1.000000000000","1.000000000000","1.000000000000","1.000000000000","1.000000000000","0.000000000000","","","","",""
"AM_ET_RADIXOR","AM_ET","am-et-default","1.0.0","69e9089fae06a465459f288a4e2074ffcb9656bf2b6fd01772a2af3f71e5bb70","LOWERCASE_GROUPS_ONLY","PRIMARY_OUTPUT","2461","41308","1","41308","0","1","41308","2461","619359","0","25737","852509682","0","852509682","0.000000","25737","645096","3.989639","1.000000000000","0.960103612486","1.000000000000","0.999969833141","0.980051806243","0.991757650522","0.979645776244","0.967826166039","0.960103612486","0.979848770212","0.979833979883","0.000030166859","","","","",""
"AM_ET_RADIXOR","AM_ET","am-et-default","1.0.0","69e9089fae06a465459f288a4e2074ffcb9656bf2b6fd01772a2af3f71e5bb70","LOWERCASE_GROUPS_ONLY","ANY_CANDIDATE","2461","41308","1","40168","1140","3","42462","2461","","","","","0","852509682","0.000000","0","645096","0.000000","","","","","","","","","","","","","","","","",""
"AM_ET_RADIXOR","AM_ET","am-et-default","1.0.0","69e9089fae06a465459f288a4e2074ffcb9656bf2b6fd01772a2af3f71e5bb70","LOWERCASE_GROUPS_ONLY","ALL_CANDIDATES","2461","41308","1","40168","1140","3","42462","2461","645096","0","0","852509682","0","852509682","0.000000","0","645096","0.000000","1.000000000000","1.000000000000","1.000000000000","1.000000000000","1.000000000000","1.000000000000","1.000000000000","1.000000000000","1.000000000000","1.000000000000","1.000000000000","0.000000000000","","","","",""
"ANG_RADIXOR","ANG","ang-default","1.0.0","1cb0c94c9df7b61676399d163f0a6b7edc2c9d4c14b7560d8ad3667b447d70cf","ALL_WORDS","PRIMARY_OUTPUT","7146","65202","3","65202","0","1","65202","7143","344305","0","21371","2125252125","0","2125252125","0.000000","21371","365676","5.844245","1.000000000000","0.941557553681","1.000000000000","0.999989945982","0.970778776841","0.987738224197","0.969899194485","0.952693096714","0.941557553681","0.970338885999","0.970334007294","0.000010054018","","","","",""
"ANG_RADIXOR","ANG","ang-default","1.0.0","1cb0c94c9df7b61676399d163f0a6b7edc2c9d4c14b7560d8ad3667b447d70cf","ALL_WORDS","ANY_CANDIDATE","7146","65202","3","62907","2295","5","67625","7146","","","","","0","2125252125","0.000000","0","365676","0.000000","","","","","","","","","","","","","","","","",""
"ANG_RADIXOR","ANG","ang-default","1.0.0","1cb0c94c9df7b61676399d163f0a6b7edc2c9d4c14b7560d8ad3667b447d70cf","ALL_WORDS","ALL_CANDIDATES","7146","65202","3","62907","2295","5","67625","7146","365676","0","0","2125252125","0","2125252125","0.000000","0","365676","0.000000","1.000000000000","1.000000000000","1.000000000000","1.000000000000","1.000000000000","1.000000000000","1.000000000000","1.000000000000","1.000000000000","1.000000000000","1.000000000000","0.000000000000","","","","",""
"ANG_RADIXOR","ANG","ang-default","1.0.0","1cb0c94c9df7b61676399d163f0a6b7edc2c9d4c14b7560d8ad3667b447d70cf","LOWERCASE_GROUPS_ONLY","PRIMARY_OUTPUT","7146","65202","3","65202","0","1","65202","7143","344305","0","21371","2125252125","0","2125252125","0.000000","21371","365676","5.844245","1.000000000000","0.941557553681","1.000000000000","0.999989945982","0.970778776841","0.987738224197","0.969899194485","0.952693096714","0.941557553681","0.970338885999","0.970334007294","0.000010054018","","","","",""
"ANG_RADIXOR","ANG","ang-default","1.0.0","1cb0c94c9df7b61676399d163f0a6b7edc2c9d4c14b7560d8ad3667b447d70cf","LOWERCASE_GROUPS_ONLY","ANY_CANDIDATE","7146","65202","3","62907","2295","5","67625","7146","","","","","0","2125252125","0.000000","0","365676","0.000000","","","","","","","","","","","","","","","","",""
"ANG_RADIXOR","ANG","ang-default","1.0.0","1cb0c94c9df7b61676399d163f0a6b7edc2c9d4c14b7560d8ad3667b447d70cf","LOWERCASE_GROUPS_ONLY","ALL_CANDIDATES","7146","65202","3","62907","2295","5","67625","7146","365676","0","0","2125252125","0","2125252125","0.000000","0","365676","0.000000","1.000000000000","1.000000000000","1.000000000000","1.000000000000","1.000000000000","1.000000000000","1.000000000000","1.000000000000","1.000000000000","1.000000000000","1.000000000000","0.000000000000","","","","",""
"ARN_RADIXOR","ARN","arn-default","1.0.0","a9d691ff4f8d5b9a8c87baa400e70754295a107f81a157ffcf9b0063034e9a99","ALL_WORDS","PRIMARY_OUTPUT","26","548","0","548","0","1","548","26","5502","0","0","144376","0","144376","0.000000","0","5502","0.000000","1.000000000000","1.000000000000","1.000000000000","1.000000000000","1.000000000000","1.000000000000","1.000000000000","1.000000000000","1.000000000000","1.000000000000","1.000000000000","0.000000000000","","","","",""
"ARN_RADIXOR","ARN","arn-default","1.0.0","a9d691ff4f8d5b9a8c87baa400e70754295a107f81a157ffcf9b0063034e9a99","ALL_WORDS","ANY_CANDIDATE","26","548","0","548","0","1","548","26","","","","","0","144376","0.000000","0","5502","0.000000","","","","","","","","","","","","","","","","",""
"ARN_RADIXOR","ARN","arn-default","1.0.0","a9d691ff4f8d5b9a8c87baa400e70754295a107f81a157ffcf9b0063034e9a99","ALL_WORDS","ALL_CANDIDATES","26","548","0","548","0","1","548","26","5502","0","0","144376","0","144376","0.000000","0","5502","0.000000","1.000000000000","1.000000000000","1.000000000000","1.000000000000","1.000000000000","1.000000000000","1.000000000000","1.000000000000","1.000000000000","1.000000000000","1.000000000000","0.000000000000","","","","",""
"ARN_RADIXOR","ARN","arn-default","1.0.0","a9d691ff4f8d5b9a8c87baa400e70754295a107f81a157ffcf9b0063034e9a99","LOWERCASE_GROUPS_ONLY","PRIMARY_OUTPUT","26","548","0","548","0","1","548","26","5502","0","0","144376","0","144376","0.000000","0","5502","0.000000","1.000000000000","1.000000000000","1.000000000000","1.000000000000","1.000000000000","1.000000000000","1.000000000000","1.000000000000","1.000000000000","1.000000000000","1.000000000000","0.000000000000","","","","",""
"ARN_RADIXOR","ARN","arn-default","1.0.0","a9d691ff4f8d5b9a8c87baa400e70754295a107f81a157ffcf9b0063034e9a99","LOWERCASE_GROUPS_ONLY","ANY_CANDIDATE","26","548","0","548","0","1","548","26","","","","","0","144376","0.000000","0","5502","0.000000","","","","","","","","","","","","","","","","",""
"ARN_RADIXOR","ARN","arn-default","1.0.0","a9d691ff4f8d5b9a8c87baa400e70754295a107f81a157ffcf9b0063034e9a99","LOWERCASE_GROUPS_ONLY","ALL_CANDIDATES","26","548","0","548","0","1","548","26","5502","0","0","144376","0","144376","0.000000","0","5502","0.000000","1.000000000000","1.000000000000","1.000000000000","1.000000000000","1.000000000000","1.000000000000","1.000000000000","1.000000000000","1.000000000000","1.000000000000","1.000000000000","0.000000000000","","","","",""
"ARZ_RADIXOR","ARZ","arz-default","1.0.0","d5269ffb7e66b59abe39c80415817a7a6ff1cafaa196f9a64d66e74408e70a4f","ALL_WORDS","PRIMARY_OUTPUT","6004","17937","704","17937","0","1","17937","6001","36216","0","1621","160821179","0","160821179","0.000000","1621","37837","4.284166","1.000000000000","0.957158337077","1.000000000000","0.999989922853","0.978579168539","0.991127580035","0.978110272372","0.965430466401","0.957158337077","0.978344692364","0.978339761780","0.000010077147","","","","",""
"ARZ_RADIXOR","ARZ","arz-default","1.0.0","d5269ffb7e66b59abe39c80415817a7a6ff1cafaa196f9a64d66e74408e70a4f","ALL_WORDS","ANY_CANDIDATE","6004","17937","704","17559","378","3","18344","6004","","","","","0","160821179","0.000000","0","37837","0.000000","","","","","","","","","","","","","","","","",""
"ARZ_RADIXOR","ARZ","arz-default","1.0.0","d5269ffb7e66b59abe39c80415817a7a6ff1cafaa196f9a64d66e74408e70a4f","ALL_WORDS","ALL_CANDIDATES","6004","17937","704","17559","378","3","18344","6004","37837","0","0","160821179","0","160821179","0.000000","0","37837","0.000000","1.000000000000","1.000000000000","1.000000000000","1.000000000000","1.000000000000","1.000000000000","1.000000000000","1.000000000000","1.000000000000","1.000000000000","1.000000000000","0.000000000000","","","","",""
"ARZ_RADIXOR","ARZ","arz-default","1.0.0","d5269ffb7e66b59abe39c80415817a7a6ff1cafaa196f9a64d66e74408e70a4f","LOWERCASE_GROUPS_ONLY","PRIMARY_OUTPUT","6004","17937","704","17937","0","1","17937","6001","36216","0","1621","160821179","0","160821179","0.000000","1621","37837","4.284166","1.000000000000","0.957158337077","1.000000000000","0.999989922853","0.978579168539","0.991127580035","0.978110272372","0.965430466401","0.957158337077","0.978344692364","0.978339761780","0.000010077147","","","","",""
"ARZ_RADIXOR","ARZ","arz-default","1.0.0","d5269ffb7e66b59abe39c80415817a7a6ff1cafaa196f9a64d66e74408e70a4f","LOWERCASE_GROUPS_ONLY","ANY_CANDIDATE","6004","17937","704","17559","378","3","18344","6004","","","","","0","160821179","0.000000","0","37837","0.000000","","","","","","","","","","","","","","","","",""
"ARZ_RADIXOR","ARZ","arz-default","1.0.0","d5269ffb7e66b59abe39c80415817a7a6ff1cafaa196f9a64d66e74408e70a4f","LOWERCASE_GROUPS_ONLY","ALL_CANDIDATES","6004","17937","704","17559","378","3","18344","6004","37837","0","0","160821179","0","160821179","0.000000","0","37837","0.000000","1.000000000000","1.000000000000","1.000000000000","1.000000000000","1.000000000000","1.000000000000","1.000000000000","1.000000000000","1.000000000000","1.000000000000","1.000000000000","0.000000000000","","","","",""
"AR_RADIXOR","AR","ar-default","1.0.1","36fe6a7a80e922f423e80761e27f21c61d86cc7f1b2837a1989761af4d51c904","ALL_WORDS","PRIMARY_OUTPUT","12815","452974","6","452974","0","1","452974","12815","10218210","0","270596","102582007045","0","102582007045","0.000000","270596","10488806","2.579855","1.000000000000","0.974201448668","1.000000000000","0.999997362419","0.987100724334","0.994731555137","0.986932158646","0.979254116185","0.974201448668","0.987016437892","0.987015136093","0.000002637581","","","","",""
"AR_RADIXOR","AR","ar-default","1.0.1","36fe6a7a80e922f423e80761e27f21c61d86cc7f1b2837a1989761af4d51c904","ALL_WORDS","ANY_CANDIDATE","12815","452974","6","445619","7355","3","460343","12815","","","","","0","102582007045","0.000000","0","10488806","0.000000","","","","","","","","","","","","","","","","",""
"AR_RADIXOR","AR","ar-default","1.0.1","36fe6a7a80e922f423e80761e27f21c61d86cc7f1b2837a1989761af4d51c904","ALL_WORDS","ALL_CANDIDATES","12815","452974","6","445619","7355","3","460343","12815","10488806","0","0","102582007045","0","102582007045","0.000000","0","10488806","0.000000","1.000000000000","1.000000000000","1.000000000000","1.000000000000","1.000000000000","1.000000000000","1.000000000000","1.000000000000","1.000000000000","1.000000000000","1.000000000000","0.000000000000","","","","",""
"AR_RADIXOR","AR","ar-default","1.0.1","36fe6a7a80e922f423e80761e27f21c61d86cc7f1b2837a1989761af4d51c904","LOWERCASE_GROUPS_ONLY","PRIMARY_OUTPUT","12815","452974","6","452974","0","1","452974","12815","10218210","0","270596","102582007045","0","102582007045","0.000000","270596","10488806","2.579855","1.000000000000","0.974201448668","1.000000000000","0.999997362419","0.987100724334","0.994731555137","0.986932158646","0.979254116185","0.974201448668","0.987016437892","0.987015136093","0.000002637581","","","","",""
"AR_RADIXOR","AR","ar-default","1.0.1","36fe6a7a80e922f423e80761e27f21c61d86cc7f1b2837a1989761af4d51c904","LOWERCASE_GROUPS_ONLY","ANY_CANDIDATE","12815","452974","6","445619","7355","3","460343","12815","","","","","0","102582007045","0.000000","0","10488806","0.000000","","","","","","","","","","","","","","","","",""
"AR_RADIXOR","AR","ar-default","1.0.1","36fe6a7a80e922f423e80761e27f21c61d86cc7f1b2837a1989761af4d51c904","LOWERCASE_GROUPS_ONLY","ALL_CANDIDATES","12815","452974","6","445619","7355","3","460343","12815","10488806","0","0","102582007045","0","102582007045","0.000000","0","10488806","0.000000","1.000000000000","1.000000000000","1.000000000000","1.000000000000","1.000000000000","1.000000000000","1.000000000000","1.000000000000","1.000000000000","1.000000000000","1.000000000000","0.000000000000","","","","",""
"AST_RADIXOR","AST","ast-default","1.0.0","ace7643781385ebd1c162eb88c4f2b3321048b2e5d4e733627a7eeba42a76bb2","ALL_WORDS","PRIMARY_OUTPUT","436","21589","0","21589","0","1","21589","436","585564","0","6220","232439882","0","232439882","0.000000","6220","591784","1.051059","1.000000000000","0.989489408298","1.000000000000","0.999973308349","0.994744704149","0.997880056168","0.994716940106","0.991573813798","0.989489408298","0.994730822031","0.994717512995","0.000026691651","","","","",""
"AST_RADIXOR","AST","ast-default","1.0.0","ace7643781385ebd1c162eb88c4f2b3321048b2e5d4e733627a7eeba42a76bb2","ALL_WORDS","ANY_CANDIDATE","436","21589","0","21349","240","3","21830","436","","","","","0","232439882","0.000000","0","591784","0.000000","","","","","","","","","","","","","","","","",""
"AST_RADIXOR","AST","ast-default","1.0.0","ace7643781385ebd1c162eb88c4f2b3321048b2e5d4e733627a7eeba42a76bb2","ALL_WORDS","ALL_CANDIDATES","436","21589","0","21349","240","3","21830","436","591784","0","0","232439882","0","232439882","0.000000","0","591784","0.000000","1.000000000000","1.000000000000","1.000000000000","1.000000000000","1.000000000000","1.000000000000","1.000000000000","1.000000000000","1.000000000000","1.000000000000","1.000000000000","0.000000000000","","","","",""
"AST_RADIXOR","AST","ast-default","1.0.0","ace7643781385ebd1c162eb88c4f2b3321048b2e5d4e733627a7eeba42a76bb2","LOWERCASE_GROUPS_ONLY","PRIMARY_OUTPUT","436","21589","0","21589","0","1","21589","436","585564","0","6220","232439882","0","232439882","0.000000","6220","591784","1.051059","1.000000000000","0.989489408298","1.000000000000","0.999973308349","0.994744704149","0.997880056168","0.994716940106","0.991573813798","0.989489408298","0.994730822031","0.994717512995","0.000026691651","","","","",""
"AST_RADIXOR","AST","ast-default","1.0.0","ace7643781385ebd1c162eb88c4f2b3321048b2e5d4e733627a7eeba42a76bb2","LOWERCASE_GROUPS_ONLY","ANY_CANDIDATE","436","21589","0","21349","240","3","21830","436","","","","","0","232439882","0.000000","0","591784","0.000000","","","","","","","","","","","","","","","","",""
"AST_RADIXOR","AST","ast-default","1.0.0","ace7643781385ebd1c162eb88c4f2b3321048b2e5d4e733627a7eeba42a76bb2","LOWERCASE_GROUPS_ONLY","ALL_CANDIDATES","436","21589","0","21349","240","3","21830","436","591784","0","0","232439882","0","232439882","0.000000","0","591784","0.000000","1.000000000000","1.000000000000","1.000000000000","1.000000000000","1.000000000000","1.000000000000","1.000000000000","1.000000000000","1.000000000000","1.000000000000","1.000000000000","0.000000000000","","","","",""
"AS_IN_RADIXOR","AS_IN","as-in-default","1.0.0","07a07c7834b55fe980ed5be459aa9d724f54ba4f2449e714aff6b6bce960cba3","ALL_WORDS","PRIMARY_OUTPUT","1466","67733","0","67733","0","1","67733","1466","1633986","0","27065","2292184727","0","2292184727","0.000000","27065","1661051","1.629390","1.000000000000","0.983706099331","1.000000000000","0.999988201038","0.991853049666","0.996698180248","0.991786131688","0.986922261992","0.983706099331","0.991819590113","0.991813734703","0.000011798962","","","","",""
"AS_IN_RADIXOR","AS_IN","as-in-default","1.0.0","07a07c7834b55fe980ed5be459aa9d724f54ba4f2449e714aff6b6bce960cba3","ALL_WORDS","ANY_CANDIDATE","1466","67733","0","65920","1813","3","69680","1466","","","","","0","2292184727","0.000000","0","1661051","0.000000","","","","","","","","","","","","","","","","",""
"AS_IN_RADIXOR","AS_IN","as-in-default","1.0.0","07a07c7834b55fe980ed5be459aa9d724f54ba4f2449e714aff6b6bce960cba3","ALL_WORDS","ALL_CANDIDATES","1466","67733","0","65920","1813","3","69680","1466","1661051","0","0","2292184727","0","2292184727","0.000000","0","1661051","0.000000","1.000000000000","1.000000000000","1.000000000000","1.000000000000","1.000000000000","1.000000000000","1.000000000000","1.000000000000","1.000000000000","1.000000000000","1.000000000000","0.000000000000","","","","",""
"AS_IN_RADIXOR","AS_IN","as-in-default","1.0.0","07a07c7834b55fe980ed5be459aa9d724f54ba4f2449e714aff6b6bce960cba3","LOWERCASE_GROUPS_ONLY","PRIMARY_OUTPUT","1466","67733","0","67733","0","1","67733","1466","1633986","0","27065","2292184727","0","2292184727","0.000000","27065","1661051","1.629390","1.000000000000","0.983706099331","1.000000000000","0.999988201038","0.991853049666","0.996698180248","0.991786131688","0.986922261992","0.983706099331","0.991819590113","0.991813734703","0.000011798962","","","","",""
"AS_IN_RADIXOR","AS_IN","as-in-default","1.0.0","07a07c7834b55fe980ed5be459aa9d724f54ba4f2449e714aff6b6bce960cba3","LOWERCASE_GROUPS_ONLY","ANY_CANDIDATE","1466","67733","0","65920","1813","3","69680","1466","","","","","0","2292184727","0.000000","0","1661051","0.000000","","","","","","","","","","","","","","","","",""
"AS_IN_RADIXOR","AS_IN","as-in-default","1.0.0","07a07c7834b55fe980ed5be459aa9d724f54ba4f2449e714aff6b6bce960cba3","LOWERCASE_GROUPS_ONLY","ALL_CANDIDATES","1466","67733","0","65920","1813","3","69680","1466","1661051","0","0","2292184727","0","2292184727","0.000000","0","1661051","0.000000","1.000000000000","1.000000000000","1.000000000000","1.000000000000","1.000000000000","1.000000000000","1.000000000000","1.000000000000","1.000000000000","1.000000000000","1.000000000000","0.000000000000","","","","",""
"AYM_RADIXOR","AYM","aym-default","1.0.0","a6f0af3899e1b7b84080d727a87672822719a6e5a151aed411fda07b7bfbd353","ALL_WORDS","PRIMARY_OUTPUT","3319","308884","0","308884","0","1","308884","3319","17675971","0","122307","47686710008","0","47686710008","0.000000","122307","17798278","0.687184","1.000000000000","0.993128155432","1.000000000000","0.999997436154","0.996564077716","0.998618033761","0.996552231451","0.994494958387","0.993128155432","0.996558154566","0.996556876581","0.000002563846","","","","",""
"AYM_RADIXOR","AYM","aym-default","1.0.0","a6f0af3899e1b7b84080d727a87672822719a6e5a151aed411fda07b7bfbd353","ALL_WORDS","ANY_CANDIDATE","3319","308884","0","307614","1270","4","310187","3319","","","","","0","47686710008","0.000000","0","17798278","0.000000","","","","","","","","","","","","","","","","",""
"AYM_RADIXOR","AYM","aym-default","1.0.0","a6f0af3899e1b7b84080d727a87672822719a6e5a151aed411fda07b7bfbd353","ALL_WORDS","ALL_CANDIDATES","3319","308884","0","307614","1270","4","310187","3319","17798278","0","0","47686710008","0","47686710008","0.000000","0","17798278","0.000000","1.000000000000","1.000000000000","1.000000000000","1.000000000000","1.000000000000","1.000000000000","1.000000000000","1.000000000000","1.000000000000","1.000000000000","1.000000000000","0.000000000000","","","","",""
"AYM_RADIXOR","AYM","aym-default","1.0.0","a6f0af3899e1b7b84080d727a87672822719a6e5a151aed411fda07b7bfbd353","LOWERCASE_GROUPS_ONLY","PRIMARY_OUTPUT","3319","308884","0","308884","0","1","308884","3319","17675971","0","122307","47686710008","0","47686710008","0.000000","122307","17798278","0.687184","1.000000000000","0.993128155432","1.000000000000","0.999997436154","0.996564077716","0.998618033761","0.996552231451","0.994494958387","0.993128155432","0.996558154566","0.996556876581","0.000002563846","","","","",""
"AYM_RADIXOR","AYM","aym-default","1.0.0","a6f0af3899e1b7b84080d727a87672822719a6e5a151aed411fda07b7bfbd353","LOWERCASE_GROUPS_ONLY","ANY_CANDIDATE","3319","308884","0","307614","1270","4","310187","3319","","","","","0","47686710008","0.000000","0","17798278","0.000000","","","","","","","","","","","","","","","","",""
"AYM_RADIXOR","AYM","aym-default","1.0.0","a6f0af3899e1b7b84080d727a87672822719a6e5a151aed411fda07b7bfbd353","LOWERCASE_GROUPS_ONLY","ALL_CANDIDATES","3319","308884","0","307614","1270","4","310187","3319","17798278","0","0","47686710008","0","47686710008","0.000000","0","17798278","0.000000","1.000000000000","1.000000000000","1.000000000000","1.000000000000","1.000000000000","1.000000000000","1.000000000000","1.000000000000","1.000000000000","1.000000000000","1.000000000000","0.000000000000","","","","",""
"AZG_RADIXOR","AZG","azg-default","1.0.0","67312c026040f0d7a2eef4448bbb23e462598893ead820db1cfc6c59530f48da","ALL_WORDS","PRIMARY_OUTPUT","258","9371","0","9371","0","1","9371","258","167909","0","1800","43733426","0","43733426","0.000000","1800","169709","1.060639","1.000000000000","0.989393609060","1.000000000000","0.999959000650","0.994696804530","0.997860568494","0.994668530706","0.991496849701","0.989393609060","0.994682667518","0.994662198351","0.000040999350","","","","",""
"AZG_RADIXOR","AZG","azg-default","1.0.0","67312c026040f0d7a2eef4448bbb23e462598893ead820db1cfc6c59530f48da","ALL_WORDS","ANY_CANDIDATE","258","9371","0","9303","68","3","9441","258","","","","","0","43733426","0.000000","0","169709","0.000000","","","","","","","","","","","","","","","","",""
"AZG_RADIXOR","AZG","azg-default","1.0.0","67312c026040f0d7a2eef4448bbb23e462598893ead820db1cfc6c59530f48da","ALL_WORDS","ALL_CANDIDATES","258","9371","0","9303","68","3","9441","258","169709","0","0","43733426","0","43733426","0.000000","0","169709","0.000000","1.000000000000","1.000000000000","1.000000000000","1.000000000000","1.000000000000","1.000000000000","1.000000000000","1.000000000000","1.000000000000","1.000000000000","1.000000000000","0.000000000000","","","","",""
"AZG_RADIXOR","AZG","azg-default","1.0.0","67312c026040f0d7a2eef4448bbb23e462598893ead820db1cfc6c59530f48da","LOWERCASE_GROUPS_ONLY","PRIMARY_OUTPUT","258","9371","0","9371","0","1","9371","258","167909","0","1800","43733426","0","43733426","0.000000","1800","169709","1.060639","1.000000000000","0.989393609060","1.000000000000","0.999959000650","0.994696804530","0.997860568494","0.994668530706","0.991496849701","0.989393609060","0.994682667518","0.994662198351","0.000040999350","","","","",""
"AZG_RADIXOR","AZG","azg-default","1.0.0","67312c026040f0d7a2eef4448bbb23e462598893ead820db1cfc6c59530f48da","LOWERCASE_GROUPS_ONLY","ANY_CANDIDATE","258","9371","0","9303","68","3","9441","258","","","","","0","43733426","0.000000","0","169709","0.000000","","","","","","","","","","","","","","","","",""
"AZG_RADIXOR","AZG","azg-default","1.0.0","67312c026040f0d7a2eef4448bbb23e462598893ead820db1cfc6c59530f48da","LOWERCASE_GROUPS_ONLY","ALL_CANDIDATES","258","9371","0","9303","68","3","9441","258","169709","0","0","43733426","0","43733426","0.000000","0","169709","0.000000","1.000000000000","1.000000000000","1.000000000000","1.000000000000","1.000000000000","1.000000000000","1.000000000000","1.000000000000","1.000000000000","1.000000000000","1.000000000000","0.000000000000","","","","",""
"AZ_AZ_RADIXOR","AZ_AZ","az-az-default","1.0.0","4d61808b68c94830b228d712b769216171c0a2c4f47be7026f9c6a61e68c595a","ALL_WORDS","PRIMARY_OUTPUT","340","6669","0","6669","0","1","6669","340","114796","0","12","22119638","0","22119638","0.000000","12","114808","0.010452","1.000000000000","0.999895477667","1.000000000000","0.999999460297","0.999947738834","0.999979093785","0.999947736102","0.999916380386","0.999895477667","0.999947737468","0.999947466230","0.000000539703","","","","",""
"AZ_AZ_RADIXOR","AZ_AZ","az-az-default","1.0.0","4d61808b68c94830b228d712b769216171c0a2c4f47be7026f9c6a61e68c595a","ALL_WORDS","ANY_CANDIDATE","340","6669","0","6667","2","2","6671","340","","","","","0","22119638","0.000000","0","114808","0.000000","","","","","","","","","","","","","","","","",""
"AZ_AZ_RADIXOR","AZ_AZ","az-az-default","1.0.0","4d61808b68c94830b228d712b769216171c0a2c4f47be7026f9c6a61e68c595a","ALL_WORDS","ALL_CANDIDATES","340","6669","0","6667","2","2","6671","340","114808","0","0","22119638","0","22119638","0.000000","0","114808","0.000000","1.000000000000","1.000000000000","1.000000000000","1.000000000000","1.000000000000","1.000000000000","1.000000000000","1.000000000000","1.000000000000","1.000000000000","1.000000000000","0.000000000000","","","","",""
"AZ_AZ_RADIXOR","AZ_AZ","az-az-default","1.0.0","4d61808b68c94830b228d712b769216171c0a2c4f47be7026f9c6a61e68c595a","LOWERCASE_GROUPS_ONLY","PRIMARY_OUTPUT","340","6669","0","6669","0","1","6669","340","114796","0","12","22119638","0","22119638","0.000000","12","114808","0.010452","1.000000000000","0.999895477667","1.000000000000","0.999999460297","0.999947738834","0.999979093785","0.999947736102","0.999916380386","0.999895477667","0.999947737468","0.999947466230","0.000000539703","","","","",""
"AZ_AZ_RADIXOR","AZ_AZ","az-az-default","1.0.0","4d61808b68c94830b228d712b769216171c0a2c4f47be7026f9c6a61e68c595a","LOWERCASE_GROUPS_ONLY","ANY_CANDIDATE","340","6669","0","6667","2","2","6671","340","","","","","0","22119638","0.000000","0","114808","0.000000","","","","","","","","","","","","","","","","",""
"AZ_AZ_RADIXOR","AZ_AZ","az-az-default","1.0.0","4d61808b68c94830b228d712b769216171c0a2c4f47be7026f9c6a61e68c595a","LOWERCASE_GROUPS_ONLY","ALL_CANDIDATES","340","6669","0","6667","2","2","6671","340","114808","0","0","22119638","0","22119638","0.000000","0","114808","0.000000","1.000000000000","1.000000000000","1.000000000000","1.000000000000","1.000000000000","1.000000000000","1.000000000000","1.000000000000","1.000000000000","1.000000000000","1.000000000000","0.000000000000","","","","",""
"BAK_RADIXOR","BAK","bak-default","1.0.0","ecc3eafd8f269822efc6aab62f8621de561febc14a85f78b56d393e2e40b577f","ALL_WORDS","PRIMARY_OUTPUT","1059","10723","78","10723","0","1","10723","1058","55261","0","135","57430607","0","57430607","0.000000","135","55396","0.243700","1.000000000000","0.997563000939","1.000000000000","0.999997651602","0.998781500469","0.999511648097","0.998780013917","0.998049450053","0.997563000939","0.998780757193","0.998779583296","0.000002348398","","","","",""
"BAK_RADIXOR","BAK","bak-default","1.0.0","ecc3eafd8f269822efc6aab62f8621de561febc14a85f78b56d393e2e40b577f","ALL_WORDS","ANY_CANDIDATE","1059","10723","78","10704","19","2","10742","1059","","","","","0","57430607","0.000000","0","55396","0.000000","","","","","","","","","","","","","","","","",""
"BAK_RADIXOR","BAK","bak-default","1.0.0","ecc3eafd8f269822efc6aab62f8621de561febc14a85f78b56d393e2e40b577f","ALL_WORDS","ALL_CANDIDATES","1059","10723","78","10704","19","2","10742","1059","55396","0","0","57430607","0","57430607","0.000000","0","55396","0.000000","1.000000000000","1.000000000000","1.000000000000","1.000000000000","1.000000000000","1.000000000000","1.000000000000","1.000000000000","1.000000000000","1.000000000000","1.000000000000","0.000000000000","","","","",""
"BAK_RADIXOR","BAK","bak-default","1.0.0","ecc3eafd8f269822efc6aab62f8621de561febc14a85f78b56d393e2e40b577f","LOWERCASE_GROUPS_ONLY","PRIMARY_OUTPUT","1059","10723","78","10723","0","1","10723","1058","55261","0","135","57430607","0","57430607","0.000000","135","55396","0.243700","1.000000000000","0.997563000939","1.000000000000","0.999997651602","0.998781500469","0.999511648097","0.998780013917","0.998049450053","0.997563000939","0.998780757193","0.998779583296","0.000002348398","","","","",""
"BAK_RADIXOR","BAK","bak-default","1.0.0","ecc3eafd8f269822efc6aab62f8621de561febc14a85f78b56d393e2e40b577f","LOWERCASE_GROUPS_ONLY","ANY_CANDIDATE","1059","10723","78","10704","19","2","10742","1059","","","","","0","57430607","0.000000","0","55396","0.000000","","","","","","","","","","","","","","","","",""
"BAK_RADIXOR","BAK","bak-default","1.0.0","ecc3eafd8f269822efc6aab62f8621de561febc14a85f78b56d393e2e40b577f","LOWERCASE_GROUPS_ONLY","ALL_CANDIDATES","1059","10723","78","10704","19","2","10742","1059","55396","0","0","57430607","0","57430607","0.000000","0","55396","0.000000","1.000000000000","1.000000000000","1.000000000000","1.000000000000","1.000000000000","1.000000000000","1.000000000000","1.000000000000","1.000000000000","1.000000000000","1.000000000000","0.000000000000","","","","",""
"BE_BY_RADIXOR","BE_BY","be-by-default","1.0.0","52b674acaf9e28461b0e638f562e98aee84461ee7acf6c0693d8a36e79f38548","ALL_WORDS","PRIMARY_OUTPUT","1020","19527","0","19527","0","1","19527","1020","189686","0","1395","190451020","0","190451020","0.000000","1395","191081","0.730057","1.000000000000","0.992699431131","1.000000000000","0.999992682624","0.996349715566","0.998531308399","0.996336342173","0.994151004706","0.992699431131","0.996343028847","0.996339379901","0.000007317376","","","","",""
"BE_BY_RADIXOR","BE_BY","be-by-default","1.0.0","52b674acaf9e28461b0e638f562e98aee84461ee7acf6c0693d8a36e79f38548","ALL_WORDS","ANY_CANDIDATE","1020","19527","0","19379","148","2","19675","1020","","","","","0","190451020","0.000000","0","191081","0.000000","","","","","","","","","","","","","","","","",""
"BE_BY_RADIXOR","BE_BY","be-by-default","1.0.0","52b674acaf9e28461b0e638f562e98aee84461ee7acf6c0693d8a36e79f38548","ALL_WORDS","ALL_CANDIDATES","1020","19527","0","19379","148","2","19675","1020","191081","0","0","190451020","0","190451020","0.000000","0","191081","0.000000","1.000000000000","1.000000000000","1.000000000000","1.000000000000","1.000000000000","1.000000000000","1.000000000000","1.000000000000","1.000000000000","1.000000000000","1.000000000000","0.000000000000","","","","",""
"BE_BY_RADIXOR","BE_BY","be-by-default","1.0.0","52b674acaf9e28461b0e638f562e98aee84461ee7acf6c0693d8a36e79f38548","LOWERCASE_GROUPS_ONLY","PRIMARY_OUTPUT","1020","19527","0","19527","0","1","19527","1020","189686","0","1395","190451020","0","190451020","0.000000","1395","191081","0.730057","1.000000000000","0.992699431131","1.000000000000","0.999992682624","0.996349715566","0.998531308399","0.996336342173","0.994151004706","0.992699431131","0.996343028847","0.996339379901","0.000007317376","","","","",""
"BE_BY_RADIXOR","BE_BY","be-by-default","1.0.0","52b674acaf9e28461b0e638f562e98aee84461ee7acf6c0693d8a36e79f38548","LOWERCASE_GROUPS_ONLY","ANY_CANDIDATE","1020","19527","0","19379","148","2","19675","1020","","","","","0","190451020","0.000000","0","191081","0.000000","","","","","","","","","","","","","","","","",""
"BE_BY_RADIXOR","BE_BY","be-by-default","1.0.0","52b674acaf9e28461b0e638f562e98aee84461ee7acf6c0693d8a36e79f38548","LOWERCASE_GROUPS_ONLY","ALL_CANDIDATES","1020","19527","0","19379","148","2","19675","1020","191081","0","0","190451020","0","190451020","0.000000","0","191081","0.000000","1.000000000000","1.000000000000","1.000000000000","1.000000000000","1.000000000000","1.000000000000","1.000000000000","1.000000000000","1.000000000000","1.000000000000","1.000000000000","0.000000000000","","","","",""
"BG_BG_RADIXOR","BG_BG","bg-bg-default","1.0.0","dd6b424edc9d8a54626d3ee9408feda774a8a13215840074c912752ee37620d2","ALL_WORDS","PRIMARY_OUTPUT","2413","45806","0","45806","0","1","45806","2413","721359","0","2892","1048347664","0","1048347664","0.000000","2892","724251","0.399309","1.000000000000","0.996006909207","1.000000000000","0.999997243278","0.998003454603","0.999198822502","0.997999460435","0.996802974163","0.996006909207","0.998001457517","0.998000080963","0.000002756722","","","","",""
"BG_BG_RADIXOR","BG_BG","bg-bg-default","1.0.0","dd6b424edc9d8a54626d3ee9408feda774a8a13215840074c912752ee37620d2","ALL_WORDS","ANY_CANDIDATE","2413","45806","0","45684","122","3","45929","2413","","","","","0","1048347664","0.000000","0","724251","0.000000","","","","","","","","","","","","","","","","",""
"BG_BG_RADIXOR","BG_BG","bg-bg-default","1.0.0","dd6b424edc9d8a54626d3ee9408feda774a8a13215840074c912752ee37620d2","ALL_WORDS","ALL_CANDIDATES","2413","45806","0","45684","122","3","45929","2413","724251","0","0","1048347664","0","1048347664","0.000000","0","724251","0.000000","1.000000000000","1.000000000000","1.000000000000","1.000000000000","1.000000000000","1.000000000000","1.000000000000","1.000000000000","1.000000000000","1.000000000000","1.000000000000","0.000000000000","","","","",""
"BG_BG_RADIXOR","BG_BG","bg-bg-default","1.0.0","dd6b424edc9d8a54626d3ee9408feda774a8a13215840074c912752ee37620d2","LOWERCASE_GROUPS_ONLY","PRIMARY_OUTPUT","2413","45806","0","45806","0","1","45806","2413","721359","0","2892","1048347664","0","1048347664","0.000000","2892","724251","0.399309","1.000000000000","0.996006909207","1.000000000000","0.999997243278","0.998003454603","0.999198822502","0.997999460435","0.996802974163","0.996006909207","0.998001457517","0.998000080963","0.000002756722","","","","",""
"BG_BG_RADIXOR","BG_BG","bg-bg-default","1.0.0","dd6b424edc9d8a54626d3ee9408feda774a8a13215840074c912752ee37620d2","LOWERCASE_GROUPS_ONLY","ANY_CANDIDATE","2413","45806","0","45684","122","3","45929","2413","","","","","0","1048347664","0.000000","0","724251","0.000000","","","","","","","","","","","","","","","","",""
"BG_BG_RADIXOR","BG_BG","bg-bg-default","1.0.0","dd6b424edc9d8a54626d3ee9408feda774a8a13215840074c912752ee37620d2","LOWERCASE_GROUPS_ONLY","ALL_CANDIDATES","2413","45806","0","45684","122","3","45929","2413","724251","0","0","1048347664","0","1048347664","0.000000","0","724251","0.000000","1.000000000000","1.000000000000","1.000000000000","1.000000000000","1.000000000000","1.000000000000","1.000000000000","1.000000000000","1.000000000000","1.000000000000","1.000000000000","0.000000000000","","","","",""
"BN_BD_RADIXOR","BN_BD","bn-bd-default","1.0.0","0c5a4e2eab4431ef381e54d74b5b8d5d102fe47902882034a8d03f809090b4a5","ALL_WORDS","PRIMARY_OUTPUT","111","2847","0","2847","0","1","2847","111","49116","0","294","4001871","0","4001871","0.000000","294","49410","0.595021","1.000000000000","0.994049787492","1.000000000000","0.999927430361","0.997024893746","0.998804265599","0.997016016077","0.995234158440","0.994049787492","0.997020454902","0.996983833548","0.000072569639","","","","",""
"BN_BD_RADIXOR","BN_BD","bn-bd-default","1.0.0","0c5a4e2eab4431ef381e54d74b5b8d5d102fe47902882034a8d03f809090b4a5","ALL_WORDS","ANY_CANDIDATE","111","2847","0","2842","5","3","2855","111","","","","","0","4001871","0.000000","0","49410","0.000000","","","","","","","","","","","","","","","","",""
"BN_BD_RADIXOR","BN_BD","bn-bd-default","1.0.0","0c5a4e2eab4431ef381e54d74b5b8d5d102fe47902882034a8d03f809090b4a5","ALL_WORDS","ALL_CANDIDATES","111","2847","0","2842","5","3","2855","111","49410","0","0","4001871","0","4001871","0.000000","0","49410","0.000000","1.000000000000","1.000000000000","1.000000000000","1.000000000000","1.000000000000","1.000000000000","1.000000000000","1.000000000000","1.000000000000","1.000000000000","1.000000000000","0.000000000000","","","","",""
"BN_BD_RADIXOR","BN_BD","bn-bd-default","1.0.0","0c5a4e2eab4431ef381e54d74b5b8d5d102fe47902882034a8d03f809090b4a5","LOWERCASE_GROUPS_ONLY","PRIMARY_OUTPUT","111","2847","0","2847","0","1","2847","111","49116","0","294","4001871","0","4001871","0.000000","294","49410","0.595021","1.000000000000","0.994049787492","1.000000000000","0.999927430361","0.997024893746","0.998804265599","0.997016016077","0.995234158440","0.994049787492","0.997020454902","0.996983833548","0.000072569639","","","","",""
"BN_BD_RADIXOR","BN_BD","bn-bd-default","1.0.0","0c5a4e2eab4431ef381e54d74b5b8d5d102fe47902882034a8d03f809090b4a5","LOWERCASE_GROUPS_ONLY","ANY_CANDIDATE","111","2847","0","2842","5","3","2855","111","","","","","0","4001871","0.000000","0","49410","0.000000","","","","","","","","","","","","","","","","",""
"BN_BD_RADIXOR","BN_BD","bn-bd-default","1.0.0","0c5a4e2eab4431ef381e54d74b5b8d5d102fe47902882034a8d03f809090b4a5","LOWERCASE_GROUPS_ONLY","ALL_CANDIDATES","111","2847","0","2842","5","3","2855","111","49410","0","0","4001871","0","4001871","0.000000","0","49410","0.000000","1.000000000000","1.000000000000","1.000000000000","1.000000000000","1.000000000000","1.000000000000","1.000000000000","1.000000000000","1.000000000000","1.000000000000","1.000000000000","0.000000000000","","","","",""
"BRA_RADIXOR","BRA","bra-default","1.0.0","2c9f7a8f9bbca119cc735633b5dacd9d551267c69c36d0ddfaa3ae78bfef6475","ALL_WORDS","PRIMARY_OUTPUT","1246","2028","880","2028","0","1","2028","1244","3117","0","69","2052192","0","2052192","0.000000","69","3186","2.165725","1.000000000000","0.978342749529","1.000000000000","0.999966429533","0.989171374765","0.995592180912","0.989052831985","0.982598827312","0.978342749529","0.989112101599","0.989095473765","0.000033570467","","","","",""
"BRA_RADIXOR","BRA","bra-default","1.0.0","2c9f7a8f9bbca119cc735633b5dacd9d551267c69c36d0ddfaa3ae78bfef6475","ALL_WORDS","ANY_CANDIDATE","1246","2028","880","2021","7","2","2035","1246","","","","","0","2052192","0.000000","0","3186","0.000000","","","","","","","","","","","","","","","","",""
"BRA_RADIXOR","BRA","bra-default","1.0.0","2c9f7a8f9bbca119cc735633b5dacd9d551267c69c36d0ddfaa3ae78bfef6475","ALL_WORDS","ALL_CANDIDATES","1246","2028","880","2021","7","2","2035","1246","3186","0","0","2052192","0","2052192","0.000000","0","3186","0.000000","1.000000000000","1.000000000000","1.000000000000","1.000000000000","1.000000000000","1.000000000000","1.000000000000","1.000000000000","1.000000000000","1.000000000000","1.000000000000","0.000000000000","","","","",""
"BRA_RADIXOR","BRA","bra-default","1.0.0","2c9f7a8f9bbca119cc735633b5dacd9d551267c69c36d0ddfaa3ae78bfef6475","LOWERCASE_GROUPS_ONLY","PRIMARY_OUTPUT","1246","2028","880","2028","0","1","2028","1244","3117","0","69","2052192","0","2052192","0.000000","69","3186","2.165725","1.000000000000","0.978342749529","1.000000000000","0.999966429533","0.989171374765","0.995592180912","0.989052831985","0.982598827312","0.978342749529","0.989112101599","0.989095473765","0.000033570467","","","","",""
"BRA_RADIXOR","BRA","bra-default","1.0.0","2c9f7a8f9bbca119cc735633b5dacd9d551267c69c36d0ddfaa3ae78bfef6475","LOWERCASE_GROUPS_ONLY","ANY_CANDIDATE","1246","2028","880","2021","7","2","2035","1246","","","","","0","2052192","0.000000","0","3186","0.000000","","","","","","","","","","","","","","","","",""
"BRA_RADIXOR","BRA","bra-default","1.0.0","2c9f7a8f9bbca119cc735633b5dacd9d551267c69c36d0ddfaa3ae78bfef6475","LOWERCASE_GROUPS_ONLY","ALL_CANDIDATES","1246","2028","880","2021","7","2","2035","1246","3186","0","0","2052192","0","2052192","0.000000","0","3186","0.000000","1.000000000000","1.000000000000","1.000000000000","1.000000000000","1.000000000000","1.000000000000","1.000000000000","1.000000000000","1.000000000000","1.000000000000","1.000000000000","0.000000000000","","","","",""
"BRE_RADIXOR","BRE","bre-default","1.0.0","f27b933c1a5c37c83a0824ab1b033f2816269d1da107e18232786fe3914e0e02","ALL_WORDS","PRIMARY_OUTPUT","44","1940","0","1940","0","1","1940","44","43539","0","0","1837291","0","1837291","0.000000","0","43539","0.000000","1.000000000000","1.000000000000","1.000000000000","1.000000000000","1.000000000000","1.000000000000","1.000000000000","1.000000000000","1.000000000000","1.000000000000","1.000000000000","0.000000000000","","","","",""
"BRE_RADIXOR","BRE","bre-default","1.0.0","f27b933c1a5c37c83a0824ab1b033f2816269d1da107e18232786fe3914e0e02","ALL_WORDS","ANY_CANDIDATE","44","1940","0","1940","0","1","1940","44","","","","","0","1837291","0.000000","0","43539","0.000000","","","","","","","","","","","","","","","","",""
"BRE_RADIXOR","BRE","bre-default","1.0.0","f27b933c1a5c37c83a0824ab1b033f2816269d1da107e18232786fe3914e0e02","ALL_WORDS","ALL_CANDIDATES","44","1940","0","1940","0","1","1940","44","43539","0","0","1837291","0","1837291","0.000000","0","43539","0.000000","1.000000000000","1.000000000000","1.000000000000","1.000000000000","1.000000000000","1.000000000000","1.000000000000","1.000000000000","1.000000000000","1.000000000000","1.000000000000","0.000000000000","","","","",""
"BRE_RADIXOR","BRE","bre-default","1.0.0","f27b933c1a5c37c83a0824ab1b033f2816269d1da107e18232786fe3914e0e02","LOWERCASE_GROUPS_ONLY","PRIMARY_OUTPUT","44","1940","0","1940","0","1","1940","44","43539","0","0","1837291","0","1837291","0.000000","0","43539","0.000000","1.000000000000","1.000000000000","1.000000000000","1.000000000000","1.000000000000","1.000000000000","1.000000000000","1.000000000000","1.000000000000","1.000000000000","1.000000000000","0.000000000000","","","","",""
"BRE_RADIXOR","BRE","bre-default","1.0.0","f27b933c1a5c37c83a0824ab1b033f2816269d1da107e18232786fe3914e0e02","LOWERCASE_GROUPS_ONLY","ANY_CANDIDATE","44","1940","0","1940","0","1","1940","44","","","","","0","1837291","0.000000","0","43539","0.000000","","","","","","","","","","","","","","","","",""
"BRE_RADIXOR","BRE","bre-default","1.0.0","f27b933c1a5c37c83a0824ab1b033f2816269d1da107e18232786fe3914e0e02","LOWERCASE_GROUPS_ONLY","ALL_CANDIDATES","44","1940","0","1940","0","1","1940","44","43539","0","0","1837291","0","1837291","0.000000","0","43539","0.000000","1.000000000000","1.000000000000","1.000000000000","1.000000000000","1.000000000000","1.000000000000","1.000000000000","1.000000000000","1.000000000000","1.000000000000","1.000000000000","0.000000000000","","","","",""
"CA_ES_RADIXOR","CA_ES","ca-es-default","1.0.0","f6f76fd51fcfa7619968fecbab2a77cc53389d251e203cf3fc2452a0dee6f63e","ALL_WORDS","PRIMARY_OUTPUT","15176","130366","667","130366","0","1","130366","15003","2128985","0","53675","8495399135","0","8495399135","0.000000","53675","2182660","2.459155","1.000000000000","0.975408446574","1.000000000000","0.999993683497","0.987704223287","0.994982988428","0.987551155070","0.980229519896","0.975408446574","0.987627686213","0.987624566250","0.000006316503","","","","",""
"CA_ES_RADIXOR","CA_ES","ca-es-default","1.0.0","f6f76fd51fcfa7619968fecbab2a77cc53389d251e203cf3fc2452a0dee6f63e","ALL_WORDS","ANY_CANDIDATE","15176","130366","667","125236","5130","4","135862","15176","","","","","0","8495399135","0.000000","0","2182660","0.000000","","","","","","","","","","","","","","","","",""
"CA_ES_RADIXOR","CA_ES","ca-es-default","1.0.0","f6f76fd51fcfa7619968fecbab2a77cc53389d251e203cf3fc2452a0dee6f63e","ALL_WORDS","ALL_CANDIDATES","15176","130366","667","125236","5130","4","135862","15176","2182660","0","0","8495399135","0","8495399135","0.000000","0","2182660","0.000000","1.000000000000","1.000000000000","1.000000000000","1.000000000000","1.000000000000","1.000000000000","1.000000000000","1.000000000000","1.000000000000","1.000000000000","1.000000000000","0.000000000000","","","","",""
"CA_ES_RADIXOR","CA_ES","ca-es-default","1.0.0","f6f76fd51fcfa7619968fecbab2a77cc53389d251e203cf3fc2452a0dee6f63e","LOWERCASE_GROUPS_ONLY","PRIMARY_OUTPUT","15176","130366","667","130366","0","1","130366","15003","2128985","0","53675","8495399135","0","8495399135","0.000000","53675","2182660","2.459155","1.000000000000","0.975408446574","1.000000000000","0.999993683497","0.987704223287","0.994982988428","0.987551155070","0.980229519896","0.975408446574","0.987627686213","0.987624566250","0.000006316503","","","","",""
"CA_ES_RADIXOR","CA_ES","ca-es-default","1.0.0","f6f76fd51fcfa7619968fecbab2a77cc53389d251e203cf3fc2452a0dee6f63e","LOWERCASE_GROUPS_ONLY","ANY_CANDIDATE","15176","130366","667","125236","5130","4","135862","15176","","","","","0","8495399135","0.000000","0","2182660","0.000000","","","","","","","","","","","","","","","","",""
"CA_ES_RADIXOR","CA_ES","ca-es-default","1.0.0","f6f76fd51fcfa7619968fecbab2a77cc53389d251e203cf3fc2452a0dee6f63e","LOWERCASE_GROUPS_ONLY","ALL_CANDIDATES","15176","130366","667","125236","5130","4","135862","15176","2182660","0","0","8495399135","0","8495399135","0.000000","0","2182660","0.000000","1.000000000000","1.000000000000","1.000000000000","1.000000000000","1.000000000000","1.000000000000","1.000000000000","1.000000000000","1.000000000000","1.000000000000","1.000000000000","0.000000000000","","","","",""
"CEB_RADIXOR","CEB","ceb-default","1.0.0","f33a8b4a366ace91154808dd5d51ea089114cca5ba343cdd3d9b1e6c51f57b64","ALL_WORDS","PRIMARY_OUTPUT","95","430","2","430","0","1","430","95","808","0","0","91427","0","91427","0.000000","0","808","0.000000","1.000000000000","1.000000000000","1.000000000000","1.000000000000","1.000000000000","1.000000000000","1.000000000000","1.000000000000","1.000000000000","1.000000000000","1.000000000000","0.000000000000","","","","",""
"CEB_RADIXOR","CEB","ceb-default","1.0.0","f33a8b4a366ace91154808dd5d51ea089114cca5ba343cdd3d9b1e6c51f57b64","ALL_WORDS","ANY_CANDIDATE","95","430","2","430","0","1","430","95","","","","","0","91427","0.000000","0","808","0.000000","","","","","","","","","","","","","","","","",""
"CEB_RADIXOR","CEB","ceb-default","1.0.0","f33a8b4a366ace91154808dd5d51ea089114cca5ba343cdd3d9b1e6c51f57b64","ALL_WORDS","ALL_CANDIDATES","95","430","2","430","0","1","430","95","808","0","0","91427","0","91427","0.000000","0","808","0.000000","1.000000000000","1.000000000000","1.000000000000","1.000000000000","1.000000000000","1.000000000000","1.000000000000","1.000000000000","1.000000000000","1.000000000000","1.000000000000","0.000000000000","","","","",""
"CEB_RADIXOR","CEB","ceb-default","1.0.0","f33a8b4a366ace91154808dd5d51ea089114cca5ba343cdd3d9b1e6c51f57b64","LOWERCASE_GROUPS_ONLY","PRIMARY_OUTPUT","95","430","2","430","0","1","430","95","808","0","0","91427","0","91427","0.000000","0","808","0.000000","1.000000000000","1.000000000000","1.000000000000","1.000000000000","1.000000000000","1.000000000000","1.000000000000","1.000000000000","1.000000000000","1.000000000000","1.000000000000","0.000000000000","","","","",""
"CEB_RADIXOR","CEB","ceb-default","1.0.0","f33a8b4a366ace91154808dd5d51ea089114cca5ba343cdd3d9b1e6c51f57b64","LOWERCASE_GROUPS_ONLY","ANY_CANDIDATE","95","430","2","430","0","1","430","95","","","","","0","91427","0.000000","0","808","0.000000","","","","","","","","","","","","","","","","",""
"CEB_RADIXOR","CEB","ceb-default","1.0.0","f33a8b4a366ace91154808dd5d51ea089114cca5ba343cdd3d9b1e6c51f57b64","LOWERCASE_GROUPS_ONLY","ALL_CANDIDATES","95","430","2","430","0","1","430","95","808","0","0","91427","0","91427","0.000000","0","808","0.000000","1.000000000000","1.000000000000","1.000000000000","1.000000000000","1.000000000000","1.000000000000","1.000000000000","1.000000000000","1.000000000000","1.000000000000","1.000000000000","0.000000000000","","","","",""
"CHU_RADIXOR","CHU","chu-default","1.0.0","1c5d552abc5ed624bcb7af7533e286e7fd1fa9d44f34e38c32360226cb1f0b90","ALL_WORDS","PRIMARY_OUTPUT","152","1652","0","1652","0","1","1652","151","8486","0","1647","1353593","0","1353593","0.000000","1647","10133","16.253824","1.000000000000","0.837461758610","1.000000000000","0.998792279388","0.918730879305","0.962633573065","0.911541973253","0.865600391693","0.837461758610","0.915129367145","0.914573127560","0.001207720612","","","","",""
"CHU_RADIXOR","CHU","chu-default","1.0.0","1c5d552abc5ed624bcb7af7533e286e7fd1fa9d44f34e38c32360226cb1f0b90","ALL_WORDS","ANY_CANDIDATE","152","1652","0","1292","360","3","2030","152","","","","","0","1353593","0.000000","0","10133","0.000000","","","","","","","","","","","","","","","","",""
"CHU_RADIXOR","CHU","chu-default","1.0.0","1c5d552abc5ed624bcb7af7533e286e7fd1fa9d44f34e38c32360226cb1f0b90","ALL_WORDS","ALL_CANDIDATES","152","1652","0","1292","360","3","2030","152","10133","0","0","1353593","0","1353593","0.000000","0","10133","0.000000","1.000000000000","1.000000000000","1.000000000000","1.000000000000","1.000000000000","1.000000000000","1.000000000000","1.000000000000","1.000000000000","1.000000000000","1.000000000000","0.000000000000","","","","",""
"CHU_RADIXOR","CHU","chu-default","1.0.0","1c5d552abc5ed624bcb7af7533e286e7fd1fa9d44f34e38c32360226cb1f0b90","LOWERCASE_GROUPS_ONLY","PRIMARY_OUTPUT","152","1652","0","1652","0","1","1652","151","8486","0","1647","1353593","0","1353593","0.000000","1647","10133","16.253824","1.000000000000","0.837461758610","1.000000000000","0.998792279388","0.918730879305","0.962633573065","0.911541973253","0.865600391693","0.837461758610","0.915129367145","0.914573127560","0.001207720612","","","","",""
"CHU_RADIXOR","CHU","chu-default","1.0.0","1c5d552abc5ed624bcb7af7533e286e7fd1fa9d44f34e38c32360226cb1f0b90","LOWERCASE_GROUPS_ONLY","ANY_CANDIDATE","152","1652","0","1292","360","3","2030","152","","","","","0","1353593","0.000000","0","10133","0.000000","","","","","","","","","","","","","","","","",""
"CHU_RADIXOR","CHU","chu-default","1.0.0","1c5d552abc5ed624bcb7af7533e286e7fd1fa9d44f34e38c32360226cb1f0b90","LOWERCASE_GROUPS_ONLY","ALL_CANDIDATES","152","1652","0","1292","360","3","2030","152","10133","0","0","1353593","0","1353593","0.000000","0","10133","0.000000","1.000000000000","1.000000000000","1.000000000000","1.000000000000","1.000000000000","1.000000000000","1.000000000000","1.000000000000","1.000000000000","1.000000000000","1.000000000000","0.000000000000","","","","",""
"CKT_RADIXOR","CKT","ckt-default","1.0.0","1ac8387d6dad002370756edfb57286e2add869d0591b9551e7dfbcf24cda4367","ALL_WORDS","PRIMARY_OUTPUT","191","302","106","302","0","1","302","191","155","0","3","45293","0","45293","0.000000","3","158","1.898734","1.000000000000","0.981012658228","1.000000000000","0.999933994852","0.990506329114","0.996143958869","0.990415335463","0.984752223634","0.981012658228","0.990460831244","0.990428031088","0.000066005148","","","","",""
"CKT_RADIXOR","CKT","ckt-default","1.0.0","1ac8387d6dad002370756edfb57286e2add869d0591b9551e7dfbcf24cda4367","ALL_WORDS","ANY_CANDIDATE","191","302","106","300","2","2","304","191","","","","","0","45293","0.000000","0","158","0.000000","","","","","","","","","","","","","","","","",""
"CKT_RADIXOR","CKT","ckt-default","1.0.0","1ac8387d6dad002370756edfb57286e2add869d0591b9551e7dfbcf24cda4367","ALL_WORDS","ALL_CANDIDATES","191","302","106","300","2","2","304","191","158","0","0","45293","0","45293","0.000000","0","158","0.000000","1.000000000000","1.000000000000","1.000000000000","1.000000000000","1.000000000000","1.000000000000","1.000000000000","1.000000000000","1.000000000000","1.000000000000","1.000000000000","0.000000000000","","","","",""
"CKT_RADIXOR","CKT","ckt-default","1.0.0","1ac8387d6dad002370756edfb57286e2add869d0591b9551e7dfbcf24cda4367","LOWERCASE_GROUPS_ONLY","PRIMARY_OUTPUT","191","302","106","302","0","1","302","191","155","0","3","45293","0","45293","0.000000","3","158","1.898734","1.000000000000","0.981012658228","1.000000000000","0.999933994852","0.990506329114","0.996143958869","0.990415335463","0.984752223634","0.981012658228","0.990460831244","0.990428031088","0.000066005148","","","","",""
"CKT_RADIXOR","CKT","ckt-default","1.0.0","1ac8387d6dad002370756edfb57286e2add869d0591b9551e7dfbcf24cda4367","LOWERCASE_GROUPS_ONLY","ANY_CANDIDATE","191","302","106","300","2","2","304","191","","","","","0","45293","0.000000","0","158","0.000000","","","","","","","","","","","","","","","","",""
"CKT_RADIXOR","CKT","ckt-default","1.0.0","1ac8387d6dad002370756edfb57286e2add869d0591b9551e7dfbcf24cda4367","LOWERCASE_GROUPS_ONLY","ALL_CANDIDATES","191","302","106","300","2","2","304","191","158","0","0","45293","0","45293","0.000000","0","158","0.000000","1.000000000000","1.000000000000","1.000000000000","1.000000000000","1.000000000000","1.000000000000","1.000000000000","1.000000000000","1.000000000000","1.000000000000","1.000000000000","0.000000000000","","","","",""
"CLY_RADIXOR","CLY","cly-default","1.0.0","7d9e70a7f756343f88bad3ac07d9108da9e0e38659cf3a0ba0d838a55180a6b6","ALL_WORDS","PRIMARY_OUTPUT","185","2035","0","2035","0","1","2035","185","11015","0","1948","2056632","0","2056632","0.000000","1948","12963","15.027386","1.000000000000","0.849726143640","1.000000000000","0.999058753041","0.924863071820","0.965838345931","0.918758862290","0.876055800340","0.849726143640","0.921805914301","0.921369666274","0.000941246959","","","","",""
"CLY_RADIXOR","CLY","cly-default","1.0.0","7d9e70a7f756343f88bad3ac07d9108da9e0e38659cf3a0ba0d838a55180a6b6","ALL_WORDS","ANY_CANDIDATE","185","2035","0","1844","191","4","2251","185","","","","","0","2056632","0.000000","0","12963","0.000000","","","","","","","","","","","","","","","","",""
"CLY_RADIXOR","CLY","cly-default","1.0.0","7d9e70a7f756343f88bad3ac07d9108da9e0e38659cf3a0ba0d838a55180a6b6","ALL_WORDS","ALL_CANDIDATES","185","2035","0","1844","191","4","2251","185","12963","0","0","2056632","0","2056632","0.000000","0","12963","0.000000","1.000000000000","1.000000000000","1.000000000000","1.000000000000","1.000000000000","1.000000000000","1.000000000000","1.000000000000","1.000000000000","1.000000000000","1.000000000000","0.000000000000","","","","",""
"CLY_RADIXOR","CLY","cly-default","1.0.0","7d9e70a7f756343f88bad3ac07d9108da9e0e38659cf3a0ba0d838a55180a6b6","LOWERCASE_GROUPS_ONLY","PRIMARY_OUTPUT","185","2035","0","2035","0","1","2035","185","11015","0","1948","2056632","0","2056632","0.000000","1948","12963","15.027386","1.000000000000","0.849726143640","1.000000000000","0.999058753041","0.924863071820","0.965838345931","0.918758862290","0.876055800340","0.849726143640","0.921805914301","0.921369666274","0.000941246959","","","","",""
"CLY_RADIXOR","CLY","cly-default","1.0.0","7d9e70a7f756343f88bad3ac07d9108da9e0e38659cf3a0ba0d838a55180a6b6","LOWERCASE_GROUPS_ONLY","ANY_CANDIDATE","185","2035","0","1844","191","4","2251","185","","","","","0","2056632","0.000000","0","12963","0.000000","","","","","","","","","","","","","","","","",""
"CLY_RADIXOR","CLY","cly-default","1.0.0","7d9e70a7f756343f88bad3ac07d9108da9e0e38659cf3a0ba0d838a55180a6b6","LOWERCASE_GROUPS_ONLY","ALL_CANDIDATES","185","2035","0","1844","191","4","2251","185","12963","0","0","2056632","0","2056632","0.000000","0","12963","0.000000","1.000000000000","1.000000000000","1.000000000000","1.000000000000","1.000000000000","1.000000000000","1.000000000000","1.000000000000","1.000000000000","1.000000000000","1.000000000000","0.000000000000","","","","",""
"CNI_RADIXOR","CNI","cni-default","1.0.0","13edaa2b6fad0c81eac550d3214fd1ecdf258184a2568a91d5d8c3cd04d44766","ALL_WORDS","PRIMARY_OUTPUT","407","10095","0","10095","0","1","10095","407","122885","0","451","50826129","0","50826129","0.000000","451","123336","0.365668","1.000000000000","0.996343322307","1.000000000000","0.999991148092","0.998171661153","0.999266518778","0.998168312207","0.997072516873","0.996343322307","0.998169986679","0.998165558133","0.000008851908","","","","",""
"CNI_RADIXOR","CNI","cni-default","1.0.0","13edaa2b6fad0c81eac550d3214fd1ecdf258184a2568a91d5d8c3cd04d44766","ALL_WORDS","ANY_CANDIDATE","407","10095","0","10061","34","2","10129","407","","","","","0","50826129","0.000000","0","123336","0.000000","","","","","","","","","","","","","","","","",""
"CNI_RADIXOR","CNI","cni-default","1.0.0","13edaa2b6fad0c81eac550d3214fd1ecdf258184a2568a91d5d8c3cd04d44766","ALL_WORDS","ALL_CANDIDATES","407","10095","0","10061","34","2","10129","407","123336","0","0","50826129","0","50826129","0.000000","0","123336","0.000000","1.000000000000","1.000000000000","1.000000000000","1.000000000000","1.000000000000","1.000000000000","1.000000000000","1.000000000000","1.000000000000","1.000000000000","1.000000000000","0.000000000000","","","","",""
"CNI_RADIXOR","CNI","cni-default","1.0.0","13edaa2b6fad0c81eac550d3214fd1ecdf258184a2568a91d5d8c3cd04d44766","LOWERCASE_GROUPS_ONLY","PRIMARY_OUTPUT","407","10095","0","10095","0","1","10095","407","122885","0","451","50826129","0","50826129","0.000000","451","123336","0.365668","1.000000000000","0.996343322307","1.000000000000","0.999991148092","0.998171661153","0.999266518778","0.998168312207","0.997072516873","0.996343322307","0.998169986679","0.998165558133","0.000008851908","","","","",""
"CNI_RADIXOR","CNI","cni-default","1.0.0","13edaa2b6fad0c81eac550d3214fd1ecdf258184a2568a91d5d8c3cd04d44766","LOWERCASE_GROUPS_ONLY","ANY_CANDIDATE","407","10095","0","10061","34","2","10129","407","","","","","0","50826129","0.000000","0","123336","0.000000","","","","","","","","","","","","","","","","",""
"CNI_RADIXOR","CNI","cni-default","1.0.0","13edaa2b6fad0c81eac550d3214fd1ecdf258184a2568a91d5d8c3cd04d44766","LOWERCASE_GROUPS_ONLY","ALL_CANDIDATES","407","10095","0","10061","34","2","10129","407","123336","0","0","50826129","0","50826129","0.000000","0","123336","0.000000","1.000000000000","1.000000000000","1.000000000000","1.000000000000","1.000000000000","1.000000000000","1.000000000000","1.000000000000","1.000000000000","1.000000000000","1.000000000000","0.000000000000","","","","",""
"COR_RADIXOR","COR","cor-default","1.0.0","71602207574edad2377b94ef48821f29338c13ccf1ee16419f69f10476e48a5a","ALL_WORDS","PRIMARY_OUTPUT","8","162","0","162","0","1","162","8","2276","0","12","10753","0","10753","0.000000","12","2288","0.524476","1.000000000000","0.994755244755","1.000000000000","0.999079825167","0.997377622378","0.998946629213","0.997370727432","0.995799789989","0.994755244755","0.997374174899","0.996818121608","0.000920174833","","","","",""
"COR_RADIXOR","COR","cor-default","1.0.0","71602207574edad2377b94ef48821f29338c13ccf1ee16419f69f10476e48a5a","ALL_WORDS","ANY_CANDIDATE","8","162","0","150","12","2","174","8","","","","","0","10753","0.000000","0","2288","0.000000","","","","","","","","","","","","","","","","",""
"COR_RADIXOR","COR","cor-default","1.0.0","71602207574edad2377b94ef48821f29338c13ccf1ee16419f69f10476e48a5a","ALL_WORDS","ALL_CANDIDATES","8","162","0","150","12","2","174","8","2288","0","0","10753","0","10753","0.000000","0","2288","0.000000","1.000000000000","1.000000000000","1.000000000000","1.000000000000","1.000000000000","1.000000000000","1.000000000000","1.000000000000","1.000000000000","1.000000000000","1.000000000000","0.000000000000","","","","",""
"COR_RADIXOR","COR","cor-default","1.0.0","71602207574edad2377b94ef48821f29338c13ccf1ee16419f69f10476e48a5a","LOWERCASE_GROUPS_ONLY","PRIMARY_OUTPUT","8","162","0","162","0","1","162","8","2276","0","12","10753","0","10753","0.000000","12","2288","0.524476","1.000000000000","0.994755244755","1.000000000000","0.999079825167","0.997377622378","0.998946629213","0.997370727432","0.995799789989","0.994755244755","0.997374174899","0.996818121608","0.000920174833","","","","",""
"COR_RADIXOR","COR","cor-default","1.0.0","71602207574edad2377b94ef48821f29338c13ccf1ee16419f69f10476e48a5a","LOWERCASE_GROUPS_ONLY","ANY_CANDIDATE","8","162","0","150","12","2","174","8","","","","","0","10753","0.000000","0","2288","0.000000","","","","","","","","","","","","","","","","",""
"COR_RADIXOR","COR","cor-default","1.0.0","71602207574edad2377b94ef48821f29338c13ccf1ee16419f69f10476e48a5a","LOWERCASE_GROUPS_ONLY","ALL_CANDIDATES","8","162","0","150","12","2","174","8","2288","0","0","10753","0","10753","0.000000","0","2288","0.000000","1.000000000000","1.000000000000","1.000000000000","1.000000000000","1.000000000000","1.000000000000","1.000000000000","1.000000000000","1.000000000000","1.000000000000","1.000000000000","0.000000000000","","","","",""
"CPA_RADIXOR","CPA","cpa-default","1.0.0","6f2c06058918d2419d53f1698071588a79e0cb5475ad8e1dd286e86f22eeeb89","ALL_WORDS","PRIMARY_OUTPUT","555","2741","0","2741","0","1","2741","555","7008","0","1848","3746314","0","3746314","0.000000","1848","8856","20.867209","1.000000000000","0.791327913279","1.000000000000","0.999507878472","0.895663956640","0.949902407287","0.883509833585","0.825791855204","0.791327913279","0.889566137664","0.889346814046","0.000492121528","","","","",""
"CPA_RADIXOR","CPA","cpa-default","1.0.0","6f2c06058918d2419d53f1698071588a79e0cb5475ad8e1dd286e86f22eeeb89","ALL_WORDS","ANY_CANDIDATE","555","2741","0","2434","307","4","3090","555","","","","","0","3746314","0.000000","0","8856","0.000000","","","","","","","","","","","","","","","","",""
"CPA_RADIXOR","CPA","cpa-default","1.0.0","6f2c06058918d2419d53f1698071588a79e0cb5475ad8e1dd286e86f22eeeb89","ALL_WORDS","ALL_CANDIDATES","555","2741","0","2434","307","4","3090","555","8856","0","0","3746314","0","3746314","0.000000","0","8856","0.000000","1.000000000000","1.000000000000","1.000000000000","1.000000000000","1.000000000000","1.000000000000","1.000000000000","1.000000000000","1.000000000000","1.000000000000","1.000000000000","0.000000000000","","","","",""
"CPA_RADIXOR","CPA","cpa-default","1.0.0","6f2c06058918d2419d53f1698071588a79e0cb5475ad8e1dd286e86f22eeeb89","LOWERCASE_GROUPS_ONLY","PRIMARY_OUTPUT","555","2741","0","2741","0","1","2741","555","7008","0","1848","3746314","0","3746314","0.000000","1848","8856","20.867209","1.000000000000","0.791327913279","1.000000000000","0.999507878472","0.895663956640","0.949902407287","0.883509833585","0.825791855204","0.791327913279","0.889566137664","0.889346814046","0.000492121528","","","","",""
"CPA_RADIXOR","CPA","cpa-default","1.0.0","6f2c06058918d2419d53f1698071588a79e0cb5475ad8e1dd286e86f22eeeb89","LOWERCASE_GROUPS_ONLY","ANY_CANDIDATE","555","2741","0","2434","307","4","3090","555","","","","","0","3746314","0.000000","0","8856","0.000000","","","","","","","","","","","","","","","","",""
"CPA_RADIXOR","CPA","cpa-default","1.0.0","6f2c06058918d2419d53f1698071588a79e0cb5475ad8e1dd286e86f22eeeb89","LOWERCASE_GROUPS_ONLY","ALL_CANDIDATES","555","2741","0","2434","307","4","3090","555","8856","0","0","3746314","0","3746314","0.000000","0","8856","0.000000","1.000000000000","1.000000000000","1.000000000000","1.000000000000","1.000000000000","1.000000000000","1.000000000000","1.000000000000","1.000000000000","1.000000000000","1.000000000000","0.000000000000","","","","",""
"CRE_RADIXOR","CRE","cre-default","1.0.0","e70a313201ff437268acc5955ea26caa646a4c3d5dca5e898b957b02f691544e","ALL_WORDS","PRIMARY_OUTPUT","32","1076","0","1076","0","1","1076","32","31096","0","0","547254","0","547254","0.000000","0","31096","0.000000","1.000000000000","1.000000000000","1.000000000000","1.000000000000","1.000000000000","1.000000000000","1.000000000000","1.000000000000","1.000000000000","1.000000000000","1.000000000000","0.000000000000","","","","",""
"CRE_RADIXOR","CRE","cre-default","1.0.0","e70a313201ff437268acc5955ea26caa646a4c3d5dca5e898b957b02f691544e","ALL_WORDS","ANY_CANDIDATE","32","1076","0","1076","0","1","1076","32","","","","","0","547254","0.000000","0","31096","0.000000","","","","","","","","","","","","","","","","",""
"CRE_RADIXOR","CRE","cre-default","1.0.0","e70a313201ff437268acc5955ea26caa646a4c3d5dca5e898b957b02f691544e","ALL_WORDS","ALL_CANDIDATES","32","1076","0","1076","0","1","1076","32","31096","0","0","547254","0","547254","0.000000","0","31096","0.000000","1.000000000000","1.000000000000","1.000000000000","1.000000000000","1.000000000000","1.000000000000","1.000000000000","1.000000000000","1.000000000000","1.000000000000","1.000000000000","0.000000000000","","","","",""
"CRE_RADIXOR","CRE","cre-default","1.0.0","e70a313201ff437268acc5955ea26caa646a4c3d5dca5e898b957b02f691544e","LOWERCASE_GROUPS_ONLY","PRIMARY_OUTPUT","32","1076","0","1076","0","1","1076","32","31096","0","0","547254","0","547254","0.000000","0","31096","0.000000","1.000000000000","1.000000000000","1.000000000000","1.000000000000","1.000000000000","1.000000000000","1.000000000000","1.000000000000","1.000000000000","1.000000000000","1.000000000000","0.000000000000","","","","",""
"CRE_RADIXOR","CRE","cre-default","1.0.0","e70a313201ff437268acc5955ea26caa646a4c3d5dca5e898b957b02f691544e","LOWERCASE_GROUPS_ONLY","ANY_CANDIDATE","32","1076","0","1076","0","1","1076","32","","","","","0","547254","0.000000","0","31096","0.000000","","","","","","","","","","","","","","","","",""
"CRE_RADIXOR","CRE","cre-default","1.0.0","e70a313201ff437268acc5955ea26caa646a4c3d5dca5e898b957b02f691544e","LOWERCASE_GROUPS_ONLY","ALL_CANDIDATES","32","1076","0","1076","0","1","1076","32","31096","0","0","547254","0","547254","0.000000","0","31096","0.000000","1.000000000000","1.000000000000","1.000000000000","1.000000000000","1.000000000000","1.000000000000","1.000000000000","1.000000000000","1.000000000000","1.000000000000","1.000000000000","0.000000000000","","","","",""
"CRH_RADIXOR","CRH","crh-default","1.0.0","4698c8efadf49f53c89e0fc7b311a5bd70f40490b8dce671394677b9078d8a2c","ALL_WORDS","PRIMARY_OUTPUT","1210","7195","0","7195","0","1","7195","1210","17828","0","17","25862570","0","25862570","0.000000","17","17845","0.095265","1.000000000000","0.999047352199","1.000000000000","0.999999343133","0.999523676100","0.999809325123","0.999523449107","0.999237736526","0.999047352199","0.999523562603","0.999523234100","0.000000656867","","","","",""
"CRH_RADIXOR","CRH","crh-default","1.0.0","4698c8efadf49f53c89e0fc7b311a5bd70f40490b8dce671394677b9078d8a2c","ALL_WORDS","ANY_CANDIDATE","1210","7195","0","7191","4","2","7199","1210","","","","","0","25862570","0.000000","0","17845","0.000000","","","","","","","","","","","","","","","","",""
"CRH_RADIXOR","CRH","crh-default","1.0.0","4698c8efadf49f53c89e0fc7b311a5bd70f40490b8dce671394677b9078d8a2c","ALL_WORDS","ALL_CANDIDATES","1210","7195","0","7191","4","2","7199","1210","17845","0","0","25862570","0","25862570","0.000000","0","17845","0.000000","1.000000000000","1.000000000000","1.000000000000","1.000000000000","1.000000000000","1.000000000000","1.000000000000","1.000000000000","1.000000000000","1.000000000000","1.000000000000","0.000000000000","","","","",""
"CRH_RADIXOR","CRH","crh-default","1.0.0","4698c8efadf49f53c89e0fc7b311a5bd70f40490b8dce671394677b9078d8a2c","LOWERCASE_GROUPS_ONLY","PRIMARY_OUTPUT","1210","7195","0","7195","0","1","7195","1210","17828","0","17","25862570","0","25862570","0.000000","17","17845","0.095265","1.000000000000","0.999047352199","1.000000000000","0.999999343133","0.999523676100","0.999809325123","0.999523449107","0.999237736526","0.999047352199","0.999523562603","0.999523234100","0.000000656867","","","","",""
"CRH_RADIXOR","CRH","crh-default","1.0.0","4698c8efadf49f53c89e0fc7b311a5bd70f40490b8dce671394677b9078d8a2c","LOWERCASE_GROUPS_ONLY","ANY_CANDIDATE","1210","7195","0","7191","4","2","7199","1210","","","","","0","25862570","0.000000","0","17845","0.000000","","","","","","","","","","","","","","","","",""
"CRH_RADIXOR","CRH","crh-default","1.0.0","4698c8efadf49f53c89e0fc7b311a5bd70f40490b8dce671394677b9078d8a2c","LOWERCASE_GROUPS_ONLY","ALL_CANDIDATES","1210","7195","0","7191","4","2","7199","1210","17845","0","0","25862570","0","25862570","0.000000","0","17845","0.000000","1.000000000000","1.000000000000","1.000000000000","1.000000000000","1.000000000000","1.000000000000","1.000000000000","1.000000000000","1.000000000000","1.000000000000","1.000000000000","0.000000000000","","","","",""
"CSB_RADIXOR","CSB","csb-default","1.0.0","32cf30a085941969f1acc4149152d515efa99fd1061c4ddd9eb1049e5cc3097b","ALL_WORDS","PRIMARY_OUTPUT","37","350","0","350","0","1","350","37","1535","0","13","59527","0","59527","0.000000","13","1548","0.839793","1.000000000000","0.991602067183","1.000000000000","0.999787146950","0.995801033592","0.998309053070","0.995783327927","0.993270350718","0.991602067183","0.995792180720","0.995683463849","0.000212853050","","","","",""
"CSB_RADIXOR","CSB","csb-default","1.0.0","32cf30a085941969f1acc4149152d515efa99fd1061c4ddd9eb1049e5cc3097b","ALL_WORDS","ANY_CANDIDATE","37","350","0","345","5","2","355","37","","","","","0","59527","0.000000","0","1548","0.000000","","","","","","","","","","","","","","","","",""
"CSB_RADIXOR","CSB","csb-default","1.0.0","32cf30a085941969f1acc4149152d515efa99fd1061c4ddd9eb1049e5cc3097b","ALL_WORDS","ALL_CANDIDATES","37","350","0","345","5","2","355","37","1548","0","0","59527","0","59527","0.000000","0","1548","0.000000","1.000000000000","1.000000000000","1.000000000000","1.000000000000","1.000000000000","1.000000000000","1.000000000000","1.000000000000","1.000000000000","1.000000000000","1.000000000000","0.000000000000","","","","",""
"CSB_RADIXOR","CSB","csb-default","1.0.0","32cf30a085941969f1acc4149152d515efa99fd1061c4ddd9eb1049e5cc3097b","LOWERCASE_GROUPS_ONLY","PRIMARY_OUTPUT","37","350","0","350","0","1","350","37","1535","0","13","59527","0","59527","0.000000","13","1548","0.839793","1.000000000000","0.991602067183","1.000000000000","0.999787146950","0.995801033592","0.998309053070","0.995783327927","0.993270350718","0.991602067183","0.995792180720","0.995683463849","0.000212853050","","","","",""
"CSB_RADIXOR","CSB","csb-default","1.0.0","32cf30a085941969f1acc4149152d515efa99fd1061c4ddd9eb1049e5cc3097b","LOWERCASE_GROUPS_ONLY","ANY_CANDIDATE","37","350","0","345","5","2","355","37","","","","","0","59527","0.000000","0","1548","0.000000","","","","","","","","","","","","","","","","",""
"CSB_RADIXOR","CSB","csb-default","1.0.0","32cf30a085941969f1acc4149152d515efa99fd1061c4ddd9eb1049e5cc3097b","LOWERCASE_GROUPS_ONLY","ALL_CANDIDATES","37","350","0","345","5","2","355","37","1548","0","0","59527","0","59527","0.000000","0","1548","0.000000","1.000000000000","1.000000000000","1.000000000000","1.000000000000","1.000000000000","1.000000000000","1.000000000000","1.000000000000","1.000000000000","1.000000000000","1.000000000000","0.000000000000","","","","",""
"CTP_RADIXOR","CTP","ctp-default","1.0.0","36b5b636f158d0d65762e87c2125617847cf1b8c6fd766ddf4c42e4343b39122","ALL_WORDS","PRIMARY_OUTPUT","220","2597","0","2597","0","1","2597","220","17080","0","1035","3352791","0","3352791","0.000000","1035","18115","5.713497","1.000000000000","0.942865028982","1.000000000000","0.999692960884","0.971432514491","0.988025684040","0.970592413695","0.953763681036","0.942865028982","0.971012373238","0.970862533122","0.000307039116","","","","",""
"CTP_RADIXOR","CTP","ctp-default","1.0.0","36b5b636f158d0d65762e87c2125617847cf1b8c6fd766ddf4c42e4343b39122","ALL_WORDS","ANY_CANDIDATE","220","2597","0","2487","110","3","2710","220","","","","","0","3352791","0.000000","0","18115","0.000000","","","","","","","","","","","","","","","","",""
"CTP_RADIXOR","CTP","ctp-default","1.0.0","36b5b636f158d0d65762e87c2125617847cf1b8c6fd766ddf4c42e4343b39122","ALL_WORDS","ALL_CANDIDATES","220","2597","0","2487","110","3","2710","220","18115","0","0","3352791","0","3352791","0.000000","0","18115","0.000000","1.000000000000","1.000000000000","1.000000000000","1.000000000000","1.000000000000","1.000000000000","1.000000000000","1.000000000000","1.000000000000","1.000000000000","1.000000000000","0.000000000000","","","","",""
"CTP_RADIXOR","CTP","ctp-default","1.0.0","36b5b636f158d0d65762e87c2125617847cf1b8c6fd766ddf4c42e4343b39122","LOWERCASE_GROUPS_ONLY","PRIMARY_OUTPUT","220","2597","0","2597","0","1","2597","220","17080","0","1035","3352791","0","3352791","0.000000","1035","18115","5.713497","1.000000000000","0.942865028982","1.000000000000","0.999692960884","0.971432514491","0.988025684040","0.970592413695","0.953763681036","0.942865028982","0.971012373238","0.970862533122","0.000307039116","","","","",""
"CTP_RADIXOR","CTP","ctp-default","1.0.0","36b5b636f158d0d65762e87c2125617847cf1b8c6fd766ddf4c42e4343b39122","LOWERCASE_GROUPS_ONLY","ANY_CANDIDATE","220","2597","0","2487","110","3","2710","220","","","","","0","3352791","0.000000","0","18115","0.000000","","","","","","","","","","","","","","","","",""
"CTP_RADIXOR","CTP","ctp-default","1.0.0","36b5b636f158d0d65762e87c2125617847cf1b8c6fd766ddf4c42e4343b39122","LOWERCASE_GROUPS_ONLY","ALL_CANDIDATES","220","2597","0","2487","110","3","2710","220","18115","0","0","3352791","0","3352791","0.000000","0","18115","0.000000","1.000000000000","1.000000000000","1.000000000000","1.000000000000","1.000000000000","1.000000000000","1.000000000000","1.000000000000","1.000000000000","1.000000000000","1.000000000000","0.000000000000","","","","",""
"CZECH_LUCENE_CZECH_STEM_FILTER","CS_CZ","cs-cz-default","1.0.0","62afdaa6dc7a721b54a0dc278a0c648a63ad52a34a412d27b5b52fbcde9c1ce4","ALL_WORDS","PRIMARY_OUTPUT","5113","51401","2","51401","0","1","51401","9647","176908","12256","123601","1320692935","12256","1320705191","0.000928","123601","300509","41.130549","0.935209659343","0.588694514973","0.999990720109","0.999897156386","0.794342617541","0.836709501355","0.722555664699","0.635810810811","0.565625949195","0.741992450639","0.741949479040","0.000102843614","","","","",""
"CZECH_LUCENE_CZECH_STEM_FILTER","CS_CZ","cs-cz-default","1.0.0","62afdaa6dc7a721b54a0dc278a0c648a63ad52a34a412d27b5b52fbcde9c1ce4","LOWERCASE_GROUPS_ONLY","PRIMARY_OUTPUT","5038","50697","2","50697","0","1","50697","9558","174046","11790","123441","1284758279","11790","1284770069","0.000918","123441","297487","41.494586","0.936556964205","0.585054136819","0.999990823261","0.999894767400","0.792522480040","0.836091546082","0.720205742330","0.632533886133","0.562751190680","0.740227347695","0.740183575451","0.000105232600","","","","",""
"CZECH_RADIXOR","CS_CZ","cs-cz-default","1.0.0","62afdaa6dc7a721b54a0dc278a0c648a63ad52a34a412d27b5b52fbcde9c1ce4","ALL_WORDS","PRIMARY_OUTPUT","5113","51401","2","51401","0","1","51401","5162","298476","0","2033","1320705191","0","1320705191","0.000000","2033","300509","0.676519","1.000000000000","0.993234811603","1.000000000000","0.999998461021","0.996617405801","0.998639599629","0.996605925023","0.994580516517","0.993234811603","0.996611665396","0.996610898340","0.000001538979","","","","",""
"CZECH_RADIXOR","CS_CZ","cs-cz-default","1.0.0","62afdaa6dc7a721b54a0dc278a0c648a63ad52a34a412d27b5b52fbcde9c1ce4","ALL_WORDS","ANY_CANDIDATE","5113","51401","2","51080","321","4","51739","5166","","","","","0","1320705191","0.000000","0","300509","0.000000","","","","","","","","","","","","","","","","",""
"CZECH_RADIXOR","CS_CZ","cs-cz-default","1.0.0","62afdaa6dc7a721b54a0dc278a0c648a63ad52a34a412d27b5b52fbcde9c1ce4","ALL_WORDS","ALL_CANDIDATES","5113","51401","2","51080","321","4","51739","5166","300509","0","0","1320705191","0","1320705191","0.000000","0","300509","0.000000","1.000000000000","1.000000000000","1.000000000000","1.000000000000","1.000000000000","1.000000000000","1.000000000000","1.000000000000","1.000000000000","1.000000000000","1.000000000000","0.000000000000","","","","",""
"CZECH_RADIXOR","CS_CZ","cs-cz-default","1.0.0","62afdaa6dc7a721b54a0dc278a0c648a63ad52a34a412d27b5b52fbcde9c1ce4","LOWERCASE_GROUPS_ONLY","PRIMARY_OUTPUT","5038","50697","2","50697","0","1","50697","5037","295818","0","1669","1284770069","0","1284770069","0.000000","1669","297487","0.561033","1.000000000000","0.994389670809","1.000000000000","0.999998701236","0.997194835405","0.998872875329","0.997186944320","0.995506694863","0.994389670809","0.997190889855","0.997190242147","0.000001298764","","","","",""
"CZECH_RADIXOR","CS_CZ","cs-cz-default","1.0.0","62afdaa6dc7a721b54a0dc278a0c648a63ad52a34a412d27b5b52fbcde9c1ce4","LOWERCASE_GROUPS_ONLY","ANY_CANDIDATE","5038","50697","2","50428","269","4","50975","5040","","","","","0","1284770069","0.000000","0","297487","0.000000","","","","","","","","","","","","","","","","",""
"CZECH_RADIXOR","CS_CZ","cs-cz-default","1.0.0","62afdaa6dc7a721b54a0dc278a0c648a63ad52a34a412d27b5b52fbcde9c1ce4","LOWERCASE_GROUPS_ONLY","ALL_CANDIDATES","5038","50697","2","50428","269","4","50975","5040","297487","0","0","1284770069","0","1284770069","0.000000","0","297487","0.000000","1.000000000000","1.000000000000","1.000000000000","1.000000000000","1.000000000000","1.000000000000","1.000000000000","1.000000000000","1.000000000000","1.000000000000","1.000000000000","0.000000000000","","","","",""
"CZN_RADIXOR","CZN","czn-default","1.0.0","f8d1d16cfd2a023c322a50965f7437944cad928f716c268a18eccb39c4dab66a","ALL_WORDS","PRIMARY_OUTPUT","386","1864","0","1864","0","1","1864","386","3605","0","198","1732513","0","1732513","0.000000","198","3803","5.206416","1.000000000000","0.947935840126","1.000000000000","0.999885965458","0.973967920063","0.989134610108","0.973272138229","0.957910400170","0.947935840126","0.973619966992","0.973564336751","0.000114034542","","","","",""
"CZN_RADIXOR","CZN","czn-default","1.0.0","f8d1d16cfd2a023c322a50965f7437944cad928f716c268a18eccb39c4dab66a","ALL_WORDS","ANY_CANDIDATE","386","1864","0","1814","50","3","1915","386","","","","","0","1732513","0.000000","0","3803","0.000000","","","","","","","","","","","","","","","","",""
"CZN_RADIXOR","CZN","czn-default","1.0.0","f8d1d16cfd2a023c322a50965f7437944cad928f716c268a18eccb39c4dab66a","ALL_WORDS","ALL_CANDIDATES","386","1864","0","1814","50","3","1915","386","3803","0","0","1732513","0","1732513","0.000000","0","3803","0.000000","1.000000000000","1.000000000000","1.000000000000","1.000000000000","1.000000000000","1.000000000000","1.000000000000","1.000000000000","1.000000000000","1.000000000000","1.000000000000","0.000000000000","","","","",""
"CZN_RADIXOR","CZN","czn-default","1.0.0","f8d1d16cfd2a023c322a50965f7437944cad928f716c268a18eccb39c4dab66a","LOWERCASE_GROUPS_ONLY","PRIMARY_OUTPUT","386","1864","0","1864","0","1","1864","386","3605","0","198","1732513","0","1732513","0.000000","198","3803","5.206416","1.000000000000","0.947935840126","1.000000000000","0.999885965458","0.973967920063","0.989134610108","0.973272138229","0.957910400170","0.947935840126","0.973619966992","0.973564336751","0.000114034542","","","","",""
"CZN_RADIXOR","CZN","czn-default","1.0.0","f8d1d16cfd2a023c322a50965f7437944cad928f716c268a18eccb39c4dab66a","LOWERCASE_GROUPS_ONLY","ANY_CANDIDATE","386","1864","0","1814","50","3","1915","386","","","","","0","1732513","0.000000","0","3803","0.000000","","","","","","","","","","","","","","","","",""
"CZN_RADIXOR","CZN","czn-default","1.0.0","f8d1d16cfd2a023c322a50965f7437944cad928f716c268a18eccb39c4dab66a","LOWERCASE_GROUPS_ONLY","ALL_CANDIDATES","386","1864","0","1814","50","3","1915","386","3803","0","0","1732513","0","1732513","0.000000","0","3803","0.000000","1.000000000000","1.000000000000","1.000000000000","1.000000000000","1.000000000000","1.000000000000","1.000000000000","1.000000000000","1.000000000000","1.000000000000","1.000000000000","0.000000000000","","","","",""
"DAK_RADIXOR","DAK","dak-default","1.0.0","a867bb0f4165fc47b0906c179213d8563088a3e5f13d161120a2556fa1d9032a","ALL_WORDS","PRIMARY_OUTPUT","473","3332","0","3332","0","1","3332","473","10125","0","115","5539206","0","5539206","0.000000","115","10240","1.123047","1.000000000000","0.988769531250","1.000000000000","0.999979277211","0.994384765625","0.997733543555","0.994353056715","0.990995399824","0.988769531250","0.994368911044","0.994358589109","0.000020722789","","","","",""
"DAK_RADIXOR","DAK","dak-default","1.0.0","a867bb0f4165fc47b0906c179213d8563088a3e5f13d161120a2556fa1d9032a","ALL_WORDS","ANY_CANDIDATE","473","3332","0","3306","26","2","3358","473","","","","","0","5539206","0.000000","0","10240","0.000000","","","","","","","","","","","","","","","","",""
"DAK_RADIXOR","DAK","dak-default","1.0.0","a867bb0f4165fc47b0906c179213d8563088a3e5f13d161120a2556fa1d9032a","ALL_WORDS","ALL_CANDIDATES","473","3332","0","3306","26","2","3358","473","10240","0","0","5539206","0","5539206","0.000000","0","10240","0.000000","1.000000000000","1.000000000000","1.000000000000","1.000000000000","1.000000000000","1.000000000000","1.000000000000","1.000000000000","1.000000000000","1.000000000000","1.000000000000","0.000000000000","","","","",""
"DAK_RADIXOR","DAK","dak-default","1.0.0","a867bb0f4165fc47b0906c179213d8563088a3e5f13d161120a2556fa1d9032a","LOWERCASE_GROUPS_ONLY","PRIMARY_OUTPUT","473","3332","0","3332","0","1","3332","473","10125","0","115","5539206","0","5539206","0.000000","115","10240","1.123047","1.000000000000","0.988769531250","1.000000000000","0.999979277211","0.994384765625","0.997733543555","0.994353056715","0.990995399824","0.988769531250","0.994368911044","0.994358589109","0.000020722789","","","","",""
"DAK_RADIXOR","DAK","dak-default","1.0.0","a867bb0f4165fc47b0906c179213d8563088a3e5f13d161120a2556fa1d9032a","LOWERCASE_GROUPS_ONLY","ANY_CANDIDATE","473","3332","0","3306","26","2","3358","473","","","","","0","5539206","0.000000","0","10240","0.000000","","","","","","","","","","","","","","","","",""
"DAK_RADIXOR","DAK","dak-default","1.0.0","a867bb0f4165fc47b0906c179213d8563088a3e5f13d161120a2556fa1d9032a","LOWERCASE_GROUPS_ONLY","ALL_CANDIDATES","473","3332","0","3306","26","2","3358","473","10240","0","0","5539206","0","5539206","0.000000","0","10240","0.000000","1.000000000000","1.000000000000","1.000000000000","1.000000000000","1.000000000000","1.000000000000","1.000000000000","1.000000000000","1.000000000000","1.000000000000","1.000000000000","0.000000000000","","","","",""
"DA_DK_RADIXOR","DA_DK","da-dk-default","1.0.0","3f7b670a0e7b872bda0381f5154ce058a4656297b39b7157b4ccf6560257cb90","ALL_WORDS","PRIMARY_OUTPUT","4179","27921","32","27921","0","1","27921","4184","89021","0","674","389687465","0","389687465","0.000000","674","89695","0.751435","1.000000000000","0.992485645800","1.000000000000","0.999998270807","0.996242822900","0.998488040038","0.996228653282","0.993979468559","0.992485645800","0.996235738066","0.996234876527","0.000001729193","","","","",""
"DA_DK_RADIXOR","DA_DK","da-dk-default","1.0.0","3f7b670a0e7b872bda0381f5154ce058a4656297b39b7157b4ccf6560257cb90","ALL_WORDS","ANY_CANDIDATE","4179","27921","32","27756","165","3","28087","4187","","","","","0","389687465","0.000000","0","89695","0.000000","","","","","","","","","","","","","","","","",""
"DA_DK_RADIXOR","DA_DK","da-dk-default","1.0.0","3f7b670a0e7b872bda0381f5154ce058a4656297b39b7157b4ccf6560257cb90","ALL_WORDS","ALL_CANDIDATES","4179","27921","32","27756","165","3","28087","4187","89695","0","0","389687465","0","389687465","0.000000","0","89695","0.000000","1.000000000000","1.000000000000","1.000000000000","1.000000000000","1.000000000000","1.000000000000","1.000000000000","1.000000000000","1.000000000000","1.000000000000","1.000000000000","0.000000000000","","","","",""
"DA_DK_RADIXOR","DA_DK","da-dk-default","1.0.0","3f7b670a0e7b872bda0381f5154ce058a4656297b39b7157b4ccf6560257cb90","LOWERCASE_GROUPS_ONLY","PRIMARY_OUTPUT","4173","27875","32","27875","0","1","27875","4170","88910","0","630","388404335","0","388404335","0.000000","630","89540","0.703596","1.000000000000","0.992964038419","1.000000000000","0.999998378353","0.996482019209","0.998584842086","0.996469599328","0.994363298812","0.992964038419","0.996475809249","0.996475001098","0.000001621647","","","","",""
"DA_DK_RADIXOR","DA_DK","da-dk-default","1.0.0","3f7b670a0e7b872bda0381f5154ce058a4656297b39b7157b4ccf6560257cb90","LOWERCASE_GROUPS_ONLY","ANY_CANDIDATE","4173","27875","32","27718","157","3","28033","4173","","","","","0","388404335","0.000000","0","89540","0.000000","","","","","","","","","","","","","","","","",""
"DA_DK_RADIXOR","DA_DK","da-dk-default","1.0.0","3f7b670a0e7b872bda0381f5154ce058a4656297b39b7157b4ccf6560257cb90","LOWERCASE_GROUPS_ONLY","ALL_CANDIDATES","4173","27875","32","27718","157","3","28033","4173","89540","0","0","388404335","0","388404335","0.000000","0","89540","0.000000","1.000000000000","1.000000000000","1.000000000000","1.000000000000","1.000000000000","1.000000000000","1.000000000000","1.000000000000","1.000000000000","1.000000000000","1.000000000000","0.000000000000","","","","",""
"DJE_RADIXOR","DJE","dje-default","1.0.0","e4a09508fed786d640720e44077b59abb5dac9d154712a2a0d721f2300ae20df","ALL_WORDS","PRIMARY_OUTPUT","27","81","0","81","0","1","81","27","81","0","0","3159","0","3159","0.000000","0","81","0.000000","1.000000000000","1.000000000000","1.000000000000","1.000000000000","1.000000000000","1.000000000000","1.000000000000","1.000000000000","1.000000000000","1.000000000000","1.000000000000","0.000000000000","","","","",""
"DJE_RADIXOR","DJE","dje-default","1.0.0","e4a09508fed786d640720e44077b59abb5dac9d154712a2a0d721f2300ae20df","ALL_WORDS","ANY_CANDIDATE","27","81","0","81","0","1","81","27","","","","","0","3159","0.000000","0","81","0.000000","","","","","","","","","","","","","","","","",""
"DJE_RADIXOR","DJE","dje-default","1.0.0","e4a09508fed786d640720e44077b59abb5dac9d154712a2a0d721f2300ae20df","ALL_WORDS","ALL_CANDIDATES","27","81","0","81","0","1","81","27","81","0","0","3159","0","3159","0.000000","0","81","0.000000","1.000000000000","1.000000000000","1.000000000000","1.000000000000","1.000000000000","1.000000000000","1.000000000000","1.000000000000","1.000000000000","1.000000000000","1.000000000000","0.000000000000","","","","",""
"DJE_RADIXOR","DJE","dje-default","1.0.0","e4a09508fed786d640720e44077b59abb5dac9d154712a2a0d721f2300ae20df","LOWERCASE_GROUPS_ONLY","PRIMARY_OUTPUT","27","81","0","81","0","1","81","27","81","0","0","3159","0","3159","0.000000","0","81","0.000000","1.000000000000","1.000000000000","1.000000000000","1.000000000000","1.000000000000","1.000000000000","1.000000000000","1.000000000000","1.000000000000","1.000000000000","1.000000000000","0.000000000000","","","","",""
"DJE_RADIXOR","DJE","dje-default","1.0.0","e4a09508fed786d640720e44077b59abb5dac9d154712a2a0d721f2300ae20df","LOWERCASE_GROUPS_ONLY","ANY_CANDIDATE","27","81","0","81","0","1","81","27","","","","","0","3159","0.000000","0","81","0.000000","","","","","","","","","","","","","","","","",""
"DJE_RADIXOR","DJE","dje-default","1.0.0","e4a09508fed786d640720e44077b59abb5dac9d154712a2a0d721f2300ae20df","LOWERCASE_GROUPS_ONLY","ALL_CANDIDATES","27","81","0","81","0","1","81","27","81","0","0","3159","0","3159","0.000000","0","81","0.000000","1.000000000000","1.000000000000","1.000000000000","1.000000000000","1.000000000000","1.000000000000","1.000000000000","1.000000000000","1.000000000000","1.000000000000","1.000000000000","0.000000000000","","","","",""
"DSB_RADIXOR","DSB","dsb-default","1.0.0","0910f3977f825457d7f64f988c984a0400824e4d696991261211d3e29ad02d92","ALL_WORDS","PRIMARY_OUTPUT","990","12039","0","12039","0","1","12039","990","71903","0","1065","72389773","0","72389773","0.000000","1065","72968","1.459544","1.000000000000","0.985404560903","1.000000000000","0.999985302792","0.992702280452","0.997046425204","0.992648632231","0.988289464642","0.985404560903","0.992675455979","0.992668153928","0.000014697208","","","","",""
"DSB_RADIXOR","DSB","dsb-default","1.0.0","0910f3977f825457d7f64f988c984a0400824e4d696991261211d3e29ad02d92","ALL_WORDS","ANY_CANDIDATE","990","12039","0","11883","156","3","12196","990","","","","","0","72389773","0.000000","0","72968","0.000000","","","","","","","","","","","","","","","","",""
"DSB_RADIXOR","DSB","dsb-default","1.0.0","0910f3977f825457d7f64f988c984a0400824e4d696991261211d3e29ad02d92","ALL_WORDS","ALL_CANDIDATES","990","12039","0","11883","156","3","12196","990","72968","0","0","72389773","0","72389773","0.000000","0","72968","0.000000","1.000000000000","1.000000000000","1.000000000000","1.000000000000","1.000000000000","1.000000000000","1.000000000000","1.000000000000","1.000000000000","1.000000000000","1.000000000000","0.000000000000","","","","",""
"DSB_RADIXOR","DSB","dsb-default","1.0.0","0910f3977f825457d7f64f988c984a0400824e4d696991261211d3e29ad02d92","LOWERCASE_GROUPS_ONLY","PRIMARY_OUTPUT","990","12039","0","12039","0","1","12039","990","71903","0","1065","72389773","0","72389773","0.000000","1065","72968","1.459544","1.000000000000","0.985404560903","1.000000000000","0.999985302792","0.992702280452","0.997046425204","0.992648632231","0.988289464642","0.985404560903","0.992675455979","0.992668153928","0.000014697208","","","","",""
"DSB_RADIXOR","DSB","dsb-default","1.0.0","0910f3977f825457d7f64f988c984a0400824e4d696991261211d3e29ad02d92","LOWERCASE_GROUPS_ONLY","ANY_CANDIDATE","990","12039","0","11883","156","3","12196","990","","","","","0","72389773","0.000000","0","72968","0.000000","","","","","","","","","","","","","","","","",""
"DSB_RADIXOR","DSB","dsb-default","1.0.0","0910f3977f825457d7f64f988c984a0400824e4d696991261211d3e29ad02d92","LOWERCASE_GROUPS_ONLY","ALL_CANDIDATES","990","12039","0","11883","156","3","12196","990","72968","0","0","72389773","0","72389773","0.000000","0","72968","0.000000","1.000000000000","1.000000000000","1.000000000000","1.000000000000","1.000000000000","1.000000000000","1.000000000000","1.000000000000","1.000000000000","1.000000000000","1.000000000000","0.000000000000","","","","",""
"EL_GR_RADIXOR","EL_GR","el-gr-default","1.0.0","05ecc1b60b714c64ab5b6d29aef1a9544f0594f98640e5c66dd9ac324672ac79","ALL_WORDS","PRIMARY_OUTPUT","11793","76869","67","76869","0","1","76869","11779","371840","0","16873","2953994433","0","2953994433","0.000000","16873","388713","4.340735","1.000000000000","0.956592653191","1.000000000000","0.999994288825","0.978296326596","0.991006213511","0.977814826843","0.964970010775","0.956592653191","0.978055547089","0.978052753810","0.000005711175","","","","",""
"EL_GR_RADIXOR","EL_GR","el-gr-default","1.0.0","05ecc1b60b714c64ab5b6d29aef1a9544f0594f98640e5c66dd9ac324672ac79","ALL_WORDS","ANY_CANDIDATE","11793","76869","67","74531","2338","827","80320","11793","","","","","0","2953994433","0.000000","0","388713","0.000000","","","","","","","","","","","","","","","","",""
"EL_GR_RADIXOR","EL_GR","el-gr-default","1.0.0","05ecc1b60b714c64ab5b6d29aef1a9544f0594f98640e5c66dd9ac324672ac79","ALL_WORDS","ALL_CANDIDATES","11793","76869","67","74531","2338","827","80320","11793","388713","0","0","2953994433","0","2953994433","0.000000","0","388713","0.000000","1.000000000000","1.000000000000","1.000000000000","1.000000000000","1.000000000000","1.000000000000","1.000000000000","1.000000000000","1.000000000000","1.000000000000","1.000000000000","0.000000000000","","","","",""
"EL_GR_RADIXOR","EL_GR","el-gr-default","1.0.0","05ecc1b60b714c64ab5b6d29aef1a9544f0594f98640e5c66dd9ac324672ac79","LOWERCASE_GROUPS_ONLY","PRIMARY_OUTPUT","11793","76869","67","76869","0","1","76869","11779","371840","0","16873","2953994433","0","2953994433","0.000000","16873","388713","4.340735","1.000000000000","0.956592653191","1.000000000000","0.999994288825","0.978296326596","0.991006213511","0.977814826843","0.964970010775","0.956592653191","0.978055547089","0.978052753810","0.000005711175","","","","",""
"EL_GR_RADIXOR","EL_GR","el-gr-default","1.0.0","05ecc1b60b714c64ab5b6d29aef1a9544f0594f98640e5c66dd9ac324672ac79","LOWERCASE_GROUPS_ONLY","ANY_CANDIDATE","11793","76869","67","74531","2338","827","80320","11793","","","","","0","2953994433","0.000000","0","388713","0.000000","","","","","","","","","","","","","","","","",""
"EL_GR_RADIXOR","EL_GR","el-gr-default","1.0.0","05ecc1b60b714c64ab5b6d29aef1a9544f0594f98640e5c66dd9ac324672ac79","LOWERCASE_GROUPS_ONLY","ALL_CANDIDATES","11793","76869","67","74531","2338","827","80320","11793","388713","0","0","2953994433","0","2953994433","0.000000","0","388713","0.000000","1.000000000000","1.000000000000","1.000000000000","1.000000000000","1.000000000000","1.000000000000","1.000000000000","1.000000000000","1.000000000000","1.000000000000","1.000000000000","0.000000000000","","","","",""
"ENGLISH_LUCENE_KSTEM_FILTER","US_UK","us-uk-default","1.0.1","0a3ec1fddd5ddb859f5ffa8003efe9200a5ef6203df1fddaf53a58003f33582c","ALL_WORDS","PRIMARY_OUTPUT","396939","591946","251348","591946","0","1","591946","371125","237301","193361","69089","175199237734","193361","175199431095","0.000110","69089","306390","22.549365","0.551014484677","0.774506348118","0.999998896338","0.999998501995","0.887252622228","0.584762335649","0.643919289277","0.716392488447","0.474838469558","0.653271931348","0.653271232132","0.000001498005","","","","",""
"ENGLISH_LUCENE_KSTEM_FILTER","US_UK","us-uk-default","1.0.1","0a3ec1fddd5ddb859f5ffa8003efe9200a5ef6203df1fddaf53a58003f33582c","LOWERCASE_GROUPS_ONLY","PRIMARY_OUTPUT","374384","568441","229119","568441","0","1","568441","347624","237291","193354","67130","161561803245","193354","161561996599","0.000120","67130","304421","22.051698","0.551013015361","0.779483018583","0.999998803221","0.999998387718","0.889740910902","0.585325315577","0.645631820816","0.719792589950","0.476703329818","0.655366529884","0.655365779677","0.000001612282","","","","",""
"ENGLISH_LUCENE_MINIMAL_FILTER","US_UK","us-uk-default","1.0.1","0a3ec1fddd5ddb859f5ffa8003efe9200a5ef6203df1fddaf53a58003f33582c","ALL_WORDS","PRIMARY_OUTPUT","396939","591946","251348","591946","0","1","591946","453328","137223","1401","169167","175199429694","1401","175199431095","0.000001","169167","306390","55.212964","0.989893524931","0.447870361304","0.999999992003","0.999999026437","0.723935176654","0.796987057520","0.616713182057","0.502949015675","0.445831749466","0.665840799789","0.665840469106","0.000000973563","","","","",""
"ENGLISH_LUCENE_MINIMAL_FILTER","US_UK","us-uk-default","1.0.1","0a3ec1fddd5ddb859f5ffa8003efe9200a5ef6203df1fddaf53a58003f33582c","LOWERCASE_GROUPS_ONLY","PRIMARY_OUTPUT","374384","568441","229119","568441","0","1","568441","430129","136930","1388","167491","161561995211","1388","161561996599","0.000001","167491","304421","55.019529","0.989965152764","0.449804711239","0.999999991409","0.999998954713","0.724902351324","0.798245992447","0.618558563849","0.504903385098","0.447763146278","0.667301273545","0.667300917772","0.000001045287","","","","",""
"ENGLISH_LUCENE_PORTER_COPIED","US_UK","us-uk-default","1.0.1","0a3ec1fddd5ddb859f5ffa8003efe9200a5ef6203df1fddaf53a58003f33582c","ALL_WORDS","PRIMARY_OUTPUT","396939","591946","251348","591946","0","1","591946","319968","285026","362583","21364","175199068512","362583","175199431095","0.000207","21364","306390","6.972812","0.440120504811","0.930271875714","0.999997930456","0.999997808518","0.965134903085","0.491962582495","0.597539410419","0.760812291897","0.426065028036","0.639868523644","0.639867723255","0.000002191482","","","","",""
"ENGLISH_LUCENE_PORTER_COPIED","US_UK","us-uk-default","1.0.1","0a3ec1fddd5ddb859f5ffa8003efe9200a5ef6203df1fddaf53a58003f33582c","LOWERCASE_GROUPS_ONLY","PRIMARY_OUTPUT","374384","568441","229119","568441","0","1","568441","298779","283398","359344","21023","161561637255","359344","161561996599","0.000222","21023","304421","6.905897","0.440920307059","0.930941032320","0.999997775814","0.999997645695","0.965469404067","0.492799409054","0.598414422861","0.761648138652","0.426955323044","0.640679955848","0.640679095959","0.000002354305","","","","",""
"ENGLISH_LUCENE_PORTER_FILTER","US_UK","us-uk-default","1.0.1","0a3ec1fddd5ddb859f5ffa8003efe9200a5ef6203df1fddaf53a58003f33582c","ALL_WORDS","PRIMARY_OUTPUT","396939","591946","251348","591946","0","1","591946","319968","285026","362583","21364","175199068512","362583","175199431095","0.000207","21364","306390","6.972812","0.440120504811","0.930271875714","0.999997930456","0.999997808518","0.965134903085","0.491962582495","0.597539410419","0.760812291897","0.426065028036","0.639868523644","0.639867723255","0.000002191482","","","","",""
"ENGLISH_LUCENE_PORTER_FILTER","US_UK","us-uk-default","1.0.1","0a3ec1fddd5ddb859f5ffa8003efe9200a5ef6203df1fddaf53a58003f33582c","LOWERCASE_GROUPS_ONLY","PRIMARY_OUTPUT","374384","568441","229119","568441","0","1","568441","298779","283398","359344","21023","161561637255","359344","161561996599","0.000222","21023","304421","6.905897","0.440920307059","0.930941032320","0.999997775814","0.999997645695","0.965469404067","0.492799409054","0.598414422861","0.761648138652","0.426955323044","0.640679955848","0.640679095959","0.000002354305","","","","",""
"ENGLISH_LUCENE_POSSESSIVE_FILTER","US_UK","us-uk-default","1.0.1","0a3ec1fddd5ddb859f5ffa8003efe9200a5ef6203df1fddaf53a58003f33582c","ALL_WORDS","PRIMARY_OUTPUT","396939","591946","251348","591946","0","1","591946","591899","7","40","306383","175199431055","40","175199431095","0.000000","306383","306390","99.997715","0.148936170213","0.000022846699","0.999999999772","0.999998251008","0.500011423235","0.000114163443","0.000045686389","0.000028557278","0.000022843716","0.001844640832","0.001844620786","0.000001748992","","","","",""
"ENGLISH_LUCENE_POSSESSIVE_FILTER","US_UK","us-uk-default","1.0.1","0a3ec1fddd5ddb859f5ffa8003efe9200a5ef6203df1fddaf53a58003f33582c","LOWERCASE_GROUPS_ONLY","PRIMARY_OUTPUT","374384","568441","229119","568441","0","1","568441","568400","5","36","304416","161561996563","36","161561996599","0.000000","304416","304421","99.998358","0.121951219512","0.000016424622","0.999999999777","0.999998115575","0.500008212200","0.000082078894","0.000032844821","0.000020530087","0.000016422680","0.001415274794","0.001415254260","0.000001884425","","","","",""
"ENGLISH_OPENNLP_PORTER","US_UK","us-uk-default","1.0.1","0a3ec1fddd5ddb859f5ffa8003efe9200a5ef6203df1fddaf53a58003f33582c","ALL_WORDS","PRIMARY_OUTPUT","396939","591946","251348","591946","0","1","591946","319968","285026","362583","21364","175199068512","362583","175199431095","0.000207","21364","306390","6.972812","0.440120504811","0.930271875714","0.999997930456","0.999997808518","0.965134903085","0.491962582495","0.597539410419","0.760812291897","0.426065028036","0.639868523644","0.639867723255","0.000002191482","","","","",""
"ENGLISH_OPENNLP_PORTER","US_UK","us-uk-default","1.0.1","0a3ec1fddd5ddb859f5ffa8003efe9200a5ef6203df1fddaf53a58003f33582c","LOWERCASE_GROUPS_ONLY","PRIMARY_OUTPUT","374384","568441","229119","568441","0","1","568441","298779","283398","359344","21023","161561637255","359344","161561996599","0.000222","21023","304421","6.905897","0.440920307059","0.930941032320","0.999997775814","0.999997645695","0.965469404067","0.492799409054","0.598414422861","0.761648138652","0.426955323044","0.640679955848","0.640679095959","0.000002354305","","","","",""
"ENGLISH_PAICE_HUSK_LANCASTER","US_UK","us-uk-default","1.0.1","0a3ec1fddd5ddb859f5ffa8003efe9200a5ef6203df1fddaf53a58003f33582c","ALL_WORDS","PRIMARY_OUTPUT","396939","591946","251348","591946","0","1","591946","268169","283607","1682038","22783","175197749057","1682038","175199431095","0.000960","22783","306390","7.435948","0.144281902378","0.925640523516","0.999990399295","0.999990269272","0.962815461406","0.173587979880","0.249650203452","0.444357225562","0.142628749947","0.365449279177","0.365447219271","0.000009730728","","","","",""
"ENGLISH_PAICE_HUSK_LANCASTER","US_UK","us-uk-default","1.0.1","0a3ec1fddd5ddb859f5ffa8003efe9200a5ef6203df1fddaf53a58003f33582c","LOWERCASE_GROUPS_ONLY","PRIMARY_OUTPUT","374384","568441","229119","568441","0","1","568441","249411","282018","1666994","22403","161560329605","1666994","161561996599","0.001032","22403","304421","7.359216","0.144697929002","0.926407836516","0.999989682017","0.999989543371","0.963198759266","0.174075106022","0.250300763324","0.445287454179","0.143053593485","0.366127430487","0.366125216154","0.000010456629","","","","",""
"ENGLISH_RADIXOR","US_UK","us-uk-default","1.0.1","0a3ec1fddd5ddb859f5ffa8003efe9200a5ef6203df1fddaf53a58003f33582c","ALL_WORDS","PRIMARY_OUTPUT","396939","591946","251348","591946","0","1","591946","390361","291757","3","14633","175199431092","3","175199431095","0.000000","14633","306390","4.775939","0.999989717576","0.952240608375","0.999999999983","0.999999916461","0.976120304179","0.990060606883","0.975531221266","0.961422112672","0.952231284657","0.975823148441","0.975823107680","0.000000083539","","","","",""
"ENGLISH_RADIXOR","US_UK","us-uk-default","1.0.1","0a3ec1fddd5ddb859f5ffa8003efe9200a5ef6203df1fddaf53a58003f33582c","ALL_WORDS","ANY_CANDIDATE","396939","591946","251348","578230","13716","8","605958","397392","","","","","0","175199431095","0.000000","14","306390","0.004569","","","","","","","","","","","","","","","","",""
"ENGLISH_RADIXOR","US_UK","us-uk-default","1.0.1","0a3ec1fddd5ddb859f5ffa8003efe9200a5ef6203df1fddaf53a58003f33582c","ALL_WORDS","ALL_CANDIDATES","396939","591946","251348","578230","13716","8","605958","397392","306376","53","14","175199431042","53","175199431095","0.000000","14","306390","0.004569","0.999827039869","0.999954306603","0.999999999697","0.999999999618","0.999977153150","0.999852490624","0.999890669186","0.999928850664","0.999781362276","0.999890671211","0.999890671020","0.000000000382","","","","",""
"ENGLISH_RADIXOR","US_UK","us-uk-default","1.0.1","0a3ec1fddd5ddb859f5ffa8003efe9200a5ef6203df1fddaf53a58003f33582c","LOWERCASE_GROUPS_ONLY","PRIMARY_OUTPUT","374384","568441","229119","568441","0","1","568441","367590","290334","3","14087","161561996596","3","161561996599","0.000000","14087","304421","4.627473","0.999989667180","0.953725268625","0.999999999981","0.999999912789","0.976862634303","0.990381158286","0.976309692345","0.962632483235","0.953715869971","0.976583541717","0.976583499132","0.000000087211","","","","",""
"ENGLISH_RADIXOR","US_UK","us-uk-default","1.0.1","0a3ec1fddd5ddb859f5ffa8003efe9200a5ef6203df1fddaf53a58003f33582c","LOWERCASE_GROUPS_ONLY","ANY_CANDIDATE","374384","568441","229119","555086","13355","8","582082","374506","","","","","0","161561996599","0.000000","0","304421","0.000000","","","","","","","","","","","","","","","","",""
"ENGLISH_RADIXOR","US_UK","us-uk-default","1.0.1","0a3ec1fddd5ddb859f5ffa8003efe9200a5ef6203df1fddaf53a58003f33582c","LOWERCASE_GROUPS_ONLY","ALL_CANDIDATES","374384","568441","229119","555086","13355","8","582082","374506","304421","10","0","161561996589","10","161561996599","0.000000","0","304421","0.000000","0.999967151834","1.000000000000","0.999999999938","0.999999999938","0.999999999969","0.999973721295","0.999983575647","0.999993430194","0.999967151834","0.999983575782","0.999983575751","0.000000000062","","","","",""
"ENGLISH_SNOWBALL_ORIGINAL_PORTER","US_UK","us-uk-default","1.0.1","0a3ec1fddd5ddb859f5ffa8003efe9200a5ef6203df1fddaf53a58003f33582c","ALL_WORDS","PRIMARY_OUTPUT","396939","591946","251348","591946","0","1","591946","321092","284940","360538","21450","175199070557","360538","175199431095","0.000206","21450","306390","7.000881","0.441440296958","0.929991187702","0.999997942128","0.999997819700","0.964994564915","0.493265593418","0.598696457912","0.761448992484","0.427242520932","0.640730509706","0.640729711953","0.000002180300","","","","",""
"ENGLISH_SNOWBALL_ORIGINAL_PORTER","US_UK","us-uk-default","1.0.1","0a3ec1fddd5ddb859f5ffa8003efe9200a5ef6203df1fddaf53a58003f33582c","LOWERCASE_GROUPS_ONLY","PRIMARY_OUTPUT","374384","568441","229119","568441","0","1","568441","299877","283312","357325","21109","161561639274","357325","161561996599","0.000221","21109","304421","6.934147","0.442234838138","0.930658528814","0.999997788310","0.999997657659","0.965328158562","0.494096727241","0.599565317684","0.762279498537","0.428128012863","0.641536923217","0.641536066149","0.000002342341","","","","",""
"ENGLISH_SNOWBALL_PORTER2","US_UK","us-uk-default","1.0.1","0a3ec1fddd5ddb859f5ffa8003efe9200a5ef6203df1fddaf53a58003f33582c","ALL_WORDS","PRIMARY_OUTPUT","396939","591946","251348","591946","0","1","591946","318389","284986","371197","21404","175199059898","371197","175199431095","0.000212","21404","306390","6.985868","0.434308721805","0.930141323150","0.999997881289","0.999997759123","0.965069602220","0.486138072724","0.592133791411","0.757239431740","0.420589533152","0.635585154920","0.635584341646","0.000002240877","","","","",""
"ENGLISH_SNOWBALL_PORTER2","US_UK","us-uk-default","1.0.1","0a3ec1fddd5ddb859f5ffa8003efe9200a5ef6203df1fddaf53a58003f33582c","LOWERCASE_GROUPS_ONLY","PRIMARY_OUTPUT","374384","568441","229119","568441","0","1","568441","297224","283383","367843","21038","161561628756","367843","161561996599","0.000228","21038","304421","6.910824","0.435153080497","0.930891758453","0.999997723208","0.999997592997","0.965444740831","0.487025340930","0.593070453839","0.758150472735","0.421535289708","0.636459280945","0.636458407384","0.000002407003","","","","",""
"ET_EE_RADIXOR","ET_EE","et-ee-default","1.0.0","0d7da990392011b0312fdee181720c2778ff07581912c718b8e7c1d07267c735","ALL_WORDS","PRIMARY_OUTPUT","886","24811","0","24811","0","1","24811","886","336498","0","2011","307441946","0","307441946","0.000000","2011","338509","0.594076","1.000000000000","0.994059242147","1.000000000000","0.999993466122","0.997029621074","0.998806174648","0.997020771636","0.995241740184","0.994059242147","0.997025196345","0.997021935554","0.000006533878","","","","",""
"ET_EE_RADIXOR","ET_EE","et-ee-default","1.0.0","0d7da990392011b0312fdee181720c2778ff07581912c718b8e7c1d07267c735","ALL_WORDS","ANY_CANDIDATE","886","24811","0","24739","72","3","24890","886","","","","","0","307441946","0.000000","0","338509","0.000000","","","","","","","","","","","","","","","","",""
"ET_EE_RADIXOR","ET_EE","et-ee-default","1.0.0","0d7da990392011b0312fdee181720c2778ff07581912c718b8e7c1d07267c735","ALL_WORDS","ALL_CANDIDATES","886","24811","0","24739","72","3","24890","886","338509","0","0","307441946","0","307441946","0.000000","0","338509","0.000000","1.000000000000","1.000000000000","1.000000000000","1.000000000000","1.000000000000","1.000000000000","1.000000000000","1.000000000000","1.000000000000","1.000000000000","1.000000000000","0.000000000000","","","","",""
"ET_EE_RADIXOR","ET_EE","et-ee-default","1.0.0","0d7da990392011b0312fdee181720c2778ff07581912c718b8e7c1d07267c735","LOWERCASE_GROUPS_ONLY","PRIMARY_OUTPUT","886","24811","0","24811","0","1","24811","886","336498","0","2011","307441946","0","307441946","0.000000","2011","338509","0.594076","1.000000000000","0.994059242147","1.000000000000","0.999993466122","0.997029621074","0.998806174648","0.997020771636","0.995241740184","0.994059242147","0.997025196345","0.997021935554","0.000006533878","","","","",""
"ET_EE_RADIXOR","ET_EE","et-ee-default","1.0.0","0d7da990392011b0312fdee181720c2778ff07581912c718b8e7c1d07267c735","LOWERCASE_GROUPS_ONLY","ANY_CANDIDATE","886","24811","0","24739","72","3","24890","886","","","","","0","307441946","0.000000","0","338509","0.000000","","","","","","","","","","","","","","","","",""
"ET_EE_RADIXOR","ET_EE","et-ee-default","1.0.0","0d7da990392011b0312fdee181720c2778ff07581912c718b8e7c1d07267c735","LOWERCASE_GROUPS_ONLY","ALL_CANDIDATES","886","24811","0","24739","72","3","24890","886","338509","0","0","307441946","0","307441946","0.000000","0","338509","0.000000","1.000000000000","1.000000000000","1.000000000000","1.000000000000","1.000000000000","1.000000000000","1.000000000000","1.000000000000","1.000000000000","1.000000000000","1.000000000000","0.000000000000","","","","",""
"EVN_RADIXOR","EVN","evn-default","1.0.0","4ff0de56329166d6d84c8443f0d6223507874854930b2ba2a339bc8be5045c0f","ALL_WORDS","PRIMARY_OUTPUT","4493","13549","1365","13549","0","1","13549","4452","116568","0","900","91663458","0","91663458","0.000000","900","117468","0.766166","1.000000000000","0.992338338952","1.000000000000","0.999990194041","0.996169169476","0.998458217700","0.996154437779","0.993861264579","0.992338338952","0.996161803600","0.996156913216","0.000009805959","","","","",""
"EVN_RADIXOR","EVN","evn-default","1.0.0","4ff0de56329166d6d84c8443f0d6223507874854930b2ba2a339bc8be5045c0f","ALL_WORDS","ANY_CANDIDATE","4493","13549","1365","13445","104","3","13655","4493","","","","","0","91663458","0.000000","0","117468","0.000000","","","","","","","","","","","","","","","","",""
"EVN_RADIXOR","EVN","evn-default","1.0.0","4ff0de56329166d6d84c8443f0d6223507874854930b2ba2a339bc8be5045c0f","ALL_WORDS","ALL_CANDIDATES","4493","13549","1365","13445","104","3","13655","4493","117468","0","0","91663458","0","91663458","0.000000","0","117468","0.000000","1.000000000000","1.000000000000","1.000000000000","1.000000000000","1.000000000000","1.000000000000","1.000000000000","1.000000000000","1.000000000000","1.000000000000","1.000000000000","0.000000000000","","","","",""
"EVN_RADIXOR","EVN","evn-default","1.0.0","4ff0de56329166d6d84c8443f0d6223507874854930b2ba2a339bc8be5045c0f","LOWERCASE_GROUPS_ONLY","PRIMARY_OUTPUT","4493","13549","1365","13549","0","1","13549","4452","116568","0","900","91663458","0","91663458","0.000000","900","117468","0.766166","1.000000000000","0.992338338952","1.000000000000","0.999990194041","0.996169169476","0.998458217700","0.996154437779","0.993861264579","0.992338338952","0.996161803600","0.996156913216","0.000009805959","","","","",""
"EVN_RADIXOR","EVN","evn-default","1.0.0","4ff0de56329166d6d84c8443f0d6223507874854930b2ba2a339bc8be5045c0f","LOWERCASE_GROUPS_ONLY","ANY_CANDIDATE","4493","13549","1365","13445","104","3","13655","4493","","","","","0","91663458","0.000000","0","117468","0.000000","","","","","","","","","","","","","","","","",""
"EVN_RADIXOR","EVN","evn-default","1.0.0","4ff0de56329166d6d84c8443f0d6223507874854930b2ba2a339bc8be5045c0f","LOWERCASE_GROUPS_ONLY","ALL_CANDIDATES","4493","13549","1365","13445","104","3","13655","4493","117468","0","0","91663458","0","91663458","0.000000","0","117468","0.000000","1.000000000000","1.000000000000","1.000000000000","1.000000000000","1.000000000000","1.000000000000","1.000000000000","1.000000000000","1.000000000000","1.000000000000","1.000000000000","0.000000000000","","","","",""
"FINNISH_LUCENE_FINNISH_LIGHT_STEM_FILTER","FI_FI","fi-fi-default","1.0.0","ca2628b3db31fee92f1b612ebbbd5e956a6dbbfb10e721325e55ef528f26072f","ALL_WORDS","PRIMARY_OUTPUT","57027","1788784","292","1788784","0","1","1788784","439975","12317229","1508153","19148370","1599840231184","1508153","1599841739337","0.000094","19148370","31465599","60.854936","0.890914189568","0.391450644242","0.999999057311","0.999987088650","0.695724850776","0.709786610775","0.543915310644","0.440884276934","0.373546480243","0.590549687554","0.590545009664","0.000012911350","","","","",""
"FINNISH_LUCENE_FINNISH_LIGHT_STEM_FILTER","FI_FI","fi-fi-default","1.0.0","ca2628b3db31fee92f1b612ebbbd5e956a6dbbfb10e721325e55ef528f26072f","LOWERCASE_GROUPS_ONLY","PRIMARY_OUTPUT","54762","1734784","274","1734784","0","1","1734784","431848","11954192","1155011","18806691","1504704980042","1155011","1504706135053","0.000077","18806691","30760883","61.138333","0.911893118140","0.388616672675","0.999999232401","0.999986734091","0.694307952538","0.718420864905","0.544981470973","0.438999334093","0.374552942180","0.595295615141","0.595290947645","0.000013265909","","","","",""
"FINNISH_RADIXOR","FI_FI","fi-fi-default","1.0.0","ca2628b3db31fee92f1b612ebbbd5e956a6dbbfb10e721325e55ef528f26072f","ALL_WORDS","PRIMARY_OUTPUT","57027","1788784","292","1788784","0","1","1788784","69091","30511413","804","954186","1599841738533","804","1599841739337","0.000000","954186","31465599","3.032474","0.999973649899","0.969675263452","0.999999999497","0.999999403084","0.984837631475","0.993763441201","0.984591422195","0.975587162604","0.969650487220","0.984707932542","0.984707638627","0.000000596916","","","","",""
"FINNISH_RADIXOR","FI_FI","fi-fi-default","1.0.0","ca2628b3db31fee92f1b612ebbbd5e956a6dbbfb10e721325e55ef528f26072f","ALL_WORDS","ANY_CANDIDATE","57027","1788784","292","1754389","34395","6","1826768","69769","","","","","0","1599841739337","0.000000","0","31465599","0.000000","","","","","","","","","","","","","","","","",""
"FINNISH_RADIXOR","FI_FI","fi-fi-default","1.0.0","ca2628b3db31fee92f1b612ebbbd5e956a6dbbfb10e721325e55ef528f26072f","ALL_WORDS","ALL_CANDIDATES","57027","1788784","292","1754389","34395","6","1826768","69769","31465599","2327","0","1599841737010","2327","1599841739337","0.000000","0","31465599","0.000000","0.999926051688","1.000000000000","0.999999998545","0.999999998546","0.999999999273","0.999940840476","0.999963024477","0.999985209463","0.999926051688","0.999963025161","0.999963024433","0.000000001454","","","","",""
"FINNISH_RADIXOR","FI_FI","fi-fi-default","1.0.0","ca2628b3db31fee92f1b612ebbbd5e956a6dbbfb10e721325e55ef528f26072f","LOWERCASE_GROUPS_ONLY","PRIMARY_OUTPUT","54762","1734784","274","1734784","0","1","1734784","54633","30037514","804","723369","1504706134249","804","1504706135053","0.000000","723369","30760883","2.351587","0.999973234187","0.976484127585","0.999999999466","0.999999518738","0.988242063525","0.995185441684","0.988089103342","0.981093251747","0.976458605798","0.988158889650","0.988158651850","0.000000481262","","","","",""
"FINNISH_RADIXOR","FI_FI","fi-fi-default","1.0.0","ca2628b3db31fee92f1b612ebbbd5e956a6dbbfb10e721325e55ef528f26072f","LOWERCASE_GROUPS_ONLY","ANY_CANDIDATE","54762","1734784","274","1712724","22060","6","1758300","54984","","","","","0","1504706135053","0.000000","0","30760883","0.000000","","","","","","","","","","","","","","","","",""
"FINNISH_RADIXOR","FI_FI","fi-fi-default","1.0.0","ca2628b3db31fee92f1b612ebbbd5e956a6dbbfb10e721325e55ef528f26072f","LOWERCASE_GROUPS_ONLY","ALL_CANDIDATES","54762","1734784","274","1712724","22060","6","1758300","54984","30760883","2235","0","1504706132818","2235","1504706135053","0.000000","0","30760883","0.000000","0.999927348067","1.000000000000","0.999999998515","0.999999998515","0.999999999257","0.999941877609","0.999963672714","0.999985468769","0.999927348067","0.999963673373","0.999963672631","0.000000001485","","","","",""
"FO_FO_RADIXOR","FO_FO","fo-fo-default","1.0.0","c5ab9a35317d6cfbba64e8a4a441c1a8a5c3a922384631941804d0bf4eb81fc0","ALL_WORDS","PRIMARY_OUTPUT","3077","31366","0","31366","0","1","31366","3067","159398","0","6899","491730998","0","491730998","0.000000","6899","166297","4.148602","1.000000000000","0.958513984017","1.000000000000","0.999985974714","0.979256992008","0.991417969396","0.978817605428","0.966533508937","0.958513984017","0.979037274069","0.979030406181","0.000014025286","","","","",""
"FO_FO_RADIXOR","FO_FO","fo-fo-default","1.0.0","c5ab9a35317d6cfbba64e8a4a441c1a8a5c3a922384631941804d0bf4eb81fc0","ALL_WORDS","ANY_CANDIDATE","3077","31366","0","29875","1491","11","33333","3077","","","","","0","491730998","0.000000","0","166297","0.000000","","","","","","","","","","","","","","","","",""
"FO_FO_RADIXOR","FO_FO","fo-fo-default","1.0.0","c5ab9a35317d6cfbba64e8a4a441c1a8a5c3a922384631941804d0bf4eb81fc0","ALL_WORDS","ALL_CANDIDATES","3077","31366","0","29875","1491","11","33333","3077","166297","0","0","491730998","0","491730998","0.000000","0","166297","0.000000","1.000000000000","1.000000000000","1.000000000000","1.000000000000","1.000000000000","1.000000000000","1.000000000000","1.000000000000","1.000000000000","1.000000000000","1.000000000000","0.000000000000","","","","",""
"FO_FO_RADIXOR","FO_FO","fo-fo-default","1.0.0","c5ab9a35317d6cfbba64e8a4a441c1a8a5c3a922384631941804d0bf4eb81fc0","LOWERCASE_GROUPS_ONLY","PRIMARY_OUTPUT","3077","31366","0","31366","0","1","31366","3067","159398","0","6899","491730998","0","491730998","0.000000","6899","166297","4.148602","1.000000000000","0.958513984017","1.000000000000","0.999985974714","0.979256992008","0.991417969396","0.978817605428","0.966533508937","0.958513984017","0.979037274069","0.979030406181","0.000014025286","","","","",""
"FO_FO_RADIXOR","FO_FO","fo-fo-default","1.0.0","c5ab9a35317d6cfbba64e8a4a441c1a8a5c3a922384631941804d0bf4eb81fc0","LOWERCASE_GROUPS_ONLY","ANY_CANDIDATE","3077","31366","0","29875","1491","11","33333","3077","","","","","0","491730998","0.000000","0","166297","0.000000","","","","","","","","","","","","","","","","",""
"FO_FO_RADIXOR","FO_FO","fo-fo-default","1.0.0","c5ab9a35317d6cfbba64e8a4a441c1a8a5c3a922384631941804d0bf4eb81fc0","LOWERCASE_GROUPS_ONLY","ALL_CANDIDATES","3077","31366","0","29875","1491","11","33333","3077","166297","0","0","491730998","0","491730998","0.000000","0","166297","0.000000","1.000000000000","1.000000000000","1.000000000000","1.000000000000","1.000000000000","1.000000000000","1.000000000000","1.000000000000","1.000000000000","1.000000000000","1.000000000000","0.000000000000","","","","",""
"FRENCH_LUCENE_FRENCH_LIGHT_STEM_FILTER","FR_FR","fr-fr-default","1.0.0","a988658758952fd599dc7360e0234178a6d65ac46e5cedc7dcd325a7cb7e71d9","ALL_WORDS","PRIMARY_OUTPUT","59240","404011","2301","404011","0","1","404011","245918","198474","152794","5171725","81606719062","152794","81606871856","0.000187","5171725","5370199","96.304159","0.565021578965","0.036958406942","0.999998127682","0.999934758330","0.518478267312","0.146469417976","0.069378710041","0.045454703687","0.035935949946","0.144507084415","0.144495320409","0.000065241670","","","","",""
"FRENCH_LUCENE_FRENCH_LIGHT_STEM_FILTER","FR_FR","fr-fr-default","1.0.0","a988658758952fd599dc7360e0234178a6d65ac46e5cedc7dcd325a7cb7e71d9","LOWERCASE_GROUPS_ONLY","PRIMARY_OUTPUT","57698","400712","2133","400712","0","1","400712","245182","196458","145140","5159793","80279351725","145140","80279496865","0.000181","5159793","5356251","96.332173","0.575114608399","0.036678266198","0.999998192066","0.999933923613","0.518338229132","0.146116638947","0.068958654397","0.045128311714","0.035710604827","0.145238447737","0.145226752971","0.000066076387","","","","",""
"FRENCH_LUCENE_FRENCH_MINIMAL_STEM_FILTER","FR_FR","fr-fr-default","1.0.0","a988658758952fd599dc7360e0234178a6d65ac46e5cedc7dcd325a7cb7e71d9","ALL_WORDS","PRIMARY_OUTPUT","59240","404011","2301","404011","0","1","404011","269236","180266","67902","5189933","81606803954","67902","81606871856","0.000083","5189933","5370199","96.643216","0.726386963670","0.033567843575","0.999999167938","0.999935575413","0.516783505756","0.141654608431","0.064170247333","0.041480578641","0.033148703932","0.156151349567","0.156142578924","0.000064424587","","","","",""
"FRENCH_LUCENE_FRENCH_MINIMAL_STEM_FILTER","FR_FR","fr-fr-default","1.0.0","a988658758952fd599dc7360e0234178a6d65ac46e5cedc7dcd325a7cb7e71d9","LOWERCASE_GROUPS_ONLY","PRIMARY_OUTPUT","57698","400712","2133","400712","0","1","400712","268411","178414","60724","5177837","80279436141","60724","80279496865","0.000076","5177837","5356251","96.669051","0.746071306108","0.033309492031","0.999999243593","0.999934750320","0.516654367812","0.141311236863","0.063771794955","0.041177259639","0.032936094407","0.157642812159","0.157634208515","0.000065249680","","","","",""
"FRENCH_RADIXOR","FR_FR","fr-fr-default","1.0.0","a988658758952fd599dc7360e0234178a6d65ac46e5cedc7dcd325a7cb7e71d9","ALL_WORDS","PRIMARY_OUTPUT","59240","404011","2301","404011","0","1","404011","60225","4925833","29","444366","81606871827","29","81606871856","0.000000","444366","5370199","8.274665","0.999994112706","0.917253345733","0.999999999645","0.999994554800","0.958626672689","0.982272941786","0.956838348180","0.932687695656","0.917248392433","0.957730622666","0.957728014957","0.000005445200","","","","",""
"FRENCH_RADIXOR","FR_FR","fr-fr-default","1.0.0","a988658758952fd599dc7360e0234178a6d65ac46e5cedc7dcd325a7cb7e71d9","ALL_WORDS","ANY_CANDIDATE","59240","404011","2301","382167","21844","56","427440","60383","","","","","0","81606871856","0.000000","232","5370199","0.004320","","","","","","","","","","","","","","","","",""
"FRENCH_RADIXOR","FR_FR","fr-fr-default","1.0.0","a988658758952fd599dc7360e0234178a6d65ac46e5cedc7dcd325a7cb7e71d9","ALL_WORDS","ALL_CANDIDATES","59240","404011","2301","382167","21844","56","427440","60383","5369967","2303","232","81606869553","2303","81606871856","0.000003","232","5370199","0.004320","0.999571317153","0.999956798621","0.999999971779","0.999999968938","0.999978385200","0.999648389668","0.999764020729","0.999879678544","0.999528152805","0.999764039308","0.999764023779","0.000000031062","","","","",""
"FRENCH_RADIXOR","FR_FR","fr-fr-default","1.0.0","a988658758952fd599dc7360e0234178a6d65ac46e5cedc7dcd325a7cb7e71d9","LOWERCASE_GROUPS_ONLY","PRIMARY_OUTPUT","57698","400712","2133","400712","0","1","400712","58069","4915501","1","440750","80279496864","1","80279496865","0.000000","440750","5356251","8.228703","0.999999796562","0.917712967521","0.999999999988","0.999994510160","0.958856483755","0.982382706966","0.957090965875","0.933068825633","0.917712796187","0.957973267280","0.957970637555","0.000005489840","","","","",""
"FRENCH_RADIXOR","FR_FR","fr-fr-default","1.0.0","a988658758952fd599dc7360e0234178a6d65ac46e5cedc7dcd325a7cb7e71d9","LOWERCASE_GROUPS_ONLY","ANY_CANDIDATE","57698","400712","2133","380101","20611","56","422336","58208","","","","","0","80279496865","0.000000","0","5356251","0.000000","","","","","","","","","","","","","","","","",""
"FRENCH_RADIXOR","FR_FR","fr-fr-default","1.0.0","a988658758952fd599dc7360e0234178a6d65ac46e5cedc7dcd325a7cb7e71d9","LOWERCASE_GROUPS_ONLY","ALL_CANDIDATES","57698","400712","2133","380101","20611","56","422336","58208","5356251","75","0","80279496790","75","80279496865","0.000000","0","5356251","0.000000","0.999985997865","1.000000000000","0.999999999066","0.999999999066","0.999999999533","0.999988798261","0.999992998883","0.999997199542","0.999985997865","0.999992998908","0.999992998441","0.000000000934","","","","",""
"FRM_RADIXOR","FRM","frm-default","1.0.0","e4ed58dd8e6d2305bccf46d2b8273d663d2def09fce1046063a4e27b88a82cb7","ALL_WORDS","PRIMARY_OUTPUT","603","27102","1","27102","0","1","27102","603","602463","0","4347","366638841","0","366638841","0.000000","4347","606810","0.716369","1.000000000000","0.992836307905","1.000000000000","0.999988163236","0.996418153953","0.998559003296","0.996405278213","0.994260823586","0.992836307905","0.996411716062","0.996405809209","0.000011836764","","","","",""
"FRM_RADIXOR","FRM","frm-default","1.0.0","e4ed58dd8e6d2305bccf46d2b8273d663d2def09fce1046063a4e27b88a82cb7","ALL_WORDS","ANY_CANDIDATE","603","27102","1","26890","212","2","27314","603","","","","","0","366638841","0.000000","0","606810","0.000000","","","","","","","","","","","","","","","","",""
"FRM_RADIXOR","FRM","frm-default","1.0.0","e4ed58dd8e6d2305bccf46d2b8273d663d2def09fce1046063a4e27b88a82cb7","ALL_WORDS","ALL_CANDIDATES","603","27102","1","26890","212","2","27314","603","606810","0","0","366638841","0","366638841","0.000000","0","606810","0.000000","1.000000000000","1.000000000000","1.000000000000","1.000000000000","1.000000000000","1.000000000000","1.000000000000","1.000000000000","1.000000000000","1.000000000000","1.000000000000","0.000000000000","","","","",""
"FRM_RADIXOR","FRM","frm-default","1.0.0","e4ed58dd8e6d2305bccf46d2b8273d663d2def09fce1046063a4e27b88a82cb7","LOWERCASE_GROUPS_ONLY","PRIMARY_OUTPUT","603","27102","1","27102","0","1","27102","603","602463","0","4347","366638841","0","366638841","0.000000","4347","606810","0.716369","1.000000000000","0.992836307905","1.000000000000","0.999988163236","0.996418153953","0.998559003296","0.996405278213","0.994260823586","0.992836307905","0.996411716062","0.996405809209","0.000011836764","","","","",""
"FRM_RADIXOR","FRM","frm-default","1.0.0","e4ed58dd8e6d2305bccf46d2b8273d663d2def09fce1046063a4e27b88a82cb7","LOWERCASE_GROUPS_ONLY","ANY_CANDIDATE","603","27102","1","26890","212","2","27314","603","","","","","0","366638841","0.000000","0","606810","0.000000","","","","","","","","","","","","","","","","",""
"FRM_RADIXOR","FRM","frm-default","1.0.0","e4ed58dd8e6d2305bccf46d2b8273d663d2def09fce1046063a4e27b88a82cb7","LOWERCASE_GROUPS_ONLY","ALL_CANDIDATES","603","27102","1","26890","212","2","27314","603","606810","0","0","366638841","0","366638841","0.000000","0","606810","0.000000","1.000000000000","1.000000000000","1.000000000000","1.000000000000","1.000000000000","1.000000000000","1.000000000000","1.000000000000","1.000000000000","1.000000000000","1.000000000000","0.000000000000","","","","",""
"FRO_RADIXOR","FRO","fro-default","1.0.0","dab25d905a872c0623c952c102a958f72b6cf7fe39665c12e8a320b5455a9418","ALL_WORDS","PRIMARY_OUTPUT","1699","94338","0","94338","0","1","94338","1699","2867136","0","211502","4446703315","0","4446703315","0.000000","211502","3078638","6.869986","1.000000000000","0.931300139867","1.000000000000","0.999952469132","0.965650069934","0.985460964192","0.964428180419","0.944274444317","0.931300139867","0.965038931788","0.965015982159","0.000047530868","","","","",""
"FRO_RADIXOR","FRO","fro-default","1.0.0","dab25d905a872c0623c952c102a958f72b6cf7fe39665c12e8a320b5455a9418","ALL_WORDS","ANY_CANDIDATE","1699","94338","0","84781","9557","8","105344","1699","","","","","0","4446703315","0.000000","0","3078638","0.000000","","","","","","","","","","","","","","","","",""
"FRO_RADIXOR","FRO","fro-default","1.0.0","dab25d905a872c0623c952c102a958f72b6cf7fe39665c12e8a320b5455a9418","ALL_WORDS","ALL_CANDIDATES","1699","94338","0","84781","9557","8","105344","1699","3078638","0","0","4446703315","0","4446703315","0.000000","0","3078638","0.000000","1.000000000000","1.000000000000","1.000000000000","1.000000000000","1.000000000000","1.000000000000","1.000000000000","1.000000000000","1.000000000000","1.000000000000","1.000000000000","0.000000000000","","","","",""
"FRO_RADIXOR","FRO","fro-default","1.0.0","dab25d905a872c0623c952c102a958f72b6cf7fe39665c12e8a320b5455a9418","LOWERCASE_GROUPS_ONLY","PRIMARY_OUTPUT","1699","94338","0","94338","0","1","94338","1699","2867136","0","211502","4446703315","0","4446703315","0.000000","211502","3078638","6.869986","1.000000000000","0.931300139867","1.000000000000","0.999952469132","0.965650069934","0.985460964192","0.964428180419","0.944274444317","0.931300139867","0.965038931788","0.965015982159","0.000047530868","","","","",""
"FRO_RADIXOR","FRO","fro-default","1.0.0","dab25d905a872c0623c952c102a958f72b6cf7fe39665c12e8a320b5455a9418","LOWERCASE_GROUPS_ONLY","ANY_CANDIDATE","1699","94338","0","84781","9557","8","105344","1699","","","","","0","4446703315","0.000000","0","3078638","0.000000","","","","","","","","","","","","","","","","",""
"FRO_RADIXOR","FRO","fro-default","1.0.0","dab25d905a872c0623c952c102a958f72b6cf7fe39665c12e8a320b5455a9418","LOWERCASE_GROUPS_ONLY","ALL_CANDIDATES","1699","94338","0","84781","9557","8","105344","1699","3078638","0","0","4446703315","0","4446703315","0.000000","0","3078638","0.000000","1.000000000000","1.000000000000","1.000000000000","1.000000000000","1.000000000000","1.000000000000","1.000000000000","1.000000000000","1.000000000000","1.000000000000","1.000000000000","0.000000000000","","","","",""
"FRR_RADIXOR","FRR","frr-default","1.0.0","d92dacea73857c8ddef8113c70a0c72eb5b1d1f6796ef1a4b640993aabc544c4","ALL_WORDS","PRIMARY_OUTPUT","51","364","0","364","0","1","364","51","1202","0","120","64744","0","64744","0.000000","120","1322","9.077156","1.000000000000","0.909228441755","1.000000000000","0.998183634547","0.954614220877","0.980424143556","0.952456418384","0.926040061633","0.909228441755","0.953534709255","0.952652269566","0.001816365453","","","","",""
"FRR_RADIXOR","FRR","frr-default","1.0.0","d92dacea73857c8ddef8113c70a0c72eb5b1d1f6796ef1a4b640993aabc544c4","ALL_WORDS","ANY_CANDIDATE","51","364","0","347","17","2","381","51","","","","","0","64744","0.000000","0","1322","0.000000","","","","","","","","","","","","","","","","",""
"FRR_RADIXOR","FRR","frr-default","1.0.0","d92dacea73857c8ddef8113c70a0c72eb5b1d1f6796ef1a4b640993aabc544c4","ALL_WORDS","ALL_CANDIDATES","51","364","0","347","17","2","381","51","1322","0","0","64744","0","64744","0.000000","0","1322","0.000000","1.000000000000","1.000000000000","1.000000000000","1.000000000000","1.000000000000","1.000000000000","1.000000000000","1.000000000000","1.000000000000","1.000000000000","1.000000000000","0.000000000000","","","","",""
"FRR_RADIXOR","FRR","frr-default","1.0.0","d92dacea73857c8ddef8113c70a0c72eb5b1d1f6796ef1a4b640993aabc544c4","LOWERCASE_GROUPS_ONLY","PRIMARY_OUTPUT","51","364","0","364","0","1","364","51","1202","0","120","64744","0","64744","0.000000","120","1322","9.077156","1.000000000000","0.909228441755","1.000000000000","0.998183634547","0.954614220877","0.980424143556","0.952456418384","0.926040061633","0.909228441755","0.953534709255","0.952652269566","0.001816365453","","","","",""
"FRR_RADIXOR","FRR","frr-default","1.0.0","d92dacea73857c8ddef8113c70a0c72eb5b1d1f6796ef1a4b640993aabc544c4","LOWERCASE_GROUPS_ONLY","ANY_CANDIDATE","51","364","0","347","17","2","381","51","","","","","0","64744","0.000000","0","1322","0.000000","","","","","","","","","","","","","","","","",""
"FRR_RADIXOR","FRR","frr-default","1.0.0","d92dacea73857c8ddef8113c70a0c72eb5b1d1f6796ef1a4b640993aabc544c4","LOWERCASE_GROUPS_ONLY","ALL_CANDIDATES","51","364","0","347","17","2","381","51","1322","0","0","64744","0","64744","0.000000","0","1322","0.000000","1.000000000000","1.000000000000","1.000000000000","1.000000000000","1.000000000000","1.000000000000","1.000000000000","1.000000000000","1.000000000000","1.000000000000","1.000000000000","0.000000000000","","","","",""
"FUR_RADIXOR","FUR","fur-default","1.0.0","279631dc8998d6d55a2707d7746ba0e50fe9e5b7f1279e128ac48a70dcf06685","ALL_WORDS","PRIMARY_OUTPUT","168","5007","0","5007","0","1","5007","168","72190","0","299","12460032","0","12460032","0.000000","299","72489","0.412476","1.000000000000","0.995875236243","1.000000000000","0.999976142071","0.997937618121","0.999172316048","0.997933355912","0.996697464558","0.995875236243","0.997935487014","0.997923513637","0.000023857929","","","","",""
"FUR_RADIXOR","FUR","fur-default","1.0.0","279631dc8998d6d55a2707d7746ba0e50fe9e5b7f1279e128ac48a70dcf06685","ALL_WORDS","ANY_CANDIDATE","168","5007","0","4997","10","2","5017","168","","","","","0","12460032","0.000000","0","72489","0.000000","","","","","","","","","","","","","","","","",""
"FUR_RADIXOR","FUR","fur-default","1.0.0","279631dc8998d6d55a2707d7746ba0e50fe9e5b7f1279e128ac48a70dcf06685","ALL_WORDS","ALL_CANDIDATES","168","5007","0","4997","10","2","5017","168","72489","0","0","12460032","0","12460032","0.000000","0","72489","0.000000","1.000000000000","1.000000000000","1.000000000000","1.000000000000","1.000000000000","1.000000000000","1.000000000000","1.000000000000","1.000000000000","1.000000000000","1.000000000000","0.000000000000","","","","",""
"FUR_RADIXOR","FUR","fur-default","1.0.0","279631dc8998d6d55a2707d7746ba0e50fe9e5b7f1279e128ac48a70dcf06685","LOWERCASE_GROUPS_ONLY","PRIMARY_OUTPUT","168","5007","0","5007","0","1","5007","168","72190","0","299","12460032","0","12460032","0.000000","299","72489","0.412476","1.000000000000","0.995875236243","1.000000000000","0.999976142071","0.997937618121","0.999172316048","0.997933355912","0.996697464558","0.995875236243","0.997935487014","0.997923513637","0.000023857929","","","","",""
"FUR_RADIXOR","FUR","fur-default","1.0.0","279631dc8998d6d55a2707d7746ba0e50fe9e5b7f1279e128ac48a70dcf06685","LOWERCASE_GROUPS_ONLY","ANY_CANDIDATE","168","5007","0","4997","10","2","5017","168","","","","","0","12460032","0.000000","0","72489","0.000000","","","","","","","","","","","","","","","","",""
"FUR_RADIXOR","FUR","fur-default","1.0.0","279631dc8998d6d55a2707d7746ba0e50fe9e5b7f1279e128ac48a70dcf06685","LOWERCASE_GROUPS_ONLY","ALL_CANDIDATES","168","5007","0","4997","10","2","5017","168","72489","0","0","12460032","0","12460032","0.000000","0","72489","0.000000","1.000000000000","1.000000000000","1.000000000000","1.000000000000","1.000000000000","1.000000000000","1.000000000000","1.000000000000","1.000000000000","1.000000000000","1.000000000000","0.000000000000","","","","",""
"GAA_RADIXOR","GAA","gaa-default","1.0.0","981733932ac87c90b142c9230e721513d642bac1d25f131a9c36643015b68108","ALL_WORDS","PRIMARY_OUTPUT","94","469","0","469","0","1","469","94","936","0","4","108806","0","108806","0.000000","4","940","0.425532","1.000000000000","0.995744680851","1.000000000000","0.999963552202","0.997872340426","0.999146029035","0.997867803838","0.996592844974","0.995744680851","0.997870072129","0.997851730447","0.000036447798","","","","",""
"GAA_RADIXOR","GAA","gaa-default","1.0.0","981733932ac87c90b142c9230e721513d642bac1d25f131a9c36643015b68108","ALL_WORDS","ANY_CANDIDATE","94","469","0","468","1","2","470","94","","","","","0","108806","0.000000","0","940","0.000000","","","","","","","","","","","","","","","","",""
"GAA_RADIXOR","GAA","gaa-default","1.0.0","981733932ac87c90b142c9230e721513d642bac1d25f131a9c36643015b68108","ALL_WORDS","ALL_CANDIDATES","94","469","0","468","1","2","470","94","940","0","0","108806","0","108806","0.000000","0","940","0.000000","1.000000000000","1.000000000000","1.000000000000","1.000000000000","1.000000000000","1.000000000000","1.000000000000","1.000000000000","1.000000000000","1.000000000000","1.000000000000","0.000000000000","","","","",""
"GAA_RADIXOR","GAA","gaa-default","1.0.0","981733932ac87c90b142c9230e721513d642bac1d25f131a9c36643015b68108","LOWERCASE_GROUPS_ONLY","PRIMARY_OUTPUT","94","469","0","469","0","1","469","94","936","0","4","108806","0","108806","0.000000","4","940","0.425532","1.000000000000","0.995744680851","1.000000000000","0.999963552202","0.997872340426","0.999146029035","0.997867803838","0.996592844974","0.995744680851","0.997870072129","0.997851730447","0.000036447798","","","","",""
"GAA_RADIXOR","GAA","gaa-default","1.0.0","981733932ac87c90b142c9230e721513d642bac1d25f131a9c36643015b68108","LOWERCASE_GROUPS_ONLY","ANY_CANDIDATE","94","469","0","468","1","2","470","94","","","","","0","108806","0.000000","0","940","0.000000","","","","","","","","","","","","","","","","",""
"GAA_RADIXOR","GAA","gaa-default","1.0.0","981733932ac87c90b142c9230e721513d642bac1d25f131a9c36643015b68108","LOWERCASE_GROUPS_ONLY","ALL_CANDIDATES","94","469","0","468","1","2","470","94","940","0","0","108806","0","108806","0.000000","0","940","0.000000","1.000000000000","1.000000000000","1.000000000000","1.000000000000","1.000000000000","1.000000000000","1.000000000000","1.000000000000","1.000000000000","1.000000000000","1.000000000000","0.000000000000","","","","",""
"GAL_RADIXOR","GAL","gal-default","1.0.0","d57ad44d8863d70fb6c28152de8e96b1480ae66b9bacd59a27f7f0e9aa44f566","ALL_WORDS","PRIMARY_OUTPUT","486","25436","0","25436","0","1","25436","486","660364","0","22524","322799442","0","322799442","0.000000","22524","682888","3.298345","1.000000000000","0.967016553227","1.000000000000","0.999930370231","0.983508276613","0.993224527907","0.983231739093","0.973438021460","0.967016553227","0.983369998132","0.983335691588","0.000069629769","","","","",""
"GAL_RADIXOR","GAL","gal-default","1.0.0","d57ad44d8863d70fb6c28152de8e96b1480ae66b9bacd59a27f7f0e9aa44f566","ALL_WORDS","ANY_CANDIDATE","486","25436","0","24684","752","6","26195","486","","","","","0","322799442","0.000000","0","682888","0.000000","","","","","","","","","","","","","","","","",""
"GAL_RADIXOR","GAL","gal-default","1.0.0","d57ad44d8863d70fb6c28152de8e96b1480ae66b9bacd59a27f7f0e9aa44f566","ALL_WORDS","ALL_CANDIDATES","486","25436","0","24684","752","6","26195","486","682888","0","0","322799442","0","322799442","0.000000","0","682888","0.000000","1.000000000000","1.000000000000","1.000000000000","1.000000000000","1.000000000000","1.000000000000","1.000000000000","1.000000000000","1.000000000000","1.000000000000","1.000000000000","0.000000000000","","","","",""
"GAL_RADIXOR","GAL","gal-default","1.0.0","d57ad44d8863d70fb6c28152de8e96b1480ae66b9bacd59a27f7f0e9aa44f566","LOWERCASE_GROUPS_ONLY","PRIMARY_OUTPUT","486","25436","0","25436","0","1","25436","486","660364","0","22524","322799442","0","322799442","0.000000","22524","682888","3.298345","1.000000000000","0.967016553227","1.000000000000","0.999930370231","0.983508276613","0.993224527907","0.983231739093","0.973438021460","0.967016553227","0.983369998132","0.983335691588","0.000069629769","","","","",""
"GAL_RADIXOR","GAL","gal-default","1.0.0","d57ad44d8863d70fb6c28152de8e96b1480ae66b9bacd59a27f7f0e9aa44f566","LOWERCASE_GROUPS_ONLY","ANY_CANDIDATE","486","25436","0","24684","752","6","26195","486","","","","","0","322799442","0.000000","0","682888","0.000000","","","","","","","","","","","","","","","","",""
"GAL_RADIXOR","GAL","gal-default","1.0.0","d57ad44d8863d70fb6c28152de8e96b1480ae66b9bacd59a27f7f0e9aa44f566","LOWERCASE_GROUPS_ONLY","ALL_CANDIDATES","486","25436","0","24684","752","6","26195","486","682888","0","0","322799442","0","322799442","0.000000","0","682888","0.000000","1.000000000000","1.000000000000","1.000000000000","1.000000000000","1.000000000000","1.000000000000","1.000000000000","1.000000000000","1.000000000000","1.000000000000","1.000000000000","0.000000000000","","","","",""
"GA_IE_RADIXOR","GA_IE","ga-ie-default","1.0.0","b669438f4375857896dcf9adc535f46f25ddc12c2c163b6980dc33564c48991b","ALL_WORDS","PRIMARY_OUTPUT","7287","24035","252","24035","0","1","24035","7265","101283","0","5179","288722133","0","288722133","0.000000","5179","106462","4.864647","1.000000000000","0.951353534595","1.000000000000","0.999982068950","0.975676767297","0.989876738195","0.975070398806","0.960700471040","0.951353534595","0.975373535931","0.975364788088","0.000017931050","","","","",""
"GA_IE_RADIXOR","GA_IE","ga-ie-default","1.0.0","b669438f4375857896dcf9adc535f46f25ddc12c2c163b6980dc33564c48991b","ALL_WORDS","ANY_CANDIDATE","7287","24035","252","23581","454","18","24533","7287","","","","","0","288722133","0.000000","0","106462","0.000000","","","","","","","","","","","","","","","","",""
"GA_IE_RADIXOR","GA_IE","ga-ie-default","1.0.0","b669438f4375857896dcf9adc535f46f25ddc12c2c163b6980dc33564c48991b","ALL_WORDS","ALL_CANDIDATES","7287","24035","252","23581","454","18","24533","7287","106462","0","0","288722133","0","288722133","0.000000","0","106462","0.000000","1.000000000000","1.000000000000","1.000000000000","1.000000000000","1.000000000000","1.000000000000","1.000000000000","1.000000000000","1.000000000000","1.000000000000","1.000000000000","0.000000000000","","","","",""
"GA_IE_RADIXOR","GA_IE","ga-ie-default","1.0.0","b669438f4375857896dcf9adc535f46f25ddc12c2c163b6980dc33564c48991b","LOWERCASE_GROUPS_ONLY","PRIMARY_OUTPUT","7287","24035","252","24035","0","1","24035","7265","101283","0","5179","288722133","0","288722133","0.000000","5179","106462","4.864647","1.000000000000","0.951353534595","1.000000000000","0.999982068950","0.975676767297","0.989876738195","0.975070398806","0.960700471040","0.951353534595","0.975373535931","0.975364788088","0.000017931050","","","","",""
"GA_IE_RADIXOR","GA_IE","ga-ie-default","1.0.0","b669438f4375857896dcf9adc535f46f25ddc12c2c163b6980dc33564c48991b","LOWERCASE_GROUPS_ONLY","ANY_CANDIDATE","7287","24035","252","23581","454","18","24533","7287","","","","","0","288722133","0.000000","0","106462","0.000000","","","","","","","","","","","","","","","","",""
"GA_IE_RADIXOR","GA_IE","ga-ie-default","1.0.0","b669438f4375857896dcf9adc535f46f25ddc12c2c163b6980dc33564c48991b","LOWERCASE_GROUPS_ONLY","ALL_CANDIDATES","7287","24035","252","23581","454","18","24533","7287","106462","0","0","288722133","0","288722133","0.000000","0","106462","0.000000","1.000000000000","1.000000000000","1.000000000000","1.000000000000","1.000000000000","1.000000000000","1.000000000000","1.000000000000","1.000000000000","1.000000000000","1.000000000000","0.000000000000","","","","",""
"GERMAN_CISTEM","DE_DE","de-de-default","1.0.0","cbfa038122823f02e4bdb54b0035492c356b6ecd80f11eb11290d7a7248a59f5","ALL_WORDS","PRIMARY_OUTPUT","54092","277266","1474","277266","0","1","277266","59097","1018135","258954","326717","38436474939","258954","38436733893","0.000674","326717","1344852","24.293900","0.797231046544","0.757061000021","0.999993262851","0.999984763260","0.878527131436","0.788859587356","0.776626934016","0.764767865140","0.634824286728","0.776886435294","0.776878836909","0.000015236740","","","","",""
"GERMAN_CISTEM","DE_DE","de-de-default","1.0.0","cbfa038122823f02e4bdb54b0035492c356b6ecd80f11eb11290d7a7248a59f5","LOWERCASE_GROUPS_ONLY","PRIMARY_OUTPUT","16007","145574","228","145574","0","1","145574","23023","712025","86055","146392","10594877479","86055","10594963534","0.000812","146392","858417","17.053716","0.892172463913","0.829462836826","0.999991877745","0.999978062391","0.914727357285","0.878883274821","0.859675568383","0.841289462416","0.753886827773","0.860246419845","0.860235546687","0.000021937609","","","","",""
"GERMAN_LUCENE_GERMAN_LIGHT_STEM_FILTER","DE_DE","de-de-default","1.0.0","cbfa038122823f02e4bdb54b0035492c356b6ecd80f11eb11290d7a7248a59f5","ALL_WORDS","PRIMARY_OUTPUT","54092","277266","1474","277266","0","1","277266","98357","682737","73514","662115","38436660379","73514","38436733893","0.000191","662115","1344852","49.233299","0.902791533499","0.507667014660","0.999998087403","0.999980861973","0.753832551031","0.781189357269","0.649884370257","0.556368109766","0.481354600999","0.676991493796","0.676983759805","0.000019138027","","","","",""
"GERMAN_LUCENE_GERMAN_LIGHT_STEM_FILTER","DE_DE","de-de-default","1.0.0","cbfa038122823f02e4bdb54b0035492c356b6ecd80f11eb11290d7a7248a59f5","LOWERCASE_GROUPS_ONLY","PRIMARY_OUTPUT","16007","145574","228","145574","0","1","145574","50335","461774","13791","396643","10594949743","13791","10594963534","0.000130","396643","858417","46.206331","0.971000809563","0.537936690443","0.999998698344","0.999961264544","0.768967694393","0.836341955252","0.692324184284","0.590619694452","0.529431053143","0.722728830139","0.722714023718","0.000038735456","","","","",""
"GERMAN_LUCENE_GERMAN_MINIMAL_STEM_FILTER","DE_DE","de-de-default","1.0.0","cbfa038122823f02e4bdb54b0035492c356b6ecd80f11eb11290d7a7248a59f5","ALL_WORDS","PRIMARY_OUTPUT","54092","277266","1474","277266","0","1","277266","140505","257534","33845","1087318","38436700048","33845","38436733893","0.000088","1087318","1344852","80.850384","0.883845438415","0.191496164634","0.999999119462","0.999970831971","0.595747642048","0.512940732195","0.314789293199","0.227070775185","0.186795213161","0.411403708765","0.411396179319","0.000029168029","","","","",""
"GERMAN_LUCENE_GERMAN_MINIMAL_STEM_FILTER","DE_DE","de-de-default","1.0.0","cbfa038122823f02e4bdb54b0035492c356b6ecd80f11eb11290d7a7248a59f5","LOWERCASE_GROUPS_ONLY","PRIMARY_OUTPUT","16007","145574","228","145574","0","1","145574","80363","128762","4742","729655","10594958792","4742","10594963534","0.000045","729655","858417","85.000064","0.964480465005","0.149999359286","0.999999552429","0.999930689945","0.574999455857","0.462363359673","0.259621481953","0.180481905554","0.149175296788","0.380357005712","0.380342859388","0.000069310055","","","","",""
"GERMAN_LUCENE_GERMAN_STEM_FILTER","DE_DE","de-de-default","1.0.0","cbfa038122823f02e4bdb54b0035492c356b6ecd80f11eb11290d7a7248a59f5","ALL_WORDS","PRIMARY_OUTPUT","54092","277266","1474","277266","0","1","277266","81085","594410","170297","750442","38436563596","170297","38436733893","0.000443","750442","1344852","55.801084","0.777304248555","0.441989155684","0.999995569421","0.999976046175","0.720992362552","0.674901446063","0.563539583392","0.483723042293","0.392311251237","0.586139956434","0.586129657503","0.000023953825","","","","",""
"GERMAN_LUCENE_GERMAN_STEM_FILTER","DE_DE","de-de-default","1.0.0","cbfa038122823f02e4bdb54b0035492c356b6ecd80f11eb11290d7a7248a59f5","LOWERCASE_GROUPS_ONLY","PRIMARY_OUTPUT","16007","145574","228","145574","0","1","145574","41574","371092","37962","487325","10594925572","37962","10594963534","0.000358","487325","858417","56.770194","0.907195626983","0.432298055607","0.999996416977","0.999950425082","0.716147236292","0.743780748511","0.585562904398","0.482850437789","0.413990064470","0.626241890646","0.626223420324","0.000049574918","","","","",""
"GERMAN_RADIXOR","DE_DE","de-de-default","1.0.0","cbfa038122823f02e4bdb54b0035492c356b6ecd80f11eb11290d7a7248a59f5","ALL_WORDS","PRIMARY_OUTPUT","54092","277266","1474","277266","0","1","277266","68104","1103976","663","240876","38436733230","663","38436733893","0.000002","240876","1344852","17.910967","0.999399803918","0.820890328452","0.999999982751","0.999993716153","0.910445155602","0.957745833715","0.901392166781","0.851301663915","0.820485836278","0.905758043461","0.905755194143","0.000006283847","","","","",""
"GERMAN_RADIXOR","DE_DE","de-de-default","1.0.0","cbfa038122823f02e4bdb54b0035492c356b6ecd80f11eb11290d7a7248a59f5","ALL_WORDS","ANY_CANDIDATE","54092","277266","1474","248231","29035","8","313927","70717","","","","","502","38436733893","0.000001","111107","1344852","8.261653","","","","","","","","","","","","","","","","",""
"GERMAN_RADIXOR","DE_DE","de-de-default","1.0.0","cbfa038122823f02e4bdb54b0035492c356b6ecd80f11eb11290d7a7248a59f5","ALL_WORDS","ALL_CANDIDATES","54092","277266","1474","248231","29035","8","313927","70717","1233745","6862","111107","38436727031","6862","38436733893","0.000018","111107","1344852","8.261653","0.994468836626","0.917383474167","0.999999821473","0.999996930934","0.958691647820","0.978032527492","0.954372125027","0.931829459601","0.912726360754","0.955148824160","0.955147343048","0.000003069066","","","","",""
"GERMAN_RADIXOR","DE_DE","de-de-default","1.0.0","cbfa038122823f02e4bdb54b0035492c356b6ecd80f11eb11290d7a7248a59f5","LOWERCASE_GROUPS_ONLY","PRIMARY_OUTPUT","16007","145574","228","145574","0","1","145574","17264","801691","80","56726","10594963454","80","10594963534","0.000001","56726","858417","6.608210","0.999900220886","0.933917897712","0.999999992449","0.999994638830","0.966958945080","0.985968273037","0.965783393206","0.946408388835","0.933830869531","0.966346062346","0.966343471257","0.000005361170","","","","",""
"GERMAN_RADIXOR","DE_DE","de-de-default","1.0.0","cbfa038122823f02e4bdb54b0035492c356b6ecd80f11eb11290d7a7248a59f5","LOWERCASE_GROUPS_ONLY","ANY_CANDIDATE","16007","145574","228","135120","10454","8","157137","18366","","","","","0","10594963534","0.000000","0","858417","0.000000","","","","","","","","","","","","","","","","",""
"GERMAN_RADIXOR","DE_DE","de-de-default","1.0.0","cbfa038122823f02e4bdb54b0035492c356b6ecd80f11eb11290d7a7248a59f5","LOWERCASE_GROUPS_ONLY","ALL_CANDIDATES","16007","145574","228","135120","10454","8","157137","18366","858417","1490","0","10594962044","1490","10594963534","0.000014","0","858417","0.000000","0.998267254482","1.000000000000","0.999999859367","0.999999859379","0.999999929684","0.998613323034","0.999132875988","0.999652969844","0.998267254482","0.999133251615","0.999133181359","0.000000140621","","","","",""
"GMH_RADIXOR","GMH","gmh-default","1.0.0","9dfcff6fca22db34b3206e35ab50e1e7d91fd4ce81fd50b6a7461d8f6fe3e5d6","ALL_WORDS","PRIMARY_OUTPUT","29","384","0","384","0","1","384","29","2840","0","0","70696","0","70696","0.000000","0","2840","0.000000","1.000000000000","1.000000000000","1.000000000000","1.000000000000","1.000000000000","1.000000000000","1.000000000000","1.000000000000","1.000000000000","1.000000000000","1.000000000000","0.000000000000","","","","",""
"GMH_RADIXOR","GMH","gmh-default","1.0.0","9dfcff6fca22db34b3206e35ab50e1e7d91fd4ce81fd50b6a7461d8f6fe3e5d6","ALL_WORDS","ANY_CANDIDATE","29","384","0","384","0","1","384","29","","","","","0","70696","0.000000","0","2840","0.000000","","","","","","","","","","","","","","","","",""
"GMH_RADIXOR","GMH","gmh-default","1.0.0","9dfcff6fca22db34b3206e35ab50e1e7d91fd4ce81fd50b6a7461d8f6fe3e5d6","ALL_WORDS","ALL_CANDIDATES","29","384","0","384","0","1","384","29","2840","0","0","70696","0","70696","0.000000","0","2840","0.000000","1.000000000000","1.000000000000","1.000000000000","1.000000000000","1.000000000000","1.000000000000","1.000000000000","1.000000000000","1.000000000000","1.000000000000","1.000000000000","0.000000000000","","","","",""
"GMH_RADIXOR","GMH","gmh-default","1.0.0","9dfcff6fca22db34b3206e35ab50e1e7d91fd4ce81fd50b6a7461d8f6fe3e5d6","LOWERCASE_GROUPS_ONLY","PRIMARY_OUTPUT","29","384","0","384","0","1","384","29","2840","0","0","70696","0","70696","0.000000","0","2840","0.000000","1.000000000000","1.000000000000","1.000000000000","1.000000000000","1.000000000000","1.000000000000","1.000000000000","1.000000000000","1.000000000000","1.000000000000","1.000000000000","0.000000000000","","","","",""
"GMH_RADIXOR","GMH","gmh-default","1.0.0","9dfcff6fca22db34b3206e35ab50e1e7d91fd4ce81fd50b6a7461d8f6fe3e5d6","LOWERCASE_GROUPS_ONLY","ANY_CANDIDATE","29","384","0","384","0","1","384","29","","","","","0","70696","0.000000","0","2840","0.000000","","","","","","","","","","","","","","","","",""
"GMH_RADIXOR","GMH","gmh-default","1.0.0","9dfcff6fca22db34b3206e35ab50e1e7d91fd4ce81fd50b6a7461d8f6fe3e5d6","LOWERCASE_GROUPS_ONLY","ALL_CANDIDATES","29","384","0","384","0","1","384","29","2840","0","0","70696","0","70696","0.000000","0","2840","0.000000","1.000000000000","1.000000000000","1.000000000000","1.000000000000","1.000000000000","1.000000000000","1.000000000000","1.000000000000","1.000000000000","1.000000000000","1.000000000000","0.000000000000","","","","",""
"GML_RADIXOR","GML","gml-default","1.0.0","3461579139d22f110969530d3a88820895c0e6818efc988c025549787e7c54da","ALL_WORDS","PRIMARY_OUTPUT","54","624","0","624","0","1","624","54","3903","0","175","190298","0","190298","0.000000","175","4078","4.291319","1.000000000000","0.957086807258","1.000000000000","0.999099683088","0.978543403629","0.991112239716","0.978072923193","0.965372248330","0.957086807258","0.978308135128","0.977858614026","0.000900316912","","","","",""
"GML_RADIXOR","GML","gml-default","1.0.0","3461579139d22f110969530d3a88820895c0e6818efc988c025549787e7c54da","ALL_WORDS","ANY_CANDIDATE","54","624","0","613","11","2","635","54","","","","","0","190298","0.000000","0","4078","0.000000","","","","","","","","","","","","","","","","",""
"GML_RADIXOR","GML","gml-default","1.0.0","3461579139d22f110969530d3a88820895c0e6818efc988c025549787e7c54da","ALL_WORDS","ALL_CANDIDATES","54","624","0","613","11","2","635","54","4078","0","0","190298","0","190298","0.000000","0","4078","0.000000","1.000000000000","1.000000000000","1.000000000000","1.000000000000","1.000000000000","1.000000000000","1.000000000000","1.000000000000","1.000000000000","1.000000000000","1.000000000000","0.000000000000","","","","",""
"GML_RADIXOR","GML","gml-default","1.0.0","3461579139d22f110969530d3a88820895c0e6818efc988c025549787e7c54da","LOWERCASE_GROUPS_ONLY","PRIMARY_OUTPUT","54","624","0","624","0","1","624","54","3903","0","175","190298","0","190298","0.000000","175","4078","4.291319","1.000000000000","0.957086807258","1.000000000000","0.999099683088","0.978543403629","0.991112239716","0.978072923193","0.965372248330","0.957086807258","0.978308135128","0.977858614026","0.000900316912","","","","",""
"GML_RADIXOR","GML","gml-default","1.0.0","3461579139d22f110969530d3a88820895c0e6818efc988c025549787e7c54da","LOWERCASE_GROUPS_ONLY","ANY_CANDIDATE","54","624","0","613","11","2","635","54","","","","","0","190298","0.000000","0","4078","0.000000","","","","","","","","","","","","","","","","",""
"GML_RADIXOR","GML","gml-default","1.0.0","3461579139d22f110969530d3a88820895c0e6818efc988c025549787e7c54da","LOWERCASE_GROUPS_ONLY","ALL_CANDIDATES","54","624","0","613","11","2","635","54","4078","0","0","190298","0","190298","0.000000","0","4078","0.000000","1.000000000000","1.000000000000","1.000000000000","1.000000000000","1.000000000000","1.000000000000","1.000000000000","1.000000000000","1.000000000000","1.000000000000","1.000000000000","0.000000000000","","","","",""
"GOH_RADIXOR","GOH","goh-default","1.0.0","42f175991354ce30b3cf6563b9f8c7a0c1ecfc7593a8151fd1320b09575b0208","ALL_WORDS","PRIMARY_OUTPUT","482","5267","0","5267","0","1","5267","482","41055","0","611","13826345","0","13826345","0.000000","611","41666","1.466423","1.000000000000","0.985335765372","1.000000000000","0.999955941771","0.992667882686","0.997032338284","0.992613725656","0.988234104728","0.985335765372","0.992640803802","0.992618871634","0.000044058229","","","","",""
"GOH_RADIXOR","GOH","goh-default","1.0.0","42f175991354ce30b3cf6563b9f8c7a0c1ecfc7593a8151fd1320b09575b0208","ALL_WORDS","ANY_CANDIDATE","482","5267","0","5234","33","2","5300","482","","","","","0","13826345","0.000000","0","41666","0.000000","","","","","","","","","","","","","","","","",""
"GOH_RADIXOR","GOH","goh-default","1.0.0","42f175991354ce30b3cf6563b9f8c7a0c1ecfc7593a8151fd1320b09575b0208","ALL_WORDS","ALL_CANDIDATES","482","5267","0","5234","33","2","5300","482","41666","0","0","13826345","0","13826345","0.000000","0","41666","0.000000","1.000000000000","1.000000000000","1.000000000000","1.000000000000","1.000000000000","1.000000000000","1.000000000000","1.000000000000","1.000000000000","1.000000000000","1.000000000000","0.000000000000","","","","",""
"GOH_RADIXOR","GOH","goh-default","1.0.0","42f175991354ce30b3cf6563b9f8c7a0c1ecfc7593a8151fd1320b09575b0208","LOWERCASE_GROUPS_ONLY","PRIMARY_OUTPUT","482","5267","0","5267","0","1","5267","482","41055","0","611","13826345","0","13826345","0.000000","611","41666","1.466423","1.000000000000","0.985335765372","1.000000000000","0.999955941771","0.992667882686","0.997032338284","0.992613725656","0.988234104728","0.985335765372","0.992640803802","0.992618871634","0.000044058229","","","","",""
"GOH_RADIXOR","GOH","goh-default","1.0.0","42f175991354ce30b3cf6563b9f8c7a0c1ecfc7593a8151fd1320b09575b0208","LOWERCASE_GROUPS_ONLY","ANY_CANDIDATE","482","5267","0","5234","33","2","5300","482","","","","","0","13826345","0.000000","0","41666","0.000000","","","","","","","","","","","","","","","","",""
"GOH_RADIXOR","GOH","goh-default","1.0.0","42f175991354ce30b3cf6563b9f8c7a0c1ecfc7593a8151fd1320b09575b0208","LOWERCASE_GROUPS_ONLY","ALL_CANDIDATES","482","5267","0","5234","33","2","5300","482","41666","0","0","13826345","0","13826345","0.000000","0","41666","0.000000","1.000000000000","1.000000000000","1.000000000000","1.000000000000","1.000000000000","1.000000000000","1.000000000000","1.000000000000","1.000000000000","1.000000000000","1.000000000000","0.000000000000","","","","",""
"GOT_RADIXOR","GOT","got-default","1.0.0","d7f0bb16c028f9e80151e8f33b4e56e786c099a514a393d7ddb079861e0ba321","ALL_WORDS","PRIMARY_OUTPUT","6227","134332","2","134332","0","1","134332","6226","2034703","0","78302","9020362941","0","9020362941","0.000000","78302","2113005","3.705718","1.000000000000","0.962942823136","1.000000000000","0.999991321451","0.981471411568","0.992362134439","0.981121621869","0.970132900430","0.962942823136","0.981296501133","0.981292242048","0.000008678549","","","","",""
"GOT_RADIXOR","GOT","got-default","1.0.0","d7f0bb16c028f9e80151e8f33b4e56e786c099a514a393d7ddb079861e0ba321","ALL_WORDS","ANY_CANDIDATE","6227","134332","2","130798","3534","3","137914","6227","","","","","0","9020362941","0.000000","0","2113005","0.000000","","","","","","","","","","","","","","","","",""
"GOT_RADIXOR","GOT","got-default","1.0.0","d7f0bb16c028f9e80151e8f33b4e56e786c099a514a393d7ddb079861e0ba321","ALL_WORDS","ALL_CANDIDATES","6227","134332","2","130798","3534","3","137914","6227","2113005","0","0","9020362941","0","9020362941","0.000000","0","2113005","0.000000","1.000000000000","1.000000000000","1.000000000000","1.000000000000","1.000000000000","1.000000000000","1.000000000000","1.000000000000","1.000000000000","1.000000000000","1.000000000000","0.000000000000","","","","",""
"GOT_RADIXOR","GOT","got-default","1.0.0","d7f0bb16c028f9e80151e8f33b4e56e786c099a514a393d7ddb079861e0ba321","LOWERCASE_GROUPS_ONLY","PRIMARY_OUTPUT","6227","134332","2","134332","0","1","134332","6226","2034703","0","78302","9020362941","0","9020362941","0.000000","78302","2113005","3.705718","1.000000000000","0.962942823136","1.000000000000","0.999991321451","0.981471411568","0.992362134439","0.981121621869","0.970132900430","0.962942823136","0.981296501133","0.981292242048","0.000008678549","","","","",""
"GOT_RADIXOR","GOT","got-default","1.0.0","d7f0bb16c028f9e80151e8f33b4e56e786c099a514a393d7ddb079861e0ba321","LOWERCASE_GROUPS_ONLY","ANY_CANDIDATE","6227","134332","2","130798","3534","3","137914","6227","","","","","0","9020362941","0.000000","0","2113005","0.000000","","","","","","","","","","","","","","","","",""
"GOT_RADIXOR","GOT","got-default","1.0.0","d7f0bb16c028f9e80151e8f33b4e56e786c099a514a393d7ddb079861e0ba321","LOWERCASE_GROUPS_ONLY","ALL_CANDIDATES","6227","134332","2","130798","3534","3","137914","6227","2113005","0","0","9020362941","0","9020362941","0.000000","0","2113005","0.000000","1.000000000000","1.000000000000","1.000000000000","1.000000000000","1.000000000000","1.000000000000","1.000000000000","1.000000000000","1.000000000000","1.000000000000","1.000000000000","0.000000000000","","","","",""
"GRC_RADIXOR","GRC","grc-default","1.0.0","8c50d12e6489acff903ed5a9e5cf463da9e543845d48989255d99609f9a4e2e9","ALL_WORDS","PRIMARY_OUTPUT","2426","26386","0","26386","0","1","26386","2425","140000","0","1260","347956045","0","347956045","0.000000","1260","141260","0.891972","1.000000000000","0.991080277502","1.000000000000","0.999996380322","0.995540138751","0.998203234178","0.995520159283","0.992851469420","0.991080277502","0.995530148967","0.995528346491","0.000003619678","","","","",""
"GRC_RADIXOR","GRC","grc-default","1.0.0","8c50d12e6489acff903ed5a9e5cf463da9e543845d48989255d99609f9a4e2e9","ALL_WORDS","ANY_CANDIDATE","2426","26386","0","26191","195","2","26581","2426","","","","","0","347956045","0.000000","0","141260","0.000000","","","","","","","","","","","","","","","","",""
"GRC_RADIXOR","GRC","grc-default","1.0.0","8c50d12e6489acff903ed5a9e5cf463da9e543845d48989255d99609f9a4e2e9","ALL_WORDS","ALL_CANDIDATES","2426","26386","0","26191","195","2","26581","2426","141260","0","0","347956045","0","347956045","0.000000","0","141260","0.000000","1.000000000000","1.000000000000","1.000000000000","1.000000000000","1.000000000000","1.000000000000","1.000000000000","1.000000000000","1.000000000000","1.000000000000","1.000000000000","0.000000000000","","","","",""
"GRC_RADIXOR","GRC","grc-default","1.0.0","8c50d12e6489acff903ed5a9e5cf463da9e543845d48989255d99609f9a4e2e9","LOWERCASE_GROUPS_ONLY","PRIMARY_OUTPUT","2426","26386","0","26386","0","1","26386","2425","140000","0","1260","347956045","0","347956045","0.000000","1260","141260","0.891972","1.000000000000","0.991080277502","1.000000000000","0.999996380322","0.995540138751","0.998203234178","0.995520159283","0.992851469420","0.991080277502","0.995530148967","0.995528346491","0.000003619678","","","","",""
"GRC_RADIXOR","GRC","grc-default","1.0.0","8c50d12e6489acff903ed5a9e5cf463da9e543845d48989255d99609f9a4e2e9","LOWERCASE_GROUPS_ONLY","ANY_CANDIDATE","2426","26386","0","26191","195","2","26581","2426","","","","","0","347956045","0.000000","0","141260","0.000000","","","","","","","","","","","","","","","","",""
"GRC_RADIXOR","GRC","grc-default","1.0.0","8c50d12e6489acff903ed5a9e5cf463da9e543845d48989255d99609f9a4e2e9","LOWERCASE_GROUPS_ONLY","ALL_CANDIDATES","2426","26386","0","26191","195","2","26581","2426","141260","0","0","347956045","0","347956045","0.000000","0","141260","0.000000","1.000000000000","1.000000000000","1.000000000000","1.000000000000","1.000000000000","1.000000000000","1.000000000000","1.000000000000","1.000000000000","1.000000000000","1.000000000000","0.000000000000","","","","",""
"GSW_RADIXOR","GSW","gsw-default","1.0.0","65ffa4b644e8adef0fe6e484a478a5017bb9c079e015f6a02dd478a4f6c9a871","ALL_WORDS","PRIMARY_OUTPUT","145","1186","0","1186","0","1","1186","145","4489","0","37","698179","0","698179","0.000000","37","4526","0.817499","1.000000000000","0.991825011047","1.000000000000","0.999947346326","0.995912505524","0.998354238947","0.995895729340","0.993449298455","0.991825011047","0.995904117396","0.995877729473","0.000052653674","","","","",""
"GSW_RADIXOR","GSW","gsw-default","1.0.0","65ffa4b644e8adef0fe6e484a478a5017bb9c079e015f6a02dd478a4f6c9a871","ALL_WORDS","ANY_CANDIDATE","145","1186","0","1182","4","2","1190","145","","","","","0","698179","0.000000","0","4526","0.000000","","","","","","","","","","","","","","","","",""
"GSW_RADIXOR","GSW","gsw-default","1.0.0","65ffa4b644e8adef0fe6e484a478a5017bb9c079e015f6a02dd478a4f6c9a871","ALL_WORDS","ALL_CANDIDATES","145","1186","0","1182","4","2","1190","145","4526","0","0","698179","0","698179","0.000000","0","4526","0.000000","1.000000000000","1.000000000000","1.000000000000","1.000000000000","1.000000000000","1.000000000000","1.000000000000","1.000000000000","1.000000000000","1.000000000000","1.000000000000","0.000000000000","","","","",""
"GSW_RADIXOR","GSW","gsw-default","1.0.0","65ffa4b644e8adef0fe6e484a478a5017bb9c079e015f6a02dd478a4f6c9a871","LOWERCASE_GROUPS_ONLY","PRIMARY_OUTPUT","145","1186","0","1186","0","1","1186","145","4489","0","37","698179","0","698179","0.000000","37","4526","0.817499","1.000000000000","0.991825011047","1.000000000000","0.999947346326","0.995912505524","0.998354238947","0.995895729340","0.993449298455","0.991825011047","0.995904117396","0.995877729473","0.000052653674","","","","",""
"GSW_RADIXOR","GSW","gsw-default","1.0.0","65ffa4b644e8adef0fe6e484a478a5017bb9c079e015f6a02dd478a4f6c9a871","LOWERCASE_GROUPS_ONLY","ANY_CANDIDATE","145","1186","0","1182","4","2","1190","145","","","","","0","698179","0.000000","0","4526","0.000000","","","","","","","","","","","","","","","","",""
"GSW_RADIXOR","GSW","gsw-default","1.0.0","65ffa4b644e8adef0fe6e484a478a5017bb9c079e015f6a02dd478a4f6c9a871","LOWERCASE_GROUPS_ONLY","ALL_CANDIDATES","145","1186","0","1182","4","2","1190","145","4526","0","0","698179","0","698179","0.000000","0","4526","0.000000","1.000000000000","1.000000000000","1.000000000000","1.000000000000","1.000000000000","1.000000000000","1.000000000000","1.000000000000","1.000000000000","1.000000000000","1.000000000000","0.000000000000","","","","",""
"GUP_RADIXOR","GUP","gup-default","1.0.0","9a9193fc4b921801a12c91e585a3fb71824c243a0f66138675e5be6ec731772b","ALL_WORDS","PRIMARY_OUTPUT","73","370","1","370","0","1","370","73","1257","0","6","67002","0","67002","0.000000","6","1263","0.475059","1.000000000000","0.995249406176","1.000000000000","0.999912107229","0.997624703088","0.999046256557","0.997619047619","0.996195910604","0.995249406176","0.997621875349","0.997577210046","0.000087892771","","","","",""
"GUP_RADIXOR","GUP","gup-default","1.0.0","9a9193fc4b921801a12c91e585a3fb71824c243a0f66138675e5be6ec731772b","ALL_WORDS","ANY_CANDIDATE","73","370","1","369","1","2","371","73","","","","","0","67002","0.000000","0","1263","0.000000","","","","","","","","","","","","","","","","",""
"GUP_RADIXOR","GUP","gup-default","1.0.0","9a9193fc4b921801a12c91e585a3fb71824c243a0f66138675e5be6ec731772b","ALL_WORDS","ALL_CANDIDATES","73","370","1","369","1","2","371","73","1263","0","0","67002","0","67002","0.000000","0","1263","0.000000","1.000000000000","1.000000000000","1.000000000000","1.000000000000","1.000000000000","1.000000000000","1.000000000000","1.000000000000","1.000000000000","1.000000000000","1.000000000000","0.000000000000","","","","",""
"GUP_RADIXOR","GUP","gup-default","1.0.0","9a9193fc4b921801a12c91e585a3fb71824c243a0f66138675e5be6ec731772b","LOWERCASE_GROUPS_ONLY","PRIMARY_OUTPUT","73","370","1","370","0","1","370","73","1257","0","6","67002","0","67002","0.000000","6","1263","0.475059","1.000000000000","0.995249406176","1.000000000000","0.999912107229","0.997624703088","0.999046256557","0.997619047619","0.996195910604","0.995249406176","0.997621875349","0.997577210046","0.000087892771","","","","",""
"GUP_RADIXOR","GUP","gup-default","1.0.0","9a9193fc4b921801a12c91e585a3fb71824c243a0f66138675e5be6ec731772b","LOWERCASE_GROUPS_ONLY","ANY_CANDIDATE","73","370","1","369","1","2","371","73","","","","","0","67002","0.000000","0","1263","0.000000","","","","","","","","","","","","","","","","",""
"GUP_RADIXOR","GUP","gup-default","1.0.0","9a9193fc4b921801a12c91e585a3fb71824c243a0f66138675e5be6ec731772b","LOWERCASE_GROUPS_ONLY","ALL_CANDIDATES","73","370","1","369","1","2","371","73","1263","0","0","67002","0","67002","0.000000","0","1263","0.000000","1.000000000000","1.000000000000","1.000000000000","1.000000000000","1.000000000000","1.000000000000","1.000000000000","1.000000000000","1.000000000000","1.000000000000","1.000000000000","0.000000000000","","","","",""
"GV_IM_RADIXOR","GV_IM","gv-im-default","1.0.0","da48ff4553af69f5f7dce09951a0d0e93a35ac649034de9d88f4067bac48a1ea","ALL_WORDS","PRIMARY_OUTPUT","1","15","0","15","0","1","15","1","105","0","0","0","0","0","","0","105","0.000000","1.000000000000","1.000000000000","","1.000000000000","","1.000000000000","1.000000000000","1.000000000000","1.000000000000","1.000000000000","","0.000000000000","","","","",""
"GV_IM_RADIXOR","GV_IM","gv-im-default","1.0.0","da48ff4553af69f5f7dce09951a0d0e93a35ac649034de9d88f4067bac48a1ea","ALL_WORDS","ANY_CANDIDATE","1","15","0","15","0","1","15","1","","","","","0","0","","0","105","0.000000","","","","","","","","","","","","","","","","",""
"GV_IM_RADIXOR","GV_IM","gv-im-default","1.0.0","da48ff4553af69f5f7dce09951a0d0e93a35ac649034de9d88f4067bac48a1ea","ALL_WORDS","ALL_CANDIDATES","1","15","0","15","0","1","15","1","105","0","0","0","0","0","","0","105","0.000000","1.000000000000","1.000000000000","","1.000000000000","","1.000000000000","1.000000000000","1.000000000000","1.000000000000","1.000000000000","","0.000000000000","","","","",""
"GV_IM_RADIXOR","GV_IM","gv-im-default","1.0.0","da48ff4553af69f5f7dce09951a0d0e93a35ac649034de9d88f4067bac48a1ea","LOWERCASE_GROUPS_ONLY","PRIMARY_OUTPUT","1","15","0","15","0","1","15","1","105","0","0","0","0","0","","0","105","0.000000","1.000000000000","1.000000000000","","1.000000000000","","1.000000000000","1.000000000000","1.000000000000","1.000000000000","1.000000000000","","0.000000000000","","","","",""
"GV_IM_RADIXOR","GV_IM","gv-im-default","1.0.0","da48ff4553af69f5f7dce09951a0d0e93a35ac649034de9d88f4067bac48a1ea","LOWERCASE_GROUPS_ONLY","ANY_CANDIDATE","1","15","0","15","0","1","15","1","","","","","0","0","","0","105","0.000000","","","","","","","","","","","","","","","","",""
"GV_IM_RADIXOR","GV_IM","gv-im-default","1.0.0","da48ff4553af69f5f7dce09951a0d0e93a35ac649034de9d88f4067bac48a1ea","LOWERCASE_GROUPS_ONLY","ALL_CANDIDATES","1","15","0","15","0","1","15","1","105","0","0","0","0","0","","0","105","0.000000","1.000000000000","1.000000000000","","1.000000000000","","1.000000000000","1.000000000000","1.000000000000","1.000000000000","1.000000000000","","0.000000000000","","","","",""
"HAI_RADIXOR","HAI","hai-default","1.0.0","71a80067a05106b90668da2a78c8f9412d64406036ef13e24de732124fff69a5","ALL_WORDS","PRIMARY_OUTPUT","36","5385","0","5385","0","1","5385","36","407606","0","0","14088814","0","14088814","0.000000","0","407606","0.000000","1.000000000000","1.000000000000","1.000000000000","1.000000000000","1.000000000000","1.000000000000","1.000000000000","1.000000000000","1.000000000000","1.000000000000","1.000000000000","0.000000000000","","","","",""
"HAI_RADIXOR","HAI","hai-default","1.0.0","71a80067a05106b90668da2a78c8f9412d64406036ef13e24de732124fff69a5","ALL_WORDS","ANY_CANDIDATE","36","5385","0","5385","0","1","5385","36","","","","","0","14088814","0.000000","0","407606","0.000000","","","","","","","","","","","","","","","","",""
"HAI_RADIXOR","HAI","hai-default","1.0.0","71a80067a05106b90668da2a78c8f9412d64406036ef13e24de732124fff69a5","ALL_WORDS","ALL_CANDIDATES","36","5385","0","5385","0","1","5385","36","407606","0","0","14088814","0","14088814","0.000000","0","407606","0.000000","1.000000000000","1.000000000000","1.000000000000","1.000000000000","1.000000000000","1.000000000000","1.000000000000","1.000000000000","1.000000000000","1.000000000000","1.000000000000","0.000000000000","","","","",""
"HAI_RADIXOR","HAI","hai-default","1.0.0","71a80067a05106b90668da2a78c8f9412d64406036ef13e24de732124fff69a5","LOWERCASE_GROUPS_ONLY","PRIMARY_OUTPUT","36","5385","0","5385","0","1","5385","36","407606","0","0","14088814","0","14088814","0.000000","0","407606","0.000000","1.000000000000","1.000000000000","1.000000000000","1.000000000000","1.000000000000","1.000000000000","1.000000000000","1.000000000000","1.000000000000","1.000000000000","1.000000000000","0.000000000000","","","","",""
"HAI_RADIXOR","HAI","hai-default","1.0.0","71a80067a05106b90668da2a78c8f9412d64406036ef13e24de732124fff69a5","LOWERCASE_GROUPS_ONLY","ANY_CANDIDATE","36","5385","0","5385","0","1","5385","36","","","","","0","14088814","0.000000","0","407606","0.000000","","","","","","","","","","","","","","","","",""
"HAI_RADIXOR","HAI","hai-default","1.0.0","71a80067a05106b90668da2a78c8f9412d64406036ef13e24de732124fff69a5","LOWERCASE_GROUPS_ONLY","ALL_CANDIDATES","36","5385","0","5385","0","1","5385","36","407606","0","0","14088814","0","14088814","0.000000","0","407606","0.000000","1.000000000000","1.000000000000","1.000000000000","1.000000000000","1.000000000000","1.000000000000","1.000000000000","1.000000000000","1.000000000000","1.000000000000","1.000000000000","0.000000000000","","","","",""
"HBS_RADIXOR","HBS","hbs-default","1.0.0","be225aef70bd01ee8f988ac5e6a58f3d6e1cddc284a6564dd15f93d4f1634dda","ALL_WORDS","PRIMARY_OUTPUT","24385","272634","1651","272634","0","1","272634","24382","2346756","0","58912","37162106993","0","37162106993","0.000000","58912","2405668","2.448883","1.000000000000","0.975511167792","1.000000000000","0.999998414832","0.987755583896","0.995004363719","0.987603799661","0.980312509503","0.975511167792","0.987679688863","0.987678905994","0.000001585168","","","","",""
"HBS_RADIXOR","HBS","hbs-default","1.0.0","be225aef70bd01ee8f988ac5e6a58f3d6e1cddc284a6564dd15f93d4f1634dda","ALL_WORDS","ANY_CANDIDATE","24385","272634","1651","267499","5135","48","278024","24385","","","","","0","37162106993","0.000000","0","2405668","0.000000","","","","","","","","","","","","","","","","",""
"HBS_RADIXOR","HBS","hbs-default","1.0.0","be225aef70bd01ee8f988ac5e6a58f3d6e1cddc284a6564dd15f93d4f1634dda","ALL_WORDS","ALL_CANDIDATES","24385","272634","1651","267499","5135","48","278024","24385","2405668","0","0","37162106993","0","37162106993","0.000000","0","2405668","0.000000","1.000000000000","1.000000000000","1.000000000000","1.000000000000","1.000000000000","1.000000000000","1.000000000000","1.000000000000","1.000000000000","1.000000000000","1.000000000000","0.000000000000","","","","",""
"HBS_RADIXOR","HBS","hbs-default","1.0.0","be225aef70bd01ee8f988ac5e6a58f3d6e1cddc284a6564dd15f93d4f1634dda","LOWERCASE_GROUPS_ONLY","PRIMARY_OUTPUT","24385","272634","1651","272634","0","1","272634","24382","2346756","0","58912","37162106993","0","37162106993","0.000000","58912","2405668","2.448883","1.000000000000","0.975511167792","1.000000000000","0.999998414832","0.987755583896","0.995004363719","0.987603799661","0.980312509503","0.975511167792","0.987679688863","0.987678905994","0.000001585168","","","","",""
"HBS_RADIXOR","HBS","hbs-default","1.0.0","be225aef70bd01ee8f988ac5e6a58f3d6e1cddc284a6564dd15f93d4f1634dda","LOWERCASE_GROUPS_ONLY","ANY_CANDIDATE","24385","272634","1651","267499","5135","48","278024","24385","","","","","0","37162106993","0.000000","0","2405668","0.000000","","","","","","","","","","","","","","","","",""
"HBS_RADIXOR","HBS","hbs-default","1.0.0","be225aef70bd01ee8f988ac5e6a58f3d6e1cddc284a6564dd15f93d4f1634dda","LOWERCASE_GROUPS_ONLY","ALL_CANDIDATES","24385","272634","1651","267499","5135","48","278024","24385","2405668","0","0","37162106993","0","37162106993","0.000000","0","2405668","0.000000","1.000000000000","1.000000000000","1.000000000000","1.000000000000","1.000000000000","1.000000000000","1.000000000000","1.000000000000","1.000000000000","1.000000000000","1.000000000000","0.000000000000","","","","",""
"HE_IL_RADIXOR","HE_IL","he-il-default","1.0.0","9a47dc69bb7dab21aba0266b73cd74cdaeb17db94363796a0a56111ac8518256","ALL_WORDS","PRIMARY_OUTPUT","2358","57658","0","57658","0","1","57658","2358","686015","0","19395","1661488243","0","1661488243","0.000000","19395","705410","2.749465","1.000000000000","0.972505351498","1.000000000000","0.999988331684","0.986252675749","0.994377397107","0.986061052518","0.977882659498","0.972505351498","0.986156859479","0.986151103692","0.000011668316","","","","",""
"HE_IL_RADIXOR","HE_IL","he-il-default","1.0.0","9a47dc69bb7dab21aba0266b73cd74cdaeb17db94363796a0a56111ac8518256","ALL_WORDS","ANY_CANDIDATE","2358","57658","0","56674","984","40","58714","2358","","","","","0","1661488243","0.000000","0","705410","0.000000","","","","","","","","","","","","","","","","",""
"HE_IL_RADIXOR","HE_IL","he-il-default","1.0.0","9a47dc69bb7dab21aba0266b73cd74cdaeb17db94363796a0a56111ac8518256","ALL_WORDS","ALL_CANDIDATES","2358","57658","0","56674","984","40","58714","2358","705410","0","0","1661488243","0","1661488243","0.000000","0","705410","0.000000","1.000000000000","1.000000000000","1.000000000000","1.000000000000","1.000000000000","1.000000000000","1.000000000000","1.000000000000","1.000000000000","1.000000000000","1.000000000000","0.000000000000","","","","",""
"HE_IL_RADIXOR","HE_IL","he-il-default","1.0.0","9a47dc69bb7dab21aba0266b73cd74cdaeb17db94363796a0a56111ac8518256","LOWERCASE_GROUPS_ONLY","PRIMARY_OUTPUT","2358","57658","0","57658","0","1","57658","2358","686015","0","19395","1661488243","0","1661488243","0.000000","19395","705410","2.749465","1.000000000000","0.972505351498","1.000000000000","0.999988331684","0.986252675749","0.994377397107","0.986061052518","0.977882659498","0.972505351498","0.986156859479","0.986151103692","0.000011668316","","","","",""
"HE_IL_RADIXOR","HE_IL","he-il-default","1.0.0","9a47dc69bb7dab21aba0266b73cd74cdaeb17db94363796a0a56111ac8518256","LOWERCASE_GROUPS_ONLY","ANY_CANDIDATE","2358","57658","0","56674","984","40","58714","2358","","","","","0","1661488243","0.000000","0","705410","0.000000","","","","","","","","","","","","","","","","",""
"HE_IL_RADIXOR","HE_IL","he-il-default","1.0.0","9a47dc69bb7dab21aba0266b73cd74cdaeb17db94363796a0a56111ac8518256","LOWERCASE_GROUPS_ONLY","ALL_CANDIDATES","2358","57658","0","56674","984","40","58714","2358","705410","0","0","1661488243","0","1661488243","0.000000","0","705410","0.000000","1.000000000000","1.000000000000","1.000000000000","1.000000000000","1.000000000000","1.000000000000","1.000000000000","1.000000000000","1.000000000000","1.000000000000","1.000000000000","0.000000000000","","","","",""
"HIL_RADIXOR","HIL","hil-default","1.0.0","d8114c609f5a38623a2fa3c7c3cf2ba74a2b5d9e78258cf0c428b50afcb9e031","ALL_WORDS","PRIMARY_OUTPUT","97","393","1","393","0","1","393","97","624","0","18","76386","0","76386","0.000000","18","642","2.803738","1.000000000000","0.971962616822","1.000000000000","0.999766318741","0.985981308411","0.994263862333","0.985781990521","0.977443609023","0.971962616822","0.985881644429","0.985765505779","0.000233681259","","","","",""
"HIL_RADIXOR","HIL","hil-default","1.0.0","d8114c609f5a38623a2fa3c7c3cf2ba74a2b5d9e78258cf0c428b50afcb9e031","ALL_WORDS","ANY_CANDIDATE","97","393","1","388","5","2","398","97","","","","","0","76386","0.000000","0","642","0.000000","","","","","","","","","","","","","","","","",""
"HIL_RADIXOR","HIL","hil-default","1.0.0","d8114c609f5a38623a2fa3c7c3cf2ba74a2b5d9e78258cf0c428b50afcb9e031","ALL_WORDS","ALL_CANDIDATES","97","393","1","388","5","2","398","97","642","0","0","76386","0","76386","0.000000","0","642","0.000000","1.000000000000","1.000000000000","1.000000000000","1.000000000000","1.000000000000","1.000000000000","1.000000000000","1.000000000000","1.000000000000","1.000000000000","1.000000000000","0.000000000000","","","","",""
"HIL_RADIXOR","HIL","hil-default","1.0.0","d8114c609f5a38623a2fa3c7c3cf2ba74a2b5d9e78258cf0c428b50afcb9e031","LOWERCASE_GROUPS_ONLY","PRIMARY_OUTPUT","97","393","1","393","0","1","393","97","624","0","18","76386","0","76386","0.000000","18","642","2.803738","1.000000000000","0.971962616822","1.000000000000","0.999766318741","0.985981308411","0.994263862333","0.985781990521","0.977443609023","0.971962616822","0.985881644429","0.985765505779","0.000233681259","","","","",""
"HIL_RADIXOR","HIL","hil-default","1.0.0","d8114c609f5a38623a2fa3c7c3cf2ba74a2b5d9e78258cf0c428b50afcb9e031","LOWERCASE_GROUPS_ONLY","ANY_CANDIDATE","97","393","1","388","5","2","398","97","","","","","0","76386","0.000000","0","642","0.000000","","","","","","","","","","","","","","","","",""
"HIL_RADIXOR","HIL","hil-default","1.0.0","d8114c609f5a38623a2fa3c7c3cf2ba74a2b5d9e78258cf0c428b50afcb9e031","LOWERCASE_GROUPS_ONLY","ALL_CANDIDATES","97","393","1","388","5","2","398","97","642","0","0","76386","0","76386","0.000000","0","642","0.000000","1.000000000000","1.000000000000","1.000000000000","1.000000000000","1.000000000000","1.000000000000","1.000000000000","1.000000000000","1.000000000000","1.000000000000","1.000000000000","0.000000000000","","","","",""
"HSI_RADIXOR","HSI","hsi-default","1.0.0","82f3518b9ef41c53429248865abdd539aa0436cba9a5f0517f333fe18e4c9146","ALL_WORDS","PRIMARY_OUTPUT","49","158","0","158","0","1","158","49","483","0","3","11917","0","11917","0.000000","3","486","0.617284","1.000000000000","0.993827160494","1.000000000000","0.999758123035","0.996913580247","0.998759305211","0.996904024768","0.995055624227","0.993827160494","0.996908802496","0.996783344668","0.000241876965","","","","",""
"HSI_RADIXOR","HSI","hsi-default","1.0.0","82f3518b9ef41c53429248865abdd539aa0436cba9a5f0517f333fe18e4c9146","ALL_WORDS","ANY_CANDIDATE","49","158","0","157","1","2","159","49","","","","","0","11917","0.000000","0","486","0.000000","","","","","","","","","","","","","","","","",""
"HSI_RADIXOR","HSI","hsi-default","1.0.0","82f3518b9ef41c53429248865abdd539aa0436cba9a5f0517f333fe18e4c9146","ALL_WORDS","ALL_CANDIDATES","49","158","0","157","1","2","159","49","486","0","0","11917","0","11917","0.000000","0","486","0.000000","1.000000000000","1.000000000000","1.000000000000","1.000000000000","1.000000000000","1.000000000000","1.000000000000","1.000000000000","1.000000000000","1.000000000000","1.000000000000","0.000000000000","","","","",""
"HSI_RADIXOR","HSI","hsi-default","1.0.0","82f3518b9ef41c53429248865abdd539aa0436cba9a5f0517f333fe18e4c9146","LOWERCASE_GROUPS_ONLY","PRIMARY_OUTPUT","49","158","0","158","0","1","158","49","483","0","3","11917","0","11917","0.000000","3","486","0.617284","1.000000000000","0.993827160494","1.000000000000","0.999758123035","0.996913580247","0.998759305211","0.996904024768","0.995055624227","0.993827160494","0.996908802496","0.996783344668","0.000241876965","","","","",""
"HSI_RADIXOR","HSI","hsi-default","1.0.0","82f3518b9ef41c53429248865abdd539aa0436cba9a5f0517f333fe18e4c9146","LOWERCASE_GROUPS_ONLY","ANY_CANDIDATE","49","158","0","157","1","2","159","49","","","","","0","11917","0.000000","0","486","0.000000","","","","","","","","","","","","","","","","",""
"HSI_RADIXOR","HSI","hsi-default","1.0.0","82f3518b9ef41c53429248865abdd539aa0436cba9a5f0517f333fe18e4c9146","LOWERCASE_GROUPS_ONLY","ALL_CANDIDATES","49","158","0","157","1","2","159","49","486","0","0","11917","0","11917","0.000000","0","486","0.000000","1.000000000000","1.000000000000","1.000000000000","1.000000000000","1.000000000000","1.000000000000","1.000000000000","1.000000000000","1.000000000000","1.000000000000","1.000000000000","0.000000000000","","","","",""
"HUNGARIAN_LUCENE_HUNGARIAN_LIGHT_STEM_FILTER","HU_HU","hu-hu-default","1.0.0","359d46a01d751ec823705ad7f3dd1cc8f6663feb1a9d13cb04d0c6fb51ab646e","ALL_WORDS","PRIMARY_OUTPUT","19406","910688","1","910688","0","1","910688","94328","14021483","3795942","8096372","414649947531","3795942","414653743473","0.000915","8096372","22117855","36.605593","0.786953389729","0.633944069169","0.999990845514","0.999971321422","0.816967457342","0.750714749947","0.702210326308","0.659593346790","0.541081764282","0.706317516512","0.706303654339","0.000028678578","","","","",""
"HUNGARIAN_LUCENE_HUNGARIAN_LIGHT_STEM_FILTER","HU_HU","hu-hu-default","1.0.0","359d46a01d751ec823705ad7f3dd1cc8f6663feb1a9d13cb04d0c6fb51ab646e","LOWERCASE_GROUPS_ONLY","PRIMARY_OUTPUT","18360","872878","1","872878","0","1","872878","91516","13478053","3311675","7889264","380932886011","3311675","380936197686","0.000869","7889264","21367317","36.922109","0.802755887409","0.630778913422","0.999991306484","0.999970597935","0.815385109953","0.761246308142","0.706451613326","0.659015515857","0.546134663847","0.711590813883","0.711576731219","0.000029402065","","","","",""
"HUNGARIAN_RADIXOR","HU_HU","hu-hu-default","1.0.0","359d46a01d751ec823705ad7f3dd1cc8f6663feb1a9d13cb04d0c6fb51ab646e","ALL_WORDS","PRIMARY_OUTPUT","19406","910688","1","910688","0","1","910688","20535","21921219","39","196636","414653743434","39","414653743473","0.000000","196636","22117855","0.889037","0.999998220905","0.991109626137","0.999999999906","0.999999525714","0.995554813021","0.998207770257","0.995534083532","0.992874681417","0.991107878535","0.995544003477","0.995543767377","0.000000474286","","","","",""
"HUNGARIAN_RADIXOR","HU_HU","hu-hu-default","1.0.0","359d46a01d751ec823705ad7f3dd1cc8f6663feb1a9d13cb04d0c6fb51ab646e","ALL_WORDS","ANY_CANDIDATE","19406","910688","1","904024","6664","5","917595","20567","","","","","0","414653743473","0.000000","0","22117855","0.000000","","","","","","","","","","","","","","","","",""
"HUNGARIAN_RADIXOR","HU_HU","hu-hu-default","1.0.0","359d46a01d751ec823705ad7f3dd1cc8f6663feb1a9d13cb04d0c6fb51ab646e","ALL_WORDS","ALL_CANDIDATES","19406","910688","1","904024","6664","5","917595","20567","22117855","192","0","414653743281","192","414653743473","0.000000","0","22117855","0.000000","0.999991319306","1.000000000000","0.999999999537","0.999999999537","0.999999999768","0.999993055433","0.999995659634","0.999998263849","0.999991319306","0.999995659644","0.999995659412","0.000000000463","","","","",""
"HUNGARIAN_RADIXOR","HU_HU","hu-hu-default","1.0.0","359d46a01d751ec823705ad7f3dd1cc8f6663feb1a9d13cb04d0c6fb51ab646e","LOWERCASE_GROUPS_ONLY","PRIMARY_OUTPUT","18360","872878","1","872878","0","1","872878","18363","21206087","39","161230","380936197647","39","380936197686","0.000000","161230","21367317","0.754564","0.999998160909","0.992454363831","0.999999999898","0.999999576675","0.996227181864","0.998480240771","0.996211981258","0.993954004051","0.992452552389","0.996219121788","0.996218910913","0.000000423325","","","","",""
"HUNGARIAN_RADIXOR","HU_HU","hu-hu-default","1.0.0","359d46a01d751ec823705ad7f3dd1cc8f6663feb1a9d13cb04d0c6fb51ab646e","LOWERCASE_GROUPS_ONLY","ANY_CANDIDATE","18360","872878","1","867360","5518","5","878574","18375","","","","","0","380936197686","0.000000","0","21367317","0.000000","","","","","","","","","","","","","","","","",""
"HUNGARIAN_RADIXOR","HU_HU","hu-hu-default","1.0.0","359d46a01d751ec823705ad7f3dd1cc8f6663feb1a9d13cb04d0c6fb51ab646e","LOWERCASE_GROUPS_ONLY","ALL_CANDIDATES","18360","872878","1","867360","5518","5","878574","18375","21367317","192","0","380936197494","192","380936197686","0.000000","0","21367317","0.000000","0.999991014395","1.000000000000","0.999999999496","0.999999999496","0.999999999748","0.999992811503","0.999995507177","0.999998202866","0.999991014395","0.999995507187","0.999995506935","0.000000000504","","","","",""
"HUNSPELL_CZECH_LUCENE_FILTER","CS_CZ","cs-cz-default","1.0.0","62afdaa6dc7a721b54a0dc278a0c648a63ad52a34a412d27b5b52fbcde9c1ce4","ALL_WORDS","PRIMARY_OUTPUT","5113","51401","2","51401","0","1","51401","10920","212842","9128","87667","1320696063","9128","1320705191","0.000691","87667","300509","29.172837","0.958877325765","0.708271632464","0.999993088541","0.999926726281","0.854132360502","0.895506437707","0.814738965585","0.747335334261","0.687392010645","0.824102911566","0.824070367475","0.000073273719","","","","",""
"HUNSPELL_CZECH_LUCENE_FILTER","CS_CZ","cs-cz-default","1.0.0","62afdaa6dc7a721b54a0dc278a0c648a63ad52a34a412d27b5b52fbcde9c1ce4","ALL_WORDS","ANY_CANDIDATE","5113","51401","2","48207","3194","5","55179","11359","","","","","8582","1320705191","0.000650","76964","300509","25.611213","","","","","","","","","","","","","","","","",""
"HUNSPELL_CZECH_LUCENE_FILTER","CS_CZ","cs-cz-default","1.0.0","62afdaa6dc7a721b54a0dc278a0c648a63ad52a34a412d27b5b52fbcde9c1ce4","ALL_WORDS","ALL_CANDIDATES","5113","51401","2","48207","3194","5","55179","11359","223545","10775","76964","1320694416","10775","1320705191","0.000816","76964","300509","25.611213","0.954015875726","0.743887870247","0.999991841480","0.999933581664","0.871939855863","0.903001238499","0.835949434305","0.778167111775","0.718138420221","0.842425568211","0.842395220341","0.000066418336","","","","",""
"HUNSPELL_CZECH_LUCENE_FILTER","CS_CZ","cs-cz-default","1.0.0","62afdaa6dc7a721b54a0dc278a0c648a63ad52a34a412d27b5b52fbcde9c1ce4","LOWERCASE_GROUPS_ONLY","PRIMARY_OUTPUT","5038","50697","2","50697","0","1","50697","10816","210117","8993","87370","1284761076","8993","1284770069","0.000700","87370","297487","29.369351","0.958956688421","0.706306494065","0.999993000304","0.999925013281","0.853149747185","0.894932138029","0.813465815713","0.745593864837","0.685581440877","0.822992914040","0.822959656132","0.000074986719","","","","",""
"HUNSPELL_CZECH_LUCENE_FILTER","CS_CZ","cs-cz-default","1.0.0","62afdaa6dc7a721b54a0dc278a0c648a63ad52a34a412d27b5b52fbcde9c1ce4","LOWERCASE_GROUPS_ONLY","ANY_CANDIDATE","5038","50697","2","47580","3117","5","54394","11240","","","","","8518","1284770069","0.000663","76872","297487","25.840457","","","","","","","","","","","","","","","","",""
"HUNSPELL_CZECH_LUCENE_FILTER","CS_CZ","cs-cz-default","1.0.0","62afdaa6dc7a721b54a0dc278a0c648a63ad52a34a412d27b5b52fbcde9c1ce4","LOWERCASE_GROUPS_ONLY","ALL_CANDIDATES","5038","50697","2","47580","3117","5","54394","11240","220615","10523","76872","1284759546","10523","1284770069","0.000819","76872","297487","25.840457","0.954473085343","0.741595431061","0.999991809429","0.999931991902","0.870793620245","0.902651224715","0.834674864034","0.776219736174","0.716259212363","0.841328044915","0.841297029699","0.000068008098","","","","",""
"HUNSPELL_DUTCH_LUCENE_FILTER","NL_NL","nl-nl-default","1.0.0","c098034adc42da2ca3e419160e6dd2c2b3868f8af334303b3a191e09caadaf5e","ALL_WORDS","PRIMARY_OUTPUT","4992","26201","85","26201","0","1","26201","15909","18409","356","46028","343168307","356","343168663","0.000104","46028","64437","71.431010","0.981028510525","0.285689898661","0.999998962609","0.999864861518","0.642844430635","0.659834978530","0.442513401120","0.332877658555","0.284120198170","0.529405266082","0.529368118333","0.000135138482","","","","",""
"HUNSPELL_DUTCH_LUCENE_FILTER","NL_NL","nl-nl-default","1.0.0","c098034adc42da2ca3e419160e6dd2c2b3868f8af334303b3a191e09caadaf5e","ALL_WORDS","ANY_CANDIDATE","4992","26201","85","25002","1199","3","27429","16027","","","","","330","343168663","0.000096","43157","64437","66.975495","","","","","","","","","","","","","","","","",""
"HUNSPELL_DUTCH_LUCENE_FILTER","NL_NL","nl-nl-default","1.0.0","c098034adc42da2ca3e419160e6dd2c2b3868f8af334303b3a191e09caadaf5e","ALL_WORDS","ALL_CANDIDATES","4992","26201","85","25002","1199","3","27429","16027","21280","503","43157","343168160","503","343168663","0.000147","43157","64437","66.975495","0.976908598448","0.330245045548","0.999998534248","0.999872797816","0.665121789898","0.701990512572","0.493620969613","0.380637567926","0.327687095781","0.567995796279","0.567957979352","0.000127202184","","","","",""
"HUNSPELL_DUTCH_LUCENE_FILTER","NL_NL","nl-nl-default","1.0.0","c098034adc42da2ca3e419160e6dd2c2b3868f8af334303b3a191e09caadaf5e","LOWERCASE_GROUPS_ONLY","PRIMARY_OUTPUT","4796","25402","84","25402","0","1","25402","15258","18260","333","44758","322554750","333","322555083","0.000103","44758","63018","71.024152","0.982090033884","0.289758481704","0.999998967618","0.999860234129","0.644878724661","0.664531625300","0.447488696377","0.337317348013","0.288235386971","0.533450013698","0.533411381379","0.000139765871","","","","",""
"HUNSPELL_DUTCH_LUCENE_FILTER","NL_NL","nl-nl-default","1.0.0","c098034adc42da2ca3e419160e6dd2c2b3868f8af334303b3a191e09caadaf5e","LOWERCASE_GROUPS_ONLY","ANY_CANDIDATE","4796","25402","84","24271","1131","3","26562","15323","","","","","307","322555083","0.000095","41900","63018","66.488940","","","","","","","","","","","","","","","","",""
"HUNSPELL_DUTCH_LUCENE_FILTER","NL_NL","nl-nl-default","1.0.0","c098034adc42da2ca3e419160e6dd2c2b3868f8af334303b3a191e09caadaf5e","LOWERCASE_GROUPS_ONLY","ALL_CANDIDATES","4796","25402","84","24271","1131","3","26562","15323","21118","477","41900","322554606","477","322555083","0.000148","41900","63018","66.488940","0.977911553600","0.335110603320","0.999998521183","0.999868646552","0.667554562251","0.706769836276","0.499166794701","0.385833878400","0.332593117568","0.572458322256","0.572419041773","0.000131353448","","","","",""
"HUNSPELL_ENGLISH_LUCENE_FILTER","US_UK","us-uk-default","1.0.1","0a3ec1fddd5ddb859f5ffa8003efe9200a5ef6203df1fddaf53a58003f33582c","ALL_WORDS","PRIMARY_OUTPUT","396939","591946","251348","591946","0","1","591946","557518","45836","21445","260554","175199409650","21445","175199431095","0.000012","260554","306390","85.039982","0.681262169112","0.149600182774","0.999999877597","0.999998390414","0.574800030185","0.398217940832","0.245328109487","0.177268511750","0.139814235820","0.319244334352","0.319243855296","0.000001609586","","","","",""
"HUNSPELL_ENGLISH_LUCENE_FILTER","US_UK","us-uk-default","1.0.1","0a3ec1fddd5ddb859f5ffa8003efe9200a5ef6203df1fddaf53a58003f33582c","ALL_WORDS","ANY_CANDIDATE","396939","591946","251348","586210","5736","4","597698","557638","","","","","20368","175199431095","0.000012","255375","306390","83.349652","","","","","","","","","","","","","","","","",""
"HUNSPELL_ENGLISH_LUCENE_FILTER","US_UK","us-uk-default","1.0.1","0a3ec1fddd5ddb859f5ffa8003efe9200a5ef6203df1fddaf53a58003f33582c","ALL_WORDS","ALL_CANDIDATES","396939","591946","251348","586210","5736","4","597698","557638","51015","38781","255375","175199392314","38781","175199431095","0.000022","255375","306390","83.349652","0.568121074435","0.166503475962","0.999999778647","0.999998321025","0.583251627304","0.383240631395","0.257530553831","0.193920885296","0.147796309655","0.307561593280","0.307560994286","0.000001678975","","","","",""
"HUNSPELL_ENGLISH_LUCENE_FILTER","US_UK","us-uk-default","1.0.1","0a3ec1fddd5ddb859f5ffa8003efe9200a5ef6203df1fddaf53a58003f33582c","LOWERCASE_GROUPS_ONLY","PRIMARY_OUTPUT","374384","568441","229119","568441","0","1","568441","535362","45762","19601","258659","161561976998","19601","161561996599","0.000012","258659","304421","84.967529","0.700120863485","0.150324714786","0.999999878678","0.999998277692","0.575162296732","0.404348678944","0.247506652532","0.178333295663","0.141231150971","0.324415580883","0.324415079045","0.000001722308","","","","",""
"HUNSPELL_ENGLISH_LUCENE_FILTER","US_UK","us-uk-default","1.0.1","0a3ec1fddd5ddb859f5ffa8003efe9200a5ef6203df1fddaf53a58003f33582c","LOWERCASE_GROUPS_ONLY","ANY_CANDIDATE","374384","568441","229119","562756","5685","4","574142","535485","","","","","18565","161561996599","0.000011","253483","304421","83.267252","","","","","","","","","","","","","","","","",""
"HUNSPELL_ENGLISH_LUCENE_FILTER","US_UK","us-uk-default","1.0.1","0a3ec1fddd5ddb859f5ffa8003efe9200a5ef6203df1fddaf53a58003f33582c","LOWERCASE_GROUPS_ONLY","ALL_CANDIDATES","374384","568441","229119","562756","5685","4","574142","535485","50938","36612","253483","161561959987","36612","161561996599","0.000023","253483","304421","83.267252","0.581816105083","0.167327483978","0.999999773387","0.999998204439","0.583663628683","0.389064817658","0.259906982915","0.195129762173","0.149363844555","0.312015744797","0.312015112817","0.000001795561","","","","",""
"HUNSPELL_FRENCH_LUCENE_FILTER","FR_FR","fr-fr-default","1.0.0","a988658758952fd599dc7360e0234178a6d65ac46e5cedc7dcd325a7cb7e71d9","ALL_WORDS","PRIMARY_OUTPUT","59240","404011","2301","404011","0","1","404011","154336","3402849","440809","1967350","81606431047","440809","81606871856","0.000540","1967350","5370199","36.634583","0.885315238765","0.633654171847","0.999994598384","0.999970492674","0.816824385116","0.820167925205","0.738637250394","0.671850417782","0.585586700276","0.748988447470","0.748975057537","0.000029507326","","","","",""
"HUNSPELL_FRENCH_LUCENE_FILTER","FR_FR","fr-fr-default","1.0.0","a988658758952fd599dc7360e0234178a6d65ac46e5cedc7dcd325a7cb7e71d9","ALL_WORDS","ANY_CANDIDATE","59240","404011","2301","395781","8230","4","412364","154718","","","","","439665","81606871856","0.000539","1782362","5370199","33.189869","","","","","","","","","","","","","","","","",""
"HUNSPELL_FRENCH_LUCENE_FILTER","FR_FR","fr-fr-default","1.0.0","a988658758952fd599dc7360e0234178a6d65ac46e5cedc7dcd325a7cb7e71d9","ALL_WORDS","ALL_CANDIDATES","59240","404011","2301","395781","8230","4","412364","154718","3587837","500695","1782362","81606371161","500695","81606871856","0.000614","1782362","5370199","33.189869","0.877536729565","0.668101312447","0.999993864549","0.999972025557","0.834047588498","0.825764821161","0.758629672416","0.701590006589","0.611122769377","0.765691478823","0.765678434549","0.000027974443","","","","",""
"HUNSPELL_FRENCH_LUCENE_FILTER","FR_FR","fr-fr-default","1.0.0","a988658758952fd599dc7360e0234178a6d65ac46e5cedc7dcd325a7cb7e71d9","LOWERCASE_GROUPS_ONLY","PRIMARY_OUTPUT","57698","400712","2133","400712","0","1","400712","153822","3392703","433354","1963548","80279063511","433354","80279496865","0.000540","1963548","5356251","36.658999","0.886736135923","0.633410010098","0.999994601934","0.999970145029","0.816702306016","0.821061070269","0.738965192629","0.671794147581","0.585999044840","0.749444824393","0.749431295094","0.000029854971","","","","",""
"HUNSPELL_FRENCH_LUCENE_FILTER","FR_FR","fr-fr-default","1.0.0","a988658758952fd599dc7360e0234178a6d65ac46e5cedc7dcd325a7cb7e71d9","LOWERCASE_GROUPS_ONLY","ANY_CANDIDATE","57698","400712","2133","392518","8194","4","409028","154205","","","","","432307","80279496865","0.000539","1778903","5356251","33.211718","","","","","","","","","","","","","","","","",""
"HUNSPELL_FRENCH_LUCENE_FILTER","FR_FR","fr-fr-default","1.0.0","a988658758952fd599dc7360e0234178a6d65ac46e5cedc7dcd325a7cb7e71d9","LOWERCASE_GROUPS_ONLY","ALL_CANDIDATES","57698","400712","2133","392518","8194","4","409028","154205","3577348","492522","1778903","80279004343","492522","80279496865","0.000614","1778903","5356251","33.211718","0.878983358191","0.667882815798","0.999993864909","0.999971707926","0.833938340354","0.826722240168","0.759028660888","0.701581816015","0.611640766362","0.766197024471","0.766183847721","0.000028292074","","","","",""
"HUNSPELL_GERMAN_LUCENE_FILTER","DE_DE","de-de-default","1.0.0","cbfa038122823f02e4bdb54b0035492c356b6ecd80f11eb11290d7a7248a59f5","ALL_WORDS","PRIMARY_OUTPUT","54092","277266","1474","277266","0","1","277266","182774","377391","111635","967461","38436622258","111635","38436733893","0.000290","967461","1344852","71.938102","0.771719704065","0.280618982609","0.999997095617","0.999971926380","0.640308039113","0.571638943385","0.411576996943","0.321543191932","0.259110448634","0.465359214171","0.465349217076","0.000028073620","","","","",""
"HUNSPELL_GERMAN_LUCENE_FILTER","DE_DE","de-de-default","1.0.0","cbfa038122823f02e4bdb54b0035492c356b6ecd80f11eb11290d7a7248a59f5","ALL_WORDS","ANY_CANDIDATE","54092","277266","1474","270784","6482","3","283881","183111","","","","","83073","38436733893","0.000216","952309","1344852","70.811435","","","","","","","","","","","","","","","","",""
"HUNSPELL_GERMAN_LUCENE_FILTER","DE_DE","de-de-default","1.0.0","cbfa038122823f02e4bdb54b0035492c356b6ecd80f11eb11290d7a7248a59f5","ALL_WORDS","ALL_CANDIDATES","54092","277266","1474","270784","6482","3","283881","183111","392543","135961","952309","38436597932","135961","38436733893","0.000354","952309","1344852","70.811435","0.742743668922","0.291885649871","0.999996462733","0.999971687711","0.645941056302","0.567444319934","0.419079982662","0.332218049287","0.265086138493","0.465613808312","0.465603221302","0.000028312289","","","","",""
"HUNSPELL_GERMAN_LUCENE_FILTER","DE_DE","de-de-default","1.0.0","cbfa038122823f02e4bdb54b0035492c356b6ecd80f11eb11290d7a7248a59f5","LOWERCASE_GROUPS_ONLY","PRIMARY_OUTPUT","16007","145574","228","145574","0","1","145574","86983","273967","58904","584450","10594904630","58904","10594963534","0.000556","584450","858417","68.084626","0.823042560031","0.319153744625","0.999994440377","0.999939282294","0.659574092501","0.625523710889","0.459950910275","0.363685335530","0.298659902041","0.512520355713","0.512498716988","0.000060717706","","","","",""
"HUNSPELL_GERMAN_LUCENE_FILTER","DE_DE","de-de-default","1.0.0","cbfa038122823f02e4bdb54b0035492c356b6ecd80f11eb11290d7a7248a59f5","LOWERCASE_GROUPS_ONLY","ANY_CANDIDATE","16007","145574","228","141036","4538","3","150205","87393","","","","","40608","10594963534","0.000383","573996","858417","66.866802","","","","","","","","","","","","","","","","",""
"HUNSPELL_GERMAN_LUCENE_FILTER","DE_DE","de-de-default","1.0.0","cbfa038122823f02e4bdb54b0035492c356b6ecd80f11eb11290d7a7248a59f5","LOWERCASE_GROUPS_ONLY","ALL_CANDIDATES","16007","145574","228","141036","4538","3","150205","87393","284421","66639","573996","10594896895","66639","10594963534","0.000629","573996","858417","66.866802","0.810177747394","0.331331975019","0.999993710313","0.999939538905","0.665662842666","0.628511082325","0.470320642724","0.375748270417","0.307463548153","0.518109827315","0.518087587435","0.000060461095","","","","",""
"HUNSPELL_POLISH_LUCENE_FILTER","PL_PL","pl-pl-unimorph","1.0.0","8191ed727097839cc808cbc5c56a1bd78b3c851e7733ad226ad9a51519a54721","ALL_WORDS","PRIMARY_OUTPUT","9990","120867","1","120867","0","1","120867","18419","968411","27967","148662","7303210371","27967","7303238338","0.000383","148662","1117073","13.308172","0.971931335296","0.866918276603","0.999996170603","0.999975818674","0.933457223603","0.948941565893","0.916426262071","0.886065398277","0.845744253476","0.917924309609","0.917912670119","0.000024181326","","","","",""
"HUNSPELL_POLISH_LUCENE_FILTER","PL_PL","pl-pl-unimorph","1.0.0","8191ed727097839cc808cbc5c56a1bd78b3c851e7733ad226ad9a51519a54721","ALL_WORDS","ANY_CANDIDATE","9990","120867","1","110382","10485","6","132492","19068","","","","","25967","7303238338","0.000356","80738","1117073","7.227639","","","","","","","","","","","","","","","","",""
"HUNSPELL_POLISH_LUCENE_FILTER","PL_PL","pl-pl-unimorph","1.0.0","8191ed727097839cc808cbc5c56a1bd78b3c851e7733ad226ad9a51519a54721","ALL_WORDS","ALL_CANDIDATES","9990","120867","1","110382","10485","6","132492","19068","1036335","44498","80738","7303193840","44498","7303238338","0.000609","80738","1117073","7.227639","0.958829902492","0.927723613408","0.999993907086","0.999982854613","0.963858760247","0.952442878793","0.943020311151","0.933782353074","0.892183947430","0.943148525834","0.943139991603","0.000017145387","","","","",""
"HUNSPELL_POLISH_LUCENE_FILTER","PL_PL","pl-pl-unimorph","1.0.0","8191ed727097839cc808cbc5c56a1bd78b3c851e7733ad226ad9a51519a54721","LOWERCASE_GROUPS_ONLY","PRIMARY_OUTPUT","9846","119451","1","119451","0","1","119451","18149","963133","27267","147624","7133072951","27267","7133100218","0.000382","147624","1110757","13.290396","0.972468699515","0.867096043509","0.999996177398","0.999975485586","0.933546110454","0.949393940529","0.916764430264","0.886303269317","0.846320464243","0.918272161065","0.918260365969","0.000024514414","","","","",""
"HUNSPELL_POLISH_LUCENE_FILTER","PL_PL","pl-pl-unimorph","1.0.0","8191ed727097839cc808cbc5c56a1bd78b3c851e7733ad226ad9a51519a54721","LOWERCASE_GROUPS_ONLY","ANY_CANDIDATE","9846","119451","1","109148","10303","6","130856","18789","","","","","25425","7133100218","0.000356","80363","1110757","7.234976","","","","","","","","","","","","","","","","",""
"HUNSPELL_POLISH_LUCENE_FILTER","PL_PL","pl-pl-unimorph","1.0.0","8191ed727097839cc808cbc5c56a1bd78b3c851e7733ad226ad9a51519a54721","LOWERCASE_GROUPS_ONLY","ALL_CANDIDATES","9846","119451","1","109148","10303","6","130856","18789","1030394","43630","80363","7133056588","43630","7133100218","0.000612","80363","1110757","7.234976","0.959377071648","0.927650242132","0.999993883445","0.999982619942","0.963822062789","0.952859269523","0.943246943286","0.933826616099","0.892589746766","0.943380290663","0.943371641374","0.000017380058","","","","",""
"HUNSPELL_SPANISH_LUCENE_FILTER","ES_ES","es-es-default","1.0.0","7a1ec94cfdb1e9a95431289d62dc5579cb2a532d99532eeda90290072e569721","ALL_WORDS","PRIMARY_OUTPUT","65059","849661","3589","849661","0","1","849661","495840","9648381","244539","32290659","360919299051","244539","360919543590","0.000068","32290659","41939040","76.994273","0.975281413374","0.230057268836","0.999999322456","0.999909865181","0.615028295646","0.591847366825","0.372294661441","0.271557302745","0.228723622526","0.473677715654","0.473655293112","0.000090134819","","","","",""
"HUNSPELL_SPANISH_LUCENE_FILTER","ES_ES","es-es-default","1.0.0","7a1ec94cfdb1e9a95431289d62dc5579cb2a532d99532eeda90290072e569721","ALL_WORDS","ANY_CANDIDATE","65059","849661","3589","838352","11309","5","861853","496361","","","","","223500","360919543590","0.000062","31877837","41939040","76.009935","","","","","","","","","","","","","","","","",""
"HUNSPELL_SPANISH_LUCENE_FILTER","ES_ES","es-es-default","1.0.0","7a1ec94cfdb1e9a95431289d62dc5579cb2a532d99532eeda90290072e569721","ALL_WORDS","ALL_CANDIDATES","65059","849661","3589","838352","11309","5","861853","496361","10061203","263629","31877837","360919279961","263629","360919543590","0.000073","31877837","41939040","76.009935","0.974466509479","0.239900651040","0.999999269563","0.999910955967","0.619949960302","0.604360900012","0.385015599303","0.282489525889","0.238402054619","0.483502998999","0.483480352448","0.000089044033","","","","",""
"HUNSPELL_SPANISH_LUCENE_FILTER","ES_ES","es-es-default","1.0.0","7a1ec94cfdb1e9a95431289d62dc5579cb2a532d99532eeda90290072e569721","LOWERCASE_GROUPS_ONLY","PRIMARY_OUTPUT","64918","847879","3525","847879","0","1","847879","495045","9614637","244260","32215829","359406900655","244260","359407144915","0.000068","32215829","41830466","77.015229","0.975224408978","0.229847714343","0.999999320381","0.999909694863","0.614923517362","0.591553085622","0.372016076112","0.271322827200","0.228513359778","0.473448097868","0.473425641311","0.000090305137","","","","",""
"HUNSPELL_SPANISH_LUCENE_FILTER","ES_ES","es-es-default","1.0.0","7a1ec94cfdb1e9a95431289d62dc5579cb2a532d99532eeda90290072e569721","LOWERCASE_GROUPS_ONLY","ANY_CANDIDATE","64918","847879","3525","836592","11287","5","860048","495572","","","","","223274","359407144915","0.000062","31806834","41830466","76.037484","","","","","","","","","","","","","","","","",""
"HUNSPELL_SPANISH_LUCENE_FILTER","ES_ES","es-es-default","1.0.0","7a1ec94cfdb1e9a95431289d62dc5579cb2a532d99532eeda90290072e569721","LOWERCASE_GROUPS_ONLY","ALL_CANDIDATES","64918","847879","3525","836592","11287","5","860048","495572","10023632","263289","31806834","359406881626","263289","359407144915","0.000073","31806834","41830466","76.037484","0.974405461070","0.239625157415","0.999999267435","0.999910779762","0.619812212425","0.603992255793","0.384655969034","0.282182888645","0.238126344395","0.483210163382","0.483187483018","0.000089220238","","","","",""
"HUNSPELL_UKRAINIAN_LUCENE_FILTER","UK_UA","uk-ua-default","1.0.0","cf3f612cfff16cb7763f99c55851069489b883c3bdd1a6576cd8c57a97e07eae","ALL_WORDS","PRIMARY_OUTPUT","1493","14150","4","14150","0","1","14150","3137","50249","6","14876","100039044","6","100039050","0.000006","14876","65125","22.842226","0.999880608895","0.771577735125","0.999999940023","0.999851334872","0.885788837574","0.944015480283","0.871017507367","0.808498656498","0.771506655817","0.878342538880","0.878277198610","0.000148665128","","","","",""
"HUNSPELL_UKRAINIAN_LUCENE_FILTER","UK_UA","uk-ua-default","1.0.0","cf3f612cfff16cb7763f99c55851069489b883c3bdd1a6576cd8c57a97e07eae","ALL_WORDS","ANY_CANDIDATE","1493","14150","4","12891","1259","6","15577","3311","","","","","0","100039050","0.000000","9465","65125","14.533589","","","","","","","","","","","","","","","","",""
"HUNSPELL_UKRAINIAN_LUCENE_FILTER","UK_UA","uk-ua-default","1.0.0","cf3f612cfff16cb7763f99c55851069489b883c3bdd1a6576cd8c57a97e07eae","ALL_WORDS","ALL_CANDIDATES","1493","14150","4","12891","1259","6","15577","3311","55660","47","9465","100039003","47","100039050","0.000047","9465","65125","14.533589","0.999156299926","0.854664107486","0.999999530183","0.999904978988","0.927331818835","0.966477168149","0.921279131356","0.880119668445","0.854047750568","0.924090378326","0.924046375011","0.000095021012","","","","",""
"HUNSPELL_UKRAINIAN_LUCENE_FILTER","UK_UA","uk-ua-default","1.0.0","cf3f612cfff16cb7763f99c55851069489b883c3bdd1a6576cd8c57a97e07eae","LOWERCASE_GROUPS_ONLY","PRIMARY_OUTPUT","1491","14141","4","14141","0","1","14141","3134","50237","6","14872","99911755","6","99911761","0.000006","14872","65109","22.841696","0.999880580379","0.771583037675","0.999999939947","0.999851185579","0.885791488811","0.944017047440","0.871020875234","0.808503310491","0.771511940413","0.878345544488","0.878280138338","0.000148814421","","","","",""
"HUNSPELL_UKRAINIAN_LUCENE_FILTER","UK_UA","uk-ua-default","1.0.0","cf3f612cfff16cb7763f99c55851069489b883c3bdd1a6576cd8c57a97e07eae","LOWERCASE_GROUPS_ONLY","ANY_CANDIDATE","1491","14141","4","12883","1258","6","15567","3308","","","","","0","99911761","0.000000","9465","65109","14.537161","","","","","","","","","","","","","","","","",""
"HUNSPELL_UKRAINIAN_LUCENE_FILTER","UK_UA","uk-ua-default","1.0.0","cf3f612cfff16cb7763f99c55851069489b883c3bdd1a6576cd8c57a97e07eae","LOWERCASE_GROUPS_ONLY","ALL_CANDIDATES","1491","14141","4","12883","1258","6","15567","3308","55644","47","9465","99911714","47","99911761","0.000047","9465","65109","14.537161","0.999156057532","0.854628392388","0.999999529585","0.999904857994","0.927313960987","0.966467852143","0.921258278146","0.880089331187","0.854011909878","0.924070957878","0.924026899410","0.000095142006","","","","",""
"HY_AM_RADIXOR","HY_AM","hy-am-default","1.0.0","42eea1564db57d86b2f09fec3d6d19104253cd389769b834c823b1684f21a757","ALL_WORDS","PRIMARY_OUTPUT","6990","246576","0","246576","0","1","246576","6990","4650084","0","56633","30395031883","0","30395031883","0.000000","56633","4706717","1.203238","1.000000000000","0.987967621593","1.000000000000","0.999998137056","0.993983810796","0.997570134671","0.993947397193","0.990350876894","0.987967621593","0.993965603828","0.993964677835","0.000001862944","","","","",""
"HY_AM_RADIXOR","HY_AM","hy-am-default","1.0.0","42eea1564db57d86b2f09fec3d6d19104253cd389769b834c823b1684f21a757","ALL_WORDS","ANY_CANDIDATE","6990","246576","0","245376","1200","4","247803","6990","","","","","0","30395031883","0.000000","0","4706717","0.000000","","","","","","","","","","","","","","","","",""
"HY_AM_RADIXOR","HY_AM","hy-am-default","1.0.0","42eea1564db57d86b2f09fec3d6d19104253cd389769b834c823b1684f21a757","ALL_WORDS","ALL_CANDIDATES","6990","246576","0","245376","1200","4","247803","6990","4706717","0","0","30395031883","0","30395031883","0.000000","0","4706717","0.000000","1.000000000000","1.000000000000","1.000000000000","1.000000000000","1.000000000000","1.000000000000","1.000000000000","1.000000000000","1.000000000000","1.000000000000","1.000000000000","0.000000000000","","","","",""
"HY_AM_RADIXOR","HY_AM","hy-am-default","1.0.0","42eea1564db57d86b2f09fec3d6d19104253cd389769b834c823b1684f21a757","LOWERCASE_GROUPS_ONLY","PRIMARY_OUTPUT","6990","246576","0","246576","0","1","246576","6990","4650084","0","56633","30395031883","0","30395031883","0.000000","56633","4706717","1.203238","1.000000000000","0.987967621593","1.000000000000","0.999998137056","0.993983810796","0.997570134671","0.993947397193","0.990350876894","0.987967621593","0.993965603828","0.993964677835","0.000001862944","","","","",""
"HY_AM_RADIXOR","HY_AM","hy-am-default","1.0.0","42eea1564db57d86b2f09fec3d6d19104253cd389769b834c823b1684f21a757","LOWERCASE_GROUPS_ONLY","ANY_CANDIDATE","6990","246576","0","245376","1200","4","247803","6990","","","","","0","30395031883","0.000000","0","4706717","0.000000","","","","","","","","","","","","","","","","",""
"HY_AM_RADIXOR","HY_AM","hy-am-default","1.0.0","42eea1564db57d86b2f09fec3d6d19104253cd389769b834c823b1684f21a757","LOWERCASE_GROUPS_ONLY","ALL_CANDIDATES","6990","246576","0","245376","1200","4","247803","6990","4706717","0","0","30395031883","0","30395031883","0.000000","0","4706717","0.000000","1.000000000000","1.000000000000","1.000000000000","1.000000000000","1.000000000000","1.000000000000","1.000000000000","1.000000000000","1.000000000000","1.000000000000","1.000000000000","0.000000000000","","","","",""
"ID_ID_RADIXOR","ID_ID","id-id-default","1.0.0","ed7ab0190fcd098ff4e871605f61056cf43b54a6967e8c40652584720ddb5044","ALL_WORDS","PRIMARY_OUTPUT","3877","21296","0","21296","0","1","21296","3877","81580","0","14","226667566","0","226667566","0.000000","14","81594","0.017158","1.000000000000","0.999828418756","1.000000000000","0.999999938258","0.999914209378","0.999965679040","0.999914202017","0.999862730294","0.999828418756","0.999914205698","0.999914174818","0.000000061742","","","","",""
"ID_ID_RADIXOR","ID_ID","id-id-default","1.0.0","ed7ab0190fcd098ff4e871605f61056cf43b54a6967e8c40652584720ddb5044","ALL_WORDS","ANY_CANDIDATE","3877","21296","0","21294","2","2","21298","3877","","","","","0","226667566","0.000000","0","81594","0.000000","","","","","","","","","","","","","","","","",""
"ID_ID_RADIXOR","ID_ID","id-id-default","1.0.0","ed7ab0190fcd098ff4e871605f61056cf43b54a6967e8c40652584720ddb5044","ALL_WORDS","ALL_CANDIDATES","3877","21296","0","21294","2","2","21298","3877","81594","0","0","226667566","0","226667566","0.000000","0","81594","0.000000","1.000000000000","1.000000000000","1.000000000000","1.000000000000","1.000000000000","1.000000000000","1.000000000000","1.000000000000","1.000000000000","1.000000000000","1.000000000000","0.000000000000","","","","",""
"ID_ID_RADIXOR","ID_ID","id-id-default","1.0.0","ed7ab0190fcd098ff4e871605f61056cf43b54a6967e8c40652584720ddb5044","LOWERCASE_GROUPS_ONLY","PRIMARY_OUTPUT","3877","21296","0","21296","0","1","21296","3877","81580","0","14","226667566","0","226667566","0.000000","14","81594","0.017158","1.000000000000","0.999828418756","1.000000000000","0.999999938258","0.999914209378","0.999965679040","0.999914202017","0.999862730294","0.999828418756","0.999914205698","0.999914174818","0.000000061742","","","","",""
"ID_ID_RADIXOR","ID_ID","id-id-default","1.0.0","ed7ab0190fcd098ff4e871605f61056cf43b54a6967e8c40652584720ddb5044","LOWERCASE_GROUPS_ONLY","ANY_CANDIDATE","3877","21296","0","21294","2","2","21298","3877","","","","","0","226667566","0.000000","0","81594","0.000000","","","","","","","","","","","","","","","","",""
"ID_ID_RADIXOR","ID_ID","id-id-default","1.0.0","ed7ab0190fcd098ff4e871605f61056cf43b54a6967e8c40652584720ddb5044","LOWERCASE_GROUPS_ONLY","ALL_CANDIDATES","3877","21296","0","21294","2","2","21298","3877","81594","0","0","226667566","0","226667566","0.000000","0","81594","0.000000","1.000000000000","1.000000000000","1.000000000000","1.000000000000","1.000000000000","1.000000000000","1.000000000000","1.000000000000","1.000000000000","1.000000000000","1.000000000000","0.000000000000","","","","",""
"IS_IS_RADIXOR","IS_IS","is-is-default","1.0.0","0d16a717f7c71b5fc333ec8687b1e44d6840092a5e3ce88785830ea9083e9b60","ALL_WORDS","PRIMARY_OUTPUT","4772","52197","0","52197","0","1","52197","4772","280812","0","10589","1361945905","0","1361945905","0.000000","10589","291401","3.633824","1.000000000000","0.963661758196","1.000000000000","0.999992226758","0.981830879098","0.992514751009","0.981494653215","0.970716584994","0.963661758196","0.981662751761","0.981658935616","0.000007773242","","","","",""
"IS_IS_RADIXOR","IS_IS","is-is-default","1.0.0","0d16a717f7c71b5fc333ec8687b1e44d6840092a5e3ce88785830ea9083e9b60","ALL_WORDS","ANY_CANDIDATE","4772","52197","0","51083","1114","29","53388","4772","","","","","0","1361945905","0.000000","0","291401","0.000000","","","","","","","","","","","","","","","","",""
"IS_IS_RADIXOR","IS_IS","is-is-default","1.0.0","0d16a717f7c71b5fc333ec8687b1e44d6840092a5e3ce88785830ea9083e9b60","ALL_WORDS","ALL_CANDIDATES","4772","52197","0","51083","1114","29","53388","4772","291401","0","0","1361945905","0","1361945905","0.000000","0","291401","0.000000","1.000000000000","1.000000000000","1.000000000000","1.000000000000","1.000000000000","1.000000000000","1.000000000000","1.000000000000","1.000000000000","1.000000000000","1.000000000000","0.000000000000","","","","",""
"IS_IS_RADIXOR","IS_IS","is-is-default","1.0.0","0d16a717f7c71b5fc333ec8687b1e44d6840092a5e3ce88785830ea9083e9b60","LOWERCASE_GROUPS_ONLY","PRIMARY_OUTPUT","4772","52197","0","52197","0","1","52197","4772","280812","0","10589","1361945905","0","1361945905","0.000000","10589","291401","3.633824","1.000000000000","0.963661758196","1.000000000000","0.999992226758","0.981830879098","0.992514751009","0.981494653215","0.970716584994","0.963661758196","0.981662751761","0.981658935616","0.000007773242","","","","",""
"IS_IS_RADIXOR","IS_IS","is-is-default","1.0.0","0d16a717f7c71b5fc333ec8687b1e44d6840092a5e3ce88785830ea9083e9b60","LOWERCASE_GROUPS_ONLY","ANY_CANDIDATE","4772","52197","0","51083","1114","29","53388","4772","","","","","0","1361945905","0.000000","0","291401","0.000000","","","","","","","","","","","","","","","","",""
"IS_IS_RADIXOR","IS_IS","is-is-default","1.0.0","0d16a717f7c71b5fc333ec8687b1e44d6840092a5e3ce88785830ea9083e9b60","LOWERCASE_GROUPS_ONLY","ALL_CANDIDATES","4772","52197","0","51083","1114","29","53388","4772","291401","0","0","1361945905","0","1361945905","0.000000","0","291401","0.000000","1.000000000000","1.000000000000","1.000000000000","1.000000000000","1.000000000000","1.000000000000","1.000000000000","1.000000000000","1.000000000000","1.000000000000","1.000000000000","0.000000000000","","","","",""
"ITALIAN_LUCENE_ITALIAN_LIGHT_STEM_FILTER","IT_IT","it-it-default","1.0.0","5e03be31c9761e30dbf24a47a5ced3d6ec949dabd31e92632fdd9f7c67fc2e12","ALL_WORDS","PRIMARY_OUTPUT","10009","324366","0","324366","0","1","324366","244870","109427","2752","6024695","52600351921","2752","52600354673","0.000005","6024695","6134122","98.216094","0.975467779174","0.017839064825","0.999999947681","0.999885423887","0.508919506253","0.083115367566","0.035037376521","0.022197346412","0.017831065132","0.131914491042","0.131906553725","0.000114576113","","","","",""
"ITALIAN_LUCENE_ITALIAN_LIGHT_STEM_FILTER","IT_IT","it-it-default","1.0.0","5e03be31c9761e30dbf24a47a5ced3d6ec949dabd31e92632fdd9f7c67fc2e12","LOWERCASE_GROUPS_ONLY","PRIMARY_OUTPUT","10007","324285","0","324285","0","1","324285","244808","109401","2752","6023081","52574083236","2752","52574085988","0.000005","6023081","6132482","98.216040","0.975462091964","0.017839595779","0.999999947655","0.999885397338","0.508919771717","0.083117639712","0.035038396960","0.022198003488","0.017831593709","0.131916069597","0.131908130255","0.000114602662","","","","",""
"ITALIAN_RADIXOR","IT_IT","it-it-default","1.0.0","5e03be31c9761e30dbf24a47a5ced3d6ec949dabd31e92632fdd9f7c67fc2e12","ALL_WORDS","PRIMARY_OUTPUT","10009","324366","0","324366","0","1","324366","10010","6093034","0","41088","52600354673","0","52600354673","0.000000","41088","6134122","0.669827","1.000000000000","0.993301730875","1.000000000000","0.999999218956","0.996650865438","0.998653128810","0.996639611043","0.994634196381","0.993301730875","0.996645238224","0.996644848967","0.000000781044","","","","",""
"ITALIAN_RADIXOR","IT_IT","it-it-default","1.0.0","5e03be31c9761e30dbf24a47a5ced3d6ec949dabd31e92632fdd9f7c67fc2e12","ALL_WORDS","ANY_CANDIDATE","10009","324366","0","321297","3069","4","327552","10012","","","","","0","52600354673","0.000000","80","6134122","0.001304","","","","","","","","","","","","","","","","",""
"ITALIAN_RADIXOR","IT_IT","it-it-default","1.0.0","5e03be31c9761e30dbf24a47a5ced3d6ec949dabd31e92632fdd9f7c67fc2e12","ALL_WORDS","ALL_CANDIDATES","10009","324366","0","321297","3069","4","327552","10012","6134042","0","80","52600354673","0","52600354673","0.000000","80","6134122","0.001304","1.000000000000","0.999986958199","1.000000000000","0.999999998479","0.999993479099","0.999997391613","0.999993479057","0.999989566532","0.999986958199","0.999993479078","0.999993478318","0.000000001521","","","","",""
"ITALIAN_RADIXOR","IT_IT","it-it-default","1.0.0","5e03be31c9761e30dbf24a47a5ced3d6ec949dabd31e92632fdd9f7c67fc2e12","LOWERCASE_GROUPS_ONLY","PRIMARY_OUTPUT","10007","324285","0","324285","0","1","324285","10007","6091474","0","41008","52574085988","0","52574085988","0.000000","41008","6132482","0.668702","1.000000000000","0.993312984857","1.000000000000","0.999999220087","0.996656492428","0.998655403904","0.996645275883","0.994643223717","0.993312984857","0.996650884140","0.996650495444","0.000000779913","","","","",""
"ITALIAN_RADIXOR","IT_IT","it-it-default","1.0.0","5e03be31c9761e30dbf24a47a5ced3d6ec949dabd31e92632fdd9f7c67fc2e12","LOWERCASE_GROUPS_ONLY","ANY_CANDIDATE","10007","324285","0","321217","3068","4","327469","10007","","","","","0","52574085988","0.000000","0","6132482","0.000000","","","","","","","","","","","","","","","","",""
"ITALIAN_RADIXOR","IT_IT","it-it-default","1.0.0","5e03be31c9761e30dbf24a47a5ced3d6ec949dabd31e92632fdd9f7c67fc2e12","LOWERCASE_GROUPS_ONLY","ALL_CANDIDATES","10007","324285","0","321217","3068","4","327469","10007","6132482","0","0","52574085988","0","52574085988","0.000000","0","6132482","0.000000","1.000000000000","1.000000000000","1.000000000000","1.000000000000","1.000000000000","1.000000000000","1.000000000000","1.000000000000","1.000000000000","1.000000000000","1.000000000000","0.000000000000","","","","",""
"ITL_RADIXOR","ITL","itl-default","1.0.0","4664dc2087cf79102555fecdf978c6a2b7e830192f4e7c01e4f7642d167e8175","ALL_WORDS","PRIMARY_OUTPUT","1633","3659","551","3659","0","1","3659","1633","6536","0","8","6685767","0","6685767","0.000000","8","6544","0.122249","1.000000000000","0.998777506112","1.000000000000","0.999998804598","0.999388753056","0.999755261870","0.999388379205","0.999021765713","0.998777506112","0.999388566131","0.999387968211","0.000001195402","","","","",""
"ITL_RADIXOR","ITL","itl-default","1.0.0","4664dc2087cf79102555fecdf978c6a2b7e830192f4e7c01e4f7642d167e8175","ALL_WORDS","ANY_CANDIDATE","1633","3659","551","3655","4","2","3663","1633","","","","","0","6685767","0.000000","0","6544","0.000000","","","","","","","","","","","","","","","","",""
"ITL_RADIXOR","ITL","itl-default","1.0.0","4664dc2087cf79102555fecdf978c6a2b7e830192f4e7c01e4f7642d167e8175","ALL_WORDS","ALL_CANDIDATES","1633","3659","551","3655","4","2","3663","1633","6544","0","0","6685767","0","6685767","0.000000","0","6544","0.000000","1.000000000000","1.000000000000","1.000000000000","1.000000000000","1.000000000000","1.000000000000","1.000000000000","1.000000000000","1.000000000000","1.000000000000","1.000000000000","0.000000000000","","","","",""
"ITL_RADIXOR","ITL","itl-default","1.0.0","4664dc2087cf79102555fecdf978c6a2b7e830192f4e7c01e4f7642d167e8175","LOWERCASE_GROUPS_ONLY","PRIMARY_OUTPUT","1633","3659","551","3659","0","1","3659","1633","6536","0","8","6685767","0","6685767","0.000000","8","6544","0.122249","1.000000000000","0.998777506112","1.000000000000","0.999998804598","0.999388753056","0.999755261870","0.999388379205","0.999021765713","0.998777506112","0.999388566131","0.999387968211","0.000001195402","","","","",""
"ITL_RADIXOR","ITL","itl-default","1.0.0","4664dc2087cf79102555fecdf978c6a2b7e830192f4e7c01e4f7642d167e8175","LOWERCASE_GROUPS_ONLY","ANY_CANDIDATE","1633","3659","551","3655","4","2","3663","1633","","","","","0","6685767","0.000000","0","6544","0.000000","","","","","","","","","","","","","","","","",""
"ITL_RADIXOR","ITL","itl-default","1.0.0","4664dc2087cf79102555fecdf978c6a2b7e830192f4e7c01e4f7642d167e8175","LOWERCASE_GROUPS_ONLY","ALL_CANDIDATES","1633","3659","551","3655","4","2","3663","1633","6544","0","0","6685767","0","6685767","0.000000","0","6544","0.000000","1.000000000000","1.000000000000","1.000000000000","1.000000000000","1.000000000000","1.000000000000","1.000000000000","1.000000000000","1.000000000000","1.000000000000","1.000000000000","0.000000000000","","","","",""
"IZH_RADIXOR","IZH","izh-default","1.0.0","294754b0e212cd5045fcced35de8e0016a77cb46732d285e2babef0d1e3c5d84","ALL_WORDS","PRIMARY_OUTPUT","50","1026","0","1026","0","1","1026","50","10058","0","0","515767","0","515767","0.000000","0","10058","0.000000","1.000000000000","1.000000000000","1.000000000000","1.000000000000","1.000000000000","1.000000000000","1.000000000000","1.000000000000","1.000000000000","1.000000000000","1.000000000000","0.000000000000","","","","",""
"IZH_RADIXOR","IZH","izh-default","1.0.0","294754b0e212cd5045fcced35de8e0016a77cb46732d285e2babef0d1e3c5d84","ALL_WORDS","ANY_CANDIDATE","50","1026","0","1026","0","1","1026","50","","","","","0","515767","0.000000","0","10058","0.000000","","","","","","","","","","","","","","","","",""
"IZH_RADIXOR","IZH","izh-default","1.0.0","294754b0e212cd5045fcced35de8e0016a77cb46732d285e2babef0d1e3c5d84","ALL_WORDS","ALL_CANDIDATES","50","1026","0","1026","0","1","1026","50","10058","0","0","515767","0","515767","0.000000","0","10058","0.000000","1.000000000000","1.000000000000","1.000000000000","1.000000000000","1.000000000000","1.000000000000","1.000000000000","1.000000000000","1.000000000000","1.000000000000","1.000000000000","0.000000000000","","","","",""
"IZH_RADIXOR","IZH","izh-default","1.0.0","294754b0e212cd5045fcced35de8e0016a77cb46732d285e2babef0d1e3c5d84","LOWERCASE_GROUPS_ONLY","PRIMARY_OUTPUT","50","1026","0","1026","0","1","1026","50","10058","0","0","515767","0","515767","0.000000","0","10058","0.000000","1.000000000000","1.000000000000","1.000000000000","1.000000000000","1.000000000000","1.000000000000","1.000000000000","1.000000000000","1.000000000000","1.000000000000","1.000000000000","0.000000000000","","","","",""
"IZH_RADIXOR","IZH","izh-default","1.0.0","294754b0e212cd5045fcced35de8e0016a77cb46732d285e2babef0d1e3c5d84","LOWERCASE_GROUPS_ONLY","ANY_CANDIDATE","50","1026","0","1026","0","1","1026","50","","","","","0","515767","0.000000","0","10058","0.000000","","","","","","","","","","","","","","","","",""
"IZH_RADIXOR","IZH","izh-default","1.0.0","294754b0e212cd5045fcced35de8e0016a77cb46732d285e2babef0d1e3c5d84","LOWERCASE_GROUPS_ONLY","ALL_CANDIDATES","50","1026","0","1026","0","1","1026","50","10058","0","0","515767","0","515767","0.000000","0","10058","0.000000","1.000000000000","1.000000000000","1.000000000000","1.000000000000","1.000000000000","1.000000000000","1.000000000000","1.000000000000","1.000000000000","1.000000000000","1.000000000000","0.000000000000","","","","",""
"JA_JP_RADIXOR","JA_JP","ja-jp-default","1.0.0","852e1431af196108ac5c79a46e8aa11caead2931dd0960fc4b653cde08fbc161","ALL_WORDS","PRIMARY_OUTPUT","107","10848","0","10848","0","1","10848","107","654296","0","125550","58054282","0","58054282","0.000000","125550","779846","16.099332","1.000000000000","0.839006675677","1.000000000000","0.997866034489","0.919503337838","0.963041244852","0.912456367640","0.866920353607","0.839006675677","0.915973075847","0.914984223487","0.002133965511","","","","",""
"JA_JP_RADIXOR","JA_JP","ja-jp-default","1.0.0","852e1431af196108ac5c79a46e8aa11caead2931dd0960fc4b653cde08fbc161","ALL_WORDS","ANY_CANDIDATE","107","10848","0","10254","594","3","11592","107","","","","","0","58054282","0.000000","0","779846","0.000000","","","","","","","","","","","","","","","","",""
"JA_JP_RADIXOR","JA_JP","ja-jp-default","1.0.0","852e1431af196108ac5c79a46e8aa11caead2931dd0960fc4b653cde08fbc161","ALL_WORDS","ALL_CANDIDATES","107","10848","0","10254","594","3","11592","107","779846","0","0","58054282","0","58054282","0.000000","0","779846","0.000000","1.000000000000","1.000000000000","1.000000000000","1.000000000000","1.000000000000","1.000000000000","1.000000000000","1.000000000000","1.000000000000","1.000000000000","1.000000000000","0.000000000000","","","","",""
"JA_JP_RADIXOR","JA_JP","ja-jp-default","1.0.0","852e1431af196108ac5c79a46e8aa11caead2931dd0960fc4b653cde08fbc161","LOWERCASE_GROUPS_ONLY","PRIMARY_OUTPUT","107","10848","0","10848","0","1","10848","107","654296","0","125550","58054282","0","58054282","0.000000","125550","779846","16.099332","1.000000000000","0.839006675677","1.000000000000","0.997866034489","0.919503337838","0.963041244852","0.912456367640","0.866920353607","0.839006675677","0.915973075847","0.914984223487","0.002133965511","","","","",""
"JA_JP_RADIXOR","JA_JP","ja-jp-default","1.0.0","852e1431af196108ac5c79a46e8aa11caead2931dd0960fc4b653cde08fbc161","LOWERCASE_GROUPS_ONLY","ANY_CANDIDATE","107","10848","0","10254","594","3","11592","107","","","","","0","58054282","0.000000","0","779846","0.000000","","","","","","","","","","","","","","","","",""
"JA_JP_RADIXOR","JA_JP","ja-jp-default","1.0.0","852e1431af196108ac5c79a46e8aa11caead2931dd0960fc4b653cde08fbc161","LOWERCASE_GROUPS_ONLY","ALL_CANDIDATES","107","10848","0","10254","594","3","11592","107","779846","0","0","58054282","0","58054282","0.000000","0","779846","0.000000","1.000000000000","1.000000000000","1.000000000000","1.000000000000","1.000000000000","1.000000000000","1.000000000000","1.000000000000","1.000000000000","1.000000000000","1.000000000000","0.000000000000","","","","",""
"KBD_RADIXOR","KBD","kbd-default","1.0.0","36208c790afe93152677ba6a4cabb3adfc420b521857ea462d81933e1f38cdb4","ALL_WORDS","PRIMARY_OUTPUT","249","3054","0","3054","0","1","3054","249","17239","0","0","4644692","0","4644692","0.000000","0","17239","0.000000","1.000000000000","1.000000000000","1.000000000000","1.000000000000","1.000000000000","1.000000000000","1.000000000000","1.000000000000","1.000000000000","1.000000000000","1.000000000000","0.000000000000","","","","",""
"KBD_RADIXOR","KBD","kbd-default","1.0.0","36208c790afe93152677ba6a4cabb3adfc420b521857ea462d81933e1f38cdb4","ALL_WORDS","ANY_CANDIDATE","249","3054","0","3054","0","1","3054","249","","","","","0","4644692","0.000000","0","17239","0.000000","","","","","","","","","","","","","","","","",""
"KBD_RADIXOR","KBD","kbd-default","1.0.0","36208c790afe93152677ba6a4cabb3adfc420b521857ea462d81933e1f38cdb4","ALL_WORDS","ALL_CANDIDATES","249","3054","0","3054","0","1","3054","249","17239","0","0","4644692","0","4644692","0.000000","0","17239","0.000000","1.000000000000","1.000000000000","1.000000000000","1.000000000000","1.000000000000","1.000000000000","1.000000000000","1.000000000000","1.000000000000","1.000000000000","1.000000000000","0.000000000000","","","","",""
"KBD_RADIXOR","KBD","kbd-default","1.0.0","36208c790afe93152677ba6a4cabb3adfc420b521857ea462d81933e1f38cdb4","LOWERCASE_GROUPS_ONLY","PRIMARY_OUTPUT","249","3054","0","3054","0","1","3054","249","17239","0","0","4644692","0","4644692","0.000000","0","17239","0.000000","1.000000000000","1.000000000000","1.000000000000","1.000000000000","1.000000000000","1.000000000000","1.000000000000","1.000000000000","1.000000000000","1.000000000000","1.000000000000","0.000000000000","","","","",""
"KBD_RADIXOR","KBD","kbd-default","1.0.0","36208c790afe93152677ba6a4cabb3adfc420b521857ea462d81933e1f38cdb4","LOWERCASE_GROUPS_ONLY","ANY_CANDIDATE","249","3054","0","3054","0","1","3054","249","","","","","0","4644692","0.000000","0","17239","0.000000","","","","","","","","","","","","","","","","",""
"KBD_RADIXOR","KBD","kbd-default","1.0.0","36208c790afe93152677ba6a4cabb3adfc420b521857ea462d81933e1f38cdb4","LOWERCASE_GROUPS_ONLY","ALL_CANDIDATES","249","3054","0","3054","0","1","3054","249","17239","0","0","4644692","0","4644692","0.000000","0","17239","0.000000","1.000000000000","1.000000000000","1.000000000000","1.000000000000","1.000000000000","1.000000000000","1.000000000000","1.000000000000","1.000000000000","1.000000000000","1.000000000000","0.000000000000","","","","",""
"KJH_RADIXOR","KJH","kjh-default","1.0.0","210b01be8a529b3bd8611f82d1050dc9702a41784226c6eab31ceebb77e652e2","ALL_WORDS","PRIMARY_OUTPUT","74","1172","0","1172","0","1","1172","74","8700","0","0","677506","0","677506","0.000000","0","8700","0.000000","1.000000000000","1.000000000000","1.000000000000","1.000000000000","1.000000000000","1.000000000000","1.000000000000","1.000000000000","1.000000000000","1.000000000000","1.000000000000","0.000000000000","","","","",""
"KJH_RADIXOR","KJH","kjh-default","1.0.0","210b01be8a529b3bd8611f82d1050dc9702a41784226c6eab31ceebb77e652e2","ALL_WORDS","ANY_CANDIDATE","74","1172","0","1172","0","1","1172","74","","","","","0","677506","0.000000","0","8700","0.000000","","","","","","","","","","","","","","","","",""
"KJH_RADIXOR","KJH","kjh-default","1.0.0","210b01be8a529b3bd8611f82d1050dc9702a41784226c6eab31ceebb77e652e2","ALL_WORDS","ALL_CANDIDATES","74","1172","0","1172","0","1","1172","74","8700","0","0","677506","0","677506","0.000000","0","8700","0.000000","1.000000000000","1.000000000000","1.000000000000","1.000000000000","1.000000000000","1.000000000000","1.000000000000","1.000000000000","1.000000000000","1.000000000000","1.000000000000","0.000000000000","","","","",""
"KJH_RADIXOR","KJH","kjh-default","1.0.0","210b01be8a529b3bd8611f82d1050dc9702a41784226c6eab31ceebb77e652e2","LOWERCASE_GROUPS_ONLY","PRIMARY_OUTPUT","74","1172","0","1172","0","1","1172","74","8700","0","0","677506","0","677506","0.000000","0","8700","0.000000","1.000000000000","1.000000000000","1.000000000000","1.000000000000","1.000000000000","1.000000000000","1.000000000000","1.000000000000","1.000000000000","1.000000000000","1.000000000000","0.000000000000","","","","",""
"KJH_RADIXOR","KJH","kjh-default","1.0.0","210b01be8a529b3bd8611f82d1050dc9702a41784226c6eab31ceebb77e652e2","LOWERCASE_GROUPS_ONLY","ANY_CANDIDATE","74","1172","0","1172","0","1","1172","74","","","","","0","677506","0.000000","0","8700","0.000000","","","","","","","","","","","","","","","","",""
"KJH_RADIXOR","KJH","kjh-default","1.0.0","210b01be8a529b3bd8611f82d1050dc9702a41784226c6eab31ceebb77e652e2","LOWERCASE_GROUPS_ONLY","ALL_CANDIDATES","74","1172","0","1172","0","1","1172","74","8700","0","0","677506","0","677506","0.000000","0","8700","0.000000","1.000000000000","1.000000000000","1.000000000000","1.000000000000","1.000000000000","1.000000000000","1.000000000000","1.000000000000","1.000000000000","1.000000000000","1.000000000000","0.000000000000","","","","",""
"KK_KZ_RADIXOR","KK_KZ","kk-kz-default","1.0.0","73216ba98bc3e3c240d626fc47f4dc3ff95148ba086c8a9e8d89bd6cfbdc648b","ALL_WORDS","PRIMARY_OUTPUT","1744","35223","0","35223","0","1","35223","1744","509331","0","1948","619800974","0","619800974","0.000000","1948","511279","0.381005","1.000000000000","0.996189947172","1.000000000000","0.999996859646","0.998094973586","0.999235659693","0.998091337533","0.996949633326","0.996189947172","0.998093155558","0.998091587086","0.000003140354","","","","",""
"KK_KZ_RADIXOR","KK_KZ","kk-kz-default","1.0.0","73216ba98bc3e3c240d626fc47f4dc3ff95148ba086c8a9e8d89bd6cfbdc648b","ALL_WORDS","ANY_CANDIDATE","1744","35223","0","35177","46","2","35269","1744","","","","","0","619800974","0.000000","0","511279","0.000000","","","","","","","","","","","","","","","","",""
"KK_KZ_RADIXOR","KK_KZ","kk-kz-default","1.0.0","73216ba98bc3e3c240d626fc47f4dc3ff95148ba086c8a9e8d89bd6cfbdc648b","ALL_WORDS","ALL_CANDIDATES","1744","35223","0","35177","46","2","35269","1744","511279","0","0","619800974","0","619800974","0.000000","0","511279","0.000000","1.000000000000","1.000000000000","1.000000000000","1.000000000000","1.000000000000","1.000000000000","1.000000000000","1.000000000000","1.000000000000","1.000000000000","1.000000000000","0.000000000000","","","","",""
"KK_KZ_RADIXOR","KK_KZ","kk-kz-default","1.0.0","73216ba98bc3e3c240d626fc47f4dc3ff95148ba086c8a9e8d89bd6cfbdc648b","LOWERCASE_GROUPS_ONLY","PRIMARY_OUTPUT","1744","35223","0","35223","0","1","35223","1744","509331","0","1948","619800974","0","619800974","0.000000","1948","511279","0.381005","1.000000000000","0.996189947172","1.000000000000","0.999996859646","0.998094973586","0.999235659693","0.998091337533","0.996949633326","0.996189947172","0.998093155558","0.998091587086","0.000003140354","","","","",""
"KK_KZ_RADIXOR","KK_KZ","kk-kz-default","1.0.0","73216ba98bc3e3c240d626fc47f4dc3ff95148ba086c8a9e8d89bd6cfbdc648b","LOWERCASE_GROUPS_ONLY","ANY_CANDIDATE","1744","35223","0","35177","46","2","35269","1744","","","","","0","619800974","0.000000","0","511279","0.000000","","","","","","","","","","","","","","","","",""
"KK_KZ_RADIXOR","KK_KZ","kk-kz-default","1.0.0","73216ba98bc3e3c240d626fc47f4dc3ff95148ba086c8a9e8d89bd6cfbdc648b","LOWERCASE_GROUPS_ONLY","ALL_CANDIDATES","1744","35223","0","35177","46","2","35269","1744","511279","0","0","619800974","0","619800974","0.000000","0","511279","0.000000","1.000000000000","1.000000000000","1.000000000000","1.000000000000","1.000000000000","1.000000000000","1.000000000000","1.000000000000","1.000000000000","1.000000000000","1.000000000000","0.000000000000","","","","",""
"KLR_RADIXOR","KLR","klr-default","1.0.0","dba18e7da6b469e0e7d3c0a4b49280a88bb1845c8466f1b6db994c9747a2eb2d","ALL_WORDS","PRIMARY_OUTPUT","591","54602","0","54602","0","1","54602","591","2886788","0","362292","1487412821","0","1487412821","0.000000","362292","3249080","11.150603","1.000000000000","0.888493973679","1.000000000000","0.999756958973","0.944246986839","0.975514576954","0.940955053140","0.908760426486","0.888493973679","0.942599582898","0.942484808468","0.000243041027","","","","",""
"KLR_RADIXOR","KLR","klr-default","1.0.0","dba18e7da6b469e0e7d3c0a4b49280a88bb1845c8466f1b6db994c9747a2eb2d","ALL_WORDS","ANY_CANDIDATE","591","54602","0","49819","4783","4","59637","591","","","","","0","1487412821","0.000000","0","3249080","0.000000","","","","","","","","","","","","","","","","",""
"KLR_RADIXOR","KLR","klr-default","1.0.0","dba18e7da6b469e0e7d3c0a4b49280a88bb1845c8466f1b6db994c9747a2eb2d","ALL_WORDS","ALL_CANDIDATES","591","54602","0","49819","4783","4","59637","591","3249080","0","0","1487412821","0","1487412821","0.000000","0","3249080","0.000000","1.000000000000","1.000000000000","1.000000000000","1.000000000000","1.000000000000","1.000000000000","1.000000000000","1.000000000000","1.000000000000","1.000000000000","1.000000000000","0.000000000000","","","","",""
"KLR_RADIXOR","KLR","klr-default","1.0.0","dba18e7da6b469e0e7d3c0a4b49280a88bb1845c8466f1b6db994c9747a2eb2d","LOWERCASE_GROUPS_ONLY","PRIMARY_OUTPUT","591","54602","0","54602","0","1","54602","591","2886788","0","362292","1487412821","0","1487412821","0.000000","362292","3249080","11.150603","1.000000000000","0.888493973679","1.000000000000","0.999756958973","0.944246986839","0.975514576954","0.940955053140","0.908760426486","0.888493973679","0.942599582898","0.942484808468","0.000243041027","","","","",""
"KLR_RADIXOR","KLR","klr-default","1.0.0","dba18e7da6b469e0e7d3c0a4b49280a88bb1845c8466f1b6db994c9747a2eb2d","LOWERCASE_GROUPS_ONLY","ANY_CANDIDATE","591","54602","0","49819","4783","4","59637","591","","","","","0","1487412821","0.000000","0","3249080","0.000000","","","","","","","","","","","","","","","","",""
"KLR_RADIXOR","KLR","klr-default","1.0.0","dba18e7da6b469e0e7d3c0a4b49280a88bb1845c8466f1b6db994c9747a2eb2d","LOWERCASE_GROUPS_ONLY","ALL_CANDIDATES","591","54602","0","49819","4783","4","59637","591","3249080","0","0","1487412821","0","1487412821","0.000000","0","3249080","0.000000","1.000000000000","1.000000000000","1.000000000000","1.000000000000","1.000000000000","1.000000000000","1.000000000000","1.000000000000","1.000000000000","1.000000000000","1.000000000000","0.000000000000","","","","",""
"KL_GL_RADIXOR","KL_GL","kl-gl-default","1.0.0","19212cb272cf695b77a6e90cb5c6394689cf7ea738830cab29b4ea629865d782","ALL_WORDS","PRIMARY_OUTPUT","23","321","0","321","0","1","321","23","2080","0","0","49280","0","49280","0.000000","0","2080","0.000000","1.000000000000","1.000000000000","1.000000000000","1.000000000000","1.000000000000","1.000000000000","1.000000000000","1.000000000000","1.000000000000","1.000000000000","1.000000000000","0.000000000000","","","","",""
"KL_GL_RADIXOR","KL_GL","kl-gl-default","1.0.0","19212cb272cf695b77a6e90cb5c6394689cf7ea738830cab29b4ea629865d782","ALL_WORDS","ANY_CANDIDATE","23","321","0","321","0","1","321","23","","","","","0","49280","0.000000","0","2080","0.000000","","","","","","","","","","","","","","","","",""
"KL_GL_RADIXOR","KL_GL","kl-gl-default","1.0.0","19212cb272cf695b77a6e90cb5c6394689cf7ea738830cab29b4ea629865d782","ALL_WORDS","ALL_CANDIDATES","23","321","0","321","0","1","321","23","2080","0","0","49280","0","49280","0.000000","0","2080","0.000000","1.000000000000","1.000000000000","1.000000000000","1.000000000000","1.000000000000","1.000000000000","1.000000000000","1.000000000000","1.000000000000","1.000000000000","1.000000000000","0.000000000000","","","","",""
"KL_GL_RADIXOR","KL_GL","kl-gl-default","1.0.0","19212cb272cf695b77a6e90cb5c6394689cf7ea738830cab29b4ea629865d782","LOWERCASE_GROUPS_ONLY","PRIMARY_OUTPUT","23","321","0","321","0","1","321","23","2080","0","0","49280","0","49280","0.000000","0","2080","0.000000","1.000000000000","1.000000000000","1.000000000000","1.000000000000","1.000000000000","1.000000000000","1.000000000000","1.000000000000","1.000000000000","1.000000000000","1.000000000000","0.000000000000","","","","",""
"KL_GL_RADIXOR","KL_GL","kl-gl-default","1.0.0","19212cb272cf695b77a6e90cb5c6394689cf7ea738830cab29b4ea629865d782","LOWERCASE_GROUPS_ONLY","ANY_CANDIDATE","23","321","0","321","0","1","321","23","","","","","0","49280","0.000000","0","2080","0.000000","","","","","","","","","","","","","","","","",""
"KL_GL_RADIXOR","KL_GL","kl-gl-default","1.0.0","19212cb272cf695b77a6e90cb5c6394689cf7ea738830cab29b4ea629865d782","LOWERCASE_GROUPS_ONLY","ALL_CANDIDATES","23","321","0","321","0","1","321","23","2080","0","0","49280","0","49280","0.000000","0","2080","0.000000","1.000000000000","1.000000000000","1.000000000000","1.000000000000","1.000000000000","1.000000000000","1.000000000000","1.000000000000","1.000000000000","1.000000000000","1.000000000000","0.000000000000","","","","",""
"KN_IN_RADIXOR","KN_IN","kn-in-default","1.0.0","aba11fd379a9d89366d045dc87dcf1e2a1b3d5b1e1425ada894caf54517be265","ALL_WORDS","PRIMARY_OUTPUT","159","3802","0","3802","0","1","3802","159","86552","0","21992","7117157","0","7117157","0.000000","21992","108544","20.260908","1.000000000000","0.797390919811","1.000000000000","0.996956419868","0.898695459906","0.951639574977","0.887276007709","0.831067275046","0.797390919811","0.892967479705","0.891591034987","0.003043580132","","","","",""
"KN_IN_RADIXOR","KN_IN","kn-in-default","1.0.0","aba11fd379a9d89366d045dc87dcf1e2a1b3d5b1e1425ada894caf54517be265","ALL_WORDS","ANY_CANDIDATE","159","3802","0","3788","14","41","4167","159","","","","","0","7117157","0.000000","0","108544","0.000000","","","","","","","","","","","","","","","","",""
"KN_IN_RADIXOR","KN_IN","kn-in-default","1.0.0","aba11fd379a9d89366d045dc87dcf1e2a1b3d5b1e1425ada894caf54517be265","ALL_WORDS","ALL_CANDIDATES","159","3802","0","3788","14","41","4167","159","108544","0","0","7117157","0","7117157","0.000000","0","108544","0.000000","1.000000000000","1.000000000000","1.000000000000","1.000000000000","1.000000000000","1.000000000000","1.000000000000","1.000000000000","1.000000000000","1.000000000000","1.000000000000","0.000000000000","","","","",""
"KN_IN_RADIXOR","KN_IN","kn-in-default","1.0.0","aba11fd379a9d89366d045dc87dcf1e2a1b3d5b1e1425ada894caf54517be265","LOWERCASE_GROUPS_ONLY","PRIMARY_OUTPUT","159","3802","0","3802","0","1","3802","159","86552","0","21992","7117157","0","7117157","0.000000","21992","108544","20.260908","1.000000000000","0.797390919811","1.000000000000","0.996956419868","0.898695459906","0.951639574977","0.887276007709","0.831067275046","0.797390919811","0.892967479705","0.891591034987","0.003043580132","","","","",""
"KN_IN_RADIXOR","KN_IN","kn-in-default","1.0.0","aba11fd379a9d89366d045dc87dcf1e2a1b3d5b1e1425ada894caf54517be265","LOWERCASE_GROUPS_ONLY","ANY_CANDIDATE","159","3802","0","3788","14","41","4167","159","","","","","0","7117157","0.000000","0","108544","0.000000","","","","","","","","","","","","","","","","",""
"KN_IN_RADIXOR","KN_IN","kn-in-default","1.0.0","aba11fd379a9d89366d045dc87dcf1e2a1b3d5b1e1425ada894caf54517be265","LOWERCASE_GROUPS_ONLY","ALL_CANDIDATES","159","3802","0","3788","14","41","4167","159","108544","0","0","7117157","0","7117157","0.000000","0","108544","0.000000","1.000000000000","1.000000000000","1.000000000000","1.000000000000","1.000000000000","1.000000000000","1.000000000000","1.000000000000","1.000000000000","1.000000000000","1.000000000000","0.000000000000","","","","",""
"KOD_RADIXOR","KOD","kod-default","1.0.0","38c0562b78e339601d44d91cb4cb510039495710fe162d4797df2b973dcc0196","ALL_WORDS","PRIMARY_OUTPUT","65","524","0","524","0","1","524","65","1876","0","0","135150","0","135150","0.000000","0","1876","0.000000","1.000000000000","1.000000000000","1.000000000000","1.000000000000","1.000000000000","1.000000000000","1.000000000000","1.000000000000","1.000000000000","1.000000000000","1.000000000000","0.000000000000","","","","",""
"KOD_RADIXOR","KOD","kod-default","1.0.0","38c0562b78e339601d44d91cb4cb510039495710fe162d4797df2b973dcc0196","ALL_WORDS","ANY_CANDIDATE","65","524","0","524","0","1","524","65","","","","","0","135150","0.000000","0","1876","0.000000","","","","","","","","","","","","","","","","",""
"KOD_RADIXOR","KOD","kod-default","1.0.0","38c0562b78e339601d44d91cb4cb510039495710fe162d4797df2b973dcc0196","ALL_WORDS","ALL_CANDIDATES","65","524","0","524","0","1","524","65","1876","0","0","135150","0","135150","0.000000","0","1876","0.000000","1.000000000000","1.000000000000","1.000000000000","1.000000000000","1.000000000000","1.000000000000","1.000000000000","1.000000000000","1.000000000000","1.000000000000","1.000000000000","0.000000000000","","","","",""
"KOD_RADIXOR","KOD","kod-default","1.0.0","38c0562b78e339601d44d91cb4cb510039495710fe162d4797df2b973dcc0196","LOWERCASE_GROUPS_ONLY","PRIMARY_OUTPUT","65","524","0","524","0","1","524","65","1876","0","0","135150","0","135150","0.000000","0","1876","0.000000","1.000000000000","1.000000000000","1.000000000000","1.000000000000","1.000000000000","1.000000000000","1.000000000000","1.000000000000","1.000000000000","1.000000000000","1.000000000000","0.000000000000","","","","",""
"KOD_RADIXOR","KOD","kod-default","1.0.0","38c0562b78e339601d44d91cb4cb510039495710fe162d4797df2b973dcc0196","LOWERCASE_GROUPS_ONLY","ANY_CANDIDATE","65","524","0","524","0","1","524","65","","","","","0","135150","0.000000","0","1876","0.000000","","","","","","","","","","","","","","","","",""
"KOD_RADIXOR","KOD","kod-default","1.0.0","38c0562b78e339601d44d91cb4cb510039495710fe162d4797df2b973dcc0196","LOWERCASE_GROUPS_ONLY","ALL_CANDIDATES","65","524","0","524","0","1","524","65","1876","0","0","135150","0","135150","0.000000","0","1876","0.000000","1.000000000000","1.000000000000","1.000000000000","1.000000000000","1.000000000000","1.000000000000","1.000000000000","1.000000000000","1.000000000000","1.000000000000","1.000000000000","0.000000000000","","","","",""
"KON_RADIXOR","KON","kon-default","1.0.0","08f082c093e50f6cc95c9e80fe08a0b2f6e249894159eb1a503d557b4eadc645","ALL_WORDS","PRIMARY_OUTPUT","186","557","0","557","0","1","557","186","556","0","2","154288","0","154288","0.000000","2","558","0.358423","1.000000000000","0.996415770609","1.000000000000","0.999987083941","0.998207885305","0.999281092739","0.998204667864","0.997130559541","0.996415770609","0.998206276583","0.998199806886","0.000012916059","","","","",""
"KON_RADIXOR","KON","kon-default","1.0.0","08f082c093e50f6cc95c9e80fe08a0b2f6e249894159eb1a503d557b4eadc645","ALL_WORDS","ANY_CANDIDATE","186","557","0","556","1","2","558","186","","","","","0","154288","0.000000","0","558","0.000000","","","","","","","","","","","","","","","","",""
"KON_RADIXOR","KON","kon-default","1.0.0","08f082c093e50f6cc95c9e80fe08a0b2f6e249894159eb1a503d557b4eadc645","ALL_WORDS","ALL_CANDIDATES","186","557","0","556","1","2","558","186","558","0","0","154288","0","154288","0.000000","0","558","0.000000","1.000000000000","1.000000000000","1.000000000000","1.000000000000","1.000000000000","1.000000000000","1.000000000000","1.000000000000","1.000000000000","1.000000000000","1.000000000000","0.000000000000","","","","",""
"KON_RADIXOR","KON","kon-default","1.0.0","08f082c093e50f6cc95c9e80fe08a0b2f6e249894159eb1a503d557b4eadc645","LOWERCASE_GROUPS_ONLY","PRIMARY_OUTPUT","186","557","0","557","0","1","557","186","556","0","2","154288","0","154288","0.000000","2","558","0.358423","1.000000000000","0.996415770609","1.000000000000","0.999987083941","0.998207885305","0.999281092739","0.998204667864","0.997130559541","0.996415770609","0.998206276583","0.998199806886","0.000012916059","","","","",""
"KON_RADIXOR","KON","kon-default","1.0.0","08f082c093e50f6cc95c9e80fe08a0b2f6e249894159eb1a503d557b4eadc645","LOWERCASE_GROUPS_ONLY","ANY_CANDIDATE","186","557","0","556","1","2","558","186","","","","","0","154288","0.000000","0","558","0.000000","","","","","","","","","","","","","","","","",""
"KON_RADIXOR","KON","kon-default","1.0.0","08f082c093e50f6cc95c9e80fe08a0b2f6e249894159eb1a503d557b4eadc645","LOWERCASE_GROUPS_ONLY","ALL_CANDIDATES","186","557","0","556","1","2","558","186","558","0","0","154288","0","154288","0.000000","0","558","0.000000","1.000000000000","1.000000000000","1.000000000000","1.000000000000","1.000000000000","1.000000000000","1.000000000000","1.000000000000","1.000000000000","1.000000000000","1.000000000000","0.000000000000","","","","",""
"KRL_RADIXOR","KRL","krl-default","1.0.0","8f99c9c57ba8bb642be3c033a973d37e6b1064be186f0b9c1f43a900ad1a1706","ALL_WORDS","PRIMARY_OUTPUT","20","566","0","566","0","1","566","20","7728","0","0","152167","0","152167","0.000000","0","7728","0.000000","1.000000000000","1.000000000000","1.000000000000","1.000000000000","1.000000000000","1.000000000000","1.000000000000","1.000000000000","1.000000000000","1.000000000000","1.000000000000","0.000000000000","","","","",""
"KRL_RADIXOR","KRL","krl-default","1.0.0","8f99c9c57ba8bb642be3c033a973d37e6b1064be186f0b9c1f43a900ad1a1706","ALL_WORDS","ANY_CANDIDATE","20","566","0","566","0","1","566","20","","","","","0","152167","0.000000","0","7728","0.000000","","","","","","","","","","","","","","","","",""
"KRL_RADIXOR","KRL","krl-default","1.0.0","8f99c9c57ba8bb642be3c033a973d37e6b1064be186f0b9c1f43a900ad1a1706","ALL_WORDS","ALL_CANDIDATES","20","566","0","566","0","1","566","20","7728","0","0","152167","0","152167","0.000000","0","7728","0.000000","1.000000000000","1.000000000000","1.000000000000","1.000000000000","1.000000000000","1.000000000000","1.000000000000","1.000000000000","1.000000000000","1.000000000000","1.000000000000","0.000000000000","","","","",""
"KRL_RADIXOR","KRL","krl-default","1.0.0","8f99c9c57ba8bb642be3c033a973d37e6b1064be186f0b9c1f43a900ad1a1706","LOWERCASE_GROUPS_ONLY","PRIMARY_OUTPUT","20","566","0","566","0","1","566","20","7728","0","0","152167","0","152167","0.000000","0","7728","0.000000","1.000000000000","1.000000000000","1.000000000000","1.000000000000","1.000000000000","1.000000000000","1.000000000000","1.000000000000","1.000000000000","1.000000000000","1.000000000000","0.000000000000","","","","",""
"KRL_RADIXOR","KRL","krl-default","1.0.0","8f99c9c57ba8bb642be3c033a973d37e6b1064be186f0b9c1f43a900ad1a1706","LOWERCASE_GROUPS_ONLY","ANY_CANDIDATE","20","566","0","566","0","1","566","20","","","","","0","152167","0.000000","0","7728","0.000000","","","","","","","","","","","","","","","","",""
"KRL_RADIXOR","KRL","krl-default","1.0.0","8f99c9c57ba8bb642be3c033a973d37e6b1064be186f0b9c1f43a900ad1a1706","LOWERCASE_GROUPS_ONLY","ALL_CANDIDATES","20","566","0","566","0","1","566","20","7728","0","0","152167","0","152167","0.000000","0","7728","0.000000","1.000000000000","1.000000000000","1.000000000000","1.000000000000","1.000000000000","1.000000000000","1.000000000000","1.000000000000","1.000000000000","1.000000000000","1.000000000000","0.000000000000","","","","",""
"KY_KG_RADIXOR","KY_KG","ky-kg-default","1.0.0","3b7d57494e647317afd9075559f7727c38d9d98041f968e6f0237c649b63ebed","ALL_WORDS","PRIMARY_OUTPUT","72","2997","0","2997","0","1","2997","72","60896","0","0","4428610","0","4428610","0.000000","0","60896","0.000000","1.000000000000","1.000000000000","1.000000000000","1.000000000000","1.000000000000","1.000000000000","1.000000000000","1.000000000000","1.000000000000","1.000000000000","1.000000000000","0.000000000000","","","","",""
"KY_KG_RADIXOR","KY_KG","ky-kg-default","1.0.0","3b7d57494e647317afd9075559f7727c38d9d98041f968e6f0237c649b63ebed","ALL_WORDS","ANY_CANDIDATE","72","2997","0","2997","0","1","2997","72","","","","","0","4428610","0.000000","0","60896","0.000000","","","","","","","","","","","","","","","","",""
"KY_KG_RADIXOR","KY_KG","ky-kg-default","1.0.0","3b7d57494e647317afd9075559f7727c38d9d98041f968e6f0237c649b63ebed","ALL_WORDS","ALL_CANDIDATES","72","2997","0","2997","0","1","2997","72","60896","0","0","4428610","0","4428610","0.000000","0","60896","0.000000","1.000000000000","1.000000000000","1.000000000000","1.000000000000","1.000000000000","1.000000000000","1.000000000000","1.000000000000","1.000000000000","1.000000000000","1.000000000000","0.000000000000","","","","",""
"KY_KG_RADIXOR","KY_KG","ky-kg-default","1.0.0","3b7d57494e647317afd9075559f7727c38d9d98041f968e6f0237c649b63ebed","LOWERCASE_GROUPS_ONLY","PRIMARY_OUTPUT","72","2997","0","2997","0","1","2997","72","60896","0","0","4428610","0","4428610","0.000000","0","60896","0.000000","1.000000000000","1.000000000000","1.000000000000","1.000000000000","1.000000000000","1.000000000000","1.000000000000","1.000000000000","1.000000000000","1.000000000000","1.000000000000","0.000000000000","","","","",""
"KY_KG_RADIXOR","KY_KG","ky-kg-default","1.0.0","3b7d57494e647317afd9075559f7727c38d9d98041f968e6f0237c649b63ebed","LOWERCASE_GROUPS_ONLY","ANY_CANDIDATE","72","2997","0","2997","0","1","2997","72","","","","","0","4428610","0.000000","0","60896","0.000000","","","","","","","","","","","","","","","","",""
"KY_KG_RADIXOR","KY_KG","ky-kg-default","1.0.0","3b7d57494e647317afd9075559f7727c38d9d98041f968e6f0237c649b63ebed","LOWERCASE_GROUPS_ONLY","ALL_CANDIDATES","72","2997","0","2997","0","1","2997","72","60896","0","0","4428610","0","4428610","0.000000","0","60896","0.000000","1.000000000000","1.000000000000","1.000000000000","1.000000000000","1.000000000000","1.000000000000","1.000000000000","1.000000000000","1.000000000000","1.000000000000","1.000000000000","0.000000000000","","","","",""
"LA_RADIXOR","LA","la-default","1.0.0","1ecc8889f0cf91f5005f8c1434dd2d12b03c34ec11f16336896544ef676709d1","ALL_WORDS","PRIMARY_OUTPUT","46170","486375","0","486375","0","1","486375","46128","3409798","0","265363","118276401964","0","118276401964","0.000000","265363","3675161","7.220446","1.000000000000","0.927795544195","1.000000000000","0.999997756486","0.963897772098","0.984673813685","0.962545584244","0.941390055527","0.927795544195","0.963221440893","0.963220360360","0.000002243514","","","","",""
"LA_RADIXOR","LA","la-default","1.0.0","1ecc8889f0cf91f5005f8c1434dd2d12b03c34ec11f16336896544ef676709d1","ALL_WORDS","ANY_CANDIDATE","46170","486375","0","472595","13780","5","500731","46170","","","","","0","118276401964","0.000000","0","3675161","0.000000","","","","","","","","","","","","","","","","",""
"LA_RADIXOR","LA","la-default","1.0.0","1ecc8889f0cf91f5005f8c1434dd2d12b03c34ec11f16336896544ef676709d1","ALL_WORDS","ALL_CANDIDATES","46170","486375","0","472595","13780","5","500731","46170","3675161","0","0","118276401964","0","118276401964","0.000000","0","3675161","0.000000","1.000000000000","1.000000000000","1.000000000000","1.000000000000","1.000000000000","1.000000000000","1.000000000000","1.000000000000","1.000000000000","1.000000000000","1.000000000000","0.000000000000","","","","",""
"LA_RADIXOR","LA","la-default","1.0.0","1ecc8889f0cf91f5005f8c1434dd2d12b03c34ec11f16336896544ef676709d1","LOWERCASE_GROUPS_ONLY","PRIMARY_OUTPUT","46170","486375","0","486375","0","1","486375","46128","3409798","0","265363","118276401964","0","118276401964","0.000000","265363","3675161","7.220446","1.000000000000","0.927795544195","1.000000000000","0.999997756486","0.963897772098","0.984673813685","0.962545584244","0.941390055527","0.927795544195","0.963221440893","0.963220360360","0.000002243514","","","","",""
"LA_RADIXOR","LA","la-default","1.0.0","1ecc8889f0cf91f5005f8c1434dd2d12b03c34ec11f16336896544ef676709d1","LOWERCASE_GROUPS_ONLY","ANY_CANDIDATE","46170","486375","0","472595","13780","5","500731","46170","","","","","0","118276401964","0.000000","0","3675161","0.000000","","","","","","","","","","","","","","","","",""
"LA_RADIXOR","LA","la-default","1.0.0","1ecc8889f0cf91f5005f8c1434dd2d12b03c34ec11f16336896544ef676709d1","LOWERCASE_GROUPS_ONLY","ALL_CANDIDATES","46170","486375","0","472595","13780","5","500731","46170","3675161","0","0","118276401964","0","118276401964","0.000000","0","3675161","0.000000","1.000000000000","1.000000000000","1.000000000000","1.000000000000","1.000000000000","1.000000000000","1.000000000000","1.000000000000","1.000000000000","1.000000000000","1.000000000000","0.000000000000","","","","",""
"LG_UG_RADIXOR","LG_UG","lg-ug-default","1.0.0","bdf75bc28bc51c41d1b2d4eab15988a165824a0859b737c9eb25e5f03016108f","ALL_WORDS","PRIMARY_OUTPUT","87","4673","0","4673","0","1","4673","87","124446","0","1479","10790203","0","10790203","0.000000","1479","125925","1.174509","1.000000000000","0.988254913639","1.000000000000","0.999864512399","0.994127456820","0.997628701847","0.994092766335","0.990581807414","0.988254913639","0.994110111426","0.994041987697","0.000135487601","","","","",""
"LG_UG_RADIXOR","LG_UG","lg-ug-default","1.0.0","bdf75bc28bc51c41d1b2d4eab15988a165824a0859b737c9eb25e5f03016108f","ALL_WORDS","ANY_CANDIDATE","87","4673","0","4600","73","2","4746","87","","","","","0","10790203","0.000000","0","125925","0.000000","","","","","","","","","","","","","","","","",""
"LG_UG_RADIXOR","LG_UG","lg-ug-default","1.0.0","bdf75bc28bc51c41d1b2d4eab15988a165824a0859b737c9eb25e5f03016108f","ALL_WORDS","ALL_CANDIDATES","87","4673","0","4600","73","2","4746","87","125925","0","0","10790203","0","10790203","0.000000","0","125925","0.000000","1.000000000000","1.000000000000","1.000000000000","1.000000000000","1.000000000000","1.000000000000","1.000000000000","1.000000000000","1.000000000000","1.000000000000","1.000000000000","0.000000000000","","","","",""
"LG_UG_RADIXOR","LG_UG","lg-ug-default","1.0.0","bdf75bc28bc51c41d1b2d4eab15988a165824a0859b737c9eb25e5f03016108f","LOWERCASE_GROUPS_ONLY","PRIMARY_OUTPUT","87","4673","0","4673","0","1","4673","87","124446","0","1479","10790203","0","10790203","0.000000","1479","125925","1.174509","1.000000000000","0.988254913639","1.000000000000","0.999864512399","0.994127456820","0.997628701847","0.994092766335","0.990581807414","0.988254913639","0.994110111426","0.994041987697","0.000135487601","","","","",""
"LG_UG_RADIXOR","LG_UG","lg-ug-default","1.0.0","bdf75bc28bc51c41d1b2d4eab15988a165824a0859b737c9eb25e5f03016108f","LOWERCASE_GROUPS_ONLY","ANY_CANDIDATE","87","4673","0","4600","73","2","4746","87","","","","","0","10790203","0.000000","0","125925","0.000000","","","","","","","","","","","","","","","","",""
"LG_UG_RADIXOR","LG_UG","lg-ug-default","1.0.0","bdf75bc28bc51c41d1b2d4eab15988a165824a0859b737c9eb25e5f03016108f","LOWERCASE_GROUPS_ONLY","ALL_CANDIDATES","87","4673","0","4600","73","2","4746","87","125925","0","0","10790203","0","10790203","0.000000","0","125925","0.000000","1.000000000000","1.000000000000","1.000000000000","1.000000000000","1.000000000000","1.000000000000","1.000000000000","1.000000000000","1.000000000000","1.000000000000","1.000000000000","0.000000000000","","","","",""
"LIN_RADIXOR","LIN","lin-default","1.0.0","d784b140022b3cdff26dcb83d1ff9132eb4db12a6f6b5bb5e1d0bae53f956909","ALL_WORDS","PRIMARY_OUTPUT","57","230","0","230","0","1","230","57","350","0","0","25985","0","25985","0.000000","0","350","0.000000","1.000000000000","1.000000000000","1.000000000000","1.000000000000","1.000000000000","1.000000000000","1.000000000000","1.000000000000","1.000000000000","1.000000000000","1.000000000000","0.000000000000","","","","",""
"LIN_RADIXOR","LIN","lin-default","1.0.0","d784b140022b3cdff26dcb83d1ff9132eb4db12a6f6b5bb5e1d0bae53f956909","ALL_WORDS","ANY_CANDIDATE","57","230","0","230","0","1","230","57","","","","","0","25985","0.000000","0","350","0.000000","","","","","","","","","","","","","","","","",""
"LIN_RADIXOR","LIN","lin-default","1.0.0","d784b140022b3cdff26dcb83d1ff9132eb4db12a6f6b5bb5e1d0bae53f956909","ALL_WORDS","ALL_CANDIDATES","57","230","0","230","0","1","230","57","350","0","0","25985","0","25985","0.000000","0","350","0.000000","1.000000000000","1.000000000000","1.000000000000","1.000000000000","1.000000000000","1.000000000000","1.000000000000","1.000000000000","1.000000000000","1.000000000000","1.000000000000","0.000000000000","","","","",""
"LIN_RADIXOR","LIN","lin-default","1.0.0","d784b140022b3cdff26dcb83d1ff9132eb4db12a6f6b5bb5e1d0bae53f956909","LOWERCASE_GROUPS_ONLY","PRIMARY_OUTPUT","57","230","0","230","0","1","230","57","350","0","0","25985","0","25985","0.000000","0","350","0.000000","1.000000000000","1.000000000000","1.000000000000","1.000000000000","1.000000000000","1.000000000000","1.000000000000","1.000000000000","1.000000000000","1.000000000000","1.000000000000","0.000000000000","","","","",""
"LIN_RADIXOR","LIN","lin-default","1.0.0","d784b140022b3cdff26dcb83d1ff9132eb4db12a6f6b5bb5e1d0bae53f956909","LOWERCASE_GROUPS_ONLY","ANY_CANDIDATE","57","230","0","230","0","1","230","57","","","","","0","25985","0.000000","0","350","0.000000","","","","","","","","","","","","","","","","",""
"LIN_RADIXOR","LIN","lin-default","1.0.0","d784b140022b3cdff26dcb83d1ff9132eb4db12a6f6b5bb5e1d0bae53f956909","LOWERCASE_GROUPS_ONLY","ALL_CANDIDATES","57","230","0","230","0","1","230","57","350","0","0","25985","0","25985","0.000000","0","350","0.000000","1.000000000000","1.000000000000","1.000000000000","1.000000000000","1.000000000000","1.000000000000","1.000000000000","1.000000000000","1.000000000000","1.000000000000","1.000000000000","0.000000000000","","","","",""
"LIV_RADIXOR","LIV","liv-default","1.0.0","3f8f654cbcd4b2ada1db6be64c7eeed8d8ea4c09a961de34fe907a1d01e22a7f","ALL_WORDS","PRIMARY_OUTPUT","201","2861","0","2861","0","1","2861","201","20152","0","102","4070976","0","4070976","0.000000","102","20254","0.503604","1.000000000000","0.994963957737","1.000000000000","0.999975068622","0.997481978868","0.998988717257","0.997475622432","0.995967104223","0.994963957737","0.997478800645","0.997466304757","0.000024931378","","","","",""
"LIV_RADIXOR","LIV","liv-default","1.0.0","3f8f654cbcd4b2ada1db6be64c7eeed8d8ea4c09a961de34fe907a1d01e22a7f","ALL_WORDS","ANY_CANDIDATE","201","2861","0","2844","17","2","2878","201","","","","","0","4070976","0.000000","0","20254","0.000000","","","","","","","","","","","","","","","","",""
"LIV_RADIXOR","LIV","liv-default","1.0.0","3f8f654cbcd4b2ada1db6be64c7eeed8d8ea4c09a961de34fe907a1d01e22a7f","ALL_WORDS","ALL_CANDIDATES","201","2861","0","2844","17","2","2878","201","20254","0","0","4070976","0","4070976","0.000000","0","20254","0.000000","1.000000000000","1.000000000000","1.000000000000","1.000000000000","1.000000000000","1.000000000000","1.000000000000","1.000000000000","1.000000000000","1.000000000000","1.000000000000","0.000000000000","","","","",""
"LIV_RADIXOR","LIV","liv-default","1.0.0","3f8f654cbcd4b2ada1db6be64c7eeed8d8ea4c09a961de34fe907a1d01e22a7f","LOWERCASE_GROUPS_ONLY","PRIMARY_OUTPUT","201","2861","0","2861","0","1","2861","201","20152","0","102","4070976","0","4070976","0.000000","102","20254","0.503604","1.000000000000","0.994963957737","1.000000000000","0.999975068622","0.997481978868","0.998988717257","0.997475622432","0.995967104223","0.994963957737","0.997478800645","0.997466304757","0.000024931378","","","","",""
"LIV_RADIXOR","LIV","liv-default","1.0.0","3f8f654cbcd4b2ada1db6be64c7eeed8d8ea4c09a961de34fe907a1d01e22a7f","LOWERCASE_GROUPS_ONLY","ANY_CANDIDATE","201","2861","0","2844","17","2","2878","201","","","","","0","4070976","0.000000","0","20254","0.000000","","","","","","","","","","","","","","","","",""
"LIV_RADIXOR","LIV","liv-default","1.0.0","3f8f654cbcd4b2ada1db6be64c7eeed8d8ea4c09a961de34fe907a1d01e22a7f","LOWERCASE_GROUPS_ONLY","ALL_CANDIDATES","201","2861","0","2844","17","2","2878","201","20254","0","0","4070976","0","4070976","0.000000","0","20254","0.000000","1.000000000000","1.000000000000","1.000000000000","1.000000000000","1.000000000000","1.000000000000","1.000000000000","1.000000000000","1.000000000000","1.000000000000","1.000000000000","0.000000000000","","","","",""
"LLD_RADIXOR","LLD","lld-default","1.0.0","014be5ac5327c64f68287595d371735da93a3f36d3ae22e8209b3db4f8331ab1","ALL_WORDS","PRIMARY_OUTPUT","180","4819","0","4819","0","1","4819","180","63034","0","273","11545664","0","11545664","0.000000","273","63307","0.431232","1.000000000000","0.995687680667","1.000000000000","0.999976483704","0.997843840334","0.999134550458","0.997839181263","0.996547166590","0.995687680667","0.997841510796","0.997829713904","0.000023516296","","","","",""
"LLD_RADIXOR","LLD","lld-default","1.0.0","014be5ac5327c64f68287595d371735da93a3f36d3ae22e8209b3db4f8331ab1","ALL_WORDS","ANY_CANDIDATE","180","4819","0","4784","35","2","4854","180","","","","","0","11545664","0.000000","0","63307","0.000000","","","","","","","","","","","","","","","","",""
"LLD_RADIXOR","LLD","lld-default","1.0.0","014be5ac5327c64f68287595d371735da93a3f36d3ae22e8209b3db4f8331ab1","ALL_WORDS","ALL_CANDIDATES","180","4819","0","4784","35","2","4854","180","63307","0","0","11545664","0","11545664","0.000000","0","63307","0.000000","1.000000000000","1.000000000000","1.000000000000","1.000000000000","1.000000000000","1.000000000000","1.000000000000","1.000000000000","1.000000000000","1.000000000000","1.000000000000","0.000000000000","","","","",""
"LLD_RADIXOR","LLD","lld-default","1.0.0","014be5ac5327c64f68287595d371735da93a3f36d3ae22e8209b3db4f8331ab1","LOWERCASE_GROUPS_ONLY","PRIMARY_OUTPUT","180","4819","0","4819","0","1","4819","180","63034","0","273","11545664","0","11545664","0.000000","273","63307","0.431232","1.000000000000","0.995687680667","1.000000000000","0.999976483704","0.997843840334","0.999134550458","0.997839181263","0.996547166590","0.995687680667","0.997841510796","0.997829713904","0.000023516296","","","","",""
"LLD_RADIXOR","LLD","lld-default","1.0.0","014be5ac5327c64f68287595d371735da93a3f36d3ae22e8209b3db4f8331ab1","LOWERCASE_GROUPS_ONLY","ANY_CANDIDATE","180","4819","0","4784","35","2","4854","180","","","","","0","11545664","0.000000","0","63307","0.000000","","","","","","","","","","","","","","","","",""
"LLD_RADIXOR","LLD","lld-default","1.0.0","014be5ac5327c64f68287595d371735da93a3f36d3ae22e8209b3db4f8331ab1","LOWERCASE_GROUPS_ONLY","ALL_CANDIDATES","180","4819","0","4784","35","2","4854","180","63307","0","0","11545664","0","11545664","0.000000","0","63307","0.000000","1.000000000000","1.000000000000","1.000000000000","1.000000000000","1.000000000000","1.000000000000","1.000000000000","1.000000000000","1.000000000000","1.000000000000","1.000000000000","0.000000000000","","","","",""
"LT_LT_RADIXOR","LT_LT","lt-lt-default","1.0.0","c7b8536235bc7de9d101393ec41a829a4b750b4c45d3ab7324d8ef974c277d30","ALL_WORDS","PRIMARY_OUTPUT","1391","28889","0","28889","0","1","28889","1391","457532","0","1347","416813837","0","416813837","0.000000","1347","458879","0.293541","1.000000000000","0.997064585653","1.000000000000","0.999996771895","0.998532292827","0.999411535220","0.998530135496","0.997650289048","0.997064585653","0.998531214161","0.998529600709","0.000003228105","","","","",""
"LT_LT_RADIXOR","LT_LT","lt-lt-default","1.0.0","c7b8536235bc7de9d101393ec41a829a4b750b4c45d3ab7324d8ef974c277d30","ALL_WORDS","ANY_CANDIDATE","1391","28889","0","28780","109","2","28998","1391","","","","","0","416813837","0.000000","0","458879","0.000000","","","","","","","","","","","","","","","","",""
"LT_LT_RADIXOR","LT_LT","lt-lt-default","1.0.0","c7b8536235bc7de9d101393ec41a829a4b750b4c45d3ab7324d8ef974c277d30","ALL_WORDS","ALL_CANDIDATES","1391","28889","0","28780","109","2","28998","1391","458879","0","0","416813837","0","416813837","0.000000","0","458879","0.000000","1.000000000000","1.000000000000","1.000000000000","1.000000000000","1.000000000000","1.000000000000","1.000000000000","1.000000000000","1.000000000000","1.000000000000","1.000000000000","0.000000000000","","","","",""
"LT_LT_RADIXOR","LT_LT","lt-lt-default","1.0.0","c7b8536235bc7de9d101393ec41a829a4b750b4c45d3ab7324d8ef974c277d30","LOWERCASE_GROUPS_ONLY","PRIMARY_OUTPUT","1391","28889","0","28889","0","1","28889","1391","457532","0","1347","416813837","0","416813837","0.000000","1347","458879","0.293541","1.000000000000","0.997064585653","1.000000000000","0.999996771895","0.998532292827","0.999411535220","0.998530135496","0.997650289048","0.997064585653","0.998531214161","0.998529600709","0.000003228105","","","","",""
"LT_LT_RADIXOR","LT_LT","lt-lt-default","1.0.0","c7b8536235bc7de9d101393ec41a829a4b750b4c45d3ab7324d8ef974c277d30","LOWERCASE_GROUPS_ONLY","ANY_CANDIDATE","1391","28889","0","28780","109","2","28998","1391","","","","","0","416813837","0.000000","0","458879","0.000000","","","","","","","","","","","","","","","","",""
"LT_LT_RADIXOR","LT_LT","lt-lt-default","1.0.0","c7b8536235bc7de9d101393ec41a829a4b750b4c45d3ab7324d8ef974c277d30","LOWERCASE_GROUPS_ONLY","ALL_CANDIDATES","1391","28889","0","28780","109","2","28998","1391","458879","0","0","416813837","0","416813837","0.000000","0","458879","0.000000","1.000000000000","1.000000000000","1.000000000000","1.000000000000","1.000000000000","1.000000000000","1.000000000000","1.000000000000","1.000000000000","1.000000000000","1.000000000000","0.000000000000","","","","",""
"LV_LV_RADIXOR","LV_LV","lv-lv-default","1.0.0","6ad88bdd8283f4fbc98093a5dfc08fe69b4f9baf9bb0f8cf156edeaa114216f3","ALL_WORDS","PRIMARY_OUTPUT","7238","75492","0","75492","0","1","75492","7238","438348","0","58480","2848986458","0","2848986458","0.000000","58480","496828","11.770673","1.000000000000","0.882293268495","1.000000000000","0.999979476981","0.941146634248","0.974011429994","0.937466316501","0.903564390723","0.882293268495","0.939304672881","0.939295032664","0.000020523019","","","","",""
"LV_LV_RADIXOR","LV_LV","lv-lv-default","1.0.0","6ad88bdd8283f4fbc98093a5dfc08fe69b4f9baf9bb0f8cf156edeaa114216f3","ALL_WORDS","ANY_CANDIDATE","7238","75492","0","70802","4690","4","80227","7238","","","","","0","2848986458","0.000000","0","496828","0.000000","","","","","","","","","","","","","","","","",""
"LV_LV_RADIXOR","LV_LV","lv-lv-default","1.0.0","6ad88bdd8283f4fbc98093a5dfc08fe69b4f9baf9bb0f8cf156edeaa114216f3","ALL_WORDS","ALL_CANDIDATES","7238","75492","0","70802","4690","4","80227","7238","496828","0","0","2848986458","0","2848986458","0.000000","0","496828","0.000000","1.000000000000","1.000000000000","1.000000000000","1.000000000000","1.000000000000","1.000000000000","1.000000000000","1.000000000000","1.000000000000","1.000000000000","1.000000000000","0.000000000000","","","","",""
"LV_LV_RADIXOR","LV_LV","lv-lv-default","1.0.0","6ad88bdd8283f4fbc98093a5dfc08fe69b4f9baf9bb0f8cf156edeaa114216f3","LOWERCASE_GROUPS_ONLY","PRIMARY_OUTPUT","7238","75492","0","75492","0","1","75492","7238","438348","0","58480","2848986458","0","2848986458","0.000000","58480","496828","11.770673","1.000000000000","0.882293268495","1.000000000000","0.999979476981","0.941146634248","0.974011429994","0.937466316501","0.903564390723","0.882293268495","0.939304672881","0.939295032664","0.000020523019","","","","",""
"LV_LV_RADIXOR","LV_LV","lv-lv-default","1.0.0","6ad88bdd8283f4fbc98093a5dfc08fe69b4f9baf9bb0f8cf156edeaa114216f3","LOWERCASE_GROUPS_ONLY","ANY_CANDIDATE","7238","75492","0","70802","4690","4","80227","7238","","","","","0","2848986458","0.000000","0","496828","0.000000","","","","","","","","","","","","","","","","",""
"LV_LV_RADIXOR","LV_LV","lv-lv-default","1.0.0","6ad88bdd8283f4fbc98093a5dfc08fe69b4f9baf9bb0f8cf156edeaa114216f3","LOWERCASE_GROUPS_ONLY","ALL_CANDIDATES","7238","75492","0","70802","4690","4","80227","7238","496828","0","0","2848986458","0","2848986458","0.000000","0","496828","0.000000","1.000000000000","1.000000000000","1.000000000000","1.000000000000","1.000000000000","1.000000000000","1.000000000000","1.000000000000","1.000000000000","1.000000000000","1.000000000000","0.000000000000","","","","",""
"MAG_RADIXOR","MAG","mag-default","1.0.0","a3cf63802ff531265bd5867123cfe0dc305ec57aea29f2d8654f7c19f9df1c85","ALL_WORDS","PRIMARY_OUTPUT","938","1448","750","1448","0","1","1448","937","2351","0","64","1045213","0","1045213","0.000000","64","2415","2.650104","1.000000000000","0.973498964803","1.000000000000","0.999938909613","0.986749482402","0.994584990270","0.986571548468","0.978686204313","0.973498964803","0.986660511424","0.986630305441","0.000061090387","","","","",""
"MAG_RADIXOR","MAG","mag-default","1.0.0","a3cf63802ff531265bd5867123cfe0dc305ec57aea29f2d8654f7c19f9df1c85","ALL_WORDS","ANY_CANDIDATE","938","1448","750","1440","8","2","1456","938","","","","","0","1045213","0.000000","0","2415","0.000000","","","","","","","","","","","","","","","","",""
"MAG_RADIXOR","MAG","mag-default","1.0.0","a3cf63802ff531265bd5867123cfe0dc305ec57aea29f2d8654f7c19f9df1c85","ALL_WORDS","ALL_CANDIDATES","938","1448","750","1440","8","2","1456","938","2415","0","0","1045213","0","1045213","0.000000","0","2415","0.000000","1.000000000000","1.000000000000","1.000000000000","1.000000000000","1.000000000000","1.000000000000","1.000000000000","1.000000000000","1.000000000000","1.000000000000","1.000000000000","0.000000000000","","","","",""
"MAG_RADIXOR","MAG","mag-default","1.0.0","a3cf63802ff531265bd5867123cfe0dc305ec57aea29f2d8654f7c19f9df1c85","LOWERCASE_GROUPS_ONLY","PRIMARY_OUTPUT","938","1448","750","1448","0","1","1448","937","2351","0","64","1045213","0","1045213","0.000000","64","2415","2.650104","1.000000000000","0.973498964803","1.000000000000","0.999938909613","0.986749482402","0.994584990270","0.986571548468","0.978686204313","0.973498964803","0.986660511424","0.986630305441","0.000061090387","","","","",""
"MAG_RADIXOR","MAG","mag-default","1.0.0","a3cf63802ff531265bd5867123cfe0dc305ec57aea29f2d8654f7c19f9df1c85","LOWERCASE_GROUPS_ONLY","ANY_CANDIDATE","938","1448","750","1440","8","2","1456","938","","","","","0","1045213","0.000000","0","2415","0.000000","","","","","","","","","","","","","","","","",""
"MAG_RADIXOR","MAG","mag-default","1.0.0","a3cf63802ff531265bd5867123cfe0dc305ec57aea29f2d8654f7c19f9df1c85","LOWERCASE_GROUPS_ONLY","ALL_CANDIDATES","938","1448","750","1440","8","2","1456","938","2415","0","0","1045213","0","1045213","0.000000","0","2415","0.000000","1.000000000000","1.000000000000","1.000000000000","1.000000000000","1.000000000000","1.000000000000","1.000000000000","1.000000000000","1.000000000000","1.000000000000","1.000000000000","0.000000000000","","","","",""
"MG_MG_RADIXOR","MG_MG","mg-mg-default","1.0.0","f45cb5edae2859c0f6730edf4e0614be0fb6256d7e3e22dfbd97a12cb559133c","ALL_WORDS","PRIMARY_OUTPUT","159","636","0","636","0","1","636","159","954","0","0","200976","0","200976","0.000000","0","954","0.000000","1.000000000000","1.000000000000","1.000000000000","1.000000000000","1.000000000000","1.000000000000","1.000000000000","1.000000000000","1.000000000000","1.000000000000","1.000000000000","0.000000000000","","","","",""
"MG_MG_RADIXOR","MG_MG","mg-mg-default","1.0.0","f45cb5edae2859c0f6730edf4e0614be0fb6256d7e3e22dfbd97a12cb559133c","ALL_WORDS","ANY_CANDIDATE","159","636","0","636","0","1","636","159","","","","","0","200976","0.000000","0","954","0.000000","","","","","","","","","","","","","","","","",""
"MG_MG_RADIXOR","MG_MG","mg-mg-default","1.0.0","f45cb5edae2859c0f6730edf4e0614be0fb6256d7e3e22dfbd97a12cb559133c","ALL_WORDS","ALL_CANDIDATES","159","636","0","636","0","1","636","159","954","0","0","200976","0","200976","0.000000","0","954","0.000000","1.000000000000","1.000000000000","1.000000000000","1.000000000000","1.000000000000","1.000000000000","1.000000000000","1.000000000000","1.000000000000","1.000000000000","1.000000000000","0.000000000000","","","","",""
"MG_MG_RADIXOR","MG_MG","mg-mg-default","1.0.0","f45cb5edae2859c0f6730edf4e0614be0fb6256d7e3e22dfbd97a12cb559133c","LOWERCASE_GROUPS_ONLY","PRIMARY_OUTPUT","159","636","0","636","0","1","636","159","954","0","0","200976","0","200976","0.000000","0","954","0.000000","1.000000000000","1.000000000000","1.000000000000","1.000000000000","1.000000000000","1.000000000000","1.000000000000","1.000000000000","1.000000000000","1.000000000000","1.000000000000","0.000000000000","","","","",""
"MG_MG_RADIXOR","MG_MG","mg-mg-default","1.0.0","f45cb5edae2859c0f6730edf4e0614be0fb6256d7e3e22dfbd97a12cb559133c","LOWERCASE_GROUPS_ONLY","ANY_CANDIDATE","159","636","0","636","0","1","636","159","","","","","0","200976","0.000000","0","954","0.000000","","","","","","","","","","","","","","","","",""
"MG_MG_RADIXOR","MG_MG","mg-mg-default","1.0.0","f45cb5edae2859c0f6730edf4e0614be0fb6256d7e3e22dfbd97a12cb559133c","LOWERCASE_GROUPS_ONLY","ALL_CANDIDATES","159","636","0","636","0","1","636","159","954","0","0","200976","0","200976","0.000000","0","954","0.000000","1.000000000000","1.000000000000","1.000000000000","1.000000000000","1.000000000000","1.000000000000","1.000000000000","1.000000000000","1.000000000000","1.000000000000","1.000000000000","0.000000000000","","","","",""
"MI_NZ_RADIXOR","MI_NZ","mi-nz-default","1.0.0","0de22749a54aa35d4a788fe9b07a3e7e2cb1ce6774258eb69475b91c97666c1f","ALL_WORDS","PRIMARY_OUTPUT","104","207","0","207","0","1","207","104","103","0","1","21217","0","21217","0.000000","1","104","0.961538","1.000000000000","0.990384615385","1.000000000000","0.999953097885","0.995192307692","0.998062015504","0.995169082126","0.992292870906","0.990384615385","0.995180694841","0.995157243234","0.000046902115","","","","",""
"MI_NZ_RADIXOR","MI_NZ","mi-nz-default","1.0.0","0de22749a54aa35d4a788fe9b07a3e7e2cb1ce6774258eb69475b91c97666c1f","ALL_WORDS","ANY_CANDIDATE","104","207","0","206","1","2","208","104","","","","","0","21217","0.000000","0","104","0.000000","","","","","","","","","","","","","","","","",""
"MI_NZ_RADIXOR","MI_NZ","mi-nz-default","1.0.0","0de22749a54aa35d4a788fe9b07a3e7e2cb1ce6774258eb69475b91c97666c1f","ALL_WORDS","ALL_CANDIDATES","104","207","0","206","1","2","208","104","104","0","0","21217","0","21217","0.000000","0","104","0.000000","1.000000000000","1.000000000000","1.000000000000","1.000000000000","1.000000000000","1.000000000000","1.000000000000","1.000000000000","1.000000000000","1.000000000000","1.000000000000","0.000000000000","","","","",""
"MI_NZ_RADIXOR","MI_NZ","mi-nz-default","1.0.0","0de22749a54aa35d4a788fe9b07a3e7e2cb1ce6774258eb69475b91c97666c1f","LOWERCASE_GROUPS_ONLY","PRIMARY_OUTPUT","104","207","0","207","0","1","207","104","103","0","1","21217","0","21217","0.000000","1","104","0.961538","1.000000000000","0.990384615385","1.000000000000","0.999953097885","0.995192307692","0.998062015504","0.995169082126","0.992292870906","0.990384615385","0.995180694841","0.995157243234","0.000046902115","","","","",""
"MI_NZ_RADIXOR","MI_NZ","mi-nz-default","1.0.0","0de22749a54aa35d4a788fe9b07a3e7e2cb1ce6774258eb69475b91c97666c1f","LOWERCASE_GROUPS_ONLY","ANY_CANDIDATE","104","207","0","206","1","2","208","104","","","","","0","21217","0.000000","0","104","0.000000","","","","","","","","","","","","","","","","",""
"MI_NZ_RADIXOR","MI_NZ","mi-nz-default","1.0.0","0de22749a54aa35d4a788fe9b07a3e7e2cb1ce6774258eb69475b91c97666c1f","LOWERCASE_GROUPS_ONLY","ALL_CANDIDATES","104","207","0","206","1","2","208","104","104","0","0","21217","0","21217","0.000000","0","104","0.000000","1.000000000000","1.000000000000","1.000000000000","1.000000000000","1.000000000000","1.000000000000","1.000000000000","1.000000000000","1.000000000000","1.000000000000","1.000000000000","0.000000000000","","","","",""
"MK_MK_RADIXOR","MK_MK","mk-mk-default","1.0.0","16f138c9b020209290f4bd88aa16a1b08f766e793b8f4f7a51078ff18c29f875","ALL_WORDS","PRIMARY_OUTPUT","9788","135754","0","135754","0","1","135754","9788","1069745","0","8499","9213428137","0","9213428137","0.000000","8499","1078244","0.788226","1.000000000000","0.992117739584","1.000000000000","0.999999077650","0.996058869792","0.998413544030","0.996043275827","0.993684235167","0.992117739584","0.996051072779","0.996050613372","0.000000922350","","","","",""
"MK_MK_RADIXOR","MK_MK","mk-mk-default","1.0.0","16f138c9b020209290f4bd88aa16a1b08f766e793b8f4f7a51078ff18c29f875","ALL_WORDS","ANY_CANDIDATE","9788","135754","0","134984","770","7","136554","9788","","","","","0","9213428137","0.000000","0","1078244","0.000000","","","","","","","","","","","","","","","","",""
"MK_MK_RADIXOR","MK_MK","mk-mk-default","1.0.0","16f138c9b020209290f4bd88aa16a1b08f766e793b8f4f7a51078ff18c29f875","ALL_WORDS","ALL_CANDIDATES","9788","135754","0","134984","770","7","136554","9788","1078244","0","0","9213428137","0","9213428137","0.000000","0","1078244","0.000000","1.000000000000","1.000000000000","1.000000000000","1.000000000000","1.000000000000","1.000000000000","1.000000000000","1.000000000000","1.000000000000","1.000000000000","1.000000000000","0.000000000000","","","","",""
"MK_MK_RADIXOR","MK_MK","mk-mk-default","1.0.0","16f138c9b020209290f4bd88aa16a1b08f766e793b8f4f7a51078ff18c29f875","LOWERCASE_GROUPS_ONLY","PRIMARY_OUTPUT","9788","135754","0","135754","0","1","135754","9788","1069745","0","8499","9213428137","0","9213428137","0.000000","8499","1078244","0.788226","1.000000000000","0.992117739584","1.000000000000","0.999999077650","0.996058869792","0.998413544030","0.996043275827","0.993684235167","0.992117739584","0.996051072779","0.996050613372","0.000000922350","","","","",""
"MK_MK_RADIXOR","MK_MK","mk-mk-default","1.0.0","16f138c9b020209290f4bd88aa16a1b08f766e793b8f4f7a51078ff18c29f875","LOWERCASE_GROUPS_ONLY","ANY_CANDIDATE","9788","135754","0","134984","770","7","136554","9788","","","","","0","9213428137","0.000000","0","1078244","0.000000","","","","","","","","","","","","","","","","",""
"MK_MK_RADIXOR","MK_MK","mk-mk-default","1.0.0","16f138c9b020209290f4bd88aa16a1b08f766e793b8f4f7a51078ff18c29f875","LOWERCASE_GROUPS_ONLY","ALL_CANDIDATES","9788","135754","0","134984","770","7","136554","9788","1078244","0","0","9213428137","0","9213428137","0.000000","0","1078244","0.000000","1.000000000000","1.000000000000","1.000000000000","1.000000000000","1.000000000000","1.000000000000","1.000000000000","1.000000000000","1.000000000000","1.000000000000","1.000000000000","0.000000000000","","","","",""
"MN_MN_RADIXOR","MN_MN","mn-mn-default","1.0.0","e178aca6228449ecc967e6a00e3ee209ba9e1bc4bf43935ff29bb63a49fa18e3","ALL_WORDS","PRIMARY_OUTPUT","2140","17231","0","17231","0","1","17231","2117","62771","0","2678","148379616","0","148379616","0.000000","2678","65449","4.091736","1.000000000000","0.959082644502","1.000000000000","0.999981959656","0.979541322251","0.991539586710","0.979114022773","0.966996028555","0.959082644502","0.979327649207","0.979318811727","0.000018040344","","","","",""
"MN_MN_RADIXOR","MN_MN","mn-mn-default","1.0.0","e178aca6228449ecc967e6a00e3ee209ba9e1bc4bf43935ff29bb63a49fa18e3","ALL_WORDS","ANY_CANDIDATE","2140","17231","0","16916","315","3","17593","2140","","","","","0","148379616","0.000000","0","65449","0.000000","","","","","","","","","","","","","","","","",""
"MN_MN_RADIXOR","MN_MN","mn-mn-default","1.0.0","e178aca6228449ecc967e6a00e3ee209ba9e1bc4bf43935ff29bb63a49fa18e3","ALL_WORDS","ALL_CANDIDATES","2140","17231","0","16916","315","3","17593","2140","65449","0","0","148379616","0","148379616","0.000000","0","65449","0.000000","1.000000000000","1.000000000000","1.000000000000","1.000000000000","1.000000000000","1.000000000000","1.000000000000","1.000000000000","1.000000000000","1.000000000000","1.000000000000","0.000000000000","","","","",""
"MN_MN_RADIXOR","MN_MN","mn-mn-default","1.0.0","e178aca6228449ecc967e6a00e3ee209ba9e1bc4bf43935ff29bb63a49fa18e3","LOWERCASE_GROUPS_ONLY","PRIMARY_OUTPUT","2140","17231","0","17231","0","1","17231","2117","62771","0","2678","148379616","0","148379616","0.000000","2678","65449","4.091736","1.000000000000","0.959082644502","1.000000000000","0.999981959656","0.979541322251","0.991539586710","0.979114022773","0.966996028555","0.959082644502","0.979327649207","0.979318811727","0.000018040344","","","","",""
"MN_MN_RADIXOR","MN_MN","mn-mn-default","1.0.0","e178aca6228449ecc967e6a00e3ee209ba9e1bc4bf43935ff29bb63a49fa18e3","LOWERCASE_GROUPS_ONLY","ANY_CANDIDATE","2140","17231","0","16916","315","3","17593","2140","","","","","0","148379616","0.000000","0","65449","0.000000","","","","","","","","","","","","","","","","",""
"MN_MN_RADIXOR","MN_MN","mn-mn-default","1.0.0","e178aca6228449ecc967e6a00e3ee209ba9e1bc4bf43935ff29bb63a49fa18e3","LOWERCASE_GROUPS_ONLY","ALL_CANDIDATES","2140","17231","0","16916","315","3","17593","2140","65449","0","0","148379616","0","148379616","0.000000","0","65449","0.000000","1.000000000000","1.000000000000","1.000000000000","1.000000000000","1.000000000000","1.000000000000","1.000000000000","1.000000000000","1.000000000000","1.000000000000","1.000000000000","0.000000000000","","","","",""
"MT_MT_RADIXOR","MT_MT","mt-mt-default","1.0.0","3be6ab250e1f9489c0b28d24a5fae8a43da6ddb2528c9d74281dac6a620618b6","ALL_WORDS","PRIMARY_OUTPUT","112","1491","0","1491","0","1","1491","112","9325","0","61","1101409","0","1101409","0.000000","61","9386","0.649904","1.000000000000","0.993500958875","1.000000000000","0.999945084377","0.996750479437","0.998693398449","0.996739885629","0.994794000299","0.993500958875","0.996745182519","0.996717581995","0.000054915623","","","","",""
"MT_MT_RADIXOR","MT_MT","mt-mt-default","1.0.0","3be6ab250e1f9489c0b28d24a5fae8a43da6ddb2528c9d74281dac6a620618b6","ALL_WORDS","ANY_CANDIDATE","112","1491","0","1482","9","2","1500","112","","","","","0","1101409","0.000000","0","9386","0.000000","","","","","","","","","","","","","","","","",""
"MT_MT_RADIXOR","MT_MT","mt-mt-default","1.0.0","3be6ab250e1f9489c0b28d24a5fae8a43da6ddb2528c9d74281dac6a620618b6","ALL_WORDS","ALL_CANDIDATES","112","1491","0","1482","9","2","1500","112","9386","0","0","1101409","0","1101409","0.000000","0","9386","0.000000","1.000000000000","1.000000000000","1.000000000000","1.000000000000","1.000000000000","1.000000000000","1.000000000000","1.000000000000","1.000000000000","1.000000000000","1.000000000000","0.000000000000","","","","",""
"MT_MT_RADIXOR","MT_MT","mt-mt-default","1.0.0","3be6ab250e1f9489c0b28d24a5fae8a43da6ddb2528c9d74281dac6a620618b6","LOWERCASE_GROUPS_ONLY","PRIMARY_OUTPUT","112","1491","0","1491","0","1","1491","112","9325","0","61","1101409","0","1101409","0.000000","61","9386","0.649904","1.000000000000","0.993500958875","1.000000000000","0.999945084377","0.996750479437","0.998693398449","0.996739885629","0.994794000299","0.993500958875","0.996745182519","0.996717581995","0.000054915623","","","","",""
"MT_MT_RADIXOR","MT_MT","mt-mt-default","1.0.0","3be6ab250e1f9489c0b28d24a5fae8a43da6ddb2528c9d74281dac6a620618b6","LOWERCASE_GROUPS_ONLY","ANY_CANDIDATE","112","1491","0","1482","9","2","1500","112","","","","","0","1101409","0.000000","0","9386","0.000000","","","","","","","","","","","","","","","","",""
"MT_MT_RADIXOR","MT_MT","mt-mt-default","1.0.0","3be6ab250e1f9489c0b28d24a5fae8a43da6ddb2528c9d74281dac6a620618b6","LOWERCASE_GROUPS_ONLY","ALL_CANDIDATES","112","1491","0","1482","9","2","1500","112","9386","0","0","1101409","0","1101409","0.000000","0","9386","0.000000","1.000000000000","1.000000000000","1.000000000000","1.000000000000","1.000000000000","1.000000000000","1.000000000000","1.000000000000","1.000000000000","1.000000000000","1.000000000000","0.000000000000","","","","",""
"MWF_RADIXOR","MWF","mwf-default","1.0.0","cc20412e152352ea121257c724b63f9a4dbc575beb90bfa3b10d664c32917f69","ALL_WORDS","PRIMARY_OUTPUT","29","592","0","592","0","1","592","29","6333","0","2420","166183","0","166183","0.000000","2420","8753","27.647664","1.000000000000","0.723523363418","1.000000000000","0.986166369415","0.861761681709","0.929001026845","0.839586371470","0.765872535978","0.723523363418","0.850601765469","0.844475254839","0.013833630585","","","","",""
"MWF_RADIXOR","MWF","mwf-default","1.0.0","cc20412e152352ea121257c724b63f9a4dbc575beb90bfa3b10d664c32917f69","ALL_WORDS","ANY_CANDIDATE","29","592","0","497","95","6","720","29","","","","","0","166183","0.000000","0","8753","0.000000","","","","","","","","","","","","","","","","",""
"MWF_RADIXOR","MWF","mwf-default","1.0.0","cc20412e152352ea121257c724b63f9a4dbc575beb90bfa3b10d664c32917f69","ALL_WORDS","ALL_CANDIDATES","29","592","0","497","95","6","720","29","8753","0","0","166183","0","166183","0.000000","0","8753","0.000000","1.000000000000","1.000000000000","1.000000000000","1.000000000000","1.000000000000","1.000000000000","1.000000000000","1.000000000000","1.000000000000","1.000000000000","1.000000000000","0.000000000000","","","","",""
"MWF_RADIXOR","MWF","mwf-default","1.0.0","cc20412e152352ea121257c724b63f9a4dbc575beb90bfa3b10d664c32917f69","LOWERCASE_GROUPS_ONLY","PRIMARY_OUTPUT","29","592","0","592","0","1","592","29","6333","0","2420","166183","0","166183","0.000000","2420","8753","27.647664","1.000000000000","0.723523363418","1.000000000000","0.986166369415","0.861761681709","0.929001026845","0.839586371470","0.765872535978","0.723523363418","0.850601765469","0.844475254839","0.013833630585","","","","",""
"MWF_RADIXOR","MWF","mwf-default","1.0.0","cc20412e152352ea121257c724b63f9a4dbc575beb90bfa3b10d664c32917f69","LOWERCASE_GROUPS_ONLY","ANY_CANDIDATE","29","592","0","497","95","6","720","29","","","","","0","166183","0.000000","0","8753","0.000000","","","","","","","","","","","","","","","","",""
"MWF_RADIXOR","MWF","mwf-default","1.0.0","cc20412e152352ea121257c724b63f9a4dbc575beb90bfa3b10d664c32917f69","LOWERCASE_GROUPS_ONLY","ALL_CANDIDATES","29","592","0","497","95","6","720","29","8753","0","0","166183","0","166183","0.000000","0","8753","0.000000","1.000000000000","1.000000000000","1.000000000000","1.000000000000","1.000000000000","1.000000000000","1.000000000000","1.000000000000","1.000000000000","1.000000000000","1.000000000000","0.000000000000","","","","",""
"NAP_RADIXOR","NAP","nap-default","1.0.0","7caaaac7ed1ceedf5f8eca36a1ded21371e7003189fdb4b43a215072f600dfdc","ALL_WORDS","PRIMARY_OUTPUT","40","1497","0","1497","0","1","1497","40","27299","0","0","1092457","0","1092457","0.000000","0","27299","0.000000","1.000000000000","1.000000000000","1.000000000000","1.000000000000","1.000000000000","1.000000000000","1.000000000000","1.000000000000","1.000000000000","1.000000000000","1.000000000000","0.000000000000","","","","",""
"NAP_RADIXOR","NAP","nap-default","1.0.0","7caaaac7ed1ceedf5f8eca36a1ded21371e7003189fdb4b43a215072f600dfdc","ALL_WORDS","ANY_CANDIDATE","40","1497","0","1497","0","1","1497","40","","","","","0","1092457","0.000000","0","27299","0.000000","","","","","","","","","","","","","","","","",""
"NAP_RADIXOR","NAP","nap-default","1.0.0","7caaaac7ed1ceedf5f8eca36a1ded21371e7003189fdb4b43a215072f600dfdc","ALL_WORDS","ALL_CANDIDATES","40","1497","0","1497","0","1","1497","40","27299","0","0","1092457","0","1092457","0.000000","0","27299","0.000000","1.000000000000","1.000000000000","1.000000000000","1.000000000000","1.000000000000","1.000000000000","1.000000000000","1.000000000000","1.000000000000","1.000000000000","1.000000000000","0.000000000000","","","","",""
"NAP_RADIXOR","NAP","nap-default","1.0.0","7caaaac7ed1ceedf5f8eca36a1ded21371e7003189fdb4b43a215072f600dfdc","LOWERCASE_GROUPS_ONLY","PRIMARY_OUTPUT","40","1497","0","1497","0","1","1497","40","27299","0","0","1092457","0","1092457","0.000000","0","27299","0.000000","1.000000000000","1.000000000000","1.000000000000","1.000000000000","1.000000000000","1.000000000000","1.000000000000","1.000000000000","1.000000000000","1.000000000000","1.000000000000","0.000000000000","","","","",""
"NAP_RADIXOR","NAP","nap-default","1.0.0","7caaaac7ed1ceedf5f8eca36a1ded21371e7003189fdb4b43a215072f600dfdc","LOWERCASE_GROUPS_ONLY","ANY_CANDIDATE","40","1497","0","1497","0","1","1497","40","","","","","0","1092457","0.000000","0","27299","0.000000","","","","","","","","","","","","","","","","",""
"NAP_RADIXOR","NAP","nap-default","1.0.0","7caaaac7ed1ceedf5f8eca36a1ded21371e7003189fdb4b43a215072f600dfdc","LOWERCASE_GROUPS_ONLY","ALL_CANDIDATES","40","1497","0","1497","0","1","1497","40","27299","0","0","1092457","0","1092457","0.000000","0","27299","0.000000","1.000000000000","1.000000000000","1.000000000000","1.000000000000","1.000000000000","1.000000000000","1.000000000000","1.000000000000","1.000000000000","1.000000000000","1.000000000000","0.000000000000","","","","",""
"NAV_RADIXOR","NAV","nav-default","1.0.0","0015e0e7d39918770a8f94ac21469cf0f3cb0f9d62aa8e56b36763af80e36735","ALL_WORDS","PRIMARY_OUTPUT","627","11046","0","11046","0","1","11046","627","117969","0","5899","60877667","0","60877667","0.000000","5899","123868","4.762328","1.000000000000","0.952376723609","1.000000000000","0.999903297515","0.976188361805","0.990098095826","0.975607537308","0.961535013147","0.952376723609","0.975897906345","0.975850627896","0.000096702485","","","","",""
"NAV_RADIXOR","NAV","nav-default","1.0.0","0015e0e7d39918770a8f94ac21469cf0f3cb0f9d62aa8e56b36763af80e36735","ALL_WORDS","ANY_CANDIDATE","627","11046","0","10722","324","3","11378","627","","","","","0","60877667","0.000000","0","123868","0.000000","","","","","","","","","","","","","","","","",""
"NAV_RADIXOR","NAV","nav-default","1.0.0","0015e0e7d39918770a8f94ac21469cf0f3cb0f9d62aa8e56b36763af80e36735","ALL_WORDS","ALL_CANDIDATES","627","11046","0","10722","324","3","11378","627","123868","0","0","60877667","0","60877667","0.000000","0","123868","0.000000","1.000000000000","1.000000000000","1.000000000000","1.000000000000","1.000000000000","1.000000000000","1.000000000000","1.000000000000","1.000000000000","1.000000000000","1.000000000000","0.000000000000","","","","",""
"NAV_RADIXOR","NAV","nav-default","1.0.0","0015e0e7d39918770a8f94ac21469cf0f3cb0f9d62aa8e56b36763af80e36735","LOWERCASE_GROUPS_ONLY","PRIMARY_OUTPUT","627","11046","0","11046","0","1","11046","627","117969","0","5899","60877667","0","60877667","0.000000","5899","123868","4.762328","1.000000000000","0.952376723609","1.000000000000","0.999903297515","0.976188361805","0.990098095826","0.975607537308","0.961535013147","0.952376723609","0.975897906345","0.975850627896","0.000096702485","","","","",""
"NAV_RADIXOR","NAV","nav-default","1.0.0","0015e0e7d39918770a8f94ac21469cf0f3cb0f9d62aa8e56b36763af80e36735","LOWERCASE_GROUPS_ONLY","ANY_CANDIDATE","627","11046","0","10722","324","3","11378","627","","","","","0","60877667","0.000000","0","123868","0.000000","","","","","","","","","","","","","","","","",""
"NAV_RADIXOR","NAV","nav-default","1.0.0","0015e0e7d39918770a8f94ac21469cf0f3cb0f9d62aa8e56b36763af80e36735","LOWERCASE_GROUPS_ONLY","ALL_CANDIDATES","627","11046","0","10722","324","3","11378","627","123868","0","0","60877667","0","60877667","0.000000","0","123868","0.000000","1.000000000000","1.000000000000","1.000000000000","1.000000000000","1.000000000000","1.000000000000","1.000000000000","1.000000000000","1.000000000000","1.000000000000","1.000000000000","0.000000000000","","","","",""
"NDS_RADIXOR","NDS","nds-default","1.0.0","262c5a5aa1ab0bcb2145e43968b1cffeace44a614aa9cab0496c4fdc5b1f1a14","ALL_WORDS","PRIMARY_OUTPUT","325","2495","0","2495","0","1","2495","325","9292","0","383","3101590","0","3101590","0.000000","383","9675","3.958656","1.000000000000","0.960413436693","1.000000000000","0.999876898946","0.980206718346","0.991823751681","0.979807033268","0.968078013002","0.960413436693","0.980006855431","0.979946352936","0.000123101054","","","","",""
"NDS_RADIXOR","NDS","nds-default","1.0.0","262c5a5aa1ab0bcb2145e43968b1cffeace44a614aa9cab0496c4fdc5b1f1a14","ALL_WORDS","ANY_CANDIDATE","325","2495","0","2447","48","3","2545","325","","","","","0","3101590","0.000000","0","9675","0.000000","","","","","","","","","","","","","","","","",""
"NDS_RADIXOR","NDS","nds-default","1.0.0","262c5a5aa1ab0bcb2145e43968b1cffeace44a614aa9cab0496c4fdc5b1f1a14","ALL_WORDS","ALL_CANDIDATES","325","2495","0","2447","48","3","2545","325","9675","0","0","3101590","0","3101590","0.000000","0","9675","0.000000","1.000000000000","1.000000000000","1.000000000000","1.000000000000","1.000000000000","1.000000000000","1.000000000000","1.000000000000","1.000000000000","1.000000000000","1.000000000000","0.000000000000","","","","",""
"NDS_RADIXOR","NDS","nds-default","1.0.0","262c5a5aa1ab0bcb2145e43968b1cffeace44a614aa9cab0496c4fdc5b1f1a14","LOWERCASE_GROUPS_ONLY","PRIMARY_OUTPUT","325","2495","0","2495","0","1","2495","325","9292","0","383","3101590","0","3101590","0.000000","383","9675","3.958656","1.000000000000","0.960413436693","1.000000000000","0.999876898946","0.980206718346","0.991823751681","0.979807033268","0.968078013002","0.960413436693","0.980006855431","0.979946352936","0.000123101054","","","","",""
"NDS_RADIXOR","NDS","nds-default","1.0.0","262c5a5aa1ab0bcb2145e43968b1cffeace44a614aa9cab0496c4fdc5b1f1a14","LOWERCASE_GROUPS_ONLY","ANY_CANDIDATE","325","2495","0","2447","48","3","2545","325","","","","","0","3101590","0.000000","0","9675","0.000000","","","","","","","","","","","","","","","","",""
"NDS_RADIXOR","NDS","nds-default","1.0.0","262c5a5aa1ab0bcb2145e43968b1cffeace44a614aa9cab0496c4fdc5b1f1a14","LOWERCASE_GROUPS_ONLY","ALL_CANDIDATES","325","2495","0","2447","48","3","2545","325","9675","0","0","3101590","0","3101590","0.000000","0","9675","0.000000","1.000000000000","1.000000000000","1.000000000000","1.000000000000","1.000000000000","1.000000000000","1.000000000000","1.000000000000","1.000000000000","1.000000000000","1.000000000000","0.000000000000","","","","",""
"NL_NL_RADIXOR","NL_NL","nl-nl-default","1.0.0","c098034adc42da2ca3e419160e6dd2c2b3868f8af334303b3a191e09caadaf5e","ALL_WORDS","PRIMARY_OUTPUT","4992","26201","85","26201","0","1","26201","5015","62985","0","1452","343168663","0","343168663","0.000000","1452","64437","2.253364","1.000000000000","0.977466362494","1.000000000000","0.999995769639","0.988733181247","0.995410538693","0.988604793521","0.981891479829","0.977466362494","0.988668985300","0.988666893700","0.000004230361","","","","",""
"NL_NL_RADIXOR","NL_NL","nl-nl-default","1.0.0","c098034adc42da2ca3e419160e6dd2c2b3868f8af334303b3a191e09caadaf5e","ALL_WORDS","ANY_CANDIDATE","4992","26201","85","25905","296","3","26501","5016","","","","","0","343168663","0.000000","0","64437","0.000000","","","","","","","","","","","","","","","","",""
"NL_NL_RADIXOR","NL_NL","nl-nl-default","1.0.0","c098034adc42da2ca3e419160e6dd2c2b3868f8af334303b3a191e09caadaf5e","ALL_WORDS","ALL_CANDIDATES","4992","26201","85","25905","296","3","26501","5016","64437","0","0","343168663","0","343168663","0.000000","0","64437","0.000000","1.000000000000","1.000000000000","1.000000000000","1.000000000000","1.000000000000","1.000000000000","1.000000000000","1.000000000000","1.000000000000","1.000000000000","1.000000000000","0.000000000000","","","","",""
"NL_NL_RADIXOR","NL_NL","nl-nl-default","1.0.0","c098034adc42da2ca3e419160e6dd2c2b3868f8af334303b3a191e09caadaf5e","LOWERCASE_GROUPS_ONLY","PRIMARY_OUTPUT","4796","25402","84","25402","0","1","25402","4797","61646","0","1372","322555083","0","322555083","0.000000","1372","63018","2.177156","1.000000000000","0.978228442667","1.000000000000","0.999995747294","0.989114221334","0.995568504079","0.988994416993","0.982506582345","0.978228442667","0.989054317349","0.989052213866","0.000004252706","","","","",""
"NL_NL_RADIXOR","NL_NL","nl-nl-default","1.0.0","c098034adc42da2ca3e419160e6dd2c2b3868f8af334303b3a191e09caadaf5e","LOWERCASE_GROUPS_ONLY","ANY_CANDIDATE","4796","25402","84","25129","273","3","25679","4797","","","","","0","322555083","0.000000","0","63018","0.000000","","","","","","","","","","","","","","","","",""
"NL_NL_RADIXOR","NL_NL","nl-nl-default","1.0.0","c098034adc42da2ca3e419160e6dd2c2b3868f8af334303b3a191e09caadaf5e","LOWERCASE_GROUPS_ONLY","ALL_CANDIDATES","4796","25402","84","25129","273","3","25679","4797","63018","0","0","322555083","0","322555083","0.000000","0","63018","0.000000","1.000000000000","1.000000000000","1.000000000000","1.000000000000","1.000000000000","1.000000000000","1.000000000000","1.000000000000","1.000000000000","1.000000000000","1.000000000000","0.000000000000","","","","",""
"NN_NO_RADIXOR","NN_NO","nn-no-default","1.0.0","900cf2005605aea2a3d8d731ec0b0c1f47fb4469b4ba6b9134145d4d026a0398","ALL_WORDS","PRIMARY_OUTPUT","4688","16937","23","16937","0","1","16937","4680","25582","0","2780","143394154","0","143394154","0.000000","2780","28362","9.801848","1.000000000000","0.901981524575","1.000000000000","0.999980616712","0.950990762288","0.978728288316","0.948465074892","0.920017262461","0.901981524575","0.949727078994","0.949717872891","0.000019383288","","","","",""
"NN_NO_RADIXOR","NN_NO","nn-no-default","1.0.0","900cf2005605aea2a3d8d731ec0b0c1f47fb4469b4ba6b9134145d4d026a0398","ALL_WORDS","ANY_CANDIDATE","4688","16937","23","15846","1091","5","18255","4693","","","","","0","143394154","0.000000","0","28362","0.000000","","","","","","","","","","","","","","","","",""
"NN_NO_RADIXOR","NN_NO","nn-no-default","1.0.0","900cf2005605aea2a3d8d731ec0b0c1f47fb4469b4ba6b9134145d4d026a0398","ALL_WORDS","ALL_CANDIDATES","4688","16937","23","15846","1091","5","18255","4693","28362","0","0","143394154","0","143394154","0.000000","0","28362","0.000000","1.000000000000","1.000000000000","1.000000000000","1.000000000000","1.000000000000","1.000000000000","1.000000000000","1.000000000000","1.000000000000","1.000000000000","1.000000000000","0.000000000000","","","","",""
"NN_NO_RADIXOR","NN_NO","nn-no-default","1.0.0","900cf2005605aea2a3d8d731ec0b0c1f47fb4469b4ba6b9134145d4d026a0398","LOWERCASE_GROUPS_ONLY","PRIMARY_OUTPUT","4681","16906","23","16906","0","1","16906","4668","25537","0","2768","142869660","0","142869660","0.000000","2768","28305","9.779191","1.000000000000","0.902208090443","1.000000000000","0.999980629535","0.951104045222","0.978781630166","0.948590319825","0.920205827454","0.902208090443","0.949846350966","0.949837149794","0.000019370465","","","","",""
"NN_NO_RADIXOR","NN_NO","nn-no-default","1.0.0","900cf2005605aea2a3d8d731ec0b0c1f47fb4469b4ba6b9134145d4d026a0398","LOWERCASE_GROUPS_ONLY","ANY_CANDIDATE","4681","16906","23","15820","1086","5","18219","4681","","","","","0","142869660","0.000000","0","28305","0.000000","","","","","","","","","","","","","","","","",""
"NN_NO_RADIXOR","NN_NO","nn-no-default","1.0.0","900cf2005605aea2a3d8d731ec0b0c1f47fb4469b4ba6b9134145d4d026a0398","LOWERCASE_GROUPS_ONLY","ALL_CANDIDATES","4681","16906","23","15820","1086","5","18219","4681","28305","0","0","142869660","0","142869660","0.000000","0","28305","0.000000","1.000000000000","1.000000000000","1.000000000000","1.000000000000","1.000000000000","1.000000000000","1.000000000000","1.000000000000","1.000000000000","1.000000000000","1.000000000000","0.000000000000","","","","",""
"NON_RADIXOR","NON","non-default","1.0.0","d231245493a2d59d541247546133e102e021661ddcd9d3ef486b76a0900bf7b8","ALL_WORDS","PRIMARY_OUTPUT","2666","46089","0","46089","0","1","46089","2661","518869","0","69662","1061486385","0","1061486385","0.000000","69662","588531","11.836590","1.000000000000","0.881634102537","1.000000000000","0.999934409523","0.940817051268","0.973850669311","0.937094094275","0.903011249940","0.881634102537","0.938953727580","0.938922918812","0.000065590477","","","","",""
"NON_RADIXOR","NON","non-default","1.0.0","d231245493a2d59d541247546133e102e021661ddcd9d3ef486b76a0900bf7b8","ALL_WORDS","ANY_CANDIDATE","2666","46089","0","42983","3106","6","49612","2666","","","","","0","1061486385","0.000000","0","588531","0.000000","","","","","","","","","","","","","","","","",""
"NON_RADIXOR","NON","non-default","1.0.0","d231245493a2d59d541247546133e102e021661ddcd9d3ef486b76a0900bf7b8","ALL_WORDS","ALL_CANDIDATES","2666","46089","0","42983","3106","6","49612","2666","588531","0","0","1061486385","0","1061486385","0.000000","0","588531","0.000000","1.000000000000","1.000000000000","1.000000000000","1.000000000000","1.000000000000","1.000000000000","1.000000000000","1.000000000000","1.000000000000","1.000000000000","1.000000000000","0.000000000000","","","","",""
"NON_RADIXOR","NON","non-default","1.0.0","d231245493a2d59d541247546133e102e021661ddcd9d3ef486b76a0900bf7b8","LOWERCASE_GROUPS_ONLY","PRIMARY_OUTPUT","2666","46089","0","46089","0","1","46089","2661","518869","0","69662","1061486385","0","1061486385","0.000000","69662","588531","11.836590","1.000000000000","0.881634102537","1.000000000000","0.999934409523","0.940817051268","0.973850669311","0.937094094275","0.903011249940","0.881634102537","0.938953727580","0.938922918812","0.000065590477","","","","",""
"NON_RADIXOR","NON","non-default","1.0.0","d231245493a2d59d541247546133e102e021661ddcd9d3ef486b76a0900bf7b8","LOWERCASE_GROUPS_ONLY","ANY_CANDIDATE","2666","46089","0","42983","3106","6","49612","2666","","","","","0","1061486385","0.000000","0","588531","0.000000","","","","","","","","","","","","","","","","",""
"NON_RADIXOR","NON","non-default","1.0.0","d231245493a2d59d541247546133e102e021661ddcd9d3ef486b76a0900bf7b8","LOWERCASE_GROUPS_ONLY","ALL_CANDIDATES","2666","46089","0","42983","3106","6","49612","2666","588531","0","0","1061486385","0","1061486385","0.000000","0","588531","0.000000","1.000000000000","1.000000000000","1.000000000000","1.000000000000","1.000000000000","1.000000000000","1.000000000000","1.000000000000","1.000000000000","1.000000000000","1.000000000000","0.000000000000","","","","",""
"NORWEGIAN_BOKMAL_LUCENE_NORWEGIAN_LIGHT_STEM_FILTER","NB_NO","nb-no-default","1.0.0","f495bffb44e79d27993e6e2e65d4b1204b29365dc93f481b2d8b96766fc90fd9","ALL_WORDS","PRIMARY_OUTPUT","17929","73170","252","73170","0","1","73170","25999","98455","11122","42440","2676735848","11122","2676746970","0.000416","42440","140895","30.121722","0.898500597753","0.698782781504","0.999995844957","0.999979990944","0.849389313230","0.849917904431","0.786155737967","0.731292997027","0.647657827743","0.792374120527","0.792364773649","0.000020009056","","","","",""
"NORWEGIAN_BOKMAL_LUCENE_NORWEGIAN_LIGHT_STEM_FILTER","NB_NO","nb-no-default","1.0.0","f495bffb44e79d27993e6e2e65d4b1204b29365dc93f481b2d8b96766fc90fd9","LOWERCASE_GROUPS_ONLY","PRIMARY_OUTPUT","17914","73111","252","73111","0","1","73111","25985","98376","11069","42430","2672420730","11069","2672431799","0.000414","42430","140806","30.133659","0.898862442323","0.698663409230","0.999995858080","0.999979982209","0.849329633655","0.850141551991","0.786218636489","0.731236313848","0.647743209877","0.792465960393","0.792456612651","0.000020017791","","","","",""
"NORWEGIAN_BOKMAL_LUCENE_NORWEGIAN_MINIMAL_STEM_FILTER","NB_NO","nb-no-default","1.0.0","f495bffb44e79d27993e6e2e65d4b1204b29365dc93f481b2d8b96766fc90fd9","ALL_WORDS","PRIMARY_OUTPUT","17929","73170","252","73170","0","1","73170","27457","93352","2948","47543","2676744022","2948","2676746970","0.000110","47543","140895","33.743568","0.969387331256","0.662564320948","0.999998898663","0.999981138171","0.831281609806","0.887216187191","0.787132949683","0.707340728617","0.648985352085","0.801424643288","0.801416635301","0.000018861829","","","","",""
"NORWEGIAN_BOKMAL_LUCENE_NORWEGIAN_MINIMAL_STEM_FILTER","NB_NO","nb-no-default","1.0.0","f495bffb44e79d27993e6e2e65d4b1204b29365dc93f481b2d8b96766fc90fd9","LOWERCASE_GROUPS_ONLY","PRIMARY_OUTPUT","17914","73111","252","73111","0","1","73111","27443","93273","2895","47533","2672428904","2895","2672431799","0.000108","47533","140806","33.757794","0.969896431245","0.662422055878","0.999998916717","0.999981131289","0.831210486298","0.887506232421","0.787200283575","0.707265177618","0.649076902736","0.801548992872","0.801540987973","0.000018868711","","","","",""
"NORWEGIAN_BOKMAL_RADIXOR","NB_NO","nb-no-default","1.0.0","f495bffb44e79d27993e6e2e65d4b1204b29365dc93f481b2d8b96766fc90fd9","ALL_WORDS","PRIMARY_OUTPUT","17929","73170","252","73170","0","1","73170","17886","134138","0","6757","2676746970","0","2676746970","0.000000","6757","140895","4.795770","1.000000000000","0.952042301004","1.000000000000","0.999997475800","0.976021150502","0.990025787995","0.975432039064","0.961262286483","0.952042301004","0.975726550323","0.975725318796","0.000002524200","","","","",""
"NORWEGIAN_BOKMAL_RADIXOR","NB_NO","nb-no-default","1.0.0","f495bffb44e79d27993e6e2e65d4b1204b29365dc93f481b2d8b96766fc90fd9","ALL_WORDS","ANY_CANDIDATE","17929","73170","252","71073","2097","9","75343","17962","","","","","0","2676746970","0.000000","0","140895","0.000000","","","","","","","","","","","","","","","","",""
"NORWEGIAN_BOKMAL_RADIXOR","NB_NO","nb-no-default","1.0.0","f495bffb44e79d27993e6e2e65d4b1204b29365dc93f481b2d8b96766fc90fd9","ALL_WORDS","ALL_CANDIDATES","17929","73170","252","71073","2097","9","75343","17962","140895","0","0","2676746970","0","2676746970","0.000000","0","140895","0.000000","1.000000000000","1.000000000000","1.000000000000","1.000000000000","1.000000000000","1.000000000000","1.000000000000","1.000000000000","1.000000000000","1.000000000000","1.000000000000","0.000000000000","","","","",""
"NORWEGIAN_BOKMAL_RADIXOR","NB_NO","nb-no-default","1.0.0","f495bffb44e79d27993e6e2e65d4b1204b29365dc93f481b2d8b96766fc90fd9","LOWERCASE_GROUPS_ONLY","PRIMARY_OUTPUT","17914","73111","252","73111","0","1","73111","17838","134115","0","6691","2672431799","0","2672431799","0.000000","6691","140806","4.751928","1.000000000000","0.952480718151","1.000000000000","0.999997496420","0.976240359076","0.990120573010","0.975662099294","0.961619814753","0.952480718151","0.975951186357","0.975949964609","0.000002503580","","","","",""
"NORWEGIAN_BOKMAL_RADIXOR","NB_NO","nb-no-default","1.0.0","f495bffb44e79d27993e6e2e65d4b1204b29365dc93f481b2d8b96766fc90fd9","LOWERCASE_GROUPS_ONLY","ANY_CANDIDATE","17914","73111","252","71047","2064","9","75251","17914","","","","","0","2672431799","0.000000","0","140806","0.000000","","","","","","","","","","","","","","","","",""
"NORWEGIAN_BOKMAL_RADIXOR","NB_NO","nb-no-default","1.0.0","f495bffb44e79d27993e6e2e65d4b1204b29365dc93f481b2d8b96766fc90fd9","LOWERCASE_GROUPS_ONLY","ALL_CANDIDATES","17914","73111","252","71047","2064","9","75251","17914","140806","0","0","2672431799","0","2672431799","0.000000","0","140806","0.000000","1.000000000000","1.000000000000","1.000000000000","1.000000000000","1.000000000000","1.000000000000","1.000000000000","1.000000000000","1.000000000000","1.000000000000","1.000000000000","0.000000000000","","","","",""
"NY_MW_RADIXOR","NY_MW","ny-mw-default","1.0.0","7d7487a8ed6db1d058f5f6871d35cece850205423e77134553dae767927fba99","ALL_WORDS","PRIMARY_OUTPUT","227","3178","0","3178","0","1","3178","227","20657","0","0","5027596","0","5027596","0.000000","0","20657","0.000000","1.000000000000","1.000000000000","1.000000000000","1.000000000000","1.000000000000","1.000000000000","1.000000000000","1.000000000000","1.000000000000","1.000000000000","1.000000000000","0.000000000000","","","","",""
"NY_MW_RADIXOR","NY_MW","ny-mw-default","1.0.0","7d7487a8ed6db1d058f5f6871d35cece850205423e77134553dae767927fba99","ALL_WORDS","ANY_CANDIDATE","227","3178","0","3178","0","1","3178","227","","","","","0","5027596","0.000000","0","20657","0.000000","","","","","","","","","","","","","","","","",""
"NY_MW_RADIXOR","NY_MW","ny-mw-default","1.0.0","7d7487a8ed6db1d058f5f6871d35cece850205423e77134553dae767927fba99","ALL_WORDS","ALL_CANDIDATES","227","3178","0","3178","0","1","3178","227","20657","0","0","5027596","0","5027596","0.000000","0","20657","0.000000","1.000000000000","1.000000000000","1.000000000000","1.000000000000","1.000000000000","1.000000000000","1.000000000000","1.000000000000","1.000000000000","1.000000000000","1.000000000000","0.000000000000","","","","",""
"NY_MW_RADIXOR","NY_MW","ny-mw-default","1.0.0","7d7487a8ed6db1d058f5f6871d35cece850205423e77134553dae767927fba99","LOWERCASE_GROUPS_ONLY","PRIMARY_OUTPUT","227","3178","0","3178","0","1","3178","227","20657","0","0","5027596","0","5027596","0.000000","0","20657","0.000000","1.000000000000","1.000000000000","1.000000000000","1.000000000000","1.000000000000","1.000000000000","1.000000000000","1.000000000000","1.000000000000","1.000000000000","1.000000000000","0.000000000000","","","","",""
"NY_MW_RADIXOR","NY_MW","ny-mw-default","1.0.0","7d7487a8ed6db1d058f5f6871d35cece850205423e77134553dae767927fba99","LOWERCASE_GROUPS_ONLY","ANY_CANDIDATE","227","3178","0","3178","0","1","3178","227","","","","","0","5027596","0.000000","0","20657","0.000000","","","","","","","","","","","","","","","","",""
"NY_MW_RADIXOR","NY_MW","ny-mw-default","1.0.0","7d7487a8ed6db1d058f5f6871d35cece850205423e77134553dae767927fba99","LOWERCASE_GROUPS_ONLY","ALL_CANDIDATES","227","3178","0","3178","0","1","3178","227","20657","0","0","5027596","0","5027596","0.000000","0","20657","0.000000","1.000000000000","1.000000000000","1.000000000000","1.000000000000","1.000000000000","1.000000000000","1.000000000000","1.000000000000","1.000000000000","1.000000000000","1.000000000000","0.000000000000","","","","",""
"OOD_RADIXOR","OOD","ood-default","1.0.0","e4bc4feb122a2bab40e981b3916f260cc13e4a2750796cf88d9bb9eba155448e","ALL_WORDS","PRIMARY_OUTPUT","368","1159","64","1159","0","1","1159","367","2089","0","48","668924","0","668924","0.000000","48","2137","2.246139","1.000000000000","0.977538605522","1.000000000000","0.999928471480","0.988769302761","0.995425521776","0.988641741600","0.981949797875","0.977538605522","0.988705520123","0.988670048746","0.000071528520","","","","",""
"OOD_RADIXOR","OOD","ood-default","1.0.0","e4bc4feb122a2bab40e981b3916f260cc13e4a2750796cf88d9bb9eba155448e","ALL_WORDS","ANY_CANDIDATE","368","1159","64","1140","19","2","1178","368","","","","","0","668924","0.000000","0","2137","0.000000","","","","","","","","","","","","","","","","",""
"OOD_RADIXOR","OOD","ood-default","1.0.0","e4bc4feb122a2bab40e981b3916f260cc13e4a2750796cf88d9bb9eba155448e","ALL_WORDS","ALL_CANDIDATES","368","1159","64","1140","19","2","1178","368","2137","0","0","668924","0","668924","0.000000","0","2137","0.000000","1.000000000000","1.000000000000","1.000000000000","1.000000000000","1.000000000000","1.000000000000","1.000000000000","1.000000000000","1.000000000000","1.000000000000","1.000000000000","0.000000000000","","","","",""
"OOD_RADIXOR","OOD","ood-default","1.0.0","e4bc4feb122a2bab40e981b3916f260cc13e4a2750796cf88d9bb9eba155448e","LOWERCASE_GROUPS_ONLY","PRIMARY_OUTPUT","368","1159","64","1159","0","1","1159","367","2089","0","48","668924","0","668924","0.000000","48","2137","2.246139","1.000000000000","0.977538605522","1.000000000000","0.999928471480","0.988769302761","0.995425521776","0.988641741600","0.981949797875","0.977538605522","0.988705520123","0.988670048746","0.000071528520","","","","",""
"OOD_RADIXOR","OOD","ood-default","1.0.0","e4bc4feb122a2bab40e981b3916f260cc13e4a2750796cf88d9bb9eba155448e","LOWERCASE_GROUPS_ONLY","ANY_CANDIDATE","368","1159","64","1140","19","2","1178","368","","","","","0","668924","0.000000","0","2137","0.000000","","","","","","","","","","","","","","","","",""
"OOD_RADIXOR","OOD","ood-default","1.0.0","e4bc4feb122a2bab40e981b3916f260cc13e4a2750796cf88d9bb9eba155448e","LOWERCASE_GROUPS_ONLY","ALL_CANDIDATES","368","1159","64","1140","19","2","1178","368","2137","0","0","668924","0","668924","0.000000","0","2137","0.000000","1.000000000000","1.000000000000","1.000000000000","1.000000000000","1.000000000000","1.000000000000","1.000000000000","1.000000000000","1.000000000000","1.000000000000","1.000000000000","0.000000000000","","","","",""
"OSX_RADIXOR","OSX","osx-default","1.0.0","1f6b3cc29edb4b6c25872133805f212f8fcdc72b139ba96fee8b3715de729a01","ALL_WORDS","PRIMARY_OUTPUT","863","12361","0","12361","0","1","12361","863","98933","0","2448","76289599","0","76289599","0.000000","2448","101381","2.414654","1.000000000000","0.975853463667","1.000000000000","0.999967954332","0.987926731833","0.995075566320","0.987779186677","0.980589029392","0.975853463667","0.987852956500","0.987837107644","0.000032045668","","","","",""
"OSX_RADIXOR","OSX","osx-default","1.0.0","1f6b3cc29edb4b6c25872133805f212f8fcdc72b139ba96fee8b3715de729a01","ALL_WORDS","ANY_CANDIDATE","863","12361","0","12170","191","3","12553","863","","","","","0","76289599","0.000000","0","101381","0.000000","","","","","","","","","","","","","","","","",""
"OSX_RADIXOR","OSX","osx-default","1.0.0","1f6b3cc29edb4b6c25872133805f212f8fcdc72b139ba96fee8b3715de729a01","ALL_WORDS","ALL_CANDIDATES","863","12361","0","12170","191","3","12553","863","101381","0","0","76289599","0","76289599","0.000000","0","101381","0.000000","1.000000000000","1.000000000000","1.000000000000","1.000000000000","1.000000000000","1.000000000000","1.000000000000","1.000000000000","1.000000000000","1.000000000000","1.000000000000","0.000000000000","","","","",""
"OSX_RADIXOR","OSX","osx-default","1.0.0","1f6b3cc29edb4b6c25872133805f212f8fcdc72b139ba96fee8b3715de729a01","LOWERCASE_GROUPS_ONLY","PRIMARY_OUTPUT","863","12361","0","12361","0","1","12361","863","98933","0","2448","76289599","0","76289599","0.000000","2448","101381","2.414654","1.000000000000","0.975853463667","1.000000000000","0.999967954332","0.987926731833","0.995075566320","0.987779186677","0.980589029392","0.975853463667","0.987852956500","0.987837107644","0.000032045668","","","","",""
"OSX_RADIXOR","OSX","osx-default","1.0.0","1f6b3cc29edb4b6c25872133805f212f8fcdc72b139ba96fee8b3715de729a01","LOWERCASE_GROUPS_ONLY","ANY_CANDIDATE","863","12361","0","12170","191","3","12553","863","","","","","0","76289599","0.000000","0","101381","0.000000","","","","","","","","","","","","","","","","",""
"OSX_RADIXOR","OSX","osx-default","1.0.0","1f6b3cc29edb4b6c25872133805f212f8fcdc72b139ba96fee8b3715de729a01","LOWERCASE_GROUPS_ONLY","ALL_CANDIDATES","863","12361","0","12170","191","3","12553","863","101381","0","0","76289599","0","76289599","0.000000","0","101381","0.000000","1.000000000000","1.000000000000","1.000000000000","1.000000000000","1.000000000000","1.000000000000","1.000000000000","1.000000000000","1.000000000000","1.000000000000","1.000000000000","0.000000000000","","","","",""
"OTE_RADIXOR","OTE","ote-default","1.0.0","c7af96b64a51275622783265da6eb8ed30cfc5a1e60a9aad1ddced08874d7e4d","ALL_WORDS","PRIMARY_OUTPUT","2026","3417","491","3417","0","1","3417","2023","1397","0","144","5834695","0","5834695","0.000000","144","1541","9.344581","1.000000000000","0.906554185594","1.000000000000","0.999975326563","0.953277092797","0.979800813578","0.950987066031","0.923819600582","0.906554185594","0.952131390930","0.952119641868","0.000024673437","","","","",""
"OTE_RADIXOR","OTE","ote-default","1.0.0","c7af96b64a51275622783265da6eb8ed30cfc5a1e60a9aad1ddced08874d7e4d","ALL_WORDS","ANY_CANDIDATE","2026","3417","491","3274","143","3","3564","2026","","","","","0","5834695","0.000000","0","1541","0.000000","","","","","","","","","","","","","","","","",""
"OTE_RADIXOR","OTE","ote-default","1.0.0","c7af96b64a51275622783265da6eb8ed30cfc5a1e60a9aad1ddced08874d7e4d","ALL_WORDS","ALL_CANDIDATES","2026","3417","491","3274","143","3","3564","2026","1541","0","0","5834695","0","5834695","0.000000","0","1541","0.000000","1.000000000000","1.000000000000","1.000000000000","1.000000000000","1.000000000000","1.000000000000","1.000000000000","1.000000000000","1.000000000000","1.000000000000","1.000000000000","0.000000000000","","","","",""
"OTE_RADIXOR","OTE","ote-default","1.0.0","c7af96b64a51275622783265da6eb8ed30cfc5a1e60a9aad1ddced08874d7e4d","LOWERCASE_GROUPS_ONLY","PRIMARY_OUTPUT","2026","3417","491","3417","0","1","3417","2023","1397","0","144","5834695","0","5834695","0.000000","144","1541","9.344581","1.000000000000","0.906554185594","1.000000000000","0.999975326563","0.953277092797","0.979800813578","0.950987066031","0.923819600582","0.906554185594","0.952131390930","0.952119641868","0.000024673437","","","","",""
"OTE_RADIXOR","OTE","ote-default","1.0.0","c7af96b64a51275622783265da6eb8ed30cfc5a1e60a9aad1ddced08874d7e4d","LOWERCASE_GROUPS_ONLY","ANY_CANDIDATE","2026","3417","491","3274","143","3","3564","2026","","","","","0","5834695","0.000000","0","1541","0.000000","","","","","","","","","","","","","","","","",""
"OTE_RADIXOR","OTE","ote-default","1.0.0","c7af96b64a51275622783265da6eb8ed30cfc5a1e60a9aad1ddced08874d7e4d","LOWERCASE_GROUPS_ONLY","ALL_CANDIDATES","2026","3417","491","3274","143","3","3564","2026","1541","0","0","5834695","0","5834695","0.000000","0","1541","0.000000","1.000000000000","1.000000000000","1.000000000000","1.000000000000","1.000000000000","1.000000000000","1.000000000000","1.000000000000","1.000000000000","1.000000000000","1.000000000000","0.000000000000","","","","",""
"PERSIAN_LUCENE_PERSIAN_STEM_FILTER","FA_IR","fa-ir-default","1.0.0","b29a0d168a6a97f980666aa40b74a0edd8b6be4ab3320a7abfbb76b3529f4ea1","ALL_WORDS","PRIMARY_OUTPUT","69","3544","0","3544","0","1","3544","3190","425","3","95619","6182149","3","6182152","0.000049","95619","96044","99.557494","0.992990654206","0.004425055183","0.999999514732","0.984769191660","0.502212284958","0.021737796146","0.008810846671","0.005525163545","0.004424916968","0.066287543635","0.065773583741","0.015230808340","","","","",""
"PERSIAN_LUCENE_PERSIAN_STEM_FILTER","FA_IR","fa-ir-default","1.0.0","b29a0d168a6a97f980666aa40b74a0edd8b6be4ab3320a7abfbb76b3529f4ea1","LOWERCASE_GROUPS_ONLY","PRIMARY_OUTPUT","69","3544","0","3544","0","1","3544","3190","425","3","95619","6182149","3","6182152","0.000049","95619","96044","99.557494","0.992990654206","0.004425055183","0.999999514732","0.984769191660","0.502212284958","0.021737796146","0.008810846671","0.005525163545","0.004424916968","0.066287543635","0.065773583741","0.015230808340","","","","",""
"PERSIAN_RADIXOR","FA_IR","fa-ir-default","1.0.0","b29a0d168a6a97f980666aa40b74a0edd8b6be4ab3320a7abfbb76b3529f4ea1","ALL_WORDS","PRIMARY_OUTPUT","69","3544","0","3544","0","1","3544","69","91359","0","4685","6182152","0","6182152","0.000000","4685","96044","4.877973","1.000000000000","0.951220274041","1.000000000000","0.999253766528","0.975610137021","0.989847880732","0.975000400207","0.960591754550","0.951220274041","0.975305220965","0.974935874696","0.000746233472","","","","",""
"PERSIAN_RADIXOR","FA_IR","fa-ir-default","1.0.0","b29a0d168a6a97f980666aa40b74a0edd8b6be4ab3320a7abfbb76b3529f4ea1","ALL_WORDS","ANY_CANDIDATE","69","3544","0","3387","157","2","3701","69","","","","","0","6182152","0.000000","0","96044","0.000000","","","","","","","","","","","","","","","","",""
"PERSIAN_RADIXOR","FA_IR","fa-ir-default","1.0.0","b29a0d168a6a97f980666aa40b74a0edd8b6be4ab3320a7abfbb76b3529f4ea1","ALL_WORDS","ALL_CANDIDATES","69","3544","0","3387","157","2","3701","69","96044","0","0","6182152","0","6182152","0.000000","0","96044","0.000000","1.000000000000","1.000000000000","1.000000000000","1.000000000000","1.000000000000","1.000000000000","1.000000000000","1.000000000000","1.000000000000","1.000000000000","1.000000000000","0.000000000000","","","","",""
"PERSIAN_RADIXOR","FA_IR","fa-ir-default","1.0.0","b29a0d168a6a97f980666aa40b74a0edd8b6be4ab3320a7abfbb76b3529f4ea1","LOWERCASE_GROUPS_ONLY","PRIMARY_OUTPUT","69","3544","0","3544","0","1","3544","69","91359","0","4685","6182152","0","6182152","0.000000","4685","96044","4.877973","1.000000000000","0.951220274041","1.000000000000","0.999253766528","0.975610137021","0.989847880732","0.975000400207","0.960591754550","0.951220274041","0.975305220965","0.974935874696","0.000746233472","","","","",""
"PERSIAN_RADIXOR","FA_IR","fa-ir-default","1.0.0","b29a0d168a6a97f980666aa40b74a0edd8b6be4ab3320a7abfbb76b3529f4ea1","LOWERCASE_GROUPS_ONLY","ANY_CANDIDATE","69","3544","0","3387","157","2","3701","69","","","","","0","6182152","0.000000","0","96044","0.000000","","","","","","","","","","","","","","","","",""
"PERSIAN_RADIXOR","FA_IR","fa-ir-default","1.0.0","b29a0d168a6a97f980666aa40b74a0edd8b6be4ab3320a7abfbb76b3529f4ea1","LOWERCASE_GROUPS_ONLY","ALL_CANDIDATES","69","3544","0","3387","157","2","3701","69","96044","0","0","6182152","0","6182152","0.000000","0","96044","0.000000","1.000000000000","1.000000000000","1.000000000000","1.000000000000","1.000000000000","1.000000000000","1.000000000000","1.000000000000","1.000000000000","1.000000000000","1.000000000000","0.000000000000","","","","",""
"POLISH_LUCENE_MORFOLOGIK_FILTER","PL_PL","pl-pl-unimorph","1.0.0","8191ed727097839cc808cbc5c56a1bd78b3c851e7733ad226ad9a51519a54721","ALL_WORDS","PRIMARY_OUTPUT","9990","120867","1","120867","0","1","120867","15519","1001785","76101","115288","7303162237","76101","7303238338","0.001042","115288","1117073","10.320543","0.929397914065","0.896794569379","0.999989579828","0.999973797962","0.948392074604","0.922688964795","0.912805205017","0.903130948917","0.839596739453","0.912950711772","0.912937654604","0.000026202038","","","","",""
"POLISH_LUCENE_MORFOLOGIK_FILTER","PL_PL","pl-pl-unimorph","1.0.0","8191ed727097839cc808cbc5c56a1bd78b3c851e7733ad226ad9a51519a54721","ALL_WORDS","ANY_CANDIDATE","9990","120867","1","109091","11776","5","133810","16295","","","","","73019","7303238338","0.001000","27850","1117073","2.493123","","","","","","","","","","","","","","","","",""
"POLISH_LUCENE_MORFOLOGIK_FILTER","PL_PL","pl-pl-unimorph","1.0.0","8191ed727097839cc808cbc5c56a1bd78b3c851e7733ad226ad9a51519a54721","ALL_WORDS","ALL_CANDIDATES","9990","120867","1","109091","11776","5","133810","16295","1089223","100514","27850","7303137824","100514","7303238338","0.001376","27850","1117073","2.493123","0.915515782059","0.975068773482","0.999986237064","0.999982426375","0.987527505273","0.926837225395","0.944354324804","0.962546321343","0.894575089911","0.944823184896","0.944814549127","0.000017573625","","","","",""
"POLISH_LUCENE_MORFOLOGIK_FILTER","PL_PL","pl-pl-unimorph","1.0.0","8191ed727097839cc808cbc5c56a1bd78b3c851e7733ad226ad9a51519a54721","LOWERCASE_GROUPS_ONLY","PRIMARY_OUTPUT","9846","119451","1","119451","0","1","119451","15277","996176","76097","114581","7133024121","76097","7133100218","0.001067","114581","1110757","10.315578","0.929032065528","0.896844224254","0.999989331848","0.999973272728","0.948416778051","0.922410978529","0.912654429852","0.903102115370","0.839341654492","0.912796276349","0.912782956155","0.000026727272","","","","",""
"POLISH_LUCENE_MORFOLOGIK_FILTER","PL_PL","pl-pl-unimorph","1.0.0","8191ed727097839cc808cbc5c56a1bd78b3c851e7733ad226ad9a51519a54721","LOWERCASE_GROUPS_ONLY","ANY_CANDIDATE","9846","119451","1","107785","11666","5","132279","16044","","","","","73019","7133100218","0.001024","27489","1110757","2.474799","","","","","","","","","","","","","","","","",""
"POLISH_LUCENE_MORFOLOGIK_FILTER","PL_PL","pl-pl-unimorph","1.0.0","8191ed727097839cc808cbc5c56a1bd78b3c851e7733ad226ad9a51519a54721","LOWERCASE_GROUPS_ONLY","ALL_CANDIDATES","9846","119451","1","107785","11666","5","132279","16044","1083268","100503","27489","7132999715","100503","7133100218","0.001409","27489","1110757","2.474799","0.915099288629","0.975252012816","0.999985910334","0.999982059404","0.987618961575","0.926528792008","0.944218593105","0.962597028968","0.894331522547","0.944697000716","0.944688187384","0.000017940596","","","","",""
"POLISH_LUCENE_STEMPEL_DIRECT","PL_PL","pl-pl-unimorph","1.0.0","8191ed727097839cc808cbc5c56a1bd78b3c851e7733ad226ad9a51519a54721","ALL_WORDS","PRIMARY_OUTPUT","9990","120867","1","120867","0","1","120867","31432","794690","43990","322383","7303194348","43990","7303238338","0.000602","322383","1117073","28.859618","0.947548528640","0.711403820520","0.999993976645","0.999949841844","0.855698898582","0.888558571472","0.812669084491","0.748722623749","0.684450370049","0.821029623950","0.821007024526","0.000050158156","","","","",""
"POLISH_LUCENE_STEMPEL_DIRECT","PL_PL","pl-pl-unimorph","1.0.0","8191ed727097839cc808cbc5c56a1bd78b3c851e7733ad226ad9a51519a54721","LOWERCASE_GROUPS_ONLY","PRIMARY_OUTPUT","9846","119451","1","119451","0","1","119451","30830","791610","43601","319147","7133056617","43601","7133100218","0.000611","319147","1110757","28.732387","0.947796425095","0.712676129883","0.999993887511","0.999949153732","0.856335008697","0.889129551368","0.813589945981","0.749880784102","0.685757797841","0.821870968068","0.821848045519","0.000050846268","","","","",""
"POLISH_LUCENE_STEMPEL_FILTER","PL_PL","pl-pl-unimorph","1.0.0","8191ed727097839cc808cbc5c56a1bd78b3c851e7733ad226ad9a51519a54721","ALL_WORDS","PRIMARY_OUTPUT","9990","120867","1","120867","0","1","120867","31432","794690","43990","322383","7303194348","43990","7303238338","0.000602","322383","1117073","28.859618","0.947548528640","0.711403820520","0.999993976645","0.999949841844","0.855698898582","0.888558571472","0.812669084491","0.748722623749","0.684450370049","0.821029623950","0.821007024526","0.000050158156","","","","",""
"POLISH_LUCENE_STEMPEL_FILTER","PL_PL","pl-pl-unimorph","1.0.0","8191ed727097839cc808cbc5c56a1bd78b3c851e7733ad226ad9a51519a54721","LOWERCASE_GROUPS_ONLY","PRIMARY_OUTPUT","9846","119451","1","119451","0","1","119451","30830","791610","43601","319147","7133056617","43601","7133100218","0.000611","319147","1110757","28.732387","0.947796425095","0.712676129883","0.999993887511","0.999949153732","0.856335008697","0.889129551368","0.813589945981","0.749880784102","0.685757797841","0.821870968068","0.821848045519","0.000050846268","","","","",""
"POLISH_RADIXOR","PL_PL","pl-pl-unimorph","1.0.0","8191ed727097839cc808cbc5c56a1bd78b3c851e7733ad226ad9a51519a54721","ALL_WORDS","PRIMARY_OUTPUT","9990","120867","1","120867","0","1","120867","10074","1097200","0","19873","7303238338","0","7303238338","0.000000","19873","1117073","1.779024","1.000000000000","0.982209757106","1.000000000000","0.999997279294","0.991104878553","0.996390581475","0.991025045241","0.985716986027","0.982209757106","0.991064961093","0.991063612692","0.000002720706","","","","",""
"POLISH_RADIXOR","PL_PL","pl-pl-unimorph","1.0.0","8191ed727097839cc808cbc5c56a1bd78b3c851e7733ad226ad9a51519a54721","ALL_WORDS","ANY_CANDIDATE","9990","120867","1","119475","1392","4","122430","10079","","","","","0","7303238338","0.000000","0","1117073","0.000000","","","","","","","","","","","","","","","","",""
"POLISH_RADIXOR","PL_PL","pl-pl-unimorph","1.0.0","8191ed727097839cc808cbc5c56a1bd78b3c851e7733ad226ad9a51519a54721","ALL_WORDS","ALL_CANDIDATES","9990","120867","1","119475","1392","4","122430","10079","1117073","0","0","7303238338","0","7303238338","0.000000","0","1117073","0.000000","1.000000000000","1.000000000000","1.000000000000","1.000000000000","1.000000000000","1.000000000000","1.000000000000","1.000000000000","1.000000000000","1.000000000000","1.000000000000","0.000000000000","","","","",""
"POLISH_RADIXOR","PL_PL","pl-pl-unimorph","1.0.0","8191ed727097839cc808cbc5c56a1bd78b3c851e7733ad226ad9a51519a54721","LOWERCASE_GROUPS_ONLY","PRIMARY_OUTPUT","9846","119451","1","119451","0","1","119451","9844","1091431","0","19326","7133100218","0","7133100218","0.000000","19326","1110757","1.739895","1.000000000000","0.982601054956","1.000000000000","0.999997291081","0.991300527478","0.996471091564","0.991224182495","0.986032239104","0.982601054956","0.991262354251","0.991261011420","0.000002708919","","","","",""
"POLISH_RADIXOR","PL_PL","pl-pl-unimorph","1.0.0","8191ed727097839cc808cbc5c56a1bd78b3c851e7733ad226ad9a51519a54721","LOWERCASE_GROUPS_ONLY","ANY_CANDIDATE","9846","119451","1","118145","1306","4","120926","9847","","","","","0","7133100218","0.000000","0","1110757","0.000000","","","","","","","","","","","","","","","","",""
"POLISH_RADIXOR","PL_PL","pl-pl-unimorph","1.0.0","8191ed727097839cc808cbc5c56a1bd78b3c851e7733ad226ad9a51519a54721","LOWERCASE_GROUPS_ONLY","ALL_CANDIDATES","9846","119451","1","118145","1306","4","120926","9847","1110757","0","0","7133100218","0","7133100218","0.000000","0","1110757","0.000000","1.000000000000","1.000000000000","1.000000000000","1.000000000000","1.000000000000","1.000000000000","1.000000000000","1.000000000000","1.000000000000","1.000000000000","1.000000000000","0.000000000000","","","","",""
"PORTUGUESE_LUCENE_PORTUGUESE_LIGHT_STEM_FILTER","PT_PT","pt-pt-default","1.0.0","7a035ff330a6f0548f446cd0d6617bc1cf4751292125a3564d3a255c5d6f516d","ALL_WORDS","PRIMARY_OUTPUT","4001","211091","0","211091","0","1","211091","112814","149580","1249","5336772","22274111994","1249","22274113243","0.000006","5336772","5486352","97.273598","0.991719099112","0.027264018058","0.999999943926","0.999760407678","0.513631980992","0.122814577084","0.053069078321","0.033847392205","0.027257812658","0.164433109277","0.164413080578","0.000239592322","","","","",""
"PORTUGUESE_LUCENE_PORTUGUESE_LIGHT_STEM_FILTER","PT_PT","pt-pt-default","1.0.0","7a035ff330a6f0548f446cd0d6617bc1cf4751292125a3564d3a255c5d6f516d","LOWERCASE_GROUPS_ONLY","PRIMARY_OUTPUT","4001","211091","0","211091","0","1","211091","112814","149580","1249","5336772","22274111994","1249","22274113243","0.000006","5336772","5486352","97.273598","0.991719099112","0.027264018058","0.999999943926","0.999760407678","0.513631980992","0.122814577084","0.053069078321","0.033847392205","0.027257812658","0.164433109277","0.164413080578","0.000239592322","","","","",""
"PORTUGUESE_LUCENE_PORTUGUESE_MINIMAL_STEM_FILTER","PT_PT","pt-pt-default","1.0.0","7a035ff330a6f0548f446cd0d6617bc1cf4751292125a3564d3a255c5d6f516d","ALL_WORDS","PRIMARY_OUTPUT","4001","211091","0","211091","0","1","211091","167745","43329","17","5443023","22274113226","17","22274113243","0.000000","5443023","5486352","99.210240","0.999607806949","0.007897597529","0.999999999237","0.999755693994","0.503948798383","0.038278287185","0.015671380245","0.009852536437","0.007897573058","0.088850999693","0.088840137075","0.000244306006","","","","",""
"PORTUGUESE_LUCENE_PORTUGUESE_MINIMAL_STEM_FILTER","PT_PT","pt-pt-default","1.0.0","7a035ff330a6f0548f446cd0d6617bc1cf4751292125a3564d3a255c5d6f516d","LOWERCASE_GROUPS_ONLY","PRIMARY_OUTPUT","4001","211091","0","211091","0","1","211091","167745","43329","17","5443023","22274113226","17","22274113243","0.000000","5443023","5486352","99.210240","0.999607806949","0.007897597529","0.999999999237","0.999755693994","0.503948798383","0.038278287185","0.015671380245","0.009852536437","0.007897573058","0.088850999693","0.088840137075","0.000244306006","","","","",""
"PORTUGUESE_LUCENE_PORTUGUESE_STEM_FILTER","PT_PT","pt-pt-default","1.0.0","7a035ff330a6f0548f446cd0d6617bc1cf4751292125a3564d3a255c5d6f516d","ALL_WORDS","PRIMARY_OUTPUT","4001","211091","0","211091","0","1","211091","27586","3802658","80995","1683694","22274032248","80995","22274113243","0.000364","1683694","5486352","30.688771","0.979144635218","0.693112290280","0.999996363716","0.999920793505","0.846554326998","0.904491820642","0.811666162398","0.736120062592","0.683028738823","0.823806518930","0.823772560883","0.000079206495","","","","",""
"PORTUGUESE_LUCENE_PORTUGUESE_STEM_FILTER","PT_PT","pt-pt-default","1.0.0","7a035ff330a6f0548f446cd0d6617bc1cf4751292125a3564d3a255c5d6f516d","LOWERCASE_GROUPS_ONLY","PRIMARY_OUTPUT","4001","211091","0","211091","0","1","211091","27586","3802658","80995","1683694","22274032248","80995","22274113243","0.000364","1683694","5486352","30.688771","0.979144635218","0.693112290280","0.999996363716","0.999920793505","0.846554326998","0.904491820642","0.811666162398","0.736120062592","0.683028738823","0.823806518930","0.823772560883","0.000079206495","","","","",""
"PORTUGUESE_RADIXOR","PT_PT","pt-pt-default","1.0.0","7a035ff330a6f0548f446cd0d6617bc1cf4751292125a3564d3a255c5d6f516d","ALL_WORDS","PRIMARY_OUTPUT","4001","211091","0","211091","0","1","211091","4001","5470353","0","15999","22274113243","0","22274113243","0.000000","15999","5486352","0.291615","1.000000000000","0.997083854627","1.000000000000","0.999999281899","0.998541927313","0.999415407119","0.998539798233","0.997665722283","0.997083854627","0.998540862773","0.998540504158","0.000000718101","","","","",""
"PORTUGUESE_RADIXOR","PT_PT","pt-pt-default","1.0.0","7a035ff330a6f0548f446cd0d6617bc1cf4751292125a3564d3a255c5d6f516d","ALL_WORDS","ANY_CANDIDATE","4001","211091","0","210699","392","3","211489","4001","","","","","0","22274113243","0.000000","0","5486352","0.000000","","","","","","","","","","","","","","","","",""
"PORTUGUESE_RADIXOR","PT_PT","pt-pt-default","1.0.0","7a035ff330a6f0548f446cd0d6617bc1cf4751292125a3564d3a255c5d6f516d","ALL_WORDS","ALL_CANDIDATES","4001","211091","0","210699","392","3","211489","4001","5486352","0","0","22274113243","0","22274113243","0.000000","0","5486352","0.000000","1.000000000000","1.000000000000","1.000000000000","1.000000000000","1.000000000000","1.000000000000","1.000000000000","1.000000000000","1.000000000000","1.000000000000","1.000000000000","0.000000000000","","","","",""
"PORTUGUESE_RADIXOR","PT_PT","pt-pt-default","1.0.0","7a035ff330a6f0548f446cd0d6617bc1cf4751292125a3564d3a255c5d6f516d","LOWERCASE_GROUPS_ONLY","PRIMARY_OUTPUT","4001","211091","0","211091","0","1","211091","4001","5470353","0","15999","22274113243","0","22274113243","0.000000","15999","5486352","0.291615","1.000000000000","0.997083854627","1.000000000000","0.999999281899","0.998541927313","0.999415407119","0.998539798233","0.997665722283","0.997083854627","0.998540862773","0.998540504158","0.000000718101","","","","",""
"PORTUGUESE_RADIXOR","PT_PT","pt-pt-default","1.0.0","7a035ff330a6f0548f446cd0d6617bc1cf4751292125a3564d3a255c5d6f516d","LOWERCASE_GROUPS_ONLY","ANY_CANDIDATE","4001","211091","0","210699","392","3","211489","4001","","","","","0","22274113243","0.000000","0","5486352","0.000000","","","","","","","","","","","","","","","","",""
"PORTUGUESE_RADIXOR","PT_PT","pt-pt-default","1.0.0","7a035ff330a6f0548f446cd0d6617bc1cf4751292125a3564d3a255c5d6f516d","LOWERCASE_GROUPS_ONLY","ALL_CANDIDATES","4001","211091","0","210699","392","3","211489","4001","5486352","0","0","22274113243","0","22274113243","0.000000","0","5486352","0.000000","1.000000000000","1.000000000000","1.000000000000","1.000000000000","1.000000000000","1.000000000000","1.000000000000","1.000000000000","1.000000000000","1.000000000000","1.000000000000","0.000000000000","","","","",""
"PS_AF_RADIXOR","PS_AF","ps-af-default","1.0.0","104ddc76f34a17c4f16719280c5fe6e11d7c0a6cea2c79f99226bdb667aebbc5","ALL_WORDS","PRIMARY_OUTPUT","381","2945","10","2945","0","1","2945","381","27734","0","2703","4304603","0","4304603","0.000000","2703","30437","8.880639","1.000000000000","0.911193613037","1.000000000000","0.999376476342","0.955596806518","0.980880366124","0.953533547644","0.927670221164","0.911193613037","0.954564619623","0.954265059633","0.000623523658","","","","",""
"PS_AF_RADIXOR","PS_AF","ps-af-default","1.0.0","104ddc76f34a17c4f16719280c5fe6e11d7c0a6cea2c79f99226bdb667aebbc5","ALL_WORDS","ANY_CANDIDATE","381","2945","10","2900","45","39","3064","381","","","","","0","4304603","0.000000","0","30437","0.000000","","","","","","","","","","","","","","","","",""
"PS_AF_RADIXOR","PS_AF","ps-af-default","1.0.0","104ddc76f34a17c4f16719280c5fe6e11d7c0a6cea2c79f99226bdb667aebbc5","ALL_WORDS","ALL_CANDIDATES","381","2945","10","2900","45","39","3064","381","30437","0","0","4304603","0","4304603","0.000000","0","30437","0.000000","1.000000000000","1.000000000000","1.000000000000","1.000000000000","1.000000000000","1.000000000000","1.000000000000","1.000000000000","1.000000000000","1.000000000000","1.000000000000","0.000000000000","","","","",""
"PS_AF_RADIXOR","PS_AF","ps-af-default","1.0.0","104ddc76f34a17c4f16719280c5fe6e11d7c0a6cea2c79f99226bdb667aebbc5","LOWERCASE_GROUPS_ONLY","PRIMARY_OUTPUT","381","2945","10","2945","0","1","2945","381","27734","0","2703","4304603","0","4304603","0.000000","2703","30437","8.880639","1.000000000000","0.911193613037","1.000000000000","0.999376476342","0.955596806518","0.980880366124","0.953533547644","0.927670221164","0.911193613037","0.954564619623","0.954265059633","0.000623523658","","","","",""
"PS_AF_RADIXOR","PS_AF","ps-af-default","1.0.0","104ddc76f34a17c4f16719280c5fe6e11d7c0a6cea2c79f99226bdb667aebbc5","LOWERCASE_GROUPS_ONLY","ANY_CANDIDATE","381","2945","10","2900","45","39","3064","381","","","","","0","4304603","0.000000","0","30437","0.000000","","","","","","","","","","","","","","","","",""
"PS_AF_RADIXOR","PS_AF","ps-af-default","1.0.0","104ddc76f34a17c4f16719280c5fe6e11d7c0a6cea2c79f99226bdb667aebbc5","LOWERCASE_GROUPS_ONLY","ALL_CANDIDATES","381","2945","10","2900","45","39","3064","381","30437","0","0","4304603","0","4304603","0.000000","0","30437","0.000000","1.000000000000","1.000000000000","1.000000000000","1.000000000000","1.000000000000","1.000000000000","1.000000000000","1.000000000000","1.000000000000","1.000000000000","1.000000000000","0.000000000000","","","","",""
"QUE_RADIXOR","QUE","que-default","1.0.0","2a9eb15b84f19ccfbfeb0b323fb93267109f49968914e5723f155f72db1188b8","ALL_WORDS","PRIMARY_OUTPUT","1003","147914","0","147914","0","1","147914","1003","17256377","0","466632","10921478732","0","10921478732","0.000000","466632","17723009","2.632916","1.000000000000","0.973670836594","1.000000000000","0.999957343140","0.986835418297","0.994620864815","0.986659800146","0.978825166143","0.973670836594","0.986747605315","0.986726526060","0.000042656860","","","","",""
"QUE_RADIXOR","QUE","que-default","1.0.0","2a9eb15b84f19ccfbfeb0b323fb93267109f49968914e5723f155f72db1188b8","ALL_WORDS","ANY_CANDIDATE","1003","147914","0","145571","2343","3","150259","1003","","","","","0","10921478732","0.000000","0","17723009","0.000000","","","","","","","","","","","","","","","","",""
"QUE_RADIXOR","QUE","que-default","1.0.0","2a9eb15b84f19ccfbfeb0b323fb93267109f49968914e5723f155f72db1188b8","ALL_WORDS","ALL_CANDIDATES","1003","147914","0","145571","2343","3","150259","1003","17723009","0","0","10921478732","0","10921478732","0.000000","0","17723009","0.000000","1.000000000000","1.000000000000","1.000000000000","1.000000000000","1.000000000000","1.000000000000","1.000000000000","1.000000000000","1.000000000000","1.000000000000","1.000000000000","0.000000000000","","","","",""
"QUE_RADIXOR","QUE","que-default","1.0.0","2a9eb15b84f19ccfbfeb0b323fb93267109f49968914e5723f155f72db1188b8","LOWERCASE_GROUPS_ONLY","PRIMARY_OUTPUT","1003","147914","0","147914","0","1","147914","1003","17256377","0","466632","10921478732","0","10921478732","0.000000","466632","17723009","2.632916","1.000000000000","0.973670836594","1.000000000000","0.999957343140","0.986835418297","0.994620864815","0.986659800146","0.978825166143","0.973670836594","0.986747605315","0.986726526060","0.000042656860","","","","",""
"QUE_RADIXOR","QUE","que-default","1.0.0","2a9eb15b84f19ccfbfeb0b323fb93267109f49968914e5723f155f72db1188b8","LOWERCASE_GROUPS_ONLY","ANY_CANDIDATE","1003","147914","0","145571","2343","3","150259","1003","","","","","0","10921478732","0.000000","0","17723009","0.000000","","","","","","","","","","","","","","","","",""
"QUE_RADIXOR","QUE","que-default","1.0.0","2a9eb15b84f19ccfbfeb0b323fb93267109f49968914e5723f155f72db1188b8","LOWERCASE_GROUPS_ONLY","ALL_CANDIDATES","1003","147914","0","145571","2343","3","150259","1003","17723009","0","0","10921478732","0","10921478732","0.000000","0","17723009","0.000000","1.000000000000","1.000000000000","1.000000000000","1.000000000000","1.000000000000","1.000000000000","1.000000000000","1.000000000000","1.000000000000","1.000000000000","1.000000000000","0.000000000000","","","","",""
"RO_RO_RADIXOR","RO_RO","ro-ro-default","1.0.0","94637c539437fd719436ded52fdef0a5271fc0b91e306efcd7e4fa8deadf6e79","ALL_WORDS","PRIMARY_OUTPUT","4387","48565","10","48565","0","1","48565","4380","367591","0","4152","1178883587","0","1178883587","0.000000","4152","371743","1.116901","1.000000000000","0.988830993455","1.000000000000","0.999996479134","0.994415496728","0.997746059268","0.994384134911","0.991044790606","0.988830993455","0.994399815695","0.994398064574","0.000003520866","","","","",""
"RO_RO_RADIXOR","RO_RO","ro-ro-default","1.0.0","94637c539437fd719436ded52fdef0a5271fc0b91e306efcd7e4fa8deadf6e79","ALL_WORDS","ANY_CANDIDATE","4387","48565","10","48163","402","3","48969","4387","","","","","0","1178883587","0.000000","0","371743","0.000000","","","","","","","","","","","","","","","","",""
"RO_RO_RADIXOR","RO_RO","ro-ro-default","1.0.0","94637c539437fd719436ded52fdef0a5271fc0b91e306efcd7e4fa8deadf6e79","ALL_WORDS","ALL_CANDIDATES","4387","48565","10","48163","402","3","48969","4387","371743","0","0","1178883587","0","1178883587","0.000000","0","371743","0.000000","1.000000000000","1.000000000000","1.000000000000","1.000000000000","1.000000000000","1.000000000000","1.000000000000","1.000000000000","1.000000000000","1.000000000000","1.000000000000","0.000000000000","","","","",""
"RO_RO_RADIXOR","RO_RO","ro-ro-default","1.0.0","94637c539437fd719436ded52fdef0a5271fc0b91e306efcd7e4fa8deadf6e79","LOWERCASE_GROUPS_ONLY","PRIMARY_OUTPUT","4387","48565","10","48565","0","1","48565","4380","367591","0","4152","1178883587","0","1178883587","0.000000","4152","371743","1.116901","1.000000000000","0.988830993455","1.000000000000","0.999996479134","0.994415496728","0.997746059268","0.994384134911","0.991044790606","0.988830993455","0.994399815695","0.994398064574","0.000003520866","","","","",""
"RO_RO_RADIXOR","RO_RO","ro-ro-default","1.0.0","94637c539437fd719436ded52fdef0a5271fc0b91e306efcd7e4fa8deadf6e79","LOWERCASE_GROUPS_ONLY","ANY_CANDIDATE","4387","48565","10","48163","402","3","48969","4387","","","","","0","1178883587","0.000000","0","371743","0.000000","","","","","","","","","","","","","","","","",""
"RO_RO_RADIXOR","RO_RO","ro-ro-default","1.0.0","94637c539437fd719436ded52fdef0a5271fc0b91e306efcd7e4fa8deadf6e79","LOWERCASE_GROUPS_ONLY","ALL_CANDIDATES","4387","48565","10","48163","402","3","48969","4387","371743","0","0","1178883587","0","1178883587","0.000000","0","371743","0.000000","1.000000000000","1.000000000000","1.000000000000","1.000000000000","1.000000000000","1.000000000000","1.000000000000","1.000000000000","1.000000000000","1.000000000000","1.000000000000","0.000000000000","","","","",""
"RUSSIAN_LUCENE_RUSSIAN_LIGHT_STEM_FILTER","RU_RU","ru-ru-default","1.0.0","df7ea25e63a875eeec7a4185be685bd5372a3c568db85c34c44fdf5d8d980a40","ALL_WORDS","PRIMARY_OUTPUT","37410","759333","10","759333","0","1","759333","232250","3036212","170067","10001394","288279715105","170067","288279885172","0.000059","10001394","13037606","76.711890","0.946958140574","0.232881097956","0.999999410063","0.999964718312","0.616440254010","0.586986164875","0.373828305236","0.274240682289","0.229882432734","0.469604782232","0.469595585287","0.000035281688","","","","",""
"RUSSIAN_LUCENE_RUSSIAN_LIGHT_STEM_FILTER","RU_RU","ru-ru-default","1.0.0","df7ea25e63a875eeec7a4185be685bd5372a3c568db85c34c44fdf5d8d980a40","LOWERCASE_GROUPS_ONLY","PRIMARY_OUTPUT","37297","758584","10","758584","0","1","758584","232143","3034033","167825","10001194","287711260184","167825","287711428009","0.000058","10001194","13035227","76.724356","0.947585120889","0.232756437613","0.999999416690","0.999964657093","0.616377927152","0.587020283013","0.373716464501","0.274112880444","0.229797852799","0.469634471769","0.469625269488","0.000035342907","","","","",""
"RUSSIAN_RADIXOR","RU_RU","ru-ru-default","1.0.0","df7ea25e63a875eeec7a4185be685bd5372a3c568db85c34c44fdf5d8d980a40","ALL_WORDS","PRIMARY_OUTPUT","37410","759333","10","759333","0","1","759333","37561","12781761","0","255845","288279885172","0","288279885172","0.000000","255845","13037606","1.962362","1.000000000000","0.980376381983","1.000000000000","0.999999112552","0.990188190992","0.996012679879","0.990090965437","0.984239248995","0.980376381983","0.990139577021","0.990139137653","0.000000887448","","","","",""
"RUSSIAN_RADIXOR","RU_RU","ru-ru-default","1.0.0","df7ea25e63a875eeec7a4185be685bd5372a3c568db85c34c44fdf5d8d980a40","ALL_WORDS","ANY_CANDIDATE","37410","759333","10","749720","9613","4","769106","37593","","","","","0","288279885172","0.000000","13","13037606","0.000100","","","","","","","","","","","","","","","","",""
"RUSSIAN_RADIXOR","RU_RU","ru-ru-default","1.0.0","df7ea25e63a875eeec7a4185be685bd5372a3c568db85c34c44fdf5d8d980a40","ALL_WORDS","ALL_CANDIDATES","37410","759333","10","749720","9613","4","769106","37593","13037593","0","13","288279885172","0","288279885172","0.000000","13","13037606","0.000100","1.000000000000","0.999999002884","1.000000000000","0.999999999955","0.999999501442","0.999999800577","0.999999501442","0.999999202307","0.999999002884","0.999999501442","0.999999501420","0.000000000045","","","","",""
"RUSSIAN_RADIXOR","RU_RU","ru-ru-default","1.0.0","df7ea25e63a875eeec7a4185be685bd5372a3c568db85c34c44fdf5d8d980a40","LOWERCASE_GROUPS_ONLY","PRIMARY_OUTPUT","37297","758584","10","758584","0","1","758584","37282","12780071","0","255156","287711428009","0","287711428009","0.000000","255156","13035227","1.957434","1.000000000000","0.980425657336","1.000000000000","0.999999113193","0.990212828668","0.996022851412","0.990116093179","0.984278980143","0.980425657336","0.990164459742","0.990164020680","0.000000886807","","","","",""
"RUSSIAN_RADIXOR","RU_RU","ru-ru-default","1.0.0","df7ea25e63a875eeec7a4185be685bd5372a3c568db85c34c44fdf5d8d980a40","LOWERCASE_GROUPS_ONLY","ANY_CANDIDATE","37297","758584","10","749142","9442","4","768163","37306","","","","","0","287711428009","0.000000","0","13035227","0.000000","","","","","","","","","","","","","","","","",""
"RUSSIAN_RADIXOR","RU_RU","ru-ru-default","1.0.0","df7ea25e63a875eeec7a4185be685bd5372a3c568db85c34c44fdf5d8d980a40","LOWERCASE_GROUPS_ONLY","ALL_CANDIDATES","37297","758584","10","749142","9442","4","768163","37306","13035227","0","0","287711428009","0","287711428009","0.000000","0","13035227","0.000000","1.000000000000","1.000000000000","1.000000000000","1.000000000000","1.000000000000","1.000000000000","1.000000000000","1.000000000000","1.000000000000","1.000000000000","1.000000000000","0.000000000000","","","","",""
"SDH_RADIXOR","SDH","sdh-default","1.0.0","e50b3b8a342c09a07b5df99de263246617724188cb7176420ebaf34cab1ea89b","ALL_WORDS","PRIMARY_OUTPUT","1","165","0","165","0","1","165","1","13530","0","0","0","0","0","","0","13530","0.000000","1.000000000000","1.000000000000","","1.000000000000","","1.000000000000","1.000000000000","1.000000000000","1.000000000000","1.000000000000","","0.000000000000","","","","",""
"SDH_RADIXOR","SDH","sdh-default","1.0.0","e50b3b8a342c09a07b5df99de263246617724188cb7176420ebaf34cab1ea89b","ALL_WORDS","ANY_CANDIDATE","1","165","0","165","0","1","165","1","","","","","0","0","","0","13530","0.000000","","","","","","","","","","","","","","","","",""
"SDH_RADIXOR","SDH","sdh-default","1.0.0","e50b3b8a342c09a07b5df99de263246617724188cb7176420ebaf34cab1ea89b","ALL_WORDS","ALL_CANDIDATES","1","165","0","165","0","1","165","1","13530","0","0","0","0","0","","0","13530","0.000000","1.000000000000","1.000000000000","","1.000000000000","","1.000000000000","1.000000000000","1.000000000000","1.000000000000","1.000000000000","","0.000000000000","","","","",""
"SDH_RADIXOR","SDH","sdh-default","1.0.0","e50b3b8a342c09a07b5df99de263246617724188cb7176420ebaf34cab1ea89b","LOWERCASE_GROUPS_ONLY","PRIMARY_OUTPUT","1","165","0","165","0","1","165","1","13530","0","0","0","0","0","","0","13530","0.000000","1.000000000000","1.000000000000","","1.000000000000","","1.000000000000","1.000000000000","1.000000000000","1.000000000000","1.000000000000","","0.000000000000","","","","",""
"SDH_RADIXOR","SDH","sdh-default","1.0.0","e50b3b8a342c09a07b5df99de263246617724188cb7176420ebaf34cab1ea89b","LOWERCASE_GROUPS_ONLY","ANY_CANDIDATE","1","165","0","165","0","1","165","1","","","","","0","0","","0","13530","0.000000","","","","","","","","","","","","","","","","",""
"SDH_RADIXOR","SDH","sdh-default","1.0.0","e50b3b8a342c09a07b5df99de263246617724188cb7176420ebaf34cab1ea89b","LOWERCASE_GROUPS_ONLY","ALL_CANDIDATES","1","165","0","165","0","1","165","1","13530","0","0","0","0","0","","0","13530","0.000000","1.000000000000","1.000000000000","","1.000000000000","","1.000000000000","1.000000000000","1.000000000000","1.000000000000","1.000000000000","","0.000000000000","","","","",""
"SEE_RADIXOR","SEE","see-default","1.0.0","ba81e101e0c2f5c2ef6762a3bcae3e9af95b79eedc7dd9a2bacc9216ea70ed65","ALL_WORDS","PRIMARY_OUTPUT","139","5318","0","5318","0","1","5318","139","99438","0","394","14038071","0","14038071","0.000000","394","99832","0.394663","1.000000000000","0.996053369661","1.000000000000","0.999972131652","0.998026684831","0.999208173896","0.998022783159","0.996840201618","0.996053369661","0.998024733993","0.998010728740","0.000027868348","","","","",""
"SEE_RADIXOR","SEE","see-default","1.0.0","ba81e101e0c2f5c2ef6762a3bcae3e9af95b79eedc7dd9a2bacc9216ea70ed65","ALL_WORDS","ANY_CANDIDATE","139","5318","0","5305","13","2","5331","139","","","","","0","14038071","0.000000","0","99832","0.000000","","","","","","","","","","","","","","","","",""
"SEE_RADIXOR","SEE","see-default","1.0.0","ba81e101e0c2f5c2ef6762a3bcae3e9af95b79eedc7dd9a2bacc9216ea70ed65","ALL_WORDS","ALL_CANDIDATES","139","5318","0","5305","13","2","5331","139","99832","0","0","14038071","0","14038071","0.000000","0","99832","0.000000","1.000000000000","1.000000000000","1.000000000000","1.000000000000","1.000000000000","1.000000000000","1.000000000000","1.000000000000","1.000000000000","1.000000000000","1.000000000000","0.000000000000","","","","",""
"SEE_RADIXOR","SEE","see-default","1.0.0","ba81e101e0c2f5c2ef6762a3bcae3e9af95b79eedc7dd9a2bacc9216ea70ed65","LOWERCASE_GROUPS_ONLY","PRIMARY_OUTPUT","139","5318","0","5318","0","1","5318","139","99438","0","394","14038071","0","14038071","0.000000","394","99832","0.394663","1.000000000000","0.996053369661","1.000000000000","0.999972131652","0.998026684831","0.999208173896","0.998022783159","0.996840201618","0.996053369661","0.998024733993","0.998010728740","0.000027868348","","","","",""
"SEE_RADIXOR","SEE","see-default","1.0.0","ba81e101e0c2f5c2ef6762a3bcae3e9af95b79eedc7dd9a2bacc9216ea70ed65","LOWERCASE_GROUPS_ONLY","ANY_CANDIDATE","139","5318","0","5305","13","2","5331","139","","","","","0","14038071","0.000000","0","99832","0.000000","","","","","","","","","","","","","","","","",""
"SEE_RADIXOR","SEE","see-default","1.0.0","ba81e101e0c2f5c2ef6762a3bcae3e9af95b79eedc7dd9a2bacc9216ea70ed65","LOWERCASE_GROUPS_ONLY","ALL_CANDIDATES","139","5318","0","5305","13","2","5331","139","99832","0","0","14038071","0","14038071","0.000000","0","99832","0.000000","1.000000000000","1.000000000000","1.000000000000","1.000000000000","1.000000000000","1.000000000000","1.000000000000","1.000000000000","1.000000000000","1.000000000000","1.000000000000","0.000000000000","","","","",""
"SGA_RADIXOR","SGA","sga-default","1.0.0","d5a1f169cfb32c134e287b98a652ffce1a43f71f856a3e875a60475ba0d0989b","ALL_WORDS","PRIMARY_OUTPUT","49","934","0","934","0","1","934","49","14488","0","62","421161","0","421161","0.000000","62","14550","0.426117","1.000000000000","0.995738831615","1.000000000000","0.999857703845","0.997869415808","0.999144851177","0.997864866726","0.996588157605","0.995738831615","0.997867141264","0.997793700308","0.000142296155","","","","",""
"SGA_RADIXOR","SGA","sga-default","1.0.0","d5a1f169cfb32c134e287b98a652ffce1a43f71f856a3e875a60475ba0d0989b","ALL_WORDS","ANY_CANDIDATE","49","934","0","932","2","2","936","49","","","","","0","421161","0.000000","0","14550","0.000000","","","","","","","","","","","","","","","","",""
"SGA_RADIXOR","SGA","sga-default","1.0.0","d5a1f169cfb32c134e287b98a652ffce1a43f71f856a3e875a60475ba0d0989b","ALL_WORDS","ALL_CANDIDATES","49","934","0","932","2","2","936","49","14550","0","0","421161","0","421161","0.000000","0","14550","0.000000","1.000000000000","1.000000000000","1.000000000000","1.000000000000","1.000000000000","1.000000000000","1.000000000000","1.000000000000","1.000000000000","1.000000000000","1.000000000000","0.000000000000","","","","",""
"SGA_RADIXOR","SGA","sga-default","1.0.0","d5a1f169cfb32c134e287b98a652ffce1a43f71f856a3e875a60475ba0d0989b","LOWERCASE_GROUPS_ONLY","PRIMARY_OUTPUT","49","934","0","934","0","1","934","49","14488","0","62","421161","0","421161","0.000000","62","14550","0.426117","1.000000000000","0.995738831615","1.000000000000","0.999857703845","0.997869415808","0.999144851177","0.997864866726","0.996588157605","0.995738831615","0.997867141264","0.997793700308","0.000142296155","","","","",""
"SGA_RADIXOR","SGA","sga-default","1.0.0","d5a1f169cfb32c134e287b98a652ffce1a43f71f856a3e875a60475ba0d0989b","LOWERCASE_GROUPS_ONLY","ANY_CANDIDATE","49","934","0","932","2","2","936","49","","","","","0","421161","0.000000","0","14550","0.000000","","","","","","","","","","","","","","","","",""
"SGA_RADIXOR","SGA","sga-default","1.0.0","d5a1f169cfb32c134e287b98a652ffce1a43f71f856a3e875a60475ba0d0989b","LOWERCASE_GROUPS_ONLY","ALL_CANDIDATES","49","934","0","932","2","2","936","49","14550","0","0","421161","0","421161","0.000000","0","14550","0.000000","1.000000000000","1.000000000000","1.000000000000","1.000000000000","1.000000000000","1.000000000000","1.000000000000","1.000000000000","1.000000000000","1.000000000000","1.000000000000","0.000000000000","","","","",""
"SHP_RADIXOR","SHP","shp-default","1.0.0","213ad85c4a6b892750c90ed6bdbead05a64e56dd2091ad203a47d2b84198bc9b","ALL_WORDS","PRIMARY_OUTPUT","1999","7729","0","7729","0","1","7729","1978","11506","0","512","29852838","0","29852838","0.000000","512","12018","4.260276","1.000000000000","0.957397237477","1.000000000000","0.999982856104","0.978698618739","0.991178801557","0.978234994049","0.965624895096","0.957397237477","0.978466778934","0.978458388299","0.000017143896","","","","",""
"SHP_RADIXOR","SHP","shp-default","1.0.0","213ad85c4a6b892750c90ed6bdbead05a64e56dd2091ad203a47d2b84198bc9b","ALL_WORDS","ANY_CANDIDATE","1999","7729","0","7564","165","21","7972","1999","","","","","0","29852838","0.000000","0","12018","0.000000","","","","","","","","","","","","","","","","",""
"SHP_RADIXOR","SHP","shp-default","1.0.0","213ad85c4a6b892750c90ed6bdbead05a64e56dd2091ad203a47d2b84198bc9b","ALL_WORDS","ALL_CANDIDATES","1999","7729","0","7564","165","21","7972","1999","12018","0","0","29852838","0","29852838","0.000000","0","12018","0.000000","1.000000000000","1.000000000000","1.000000000000","1.000000000000","1.000000000000","1.000000000000","1.000000000000","1.000000000000","1.000000000000","1.000000000000","1.000000000000","0.000000000000","","","","",""
"SHP_RADIXOR","SHP","shp-default","1.0.0","213ad85c4a6b892750c90ed6bdbead05a64e56dd2091ad203a47d2b84198bc9b","LOWERCASE_GROUPS_ONLY","PRIMARY_OUTPUT","1999","7729","0","7729","0","1","7729","1978","11506","0","512","29852838","0","29852838","0.000000","512","12018","4.260276","1.000000000000","0.957397237477","1.000000000000","0.999982856104","0.978698618739","0.991178801557","0.978234994049","0.965624895096","0.957397237477","0.978466778934","0.978458388299","0.000017143896","","","","",""
"SHP_RADIXOR","SHP","shp-default","1.0.0","213ad85c4a6b892750c90ed6bdbead05a64e56dd2091ad203a47d2b84198bc9b","LOWERCASE_GROUPS_ONLY","ANY_CANDIDATE","1999","7729","0","7564","165","21","7972","1999","","","","","0","29852838","0.000000","0","12018","0.000000","","","","","","","","","","","","","","","","",""
"SHP_RADIXOR","SHP","shp-default","1.0.0","213ad85c4a6b892750c90ed6bdbead05a64e56dd2091ad203a47d2b84198bc9b","LOWERCASE_GROUPS_ONLY","ALL_CANDIDATES","1999","7729","0","7564","165","21","7972","1999","12018","0","0","29852838","0","29852838","0.000000","0","12018","0.000000","1.000000000000","1.000000000000","1.000000000000","1.000000000000","1.000000000000","1.000000000000","1.000000000000","1.000000000000","1.000000000000","1.000000000000","1.000000000000","0.000000000000","","","","",""
"SJO_RADIXOR","SJO","sjo-default","1.0.0","ca640317c3b84c98e3d296fe6f2dba266181087135475d1320ba2980c66cb3fc","ALL_WORDS","PRIMARY_OUTPUT","1892","3151","1283","3151","0","1","3151","1886","3816","0","243","4958766","0","4958766","0.000000","243","4059","5.986696","1.000000000000","0.940133037694","1.000000000000","0.999951035952","0.970066518847","0.987424312995","0.969142857143","0.951526032316","0.940133037694","0.969604578008","0.969580821568","0.000048964048","","","","",""
"SJO_RADIXOR","SJO","sjo-default","1.0.0","ca640317c3b84c98e3d296fe6f2dba266181087135475d1320ba2980c66cb3fc","ALL_WORDS","ANY_CANDIDATE","1892","3151","1283","3105","46","2","3197","1892","","","","","0","4958766","0.000000","0","4059","0.000000","","","","","","","","","","","","","","","","",""
"SJO_RADIXOR","SJO","sjo-default","1.0.0","ca640317c3b84c98e3d296fe6f2dba266181087135475d1320ba2980c66cb3fc","ALL_WORDS","ALL_CANDIDATES","1892","3151","1283","3105","46","2","3197","1892","4059","0","0","4958766","0","4958766","0.000000","0","4059","0.000000","1.000000000000","1.000000000000","1.000000000000","1.000000000000","1.000000000000","1.000000000000","1.000000000000","1.000000000000","1.000000000000","1.000000000000","1.000000000000","0.000000000000","","","","",""
"SJO_RADIXOR","SJO","sjo-default","1.0.0","ca640317c3b84c98e3d296fe6f2dba266181087135475d1320ba2980c66cb3fc","LOWERCASE_GROUPS_ONLY","PRIMARY_OUTPUT","1892","3151","1283","3151","0","1","3151","1886","3816","0","243","4958766","0","4958766","0.000000","243","4059","5.986696","1.000000000000","0.940133037694","1.000000000000","0.999951035952","0.970066518847","0.987424312995","0.969142857143","0.951526032316","0.940133037694","0.969604578008","0.969580821568","0.000048964048","","","","",""
"SJO_RADIXOR","SJO","sjo-default","1.0.0","ca640317c3b84c98e3d296fe6f2dba266181087135475d1320ba2980c66cb3fc","LOWERCASE_GROUPS_ONLY","ANY_CANDIDATE","1892","3151","1283","3105","46","2","3197","1892","","","","","0","4958766","0.000000","0","4059","0.000000","","","","","","","","","","","","","","","","",""
"SJO_RADIXOR","SJO","sjo-default","1.0.0","ca640317c3b84c98e3d296fe6f2dba266181087135475d1320ba2980c66cb3fc","LOWERCASE_GROUPS_ONLY","ALL_CANDIDATES","1892","3151","1283","3105","46","2","3197","1892","4059","0","0","4958766","0","4958766","0.000000","0","4059","0.000000","1.000000000000","1.000000000000","1.000000000000","1.000000000000","1.000000000000","1.000000000000","1.000000000000","1.000000000000","1.000000000000","1.000000000000","1.000000000000","0.000000000000","","","","",""
"SME_RADIXOR","SME","sme-default","1.0.0","d42d30a9b27e1aae3122ee0c5367f60ebe7afe9cf2bca2472afcae959af972f9","ALL_WORDS","PRIMARY_OUTPUT","2103","54435","0","54435","0","1","54435","2103","1059457","0","19044","1480478894","0","1480478894","0.000000","19044","1078501","1.765784","1.000000000000","0.982342158236","1.000000000000","0.999987145959","0.991171079118","0.996417828919","0.991092434931","0.985823661882","0.982342158236","0.991131756244","0.991125381641","0.000012854041","","","","",""
"SME_RADIXOR","SME","sme-default","1.0.0","d42d30a9b27e1aae3122ee0c5367f60ebe7afe9cf2bca2472afcae959af972f9","ALL_WORDS","ANY_CANDIDATE","2103","54435","0","53868","567","3","55027","2103","","","","","0","1480478894","0.000000","0","1078501","0.000000","","","","","","","","","","","","","","","","",""
"SME_RADIXOR","SME","sme-default","1.0.0","d42d30a9b27e1aae3122ee0c5367f60ebe7afe9cf2bca2472afcae959af972f9","ALL_WORDS","ALL_CANDIDATES","2103","54435","0","53868","567","3","55027","2103","1078501","0","0","1480478894","0","1480478894","0.000000","0","1078501","0.000000","1.000000000000","1.000000000000","1.000000000000","1.000000000000","1.000000000000","1.000000000000","1.000000000000","1.000000000000","1.000000000000","1.000000000000","1.000000000000","0.000000000000","","","","",""
"SME_RADIXOR","SME","sme-default","1.0.0","d42d30a9b27e1aae3122ee0c5367f60ebe7afe9cf2bca2472afcae959af972f9","LOWERCASE_GROUPS_ONLY","PRIMARY_OUTPUT","2103","54435","0","54435","0","1","54435","2103","1059457","0","19044","1480478894","0","1480478894","0.000000","19044","1078501","1.765784","1.000000000000","0.982342158236","1.000000000000","0.999987145959","0.991171079118","0.996417828919","0.991092434931","0.985823661882","0.982342158236","0.991131756244","0.991125381641","0.000012854041","","","","",""
"SME_RADIXOR","SME","sme-default","1.0.0","d42d30a9b27e1aae3122ee0c5367f60ebe7afe9cf2bca2472afcae959af972f9","LOWERCASE_GROUPS_ONLY","ANY_CANDIDATE","2103","54435","0","53868","567","3","55027","2103","","","","","0","1480478894","0.000000","0","1078501","0.000000","","","","","","","","","","","","","","","","",""
"SME_RADIXOR","SME","sme-default","1.0.0","d42d30a9b27e1aae3122ee0c5367f60ebe7afe9cf2bca2472afcae959af972f9","LOWERCASE_GROUPS_ONLY","ALL_CANDIDATES","2103","54435","0","53868","567","3","55027","2103","1078501","0","0","1480478894","0","1480478894","0.000000","0","1078501","0.000000","1.000000000000","1.000000000000","1.000000000000","1.000000000000","1.000000000000","1.000000000000","1.000000000000","1.000000000000","1.000000000000","1.000000000000","1.000000000000","0.000000000000","","","","",""
"SNOWBALL_ARABIC_DIRECT","AR","ar-default","1.0.1","36fe6a7a80e922f423e80761e27f21c61d86cc7f1b2837a1989761af4d51c904","ALL_WORDS","PRIMARY_OUTPUT","12815","452974","6","452974","0","1","452974","46339","3604836","2059331","6883970","102579947714","2059331","102582007045","0.002007","6883970","10488806","65.631589","0.636428269152","0.343684114283","0.999979925027","0.999912826948","0.671832019655","0.543790081264","0.446337154157","0.378505050600","0.287280574001","0.467686097707","0.467647782559","0.000087173052","","","","",""
"SNOWBALL_ARABIC_DIRECT","AR","ar-default","1.0.1","36fe6a7a80e922f423e80761e27f21c61d86cc7f1b2837a1989761af4d51c904","LOWERCASE_GROUPS_ONLY","PRIMARY_OUTPUT","12815","452974","6","452974","0","1","452974","46339","3604836","2059331","6883970","102579947714","2059331","102582007045","0.002007","6883970","10488806","65.631589","0.636428269152","0.343684114283","0.999979925027","0.999912826948","0.671832019655","0.543790081264","0.446337154157","0.378505050600","0.287280574001","0.467686097707","0.467647782559","0.000087173052","","","","",""
"SNOWBALL_ARABIC_LUCENE_FILTER","AR","ar-default","1.0.1","36fe6a7a80e922f423e80761e27f21c61d86cc7f1b2837a1989761af4d51c904","ALL_WORDS","PRIMARY_OUTPUT","12815","452974","6","452974","0","1","452974","46339","3604836","2059331","6883970","102579947714","2059331","102582007045","0.002007","6883970","10488806","65.631589","0.636428269152","0.343684114283","0.999979925027","0.999912826948","0.671832019655","0.543790081264","0.446337154157","0.378505050600","0.287280574001","0.467686097707","0.467647782559","0.000087173052","","","","",""
"SNOWBALL_ARABIC_LUCENE_FILTER","AR","ar-default","1.0.1","36fe6a7a80e922f423e80761e27f21c61d86cc7f1b2837a1989761af4d51c904","LOWERCASE_GROUPS_ONLY","PRIMARY_OUTPUT","12815","452974","6","452974","0","1","452974","46339","3604836","2059331","6883970","102579947714","2059331","102582007045","0.002007","6883970","10488806","65.631589","0.636428269152","0.343684114283","0.999979925027","0.999912826948","0.671832019655","0.543790081264","0.446337154157","0.378505050600","0.287280574001","0.467686097707","0.467647782559","0.000087173052","","","","",""
"SNOWBALL_ARMENIAN_DIRECT","HY_AM","hy-am-default","1.0.0","42eea1564db57d86b2f09fec3d6d19104253cd389769b834c823b1684f21a757","ALL_WORDS","PRIMARY_OUTPUT","6990","246576","0","246576","0","1","246576","137242","622822","310301","4083895","30394721582","310301","30395031883","0.001021","4083895","4706717","86.767379","0.667459702526","0.132326205293","0.999989791062","0.999855452836","0.566157998178","0.369004962432","0.220865130926","0.157596731699","0.124141870729","0.297190863960","0.297149490519","0.000144547164","","","","",""
"SNOWBALL_ARMENIAN_DIRECT","HY_AM","hy-am-default","1.0.0","42eea1564db57d86b2f09fec3d6d19104253cd389769b834c823b1684f21a757","LOWERCASE_GROUPS_ONLY","PRIMARY_OUTPUT","6990","246576","0","246576","0","1","246576","137242","622822","310301","4083895","30394721582","310301","30395031883","0.001021","4083895","4706717","86.767379","0.667459702526","0.132326205293","0.999989791062","0.999855452836","0.566157998178","0.369004962432","0.220865130926","0.157596731699","0.124141870729","0.297190863960","0.297149490519","0.000144547164","","","","",""
"SNOWBALL_ARMENIAN_LUCENE_FILTER","HY_AM","hy-am-default","1.0.0","42eea1564db57d86b2f09fec3d6d19104253cd389769b834c823b1684f21a757","ALL_WORDS","PRIMARY_OUTPUT","6990","246576","0","246576","0","1","246576","137242","622822","310301","4083895","30394721582","310301","30395031883","0.001021","4083895","4706717","86.767379","0.667459702526","0.132326205293","0.999989791062","0.999855452836","0.566157998178","0.369004962432","0.220865130926","0.157596731699","0.124141870729","0.297190863960","0.297149490519","0.000144547164","","","","",""
"SNOWBALL_ARMENIAN_LUCENE_FILTER","HY_AM","hy-am-default","1.0.0","42eea1564db57d86b2f09fec3d6d19104253cd389769b834c823b1684f21a757","LOWERCASE_GROUPS_ONLY","PRIMARY_OUTPUT","6990","246576","0","246576","0","1","246576","137242","622822","310301","4083895","30394721582","310301","30395031883","0.001021","4083895","4706717","86.767379","0.667459702526","0.132326205293","0.999989791062","0.999855452836","0.566157998178","0.369004962432","0.220865130926","0.157596731699","0.124141870729","0.297190863960","0.297149490519","0.000144547164","","","","",""
"SNOWBALL_CATALAN_DIRECT","CA_ES","ca-es-default","1.0.0","f6f76fd51fcfa7619968fecbab2a77cc53389d251e203cf3fc2452a0dee6f63e","ALL_WORDS","PRIMARY_OUTPUT","15176","130366","667","130366","0","1","130366","14321","1793873","303888","388787","8495095247","303888","8495399135","0.003577","388787","2182660","17.812531","0.855136976996","0.821874685017","0.999964229109","0.999918485633","0.910919457063","0.848270861375","0.838175964467","0.828318511662","0.721431076336","0.838340881513","0.838300205177","0.000081514367","","","","",""
"SNOWBALL_CATALAN_DIRECT","CA_ES","ca-es-default","1.0.0","f6f76fd51fcfa7619968fecbab2a77cc53389d251e203cf3fc2452a0dee6f63e","LOWERCASE_GROUPS_ONLY","PRIMARY_OUTPUT","15176","130366","667","130366","0","1","130366","14321","1793873","303888","388787","8495095247","303888","8495399135","0.003577","388787","2182660","17.812531","0.855136976996","0.821874685017","0.999964229109","0.999918485633","0.910919457063","0.848270861375","0.838175964467","0.828318511662","0.721431076336","0.838340881513","0.838300205177","0.000081514367","","","","",""
"SNOWBALL_CATALAN_LUCENE_FILTER","CA_ES","ca-es-default","1.0.0","f6f76fd51fcfa7619968fecbab2a77cc53389d251e203cf3fc2452a0dee6f63e","ALL_WORDS","PRIMARY_OUTPUT","15176","130366","667","130366","0","1","130366","14321","1793873","303888","388787","8495095247","303888","8495399135","0.003577","388787","2182660","17.812531","0.855136976996","0.821874685017","0.999964229109","0.999918485633","0.910919457063","0.848270861375","0.838175964467","0.828318511662","0.721431076336","0.838340881513","0.838300205177","0.000081514367","","","","",""
"SNOWBALL_CATALAN_LUCENE_FILTER","CA_ES","ca-es-default","1.0.0","f6f76fd51fcfa7619968fecbab2a77cc53389d251e203cf3fc2452a0dee6f63e","LOWERCASE_GROUPS_ONLY","PRIMARY_OUTPUT","15176","130366","667","130366","0","1","130366","14321","1793873","303888","388787","8495095247","303888","8495399135","0.003577","388787","2182660","17.812531","0.855136976996","0.821874685017","0.999964229109","0.999918485633","0.910919457063","0.848270861375","0.838175964467","0.828318511662","0.721431076336","0.838340881513","0.838300205177","0.000081514367","","","","",""
"SNOWBALL_CZECH_DIRECT","CS_CZ","cs-cz-default","1.0.0","62afdaa6dc7a721b54a0dc278a0c648a63ad52a34a412d27b5b52fbcde9c1ce4","ALL_WORDS","PRIMARY_OUTPUT","5113","51401","2","51401","0","1","51401","10932","172114","11935","128395","1320693256","11935","1320705191","0.000904","128395","300509","42.725842","0.935153138566","0.572741581783","0.999990963161","0.999893770330","0.786366272472","0.830101137739","0.710395865923","0.620863799839","0.550863514742","0.731847721723","0.731803909891","0.000106229670","","","","",""
"SNOWBALL_CZECH_DIRECT","CS_CZ","cs-cz-default","1.0.0","62afdaa6dc7a721b54a0dc278a0c648a63ad52a34a412d27b5b52fbcde9c1ce4","LOWERCASE_GROUPS_ONLY","PRIMARY_OUTPUT","5038","50697","2","50697","0","1","50697","10817","169464","11863","128023","1284758206","11863","1284770069","0.000923","128023","297487","43.034822","0.934576759115","0.569651783103","0.999990766441","0.999891145022","0.784821274772","0.828435805807","0.707848976847","0.617906692677","0.547806691450","0.729646021901","0.729601212980","0.000108854978","","","","",""
"SNOWBALL_DANISH_DIRECT","DA_DK","da-dk-default","1.0.0","3f7b670a0e7b872bda0381f5154ce058a4656297b39b7157b4ccf6560257cb90","ALL_WORDS","PRIMARY_OUTPUT","4179","27921","32","27921","0","1","27921","5409","79378","4816","10317","389682649","4816","389687465","0.001236","10317","89695","11.502313","0.942798774259","0.884976866046","0.999987641378","0.999961175252","0.942482253712","0.930637722143","0.912973218547","0.895966806178","0.839881072045","0.913430404878","0.913411201871","0.000038824748","","","","",""
"SNOWBALL_DANISH_DIRECT","DA_DK","da-dk-default","1.0.0","3f7b670a0e7b872bda0381f5154ce058a4656297b39b7157b4ccf6560257cb90","LOWERCASE_GROUPS_ONLY","PRIMARY_OUTPUT","4173","27875","32","27875","0","1","27875","5403","79223","4816","10317","388399519","4816","388404335","0.001240","10317","89540","11.522225","0.942693273361","0.884777752960","0.999987600550","0.999961047005","0.942382676755","0.930511444787","0.912817794779","0.895784477125","0.839618042308","0.913276538697","0.913257272617","0.000038952995","","","","",""
"SNOWBALL_DANISH_LUCENE_FILTER","DA_DK","da-dk-default","1.0.0","3f7b670a0e7b872bda0381f5154ce058a4656297b39b7157b4ccf6560257cb90","ALL_WORDS","PRIMARY_OUTPUT","4179","27921","32","27921","0","1","27921","5546","78557","4961","11138","389682504","4961","389687465","0.001273","11138","89695","12.417638","0.940599631217","0.875823624505","0.999987269285","0.999958696913","0.937905446895","0.926889068757","0.907056629699","0.888055112164","0.829920977011","0.907633945058","0.907613558620","0.000041303087","","","","",""
"SNOWBALL_DANISH_LUCENE_FILTER","DA_DK","da-dk-default","1.0.0","3f7b670a0e7b872bda0381f5154ce058a4656297b39b7157b4ccf6560257cb90","LOWERCASE_GROUPS_ONLY","PRIMARY_OUTPUT","4173","27875","32","27875","0","1","27875","5539","78440","4795","11100","388399540","4795","388404335","0.001235","11100","89540","12.396694","0.942392022587","0.876033057851","0.999987654618","0.999959085584","0.938010356234","0.928327968188","0.908001736362","0.888546539947","0.831504743732","0.908606936602","0.908586757624","0.000040914416","","","","",""
"SNOWBALL_DUTCH_DIRECT","NL_NL","nl-nl-default","1.0.0","c098034adc42da2ca3e419160e6dd2c2b3868f8af334303b3a191e09caadaf5e","ALL_WORDS","PRIMARY_OUTPUT","4992","26201","85","26201","0","1","26201","12051","29267","2987","35170","343165676","2987","343168663","0.000870","35170","64437","54.580443","0.907391331308","0.454195570868","0.999991295825","0.999888830652","0.727093433346","0.756436964017","0.605371751249","0.504599968276","0.434073920266","0.641975952605","0.641933549660","0.000111169348","","","","",""
"SNOWBALL_DUTCH_DIRECT","NL_NL","nl-nl-default","1.0.0","c098034adc42da2ca3e419160e6dd2c2b3868f8af334303b3a191e09caadaf5e","LOWERCASE_GROUPS_ONLY","PRIMARY_OUTPUT","4796","25402","84","25402","0","1","25402","11466","29053","2987","33965","322552096","2987","322555083","0.000926","33965","63018","53.897299","0.906772784020","0.461027008156","0.999990739566","0.999885462099","0.730508873861","0.759841613575","0.611268909508","0.511294841471","0.440163623968","0.646565343716","0.646521311443","0.000114537901","","","","",""
"SNOWBALL_DUTCH_LUCENE_FILTER","NL_NL","nl-nl-default","1.0.0","c098034adc42da2ca3e419160e6dd2c2b3868f8af334303b3a191e09caadaf5e","ALL_WORDS","PRIMARY_OUTPUT","4992","26201","85","26201","0","1","26201","14573","15204","759","49233","343167904","759","343168663","0.000221","49233","64437","76.404861","0.952452546514","0.235951394385","0.999997788260","0.999854349712","0.617974591322","0.592568341791","0.378208955224","0.277738198319","0.233204491073","0.474059602198","0.474021680915","0.000145650288","","","","",""
"SNOWBALL_DUTCH_LUCENE_FILTER","NL_NL","nl-nl-default","1.0.0","c098034adc42da2ca3e419160e6dd2c2b3868f8af334303b3a191e09caadaf5e","LOWERCASE_GROUPS_ONLY","PRIMARY_OUTPUT","4796","25402","84","25402","0","1","25402","14116","14874","715","48144","322554368","715","322555083","0.000222","48144","63018","76.397220","0.954134325486","0.236027801581","0.999997783324","0.999848554685","0.618012792452","0.593185189912","0.378439579172","0.277851461363","0.233379881694","0.474554767395","0.474515425112","0.000151445315","","","","",""
"SNOWBALL_ESTONIAN_DIRECT","ET_EE","et-ee-default","1.0.0","0d7da990392011b0312fdee181720c2778ff07581912c718b8e7c1d07267c735","ALL_WORDS","PRIMARY_OUTPUT","886","24811","0","24811","0","1","24811","6789","163339","4735","175170","307437211","4735","307441946","0.001540","175170","338509","51.747516","0.971827885336","0.482524836858","0.999984598718","0.999415476204","0.741254717788","0.807964938836","0.644865698217","0.536554519713","0.475868478400","0.684785434882","0.684573852283","0.000584523796","","","","",""
"SNOWBALL_ESTONIAN_DIRECT","ET_EE","et-ee-default","1.0.0","0d7da990392011b0312fdee181720c2778ff07581912c718b8e7c1d07267c735","LOWERCASE_GROUPS_ONLY","PRIMARY_OUTPUT","886","24811","0","24811","0","1","24811","6789","163339","4735","175170","307437211","4735","307441946","0.001540","175170","338509","51.747516","0.971827885336","0.482524836858","0.999984598718","0.999415476204","0.741254717788","0.807964938836","0.644865698217","0.536554519713","0.475868478400","0.684785434882","0.684573852283","0.000584523796","","","","",""
"SNOWBALL_ESTONIAN_LUCENE_FILTER","ET_EE","et-ee-default","1.0.0","0d7da990392011b0312fdee181720c2778ff07581912c718b8e7c1d07267c735","ALL_WORDS","PRIMARY_OUTPUT","886","24811","0","24811","0","1","24811","6789","163339","4735","175170","307437211","4735","307441946","0.001540","175170","338509","51.747516","0.971827885336","0.482524836858","0.999984598718","0.999415476204","0.741254717788","0.807964938836","0.644865698217","0.536554519713","0.475868478400","0.684785434882","0.684573852283","0.000584523796","","","","",""
"SNOWBALL_ESTONIAN_LUCENE_FILTER","ET_EE","et-ee-default","1.0.0","0d7da990392011b0312fdee181720c2778ff07581912c718b8e7c1d07267c735","LOWERCASE_GROUPS_ONLY","PRIMARY_OUTPUT","886","24811","0","24811","0","1","24811","6789","163339","4735","175170","307437211","4735","307441946","0.001540","175170","338509","51.747516","0.971827885336","0.482524836858","0.999984598718","0.999415476204","0.741254717788","0.807964938836","0.644865698217","0.536554519713","0.475868478400","0.684785434882","0.684573852283","0.000584523796","","","","",""
"SNOWBALL_FINNISH_DIRECT","FI_FI","fi-fi-default","1.0.0","ca2628b3db31fee92f1b612ebbbd5e956a6dbbfb10e721325e55ef528f26072f","ALL_WORDS","PRIMARY_OUTPUT","57027","1788784","292","1788784","0","1","1788784","381016","15095314","952479","16370285","1599840786858","952479","1599841739337","0.000060","16370285","31465599","52.025976","0.940647352567","0.479740239491","0.999999404642","0.999989172414","0.739869822067","0.789035310423","0.635413022080","0.531861528280","0.465644940456","0.671763638639","0.671759568086","0.000010827586","","","","",""
"SNOWBALL_FINNISH_DIRECT","FI_FI","fi-fi-default","1.0.0","ca2628b3db31fee92f1b612ebbbd5e956a6dbbfb10e721325e55ef528f26072f","LOWERCASE_GROUPS_ONLY","PRIMARY_OUTPUT","54762","1734784","274","1734784","0","1","1734784","371779","14675605","936938","16085278","1504705198115","936938","1504706135053","0.000062","16085278","30760883","52.291340","0.939988123652","0.477086597287","0.999999377328","0.999988687580","0.738542987307","0.787224487482","0.632931670824","0.529208871663","0.462984663835","0.669668377186","0.669664132316","0.000011312420","","","","",""
"SNOWBALL_FINNISH_LUCENE_FILTER","FI_FI","fi-fi-default","1.0.0","ca2628b3db31fee92f1b612ebbbd5e956a6dbbfb10e721325e55ef528f26072f","ALL_WORDS","PRIMARY_OUTPUT","57027","1788784","292","1788784","0","1","1788784","377778","15121052","1288634","16344547","1599840450703","1288634","1599841739337","0.000081","16344547","31465599","51.944179","0.921471136011","0.480558212161","0.999999194524","0.999988978388","0.740278703342","0.778598131291","0.631685095974","0.531413183368","0.461651842069","0.665447610018","0.665443363449","0.000011021612","","","","",""
"SNOWBALL_FINNISH_LUCENE_FILTER","FI_FI","fi-fi-default","1.0.0","ca2628b3db31fee92f1b612ebbbd5e956a6dbbfb10e721325e55ef528f26072f","LOWERCASE_GROUPS_ONLY","PRIMARY_OUTPUT","54762","1734784","274","1734784","0","1","1734784","372232","14663371","936765","16097512","1504705198288","936765","1504706135053","0.000062","16097512","30760883","52.331112","0.939951485038","0.476688884386","0.999999377443","0.999988679564","0.738344130915","0.786987247415","0.632573283171","0.528815026735","0.462601231486","0.669376145960","0.669371899615","0.000011320436","","","","",""
"SNOWBALL_FRENCH_DIRECT","FR_FR","fr-fr-default","1.0.0","a988658758952fd599dc7360e0234178a6d65ac46e5cedc7dcd325a7cb7e71d9","ALL_WORDS","PRIMARY_OUTPUT","59240","404011","2301","404011","0","1","404011","85627","3744838","1092238","1625361","81605779618","1092238","81606871856","0.001338","1625361","5370199","30.266309","0.774194575401","0.697336914330","0.999986615858","0.999966701086","0.848661765094","0.757496924470","0.733758618240","0.711462917671","0.579477680015","0.734761496202","0.734744993787","0.000033298914","","","","",""
"SNOWBALL_FRENCH_DIRECT","FR_FR","fr-fr-default","1.0.0","a988658758952fd599dc7360e0234178a6d65ac46e5cedc7dcd325a7cb7e71d9","LOWERCASE_GROUPS_ONLY","PRIMARY_OUTPUT","57698","400712","2133","400712","0","1","400712","84526","3736871","1088903","1619380","80278407962","1088903","80279496865","0.001356","1619380","5356251","30.233460","0.774356818202","0.697665400669","0.999986436101","0.999966266576","0.848825918385","0.757698693319","0.734013322497","0.711763857056","0.579795455624","0.735011537210","0.734994818860","0.000033733424","","","","",""
"SNOWBALL_FRENCH_LUCENE_FILTER","FR_FR","fr-fr-default","1.0.0","a988658758952fd599dc7360e0234178a6d65ac46e5cedc7dcd325a7cb7e71d9","ALL_WORDS","PRIMARY_OUTPUT","59240","404011","2301","404011","0","1","404011","85202","3742072","1097843","1628127","81605774013","1097843","81606871856","0.001345","1628127","5370199","30.317815","0.773168950281","0.696821849619","0.999986547175","0.999966598516","0.848404198397","0.756589837411","0.733012775372","0.710860736247","0.578547882033","0.734003418250","0.733986862867","0.000033401484","","","","",""
"SNOWBALL_FRENCH_LUCENE_FILTER","FR_FR","fr-fr-default","1.0.0","a988658758952fd599dc7360e0234178a6d65ac46e5cedc7dcd325a7cb7e71d9","LOWERCASE_GROUPS_ONLY","PRIMARY_OUTPUT","57698","400712","2133","400712","0","1","400712","84810","3734232","1086494","1622019","80278410371","1086494","80279496865","0.001353","1622019","5356251","30.282729","0.774620254294","0.697172705312","0.999986466109","0.999966263711","0.848579585710","0.757784104203","0.733858787339","0.711398006457","0.579602638316","0.734876927298","0.734860210439","0.000033736289","","","","",""
"SNOWBALL_GERMAN_DIRECT","DE_DE","de-de-default","1.0.0","cbfa038122823f02e4bdb54b0035492c356b6ecd80f11eb11290d7a7248a59f5","ALL_WORDS","PRIMARY_OUTPUT","54092","277266","1474","277266","0","1","277266","81641","742393","65811","602459","38436668082","65811","38436733893","0.000171","602459","1344852","44.797420","0.918571301305","0.552025799121","0.999998287810","0.999982614376","0.776012043466","0.810885586285","0.689617919831","0.599902676509","0.526272398156","0.712092028219","0.712084848565","0.000017385624","","","","",""
"SNOWBALL_GERMAN_DIRECT","DE_DE","de-de-default","1.0.0","cbfa038122823f02e4bdb54b0035492c356b6ecd80f11eb11290d7a7248a59f5","LOWERCASE_GROUPS_ONLY","PRIMARY_OUTPUT","16007","145574","228","145574","0","1","145574","37842","506464","41477","351953","10594922057","41477","10594963534","0.000391","351953","858417","41.000236","0.924303894032","0.589997635182","0.999996085215","0.999962869327","0.794996860199","0.830219583690","0.720249040429","0.636004188257","0.562804063590","0.738469438547","0.738453718829","0.000037130673","","","","",""
"SNOWBALL_GERMAN_LUCENE_FILTER","DE_DE","de-de-default","1.0.0","cbfa038122823f02e4bdb54b0035492c356b6ecd80f11eb11290d7a7248a59f5","ALL_WORDS","PRIMARY_OUTPUT","54092","277266","1474","277266","0","1","277266","86669","723725","142783","621127","38436591110","142783","38436733893","0.000371","621127","1344852","46.185528","0.835220217240","0.538144717783","0.999996285246","0.999980126218","0.769070501515","0.752174652309","0.654551949931","0.579358576068","0.486493662760","0.670424751999","0.670415952491","0.000019873782","","","","",""
"SNOWBALL_GERMAN_LUCENE_FILTER","DE_DE","de-de-default","1.0.0","cbfa038122823f02e4bdb54b0035492c356b6ecd80f11eb11290d7a7248a59f5","LOWERCASE_GROUPS_ONLY","PRIMARY_OUTPUT","16007","145574","228","145574","0","1","145574","46077","471644","34482","386773","10594929052","34482","10594963534","0.000325","386773","858417","45.056540","0.931870719939","0.549434598802","0.999996745435","0.999960243292","0.774715672118","0.817996747049","0.691284921032","0.598564290417","0.528216517210","0.715543160924","0.715527026594","0.000039756708","","","","",""
"SNOWBALL_GREEK_DIRECT","EL_GR","el-gr-default","1.0.0","05ecc1b60b714c64ab5b6d29aef1a9544f0594f98640e5c66dd9ac324672ac79","ALL_WORDS","PRIMARY_OUTPUT","11793","76869","67","76869","0","1","76869","14407","288754","65724","99959","2953928709","65724","2953994433","0.002225","99959","388713","25.715374","0.814589339818","0.742846264468","0.999977750804","0.999943919596","0.871412007636","0.799153117000","0.777065384269","0.756165775429","0.635410408924","0.777891154442","0.777863348138","0.000056080404","","","","",""
"SNOWBALL_GREEK_DIRECT","EL_GR","el-gr-default","1.0.0","05ecc1b60b714c64ab5b6d29aef1a9544f0594f98640e5c66dd9ac324672ac79","LOWERCASE_GROUPS_ONLY","PRIMARY_OUTPUT","11793","76869","67","76869","0","1","76869","14407","288754","65724","99959","2953928709","65724","2953994433","0.002225","99959","388713","25.715374","0.814589339818","0.742846264468","0.999977750804","0.999943919596","0.871412007636","0.799153117000","0.777065384269","0.756165775429","0.635410408924","0.777891154442","0.777863348138","0.000056080404","","","","",""
"SNOWBALL_GREEK_LUCENE_FILTER","EL_GR","el-gr-default","1.0.0","05ecc1b60b714c64ab5b6d29aef1a9544f0594f98640e5c66dd9ac324672ac79","ALL_WORDS","PRIMARY_OUTPUT","11793","76869","67","76869","0","1","76869","14409","288748","65721","99965","2953928712","65721","2953994433","0.002225","99965","388713","25.716917","0.814593095588","0.742830828915","0.999977751820","0.999943918581","0.871404290367","0.799152435889","0.777058647814","0.756153627389","0.635401400423","0.777884865789","0.777857059105","0.000056081419","","","","",""
"SNOWBALL_GREEK_LUCENE_FILTER","EL_GR","el-gr-default","1.0.0","05ecc1b60b714c64ab5b6d29aef1a9544f0594f98640e5c66dd9ac324672ac79","LOWERCASE_GROUPS_ONLY","PRIMARY_OUTPUT","11793","76869","67","76869","0","1","76869","14409","288748","65721","99965","2953928712","65721","2953994433","0.002225","99965","388713","25.716917","0.814593095588","0.742830828915","0.999977751820","0.999943918581","0.871404290367","0.799152435889","0.777058647814","0.756153627389","0.635401400423","0.777884865789","0.777857059105","0.000056081419","","","","",""
"SNOWBALL_HUNGARIAN_DIRECT","HU_HU","hu-hu-default","1.0.0","359d46a01d751ec823705ad7f3dd1cc8f6663feb1a9d13cb04d0c6fb51ab646e","ALL_WORDS","PRIMARY_OUTPUT","19406","910688","1","910688","0","1","910688","116105","14275129","1281527","7842726","414652461946","1281527","414653743473","0.000309","7842726","22117855","35.458800","0.917621949087","0.645411998587","0.999996909404","0.999977996662","0.822704453996","0.846239680964","0.757813631609","0.686119053091","0.610064359819","0.769574048489","0.769564274829","0.000022003338","","","","",""
"SNOWBALL_HUNGARIAN_DIRECT","HU_HU","hu-hu-default","1.0.0","359d46a01d751ec823705ad7f3dd1cc8f6663feb1a9d13cb04d0c6fb51ab646e","LOWERCASE_GROUPS_ONLY","PRIMARY_OUTPUT","18360","872878","1","872878","0","1","872878","111379","13763897","1273370","7603420","380934924316","1273370","380936197686","0.000334","7603420","21367317","35.584346","0.915319053655","0.644156540571","0.999996657262","0.999976698743","0.822076598916","0.844241130173","0.756162850261","0.684726470771","0.607927533294","0.767859853828","0.767849489469","0.000023301257","","","","",""
"SNOWBALL_HUNGARIAN_LUCENE_FILTER","HU_HU","hu-hu-default","1.0.0","359d46a01d751ec823705ad7f3dd1cc8f6663feb1a9d13cb04d0c6fb51ab646e","ALL_WORDS","PRIMARY_OUTPUT","19406","910688","1","910688","0","1","910688","114867","14286575","1565633","7831280","414652177840","1565633","414653743473","0.000378","7831280","22117855","35.407050","0.901235651210","0.645929499040","0.999996224240","0.999977339137","0.822962861640","0.835211528771","0.752517845440","0.684723838400","0.603229346961","0.762977517823","0.762967293456","0.000022660863","","","","",""
"SNOWBALL_HUNGARIAN_LUCENE_FILTER","HU_HU","hu-hu-default","1.0.0","359d46a01d751ec823705ad7f3dd1cc8f6663feb1a9d13cb04d0c6fb51ab646e","LOWERCASE_GROUPS_ONLY","PRIMARY_OUTPUT","18360","872878","1","872878","0","1","872878","111379","13763897","1273370","7603420","380934924316","1273370","380936197686","0.000334","7603420","21367317","35.584346","0.915319053655","0.644156540571","0.999996657262","0.999976698743","0.822076598916","0.844241130173","0.756162850261","0.684726470771","0.607927533294","0.767859853828","0.767849489469","0.000023301257","","","","",""
"SNOWBALL_INDONESIAN_DIRECT","ID_ID","id-id-default","1.0.0","ed7ab0190fcd098ff4e871605f61056cf43b54a6967e8c40652584720ddb5044","ALL_WORDS","PRIMARY_OUTPUT","3877","21296","0","21296","0","1","21296","5535","60612","3067","20982","226664499","3067","226667566","0.001353","20982","81594","25.715126","0.951836555222","0.742848738878","0.999986469171","0.999893940070","0.871417604025","0.901132883352","0.834456506027","0.776967350758","0.715937680868","0.840874892398","0.840826348735","0.000106059930","","","","",""
"SNOWBALL_INDONESIAN_DIRECT","ID_ID","id-id-default","1.0.0","ed7ab0190fcd098ff4e871605f61056cf43b54a6967e8c40652584720ddb5044","LOWERCASE_GROUPS_ONLY","PRIMARY_OUTPUT","3877","21296","0","21296","0","1","21296","5535","60612","3067","20982","226664499","3067","226667566","0.001353","20982","81594","25.715126","0.951836555222","0.742848738878","0.999986469171","0.999893940070","0.871417604025","0.901132883352","0.834456506027","0.776967350758","0.715937680868","0.840874892398","0.840826348735","0.000106059930","","","","",""
"SNOWBALL_INDONESIAN_LUCENE_FILTER","ID_ID","id-id-default","1.0.0","ed7ab0190fcd098ff4e871605f61056cf43b54a6967e8c40652584720ddb5044","ALL_WORDS","PRIMARY_OUTPUT","3877","21296","0","21296","0","1","21296","5535","60612","3067","20982","226664499","3067","226667566","0.001353","20982","81594","25.715126","0.951836555222","0.742848738878","0.999986469171","0.999893940070","0.871417604025","0.901132883352","0.834456506027","0.776967350758","0.715937680868","0.840874892398","0.840826348735","0.000106059930","","","","",""
"SNOWBALL_INDONESIAN_LUCENE_FILTER","ID_ID","id-id-default","1.0.0","ed7ab0190fcd098ff4e871605f61056cf43b54a6967e8c40652584720ddb5044","LOWERCASE_GROUPS_ONLY","PRIMARY_OUTPUT","3877","21296","0","21296","0","1","21296","5535","60612","3067","20982","226664499","3067","226667566","0.001353","20982","81594","25.715126","0.951836555222","0.742848738878","0.999986469171","0.999893940070","0.871417604025","0.901132883352","0.834456506027","0.776967350758","0.715937680868","0.840874892398","0.840826348735","0.000106059930","","","","",""
"SNOWBALL_IRISH_DIRECT","GA_IE","ga-ie-default","1.0.0","b669438f4375857896dcf9adc535f46f25ddc12c2c163b6980dc33564c48991b","ALL_WORDS","PRIMARY_OUTPUT","7287","24035","252","24035","0","1","24035","21251","2723","837","103739","288721296","837","288722133","0.000290","103739","106462","97.442280","0.764887640449","0.025577201255","0.999997101019","0.999637930586","0.512787151137","0.112798462329","0.049499191071","0.031706442358","0.025377682923","0.139870243859","0.139829474892","0.000362069414","","","","",""
"SNOWBALL_IRISH_DIRECT","GA_IE","ga-ie-default","1.0.0","b669438f4375857896dcf9adc535f46f25ddc12c2c163b6980dc33564c48991b","LOWERCASE_GROUPS_ONLY","PRIMARY_OUTPUT","7287","24035","252","24035","0","1","24035","21251","2723","837","103739","288721296","837","288722133","0.000290","103739","106462","97.442280","0.764887640449","0.025577201255","0.999997101019","0.999637930586","0.512787151137","0.112798462329","0.049499191071","0.031706442358","0.025377682923","0.139870243859","0.139829474892","0.000362069414","","","","",""
"SNOWBALL_IRISH_LUCENE_FILTER","GA_IE","ga-ie-default","1.0.0","b669438f4375857896dcf9adc535f46f25ddc12c2c163b6980dc33564c48991b","ALL_WORDS","PRIMARY_OUTPUT","7287","24035","252","24035","0","1","24035","21251","2723","837","103739","288721296","837","288722133","0.000290","103739","106462","97.442280","0.764887640449","0.025577201255","0.999997101019","0.999637930586","0.512787151137","0.112798462329","0.049499191071","0.031706442358","0.025377682923","0.139870243859","0.139829474892","0.000362069414","","","","",""
"SNOWBALL_IRISH_LUCENE_FILTER","GA_IE","ga-ie-default","1.0.0","b669438f4375857896dcf9adc535f46f25ddc12c2c163b6980dc33564c48991b","LOWERCASE_GROUPS_ONLY","PRIMARY_OUTPUT","7287","24035","252","24035","0","1","24035","21251","2723","837","103739","288721296","837","288722133","0.000290","103739","106462","97.442280","0.764887640449","0.025577201255","0.999997101019","0.999637930586","0.512787151137","0.112798462329","0.049499191071","0.031706442358","0.025377682923","0.139870243859","0.139829474892","0.000362069414","","","","",""
"SNOWBALL_ITALIAN_DIRECT","IT_IT","it-it-default","1.0.0","5e03be31c9761e30dbf24a47a5ced3d6ec949dabd31e92632fdd9f7c67fc2e12","ALL_WORDS","PRIMARY_OUTPUT","10009","324366","0","324366","0","1","324366","46828","4493783","388246","1640339","52599966427","388246","52600354673","0.000738","1640339","6134122","26.741219","0.920474458468","0.732587809633","0.999992618947","0.999961438502","0.866290214290","0.875563347203","0.815853559015","0.763767765724","0.688980290594","0.821174991918","0.821156945015","0.000038561498","","","","",""
"SNOWBALL_ITALIAN_DIRECT","IT_IT","it-it-default","1.0.0","5e03be31c9761e30dbf24a47a5ced3d6ec949dabd31e92632fdd9f7c67fc2e12","LOWERCASE_GROUPS_ONLY","PRIMARY_OUTPUT","10007","324285","0","324285","0","1","324285","46814","4492785","388246","1639697","52573697742","388246","52574085988","0.000738","1639697","6132482","26.737902","0.920458198278","0.732620984456","0.999992615259","0.999961431446","0.866306799858","0.875561054334","0.815867743562","0.763794373383","0.689000522641","0.821186331701","0.821168280921","0.000038568554","","","","",""
"SNOWBALL_ITALIAN_LUCENE_FILTER","IT_IT","it-it-default","1.0.0","5e03be31c9761e30dbf24a47a5ced3d6ec949dabd31e92632fdd9f7c67fc2e12","ALL_WORDS","PRIMARY_OUTPUT","10009","324366","0","324366","0","1","324366","46828","4493783","388246","1640339","52599966427","388246","52600354673","0.000738","1640339","6134122","26.741219","0.920474458468","0.732587809633","0.999992618947","0.999961438502","0.866290214290","0.875563347203","0.815853559015","0.763767765724","0.688980290594","0.821174991918","0.821156945015","0.000038561498","","","","",""
"SNOWBALL_ITALIAN_LUCENE_FILTER","IT_IT","it-it-default","1.0.0","5e03be31c9761e30dbf24a47a5ced3d6ec949dabd31e92632fdd9f7c67fc2e12","LOWERCASE_GROUPS_ONLY","PRIMARY_OUTPUT","10007","324285","0","324285","0","1","324285","46814","4492785","388246","1639697","52573697742","388246","52574085988","0.000738","1639697","6132482","26.737902","0.920458198278","0.732620984456","0.999992615259","0.999961431446","0.866306799858","0.875561054334","0.815867743562","0.763794373383","0.689000522641","0.821186331701","0.821168280921","0.000038568554","","","","",""
"SNOWBALL_LITHUANIAN_DIRECT","LT_LT","lt-lt-default","1.0.0","c7b8536235bc7de9d101393ec41a829a4b750b4c45d3ab7324d8ef974c277d30","ALL_WORDS","PRIMARY_OUTPUT","1391","28889","0","28889","0","1","28889","6746","262583","17220","196296","416796617","17220","416813837","0.004131","196296","458879","42.777290","0.938456699892","0.572227101262","0.999958686592","0.999488305869","0.786092893927","0.831964062909","0.710950043456","0.620669979327","0.551530248961","0.732809905118","0.732599641291","0.000511694131","","","","",""
"SNOWBALL_LITHUANIAN_DIRECT","LT_LT","lt-lt-default","1.0.0","c7b8536235bc7de9d101393ec41a829a4b750b4c45d3ab7324d8ef974c277d30","LOWERCASE_GROUPS_ONLY","PRIMARY_OUTPUT","1391","28889","0","28889","0","1","28889","6746","262583","17220","196296","416796617","17220","416813837","0.004131","196296","458879","42.777290","0.938456699892","0.572227101262","0.999958686592","0.999488305869","0.786092893927","0.831964062909","0.710950043456","0.620669979327","0.551530248961","0.732809905118","0.732599641291","0.000511694131","","","","",""
"SNOWBALL_LITHUANIAN_LUCENE_FILTER","LT_LT","lt-lt-default","1.0.0","c7b8536235bc7de9d101393ec41a829a4b750b4c45d3ab7324d8ef974c277d30","ALL_WORDS","PRIMARY_OUTPUT","1391","28889","0","28889","0","1","28889","6749","262457","17633","196422","416796204","17633","416813837","0.004230","196422","458879","42.804748","0.937045235460","0.571952519074","0.999957695742","0.999487014147","0.785955107408","0.830960354956","0.710332909770","0.620287993133","0.550787808072","0.732082907127","0.731871810399","0.000512985853","","","","",""
"SNOWBALL_LITHUANIAN_LUCENE_FILTER","LT_LT","lt-lt-default","1.0.0","c7b8536235bc7de9d101393ec41a829a4b750b4c45d3ab7324d8ef974c277d30","LOWERCASE_GROUPS_ONLY","PRIMARY_OUTPUT","1391","28889","0","28889","0","1","28889","6749","262457","17633","196422","416796204","17633","416813837","0.004230","196422","458879","42.804748","0.937045235460","0.571952519074","0.999957695742","0.999487014147","0.785955107408","0.830960354956","0.710332909770","0.620287993133","0.550787808072","0.732082907127","0.731871810399","0.000512985853","","","","",""
"SNOWBALL_NORWEGIAN_BOKMAL_DIRECT","NB_NO","nb-no-default","1.0.0","f495bffb44e79d27993e6e2e65d4b1204b29365dc93f481b2d8b96766fc90fd9","ALL_WORDS","PRIMARY_OUTPUT","17929","73170","252","73170","0","1","73170","24394","105463","10337","35432","2676736633","10337","2676746970","0.000386","35432","140895","25.147805","0.910734024180","0.748521948969","0.999996138223","0.999982902160","0.874259043596","0.872900785472","0.821698903368","0.776170920545","0.697359024545","0.825653926758","0.825645796759","0.000017097840","","","","",""
"SNOWBALL_NORWEGIAN_BOKMAL_DIRECT","NB_NO","nb-no-default","1.0.0","f495bffb44e79d27993e6e2e65d4b1204b29365dc93f481b2d8b96766fc90fd9","LOWERCASE_GROUPS_ONLY","PRIMARY_OUTPUT","17914","73111","252","73111","0","1","73111","24367","105404","10337","35402","2672421462","10337","2672431799","0.000387","35402","140806","25.142395","0.910688520058","0.748576054998","0.999996131987","0.999982885778","0.874286093493","0.872882057737","0.821712980468","0.776210850338","0.697379303044","0.825663139347","0.825655001073","0.000017114222","","","","",""
"SNOWBALL_NORWEGIAN_BOKMAL_LUCENE_FILTER","NB_NO","nb-no-default","1.0.0","f495bffb44e79d27993e6e2e65d4b1204b29365dc93f481b2d8b96766fc90fd9","ALL_WORDS","PRIMARY_OUTPUT","17929","73170","252","73170","0","1","73170","24396","105429","10403","35466","2676736567","10403","2676746970","0.000389","35466","140895","25.171937","0.910188894261","0.748280634515","0.999996113566","0.999982864803","0.874138374041","0.872434515071","0.821331609063","0.775884146880","0.696830096895","0.825273726303","0.825265576414","0.000017135197","","","","",""
"SNOWBALL_NORWEGIAN_BOKMAL_LUCENE_FILTER","NB_NO","nb-no-default","1.0.0","f495bffb44e79d27993e6e2e65d4b1204b29365dc93f481b2d8b96766fc90fd9","LOWERCASE_GROUPS_ONLY","PRIMARY_OUTPUT","17914","73111","252","73111","0","1","73111","24381","105352","10350","35454","2672421449","10350","2672431799","0.000387","35454","140806","25.179325","0.910546057977","0.748206752553","0.999996127123","0.999982861457","0.874101439838","0.872676909416","0.821432469942","0.775872480948","0.696975310275","0.825394880702","0.825386731577","0.000017138543","","","","",""
"SNOWBALL_NORWEGIAN_NYNORSK_DIRECT","NN_NO","nn-no-default","1.0.0","900cf2005605aea2a3d8d731ec0b0c1f47fb4469b4ba6b9134145d4d026a0398","ALL_WORDS","PRIMARY_OUTPUT","4688","16937","23","16937","0","1","16937","6138","20880","1201","7482","143392953","1201","143394154","0.000838","7482","28362","26.380368","0.945609347403","0.736196319018","0.999991624484","0.999939458599","0.868093971751","0.894708876815","0.827865115080","0.770314840366","0.706288265738","0.834358508549","0.834330743646","0.000060541401","","","","",""
"SNOWBALL_NORWEGIAN_NYNORSK_DIRECT","NN_NO","nn-no-default","1.0.0","900cf2005605aea2a3d8d731ec0b0c1f47fb4469b4ba6b9134145d4d026a0398","LOWERCASE_GROUPS_ONLY","PRIMARY_OUTPUT","4681","16906","23","16906","0","1","16906","6120","20847","1201","7458","142868459","1201","142869660","0.000841","7458","28305","26.348702","0.945527939042","0.736512983572","0.999991593737","0.999939404316","0.868252288654","0.894744070663","0.828034079399","0.770581364403","0.706534264217","0.834502009245","0.834474211808","0.000060595684","","","","",""
"SNOWBALL_NORWEGIAN_NYNORSK_LUCENE_FILTER","NN_NO","nn-no-default","1.0.0","900cf2005605aea2a3d8d731ec0b0c1f47fb4469b4ba6b9134145d4d026a0398","ALL_WORDS","PRIMARY_OUTPUT","4688","16937","23","16937","0","1","16937","6144","20854","1222","7508","143392932","1222","143394154","0.000852","7508","28362","26.472040","0.944645769161","0.735279599464","0.999991478035","0.999939130896","0.867635538749","0.893747964274","0.826916213966","0.769384020542","0.704908058410","0.833413920441","0.833385994629","0.000060869104","","","","",""
"SNOWBALL_NORWEGIAN_NYNORSK_LUCENE_FILTER","NN_NO","nn-no-default","1.0.0","900cf2005605aea2a3d8d731ec0b0c1f47fb4469b4ba6b9134145d4d026a0398","LOWERCASE_GROUPS_ONLY","PRIMARY_OUTPUT","4681","16906","23","16906","0","1","16906","6130","20824","1201","7481","142868459","1201","142869660","0.000841","7481","28305","26.429959","0.945471055619","0.735700406289","0.999991593737","0.999939243362","0.867846000013","0.894463296250","0.827498509835","0.769862102111","0.705754761743","0.834016450529","0.833988591624","0.000060756638","","","","",""
"SNOWBALL_PERSIAN_DIRECT","FA_IR","fa-ir-default","1.0.0","b29a0d168a6a97f980666aa40b74a0edd8b6be4ab3320a7abfbb76b3529f4ea1","ALL_WORDS","PRIMARY_OUTPUT","69","3544","0","3544","0","1","3544","2029","6748","79","89296","6182073","79","6182152","0.001278","89296","96044","92.974054","0.988428299399","0.070259464412","0.999987221278","0.985764222716","0.535123342845","0.273526169012","0.131193436440","0.086290898024","0.070201720712","0.263526930171","0.261598150185","0.014235777284","","","","",""
"SNOWBALL_PERSIAN_DIRECT","FA_IR","fa-ir-default","1.0.0","b29a0d168a6a97f980666aa40b74a0edd8b6be4ab3320a7abfbb76b3529f4ea1","LOWERCASE_GROUPS_ONLY","PRIMARY_OUTPUT","69","3544","0","3544","0","1","3544","2029","6748","79","89296","6182073","79","6182152","0.001278","89296","96044","92.974054","0.988428299399","0.070259464412","0.999987221278","0.985764222716","0.535123342845","0.273526169012","0.131193436440","0.086290898024","0.070201720712","0.263526930171","0.261598150185","0.014235777284","","","","",""
"SNOWBALL_POLISH_DIRECT","PL_PL","pl-pl-unimorph","1.0.0","8191ed727097839cc808cbc5c56a1bd78b3c851e7733ad226ad9a51519a54721","ALL_WORDS","PRIMARY_OUTPUT","9990","120867","1","120867","0","1","120867","19265","723037","70656","394036","7303167682","70656","7303238338","0.000967","394036","1117073","35.273970","0.910978174181","0.647260295433","0.999990325388","0.999936381518","0.823625310410","0.842338201869","0.756803292502","0.687038256475","0.608755869394","0.767880200391","0.767851723211","0.000063618482","","","","",""
"SNOWBALL_POLISH_DIRECT","PL_PL","pl-pl-unimorph","1.0.0","8191ed727097839cc808cbc5c56a1bd78b3c851e7733ad226ad9a51519a54721","LOWERCASE_GROUPS_ONLY","PRIMARY_OUTPUT","9846","119451","1","119451","0","1","119451","18927","718592","70647","392165","7133029571","70647","7133100218","0.000990","392165","1110757","35.306102","0.910487190826","0.646938979453","0.999990095891","0.999935127795","0.823464537672","0.841893538764","0.756414224030","0.686692785364","0.608252553741","0.767482673444","0.767453627968","0.000064872205","","","","",""
"SNOWBALL_PORTUGUESE_DIRECT","PT_PT","pt-pt-default","1.0.0","7a035ff330a6f0548f446cd0d6617bc1cf4751292125a3564d3a255c5d6f516d","ALL_WORDS","PRIMARY_OUTPUT","4001","211091","0","211091","0","1","211091","11315","4816198","146201","670154","22273967042","146201","22274113243","0.000656","670154","5486352","12.214929","0.970538241685","0.877850710272","0.999993436282","0.999963358632","0.938922073277","0.950467296507","0.921870566157","0.894944355740","0.855064834721","0.923031789707","0.923014032222","0.000036641368","","","","",""
"SNOWBALL_PORTUGUESE_DIRECT","PT_PT","pt-pt-default","1.0.0","7a035ff330a6f0548f446cd0d6617bc1cf4751292125a3564d3a255c5d6f516d","LOWERCASE_GROUPS_ONLY","PRIMARY_OUTPUT","4001","211091","0","211091","0","1","211091","11315","4816198","146201","670154","22273967042","146201","22274113243","0.000656","670154","5486352","12.214929","0.970538241685","0.877850710272","0.999993436282","0.999963358632","0.938922073277","0.950467296507","0.921870566157","0.894944355740","0.855064834721","0.923031789707","0.923014032222","0.000036641368","","","","",""
"SNOWBALL_PORTUGUESE_LUCENE_FILTER","PT_PT","pt-pt-default","1.0.0","7a035ff330a6f0548f446cd0d6617bc1cf4751292125a3564d3a255c5d6f516d","ALL_WORDS","PRIMARY_OUTPUT","4001","211091","0","211091","0","1","211091","11315","4816198","146201","670154","22273967042","146201","22274113243","0.000656","670154","5486352","12.214929","0.970538241685","0.877850710272","0.999993436282","0.999963358632","0.938922073277","0.950467296507","0.921870566157","0.894944355740","0.855064834721","0.923031789707","0.923014032222","0.000036641368","","","","",""
"SNOWBALL_PORTUGUESE_LUCENE_FILTER","PT_PT","pt-pt-default","1.0.0","7a035ff330a6f0548f446cd0d6617bc1cf4751292125a3564d3a255c5d6f516d","LOWERCASE_GROUPS_ONLY","PRIMARY_OUTPUT","4001","211091","0","211091","0","1","211091","11315","4816198","146201","670154","22273967042","146201","22274113243","0.000656","670154","5486352","12.214929","0.970538241685","0.877850710272","0.999993436282","0.999963358632","0.938922073277","0.950467296507","0.921870566157","0.894944355740","0.855064834721","0.923031789707","0.923014032222","0.000036641368","","","","",""
"SNOWBALL_ROMANIAN_DIRECT","RO_RO","ro-ro-default","1.0.0","94637c539437fd719436ded52fdef0a5271fc0b91e306efcd7e4fa8deadf6e79","ALL_WORDS","PRIMARY_OUTPUT","4387","48565","10","48565","0","1","48565","11470","259585","32785","112158","1178850802","32785","1178883587","0.002781","112158","371743","30.170844","0.887864692000","0.698291561643","0.999972189790","0.999877089383","0.849131875717","0.842139651433","0.781749491427","0.729440995604","0.641698473282","0.787393435523","0.787335571941","0.000122910617","","","","",""
"SNOWBALL_ROMANIAN_DIRECT","RO_RO","ro-ro-default","1.0.0","94637c539437fd719436ded52fdef0a5271fc0b91e306efcd7e4fa8deadf6e79","LOWERCASE_GROUPS_ONLY","PRIMARY_OUTPUT","4387","48565","10","48565","0","1","48565","11470","259585","32785","112158","1178850802","32785","1178883587","0.002781","112158","371743","30.170844","0.887864692000","0.698291561643","0.999972189790","0.999877089383","0.849131875717","0.842139651433","0.781749491427","0.729440995604","0.641698473282","0.787393435523","0.787335571941","0.000122910617","","","","",""
"SNOWBALL_ROMANIAN_LUCENE_FILTER","RO_RO","ro-ro-default","1.0.0","94637c539437fd719436ded52fdef0a5271fc0b91e306efcd7e4fa8deadf6e79","ALL_WORDS","PRIMARY_OUTPUT","4387","48565","10","48565","0","1","48565","11470","259585","32785","112158","1178850802","32785","1178883587","0.002781","112158","371743","30.170844","0.887864692000","0.698291561643","0.999972189790","0.999877089383","0.849131875717","0.842139651433","0.781749491427","0.729440995604","0.641698473282","0.787393435523","0.787335571941","0.000122910617","","","","",""
"SNOWBALL_ROMANIAN_LUCENE_FILTER","RO_RO","ro-ro-default","1.0.0","94637c539437fd719436ded52fdef0a5271fc0b91e306efcd7e4fa8deadf6e79","LOWERCASE_GROUPS_ONLY","PRIMARY_OUTPUT","4387","48565","10","48565","0","1","48565","11470","259585","32785","112158","1178850802","32785","1178883587","0.002781","112158","371743","30.170844","0.887864692000","0.698291561643","0.999972189790","0.999877089383","0.849131875717","0.842139651433","0.781749491427","0.729440995604","0.641698473282","0.787393435523","0.787335571941","0.000122910617","","","","",""
"SNOWBALL_RUSSIAN_DIRECT","RU_RU","ru-ru-default","1.0.0","df7ea25e63a875eeec7a4185be685bd5372a3c568db85c34c44fdf5d8d980a40","ALL_WORDS","PRIMARY_OUTPUT","37410","759333","10","759333","0","1","759333","64358","8723768","3499880","4313838","288276385292","3499880","288279885172","0.001214","4313838","13037606","33.087654","0.713679582396","0.669123457175","0.999987859437","0.999972896601","0.834555658306","0.704299886143","0.690683684983","0.677583981327","0.527514762522","0.691042509176","0.691028995355","0.000027103399","","","","",""
"SNOWBALL_RUSSIAN_DIRECT","RU_RU","ru-ru-default","1.0.0","df7ea25e63a875eeec7a4185be685bd5372a3c568db85c34c44fdf5d8d980a40","LOWERCASE_GROUPS_ONLY","PRIMARY_OUTPUT","37297","758584","10","758584","0","1","758584","64159","8721831","3499880","4313396","287707928129","3499880","287711428009","0.001216","4313396","13035227","33.090302","0.713634203918","0.669096978518","0.999987835450","0.999972844589","0.834542406984","0.704258664088","0.690648327996","0.677554078401","0.527473514384","0.691006866542","0.690993326753","0.000027155411","","","","",""
"SNOWBALL_RUSSIAN_LUCENE_FILTER","RU_RU","ru-ru-default","1.0.0","df7ea25e63a875eeec7a4185be685bd5372a3c568db85c34c44fdf5d8d980a40","ALL_WORDS","PRIMARY_OUTPUT","37410","759333","10","759333","0","1","759333","64266","8724001","3502741","4313605","288276382431","3502741","288279885172","0.001215","4313605","13037606","33.085867","0.713518041028","0.669141328554","0.999987849513","0.999972887486","0.834564589033","0.704177980141","0.690617545325","0.677569512768","0.527437604544","0.690973523314","0.690960004637","0.000027112514","","","","",""
"SNOWBALL_RUSSIAN_LUCENE_FILTER","RU_RU","ru-ru-default","1.0.0","df7ea25e63a875eeec7a4185be685bd5372a3c568db85c34c44fdf5d8d980a40","LOWERCASE_GROUPS_ONLY","PRIMARY_OUTPUT","37297","758584","10","758584","0","1","758584","64159","8721831","3499880","4313396","287707928129","3499880","287711428009","0.001216","4313396","13035227","33.090302","0.713634203918","0.669096978518","0.999987835450","0.999972844589","0.834542406984","0.704258664088","0.690648327996","0.677554078401","0.527473514384","0.691006866542","0.690993326753","0.000027155411","","","","",""
"SNOWBALL_SESOTHO_DIRECT","ST_ZA","st-za-default","1.0.0","79cf6bd61d12a2115418e35a185ae6b66a4f99f678fe3690d774ced6be604eb5","ALL_WORDS","PRIMARY_OUTPUT","26","416","0","416","0","1","416","379","22","18","3098","83182","18","83200","0.021635","3098","3120","99.294872","0.550000000000","0.007051282051","0.999783653846","0.963901760890","0.503417467949","0.033536585366","0.013924050633","0.008785942492","0.007010834927","0.062275236878","0.059277290199","0.036098239110","","","","",""
"SNOWBALL_SESOTHO_DIRECT","ST_ZA","st-za-default","1.0.0","79cf6bd61d12a2115418e35a185ae6b66a4f99f678fe3690d774ced6be604eb5","LOWERCASE_GROUPS_ONLY","PRIMARY_OUTPUT","26","416","0","416","0","1","416","379","22","18","3098","83182","18","83200","0.021635","3098","3120","99.294872","0.550000000000","0.007051282051","0.999783653846","0.963901760890","0.503417467949","0.033536585366","0.013924050633","0.008785942492","0.007010834927","0.062275236878","0.059277290199","0.036098239110","","","","",""
"SNOWBALL_SPANISH_DIRECT","ES_ES","es-es-default","1.0.0","7a1ec94cfdb1e9a95431289d62dc5579cb2a532d99532eeda90290072e569721","ALL_WORDS","PRIMARY_OUTPUT","65059","849661","3589","849661","0","1","849661","195021","12786403","1491944","29152637","360918051646","1491944","360919543590","0.000413","29152637","41939040","69.511932","0.895510033479","0.304880679195","0.999995866270","0.999915102906","0.652438272733","0.645436121970","0.454891402192","0.351208219000","0.294407398184","0.522516705219","0.522489599380","0.000084897094","","","","",""
"SNOWBALL_SPANISH_DIRECT","ES_ES","es-es-default","1.0.0","7a1ec94cfdb1e9a95431289d62dc5579cb2a532d99532eeda90290072e569721","LOWERCASE_GROUPS_ONLY","PRIMARY_OUTPUT","64918","847879","3525","847879","0","1","847879","194444","12762004","1472547","29068462","359405672368","1472547","359407144915","0.000410","29068462","41830466","69.491126","0.896551215419","0.305088736042","0.999995902844","0.999915033813","0.652542319443","0.646055272385","0.455257295293","0.351461114717","0.294713995998","0.522998735285","0.522971634774","0.000084966187","","","","",""
"SNOWBALL_SPANISH_LUCENE_FILTER","ES_ES","es-es-default","1.0.0","7a1ec94cfdb1e9a95431289d62dc5579cb2a532d99532eeda90290072e569721","ALL_WORDS","PRIMARY_OUTPUT","65059","849661","3589","849661","0","1","849661","194971","12786409","1493087","29152631","360918050503","1493087","360919543590","0.000414","29152631","41939040","69.511918","0.895438396425","0.304880822260","0.999995863103","0.999915099756","0.652438342682","0.645406478192","0.454882318529","0.351206166994","0.294399788433","0.522495927817","0.522468818464","0.000084900244","","","","",""
"SNOWBALL_SPANISH_LUCENE_FILTER","ES_ES","es-es-default","1.0.0","7a1ec94cfdb1e9a95431289d62dc5579cb2a532d99532eeda90290072e569721","LOWERCASE_GROUPS_ONLY","PRIMARY_OUTPUT","64918","847879","3525","847879","0","1","847879","194444","12762004","1472547","29068462","359405672368","1472547","359407144915","0.000410","29068462","41830466","69.491126","0.896551215419","0.305088736042","0.999995902844","0.999915033813","0.652542319443","0.646055272385","0.455257295293","0.351461114717","0.294713995998","0.522998735285","0.522971634774","0.000084966187","","","","",""
"SNOWBALL_SWEDISH_DIRECT","SV_SE","sv-se-default","1.0.0","d9be72e3d67c776622c4281e04e4063b9381e8f84a823d98ebf08888b82dff0c","ALL_WORDS","PRIMARY_OUTPUT","12371","95181","68","95181","0","1","95181","25915","234278","37166","145369","4529246977","37166","4529284143","0.000821","145369","379647","38.290570","0.863080414376","0.617094300758","0.999991794288","0.999959702307","0.808543047523","0.799352814853","0.719647483992","0.654396122527","0.562069801086","0.729795865162","0.729777443809","0.000040297693","","","","",""
"SNOWBALL_SWEDISH_DIRECT","SV_SE","sv-se-default","1.0.0","d9be72e3d67c776622c4281e04e4063b9381e8f84a823d98ebf08888b82dff0c","LOWERCASE_GROUPS_ONLY","PRIMARY_OUTPUT","12342","94954","68","94954","0","1","94954","25840","233849","37166","145019","4507667547","37166","4507704713","0.000824","145019","378868","38.276920","0.862863679132","0.617230803340","0.999991755006","0.999959587040","0.808611279173","0.799249860554","0.719664924302","0.654493987362","0.562091079094","0.729784928485","0.729766449710","0.000040412960","","","","",""
"SNOWBALL_SWEDISH_LUCENE_FILTER","SV_SE","sv-se-default","1.0.0","d9be72e3d67c776622c4281e04e4063b9381e8f84a823d98ebf08888b82dff0c","ALL_WORDS","PRIMARY_OUTPUT","12371","95181","68","95181","0","1","95181","26781","227960","35082","151687","4529249061","35082","4529284143","0.000775","151687","379647","39.954747","0.866629663704","0.600452525636","0.999992254405","0.999958767580","0.800222390020","0.796052562656","0.709394434944","0.639751239034","0.549660139513","0.721366737771","0.721348147050","0.000041232420","","","","",""
"SNOWBALL_SWEDISH_LUCENE_FILTER","SV_SE","sv-se-default","1.0.0","d9be72e3d67c776622c4281e04e4063b9381e8f84a823d98ebf08888b82dff0c","LOWERCASE_GROUPS_ONLY","PRIMARY_OUTPUT","12342","94954","68","94954","0","1","94954","26706","227531","35082","151337","4507669631","35082","4507704713","0.000778","151337","378868","39.944519","0.866411792257","0.600554810646","0.999992217325","0.999958647839","0.800273513986","0.795941426692","0.709392795734","0.639820368543","0.549658171277","0.721337486785","0.721318837420","0.000041352161","","","","",""
"SNOWBALL_TURKISH_DIRECT","TR_TR","tr-tr-default","1.0.0","a3605d0abd12c4bd077c72bdc0be52153400601dbd985897cb5c4ec424330200","ALL_WORDS","PRIMARY_OUTPUT","3017","222553","0","222553","0","1","222553","15933","3337687","74878","11485304","24749909759","74878","24749984637","0.000303","11485304","14822991","77.483040","0.978058146878","0.225169603085","0.999996974624","0.999533201220","0.612583288855","0.586109222301","0.366063639628","0.266144013298","0.224037880854","0.469285589728","0.469171146452","0.000466798780","","","","",""
"SNOWBALL_TURKISH_DIRECT","TR_TR","tr-tr-default","1.0.0","a3605d0abd12c4bd077c72bdc0be52153400601dbd985897cb5c4ec424330200","LOWERCASE_GROUPS_ONLY","PRIMARY_OUTPUT","3017","222553","0","222553","0","1","222553","15933","3337687","74878","11485304","24749909759","74878","24749984637","0.000303","11485304","14822991","77.483040","0.978058146878","0.225169603085","0.999996974624","0.999533201220","0.612583288855","0.586109222301","0.366063639628","0.266144013298","0.224037880854","0.469285589728","0.469171146452","0.000466798780","","","","",""
"SNOWBALL_TURKISH_LUCENE_FILTER","TR_TR","tr-tr-default","1.0.0","a3605d0abd12c4bd077c72bdc0be52153400601dbd985897cb5c4ec424330200","ALL_WORDS","PRIMARY_OUTPUT","3017","222553","0","222553","0","1","222553","15948","3336301","74878","11486690","24749909759","74878","24749984637","0.000303","11486690","14822991","77.492390","0.978049231659","0.225076099689","0.999996974624","0.999533145253","0.612536537157","0.585979931577","0.365939442267","0.266039375411","0.223944847414","0.469186004017","0.469071569280","0.000466854747","","","","",""
"SNOWBALL_TURKISH_LUCENE_FILTER","TR_TR","tr-tr-default","1.0.0","a3605d0abd12c4bd077c72bdc0be52153400601dbd985897cb5c4ec424330200","LOWERCASE_GROUPS_ONLY","PRIMARY_OUTPUT","3017","222553","0","222553","0","1","222553","15948","3336301","74878","11486690","24749909759","74878","24749984637","0.000303","11486690","14822991","77.492390","0.978049231659","0.225076099689","0.999996974624","0.999533145253","0.612536537157","0.585979931577","0.365939442267","0.266039375411","0.223944847414","0.469186004017","0.469071569280","0.000466854747","","","","",""
"SNOWBALL_YIDDISH_DIRECT","YI","yi-default","1.0.0","f47de665c27dcd72833a82904e49c68a945bb5aca769a7ec5a0164e2c981a6d3","ALL_WORDS","PRIMARY_OUTPUT","802","3532","0","3532","0","1","3532","1087","4943","823","1375","6228605","823","6229428","0.013211","1375","6318","21.763216","0.857266736039","0.782367837923","0.999867885141","0.999647516111","0.891117861532","0.841161255190","0.818106587223","0.796281976932","0.692199971993","0.818961490425","0.818786919931","0.000352483889","","","","",""
"SNOWBALL_YIDDISH_DIRECT","YI","yi-default","1.0.0","f47de665c27dcd72833a82904e49c68a945bb5aca769a7ec5a0164e2c981a6d3","LOWERCASE_GROUPS_ONLY","PRIMARY_OUTPUT","802","3532","0","3532","0","1","3532","1087","4943","823","1375","6228605","823","6229428","0.013211","1375","6318","21.763216","0.857266736039","0.782367837923","0.999867885141","0.999647516111","0.891117861532","0.841161255190","0.818106587223","0.796281976932","0.692199971993","0.818961490425","0.818786919931","0.000352483889","","","","",""
"SNOWBALL_YIDDISH_LUCENE_FILTER","YI","yi-default","1.0.0","f47de665c27dcd72833a82904e49c68a945bb5aca769a7ec5a0164e2c981a6d3","ALL_WORDS","PRIMARY_OUTPUT","802","3532","0","3532","0","1","3532","1087","4943","823","1375","6228605","823","6229428","0.013211","1375","6318","21.763216","0.857266736039","0.782367837923","0.999867885141","0.999647516111","0.891117861532","0.841161255190","0.818106587223","0.796281976932","0.692199971993","0.818961490425","0.818786919931","0.000352483889","","","","",""
"SNOWBALL_YIDDISH_LUCENE_FILTER","YI","yi-default","1.0.0","f47de665c27dcd72833a82904e49c68a945bb5aca769a7ec5a0164e2c981a6d3","LOWERCASE_GROUPS_ONLY","PRIMARY_OUTPUT","802","3532","0","3532","0","1","3532","1087","4943","823","1375","6228605","823","6229428","0.013211","1375","6318","21.763216","0.857266736039","0.782367837923","0.999867885141","0.999647516111","0.891117861532","0.841161255190","0.818106587223","0.796281976932","0.692199971993","0.818961490425","0.818786919931","0.000352483889","","","","",""
"SN_ZW_RADIXOR","SN_ZW","sn-zw-default","1.0.0","e0f2e68f72fadf364d9e93fd1210566044981769f3d6f749504402dc7db1b06d","ALL_WORDS","PRIMARY_OUTPUT","86","2640","0","2640","0","1","2640","86","39535","0","0","3443945","0","3443945","0.000000","0","39535","0.000000","1.000000000000","1.000000000000","1.000000000000","1.000000000000","1.000000000000","1.000000000000","1.000000000000","1.000000000000","1.000000000000","1.000000000000","1.000000000000","0.000000000000","","","","",""
"SN_ZW_RADIXOR","SN_ZW","sn-zw-default","1.0.0","e0f2e68f72fadf364d9e93fd1210566044981769f3d6f749504402dc7db1b06d","ALL_WORDS","ANY_CANDIDATE","86","2640","0","2640","0","1","2640","86","","","","","0","3443945","0.000000","0","39535","0.000000","","","","","","","","","","","","","","","","",""
"SN_ZW_RADIXOR","SN_ZW","sn-zw-default","1.0.0","e0f2e68f72fadf364d9e93fd1210566044981769f3d6f749504402dc7db1b06d","ALL_WORDS","ALL_CANDIDATES","86","2640","0","2640","0","1","2640","86","39535","0","0","3443945","0","3443945","0.000000","0","39535","0.000000","1.000000000000","1.000000000000","1.000000000000","1.000000000000","1.000000000000","1.000000000000","1.000000000000","1.000000000000","1.000000000000","1.000000000000","1.000000000000","0.000000000000","","","","",""
"SN_ZW_RADIXOR","SN_ZW","sn-zw-default","1.0.0","e0f2e68f72fadf364d9e93fd1210566044981769f3d6f749504402dc7db1b06d","LOWERCASE_GROUPS_ONLY","PRIMARY_OUTPUT","86","2640","0","2640","0","1","2640","86","39535","0","0","3443945","0","3443945","0.000000","0","39535","0.000000","1.000000000000","1.000000000000","1.000000000000","1.000000000000","1.000000000000","1.000000000000","1.000000000000","1.000000000000","1.000000000000","1.000000000000","1.000000000000","0.000000000000","","","","",""
"SN_ZW_RADIXOR","SN_ZW","sn-zw-default","1.0.0","e0f2e68f72fadf364d9e93fd1210566044981769f3d6f749504402dc7db1b06d","LOWERCASE_GROUPS_ONLY","ANY_CANDIDATE","86","2640","0","2640","0","1","2640","86","","","","","0","3443945","0.000000","0","39535","0.000000","","","","","","","","","","","","","","","","",""
"SN_ZW_RADIXOR","SN_ZW","sn-zw-default","1.0.0","e0f2e68f72fadf364d9e93fd1210566044981769f3d6f749504402dc7db1b06d","LOWERCASE_GROUPS_ONLY","ALL_CANDIDATES","86","2640","0","2640","0","1","2640","86","39535","0","0","3443945","0","3443945","0.000000","0","39535","0.000000","1.000000000000","1.000000000000","1.000000000000","1.000000000000","1.000000000000","1.000000000000","1.000000000000","1.000000000000","1.000000000000","1.000000000000","1.000000000000","0.000000000000","","","","",""
"SPANISH_LUCENE_SPANISH_LIGHT_STEM_FILTER","ES_ES","es-es-default","1.0.0","7a1ec94cfdb1e9a95431289d62dc5579cb2a532d99532eeda90290072e569721","ALL_WORDS","PRIMARY_OUTPUT","65059","849661","3589","849661","0","1","849661","405552","1221659","32066","40717381","360919511524","32066","360919543590","0.000009","40717381","41939040","97.087060","0.974423418214","0.029129398289","0.999999911155","0.999887108600","0.514564654722","0.130091212793","0.056567760828","0.036141643431","0.029107143376","0.168476609210","0.168466600268","0.000112891400","","","","",""
"SPANISH_LUCENE_SPANISH_LIGHT_STEM_FILTER","ES_ES","es-es-default","1.0.0","7a1ec94cfdb1e9a95431289d62dc5579cb2a532d99532eeda90290072e569721","LOWERCASE_GROUPS_ONLY","PRIMARY_OUTPUT","64918","847879","3525","847879","0","1","847879","404617","1219357","31857","40611109","359407113058","31857","359407144915","0.000009","40611109","41830466","97.085003","0.974539127599","0.029149974088","0.999999911362","0.999886929804","0.514574942725","0.130174935063","0.056606752569","0.036167014759","0.029127791117","0.168546107394","0.168536080782","0.000113070196","","","","",""
"SPANISH_LUCENE_SPANISH_MINIMAL_STEM_FILTER","ES_ES","es-es-default","1.0.0","7a1ec94cfdb1e9a95431289d62dc5579cb2a532d99532eeda90290072e569721","ALL_WORDS","PRIMARY_OUTPUT","65059","849661","3589","849661","0","1","849661","718633","140718","4263","41798322","360919539327","4263","360919543590","0.000001","41798322","41939040","99.664470","0.970596147081","0.003355298548","0.999999988189","0.999884191009","0.501677643368","0.016547675056","0.006687478841","0.004190501600","0.003354957524","0.057066976813","0.057063472077","0.000115808991","","","","",""
"SPANISH_LUCENE_SPANISH_MINIMAL_STEM_FILTER","ES_ES","es-es-default","1.0.0","7a1ec94cfdb1e9a95431289d62dc5579cb2a532d99532eeda90290072e569721","LOWERCASE_GROUPS_ONLY","PRIMARY_OUTPUT","64918","847879","3525","847879","0","1","847879","717093","140505","4162","41689961","359407140753","4162","359407144915","0.000001","41689961","41830466","99.664108","0.971230481036","0.003358915485","0.999999988420","0.999884005448","0.501679451953","0.016565417252","0.006694678013","0.004195017332","0.003358581317","0.057116382085","0.057112873151","0.000115994552","","","","",""
"SPANISH_LUCENE_SPANISH_PLURAL_STEM_FILTER","ES_ES","es-es-default","1.0.0","7a1ec94cfdb1e9a95431289d62dc5579cb2a532d99532eeda90290072e569721","ALL_WORDS","PRIMARY_OUTPUT","65059","849661","3589","849661","0","1","849661","578805","315690","6721","41623350","360919536869","6721","360919543590","0.000002","41623350","41939040","99.247265","0.979153937055","0.007527353988","0.999999981378","0.999884668938","0.503763667683","0.036513949858","0.014939856182","0.009391143622","0.007526147875","0.085851256794","0.085846095212","0.000115331062","","","","",""
"SPANISH_LUCENE_SPANISH_PLURAL_STEM_FILTER","ES_ES","es-es-default","1.0.0","7a1ec94cfdb1e9a95431289d62dc5579cb2a532d99532eeda90290072e569721","LOWERCASE_GROUPS_ONLY","PRIMARY_OUTPUT","64918","847879","3525","847879","0","1","847879","577533","315155","6589","41515311","359407138326","6589","359407144915","0.000002","41515311","41830466","99.246590","0.979520985628","0.007534102059","0.999999981667","0.999884484578","0.503767041863","0.036546115143","0.014953189880","0.009399553128","0.007532915498","0.085905826777","0.085900657455","0.000115515422","","","","",""
"SPANISH_RADIXOR","ES_ES","es-es-default","1.0.0","7a1ec94cfdb1e9a95431289d62dc5579cb2a532d99532eeda90290072e569721","ALL_WORDS","PRIMARY_OUTPUT","65059","849661","3589","849661","0","1","849661","64995","41053986","0","885054","360919543590","0","360919543590","0.000000","885054","41939040","2.110334","1.000000000000","0.978896655717","1.000000000000","0.999997548065","0.989448327859","0.995706851308","0.989335802746","0.983045766368","0.978896655717","0.989392063702","0.989390850601","0.000002451935","","","","",""
"SPANISH_RADIXOR","ES_ES","es-es-default","1.0.0","7a1ec94cfdb1e9a95431289d62dc5579cb2a532d99532eeda90290072e569721","ALL_WORDS","ANY_CANDIDATE","65059","849661","3589","828694","20967","21","871404","65118","","","","","0","360919543590","0.000000","626","41939040","0.001493","","","","","","","","","","","","","","","","",""
"SPANISH_RADIXOR","ES_ES","es-es-default","1.0.0","7a1ec94cfdb1e9a95431289d62dc5579cb2a532d99532eeda90290072e569721","ALL_WORDS","ALL_CANDIDATES","65059","849661","3589","828694","20967","21","871404","65118","41938414","1737","626","360919541853","1737","360919543590","0.000000","626","41939040","0.001493","0.999958583840","0.999985073573","0.999999995187","0.999999993454","0.999992534380","0.999963881674","0.999971828531","0.999979775515","0.999943658650","0.999971828619","0.999971825345","0.000000006546","","","","",""
"SPANISH_RADIXOR","ES_ES","es-es-default","1.0.0","7a1ec94cfdb1e9a95431289d62dc5579cb2a532d99532eeda90290072e569721","LOWERCASE_GROUPS_ONLY","PRIMARY_OUTPUT","64918","847879","3525","847879","0","1","847879","64814","40958710","34","871756","359407144881","34","359407144915","0.000000","871756","41830466","2.084022","0.999999169896","0.979159782729","0.999999999905","0.999997574649","0.989579891317","0.995760629537","0.989469763028","0.983257884479","0.979158986864","0.989524618150","0.989523418038","0.000002425351","","","","",""
"SPANISH_RADIXOR","ES_ES","es-es-default","1.0.0","7a1ec94cfdb1e9a95431289d62dc5579cb2a532d99532eeda90290072e569721","LOWERCASE_GROUPS_ONLY","ANY_CANDIDATE","64918","847879","3525","826968","20911","21","869542","64933","","","","","0","359407144915","0.000000","0","41830466","0.000000","","","","","","","","","","","","","","","","",""
"SPANISH_RADIXOR","ES_ES","es-es-default","1.0.0","7a1ec94cfdb1e9a95431289d62dc5579cb2a532d99532eeda90290072e569721","LOWERCASE_GROUPS_ONLY","ALL_CANDIDATES","64918","847879","3525","826968","20911","21","869542","64933","41830466","560","0","359407144355","560","359407144915","0.000000","0","41830466","0.000000","0.999986612807","1.000000000000","0.999999998442","0.999999998442","0.999999999221","0.999989290217","0.999993306359","0.999997322533","0.999986612807","0.999993306381","0.999993305602","0.000000001558","","","","",""
"SQ_AL_RADIXOR","SQ_AL","sq-al-default","1.0.0","f36caf9057f6eede49212d2ea0612d8f5db850fcbfc08f7f921573507bf938be","ALL_WORDS","PRIMARY_OUTPUT","587","10218","0","10218","0","1","10218","587","137491","0","841","52060321","0","52060321","0.000000","841","138332","0.607958","1.000000000000","0.993920423329","1.000000000000","0.999983888473","0.996960211665","0.998778141962","0.996950943177","0.995130417664","0.993920423329","0.996955577410","0.996947524929","0.000016111527","","","","",""
"SQ_AL_RADIXOR","SQ_AL","sq-al-default","1.0.0","f36caf9057f6eede49212d2ea0612d8f5db850fcbfc08f7f921573507bf938be","ALL_WORDS","ANY_CANDIDATE","587","10218","0","10172","46","2","10264","587","","","","","0","52060321","0.000000","0","138332","0.000000","","","","","","","","","","","","","","","","",""
"SQ_AL_RADIXOR","SQ_AL","sq-al-default","1.0.0","f36caf9057f6eede49212d2ea0612d8f5db850fcbfc08f7f921573507bf938be","ALL_WORDS","ALL_CANDIDATES","587","10218","0","10172","46","2","10264","587","138332","0","0","52060321","0","52060321","0.000000","0","138332","0.000000","1.000000000000","1.000000000000","1.000000000000","1.000000000000","1.000000000000","1.000000000000","1.000000000000","1.000000000000","1.000000000000","1.000000000000","1.000000000000","0.000000000000","","","","",""
"SQ_AL_RADIXOR","SQ_AL","sq-al-default","1.0.0","f36caf9057f6eede49212d2ea0612d8f5db850fcbfc08f7f921573507bf938be","LOWERCASE_GROUPS_ONLY","PRIMARY_OUTPUT","587","10218","0","10218","0","1","10218","587","137491","0","841","52060321","0","52060321","0.000000","841","138332","0.607958","1.000000000000","0.993920423329","1.000000000000","0.999983888473","0.996960211665","0.998778141962","0.996950943177","0.995130417664","0.993920423329","0.996955577410","0.996947524929","0.000016111527","","","","",""
"SQ_AL_RADIXOR","SQ_AL","sq-al-default","1.0.0","f36caf9057f6eede49212d2ea0612d8f5db850fcbfc08f7f921573507bf938be","LOWERCASE_GROUPS_ONLY","ANY_CANDIDATE","587","10218","0","10172","46","2","10264","587","","","","","0","52060321","0.000000","0","138332","0.000000","","","","","","","","","","","","","","","","",""
"SQ_AL_RADIXOR","SQ_AL","sq-al-default","1.0.0","f36caf9057f6eede49212d2ea0612d8f5db850fcbfc08f7f921573507bf938be","LOWERCASE_GROUPS_ONLY","ALL_CANDIDATES","587","10218","0","10172","46","2","10264","587","138332","0","0","52060321","0","52060321","0.000000","0","138332","0.000000","1.000000000000","1.000000000000","1.000000000000","1.000000000000","1.000000000000","1.000000000000","1.000000000000","1.000000000000","1.000000000000","1.000000000000","1.000000000000","0.000000000000","","","","",""
"ST_ZA_RADIXOR","ST_ZA","st-za-default","1.0.0","79cf6bd61d12a2115418e35a185ae6b66a4f99f678fe3690d774ced6be604eb5","ALL_WORDS","PRIMARY_OUTPUT","26","416","0","416","0","1","416","26","3120","0","0","83200","0","83200","0.000000","0","3120","0.000000","1.000000000000","1.000000000000","1.000000000000","1.000000000000","1.000000000000","1.000000000000","1.000000000000","1.000000000000","1.000000000000","1.000000000000","1.000000000000","0.000000000000","","","","",""
"ST_ZA_RADIXOR","ST_ZA","st-za-default","1.0.0","79cf6bd61d12a2115418e35a185ae6b66a4f99f678fe3690d774ced6be604eb5","ALL_WORDS","ANY_CANDIDATE","26","416","0","416","0","1","416","26","","","","","0","83200","0.000000","0","3120","0.000000","","","","","","","","","","","","","","","","",""
"ST_ZA_RADIXOR","ST_ZA","st-za-default","1.0.0","79cf6bd61d12a2115418e35a185ae6b66a4f99f678fe3690d774ced6be604eb5","ALL_WORDS","ALL_CANDIDATES","26","416","0","416","0","1","416","26","3120","0","0","83200","0","83200","0.000000","0","3120","0.000000","1.000000000000","1.000000000000","1.000000000000","1.000000000000","1.000000000000","1.000000000000","1.000000000000","1.000000000000","1.000000000000","1.000000000000","1.000000000000","0.000000000000","","","","",""
"ST_ZA_RADIXOR","ST_ZA","st-za-default","1.0.0","79cf6bd61d12a2115418e35a185ae6b66a4f99f678fe3690d774ced6be604eb5","LOWERCASE_GROUPS_ONLY","PRIMARY_OUTPUT","26","416","0","416","0","1","416","26","3120","0","0","83200","0","83200","0.000000","0","3120","0.000000","1.000000000000","1.000000000000","1.000000000000","1.000000000000","1.000000000000","1.000000000000","1.000000000000","1.000000000000","1.000000000000","1.000000000000","1.000000000000","0.000000000000","","","","",""
"ST_ZA_RADIXOR","ST_ZA","st-za-default","1.0.0","79cf6bd61d12a2115418e35a185ae6b66a4f99f678fe3690d774ced6be604eb5","LOWERCASE_GROUPS_ONLY","ANY_CANDIDATE","26","416","0","416","0","1","416","26","","","","","0","83200","0.000000","0","3120","0.000000","","","","","","","","","","","","","","","","",""
"ST_ZA_RADIXOR","ST_ZA","st-za-default","1.0.0","79cf6bd61d12a2115418e35a185ae6b66a4f99f678fe3690d774ced6be604eb5","LOWERCASE_GROUPS_ONLY","ALL_CANDIDATES","26","416","0","416","0","1","416","26","3120","0","0","83200","0","83200","0.000000","0","3120","0.000000","1.000000000000","1.000000000000","1.000000000000","1.000000000000","1.000000000000","1.000000000000","1.000000000000","1.000000000000","1.000000000000","1.000000000000","1.000000000000","0.000000000000","","","","",""
"SWC_RADIXOR","SWC","swc-default","1.0.0","a00d480708771bd7c70fcc82e013255444624c4b7a20dc95ea346a8a584c561a","ALL_WORDS","PRIMARY_OUTPUT","183","11121","0","11121","0","1","11121","183","538658","0","0","61294102","0","61294102","0.000000","0","538658","0.000000","1.000000000000","1.000000000000","1.000000000000","1.000000000000","1.000000000000","1.000000000000","1.000000000000","1.000000000000","1.000000000000","1.000000000000","1.000000000000","0.000000000000","","","","",""
"SWC_RADIXOR","SWC","swc-default","1.0.0","a00d480708771bd7c70fcc82e013255444624c4b7a20dc95ea346a8a584c561a","ALL_WORDS","ANY_CANDIDATE","183","11121","0","11121","0","1","11121","183","","","","","0","61294102","0.000000","0","538658","0.000000","","","","","","","","","","","","","","","","",""
"SWC_RADIXOR","SWC","swc-default","1.0.0","a00d480708771bd7c70fcc82e013255444624c4b7a20dc95ea346a8a584c561a","ALL_WORDS","ALL_CANDIDATES","183","11121","0","11121","0","1","11121","183","538658","0","0","61294102","0","61294102","0.000000","0","538658","0.000000","1.000000000000","1.000000000000","1.000000000000","1.000000000000","1.000000000000","1.000000000000","1.000000000000","1.000000000000","1.000000000000","1.000000000000","1.000000000000","0.000000000000","","","","",""
"SWC_RADIXOR","SWC","swc-default","1.0.0","a00d480708771bd7c70fcc82e013255444624c4b7a20dc95ea346a8a584c561a","LOWERCASE_GROUPS_ONLY","PRIMARY_OUTPUT","183","11121","0","11121","0","1","11121","183","538658","0","0","61294102","0","61294102","0.000000","0","538658","0.000000","1.000000000000","1.000000000000","1.000000000000","1.000000000000","1.000000000000","1.000000000000","1.000000000000","1.000000000000","1.000000000000","1.000000000000","1.000000000000","0.000000000000","","","","",""
"SWC_RADIXOR","SWC","swc-default","1.0.0","a00d480708771bd7c70fcc82e013255444624c4b7a20dc95ea346a8a584c561a","LOWERCASE_GROUPS_ONLY","ANY_CANDIDATE","183","11121","0","11121","0","1","11121","183","","","","","0","61294102","0.000000","0","538658","0.000000","","","","","","","","","","","","","","","","",""
"SWC_RADIXOR","SWC","swc-default","1.0.0","a00d480708771bd7c70fcc82e013255444624c4b7a20dc95ea346a8a584c561a","LOWERCASE_GROUPS_ONLY","ALL_CANDIDATES","183","11121","0","11121","0","1","11121","183","538658","0","0","61294102","0","61294102","0.000000","0","538658","0.000000","1.000000000000","1.000000000000","1.000000000000","1.000000000000","1.000000000000","1.000000000000","1.000000000000","1.000000000000","1.000000000000","1.000000000000","1.000000000000","0.000000000000","","","","",""
"SWEDISH_LUCENE_SWEDISH_LIGHT_STEM_FILTER","SV_SE","sv-se-default","1.0.0","d9be72e3d67c776622c4281e04e4063b9381e8f84a823d98ebf08888b82dff0c","ALL_WORDS","PRIMARY_OUTPUT","12371","95181","68","95181","0","1","95181","22392","216573","24174","163074","4529259969","24174","4529284143","0.000534","163074","379647","42.954113","0.899587533801","0.570458873638","0.999994662733","0.999958661833","0.785226768185","0.806522249159","0.698178899216","0.615496764402","0.536309404414","0.716364216911","0.716346530489","0.000041338167","","","","",""
"SWEDISH_LUCENE_SWEDISH_LIGHT_STEM_FILTER","SV_SE","sv-se-default","1.0.0","d9be72e3d67c776622c4281e04e4063b9381e8f84a823d98ebf08888b82dff0c","LOWERCASE_GROUPS_ONLY","PRIMARY_OUTPUT","12342","94954","68","94954","0","1","94954","22338","216064","24174","162804","4507680539","24174","4507704713","0.000536","162804","378868","42.971167","0.899374786670","0.570288332612","0.999994637182","0.999958523839","0.785141484897","0.806317266498","0.697987097524","0.615318019491","0.536083088115","0.716172428597","0.716154681700","0.000041476161","","","","",""
"SWEDISH_LUCENE_SWEDISH_MINIMAL_STEM_FILTER","SV_SE","sv-se-default","1.0.0","d9be72e3d67c776622c4281e04e4063b9381e8f84a823d98ebf08888b82dff0c","ALL_WORDS","PRIMARY_OUTPUT","12371","95181","68","95181","0","1","95181","23360","226201","19890","153446","4529264253","19890","4529284143","0.000439","153446","379647","40.418073","0.919176239684","0.595819274221","0.999995608578","0.999961733142","0.797907441399","0.829175864418","0.722989494005","0.640912596569","0.566157827686","0.740042512299","0.740026147317","0.000038266858","","","","",""
"SWEDISH_LUCENE_SWEDISH_MINIMAL_STEM_FILTER","SV_SE","sv-se-default","1.0.0","d9be72e3d67c776622c4281e04e4063b9381e8f84a823d98ebf08888b82dff0c","LOWERCASE_GROUPS_ONLY","PRIMARY_OUTPUT","12342","94954","68","94954","0","1","94954","23312","225644","19890","153224","4507684823","19890","4507704713","0.000441","153224","378868","40.442582","0.918992888969","0.595574184149","0.999995587555","0.999961599204","0.797784885852","0.828961560730","0.722752329429","0.640667890967","0.565867017088","0.739816490818","0.739800068479","0.000038400796","","","","",""
"SWEDISH_RADIXOR","SV_SE","sv-se-default","1.0.0","d9be72e3d67c776622c4281e04e4063b9381e8f84a823d98ebf08888b82dff0c","ALL_WORDS","PRIMARY_OUTPUT","12371","95181","68","95181","0","1","95181","12330","362653","0","16994","4529284143","0","4529284143","0.000000","16994","379647","4.476263","1.000000000000","0.955237365237","1.000000000000","0.999996248287","0.977618682618","0.990714975312","0.977106291257","0.963866405208","0.955237365237","0.977362453359","0.977360619819","0.000003751713","","","","",""
"SWEDISH_RADIXOR","SV_SE","sv-se-default","1.0.0","d9be72e3d67c776622c4281e04e4063b9381e8f84a823d98ebf08888b82dff0c","ALL_WORDS","ANY_CANDIDATE","12371","95181","68","92341","2840","5","98108","12371","","","","","0","4529284143","0.000000","0","379647","0.000000","","","","","","","","","","","","","","","","",""
"SWEDISH_RADIXOR","SV_SE","sv-se-default","1.0.0","d9be72e3d67c776622c4281e04e4063b9381e8f84a823d98ebf08888b82dff0c","ALL_WORDS","ALL_CANDIDATES","12371","95181","68","92341","2840","5","98108","12371","379647","0","0","4529284143","0","4529284143","0.000000","0","379647","0.000000","1.000000000000","1.000000000000","1.000000000000","1.000000000000","1.000000000000","1.000000000000","1.000000000000","1.000000000000","1.000000000000","1.000000000000","1.000000000000","0.000000000000","","","","",""
"SWEDISH_RADIXOR","SV_SE","sv-se-default","1.0.0","d9be72e3d67c776622c4281e04e4063b9381e8f84a823d98ebf08888b82dff0c","LOWERCASE_GROUPS_ONLY","PRIMARY_OUTPUT","12342","94954","68","94954","0","1","94954","12301","361874","0","16994","4507704713","0","4507704713","0.000000","16994","378868","4.485467","1.000000000000","0.955145327660","1.000000000000","0.999996230327","0.977572663830","0.990695173580","0.977058139001","0.963791437487","0.955145327660","0.977315367556","0.977313525326","0.000003769673","","","","",""
"SWEDISH_RADIXOR","SV_SE","sv-se-default","1.0.0","d9be72e3d67c776622c4281e04e4063b9381e8f84a823d98ebf08888b82dff0c","LOWERCASE_GROUPS_ONLY","ANY_CANDIDATE","12342","94954","68","92114","2840","5","97881","12342","","","","","0","4507704713","0.000000","0","378868","0.000000","","","","","","","","","","","","","","","","",""
"SWEDISH_RADIXOR","SV_SE","sv-se-default","1.0.0","d9be72e3d67c776622c4281e04e4063b9381e8f84a823d98ebf08888b82dff0c","LOWERCASE_GROUPS_ONLY","ALL_CANDIDATES","12342","94954","68","92114","2840","5","97881","12342","378868","0","0","4507704713","0","4507704713","0.000000","0","378868","0.000000","1.000000000000","1.000000000000","1.000000000000","1.000000000000","1.000000000000","1.000000000000","1.000000000000","1.000000000000","1.000000000000","1.000000000000","1.000000000000","0.000000000000","","","","",""
"SYC_RADIXOR","SYC","syc-default","1.0.0","62bd6eaf022709cd4188c99bd491301c31dbcce5075877981b3a5ea421366a8f","ALL_WORDS","PRIMARY_OUTPUT","3257","27529","3","27529","0","1","27529","3257","352480","0","4313","378552363","0","378552363","0.000000","4313","356793","1.208824","1.000000000000","0.987911758358","1.000000000000","0.999988617324","0.993955879179","0.997558743271","0.993919125640","0.990305969931","0.987911758358","0.993937502240","0.993931840122","0.000011382676","","","","",""
"SYC_RADIXOR","SYC","syc-default","1.0.0","62bd6eaf022709cd4188c99bd491301c31dbcce5075877981b3a5ea421366a8f","ALL_WORDS","ANY_CANDIDATE","3257","27529","3","27355","174","2","27703","3257","","","","","0","378552363","0.000000","0","356793","0.000000","","","","","","","","","","","","","","","","",""
"SYC_RADIXOR","SYC","syc-default","1.0.0","62bd6eaf022709cd4188c99bd491301c31dbcce5075877981b3a5ea421366a8f","ALL_WORDS","ALL_CANDIDATES","3257","27529","3","27355","174","2","27703","3257","356793","0","0","378552363","0","378552363","0.000000","0","356793","0.000000","1.000000000000","1.000000000000","1.000000000000","1.000000000000","1.000000000000","1.000000000000","1.000000000000","1.000000000000","1.000000000000","1.000000000000","1.000000000000","0.000000000000","","","","",""
"SYC_RADIXOR","SYC","syc-default","1.0.0","62bd6eaf022709cd4188c99bd491301c31dbcce5075877981b3a5ea421366a8f","LOWERCASE_GROUPS_ONLY","PRIMARY_OUTPUT","3257","27529","3","27529","0","1","27529","3257","352480","0","4313","378552363","0","378552363","0.000000","4313","356793","1.208824","1.000000000000","0.987911758358","1.000000000000","0.999988617324","0.993955879179","0.997558743271","0.993919125640","0.990305969931","0.987911758358","0.993937502240","0.993931840122","0.000011382676","","","","",""
"SYC_RADIXOR","SYC","syc-default","1.0.0","62bd6eaf022709cd4188c99bd491301c31dbcce5075877981b3a5ea421366a8f","LOWERCASE_GROUPS_ONLY","ANY_CANDIDATE","3257","27529","3","27355","174","2","27703","3257","","","","","0","378552363","0.000000","0","356793","0.000000","","","","","","","","","","","","","","","","",""
"SYC_RADIXOR","SYC","syc-default","1.0.0","62bd6eaf022709cd4188c99bd491301c31dbcce5075877981b3a5ea421366a8f","LOWERCASE_GROUPS_ONLY","ALL_CANDIDATES","3257","27529","3","27355","174","2","27703","3257","356793","0","0","378552363","0","378552363","0.000000","0","356793","0.000000","1.000000000000","1.000000000000","1.000000000000","1.000000000000","1.000000000000","1.000000000000","1.000000000000","1.000000000000","1.000000000000","1.000000000000","1.000000000000","0.000000000000","","","","",""
"TL_PH_RADIXOR","TL_PH","tl-ph-default","1.0.0","7ff4fcdf97eb7e2f432480d2bfa4cceaa54acb7e2a1426737c7911c972f429ed","ALL_WORDS","PRIMARY_OUTPUT","342","2510","5","2510","0","1","2510","342","8790","0","51","3139954","0","3139954","0.000000","51","8841","0.576858","1.000000000000","0.994231421785","1.000000000000","0.999983803328","0.997115710892","0.998840935433","0.997107367705","0.995379807039","0.994231421785","0.997111539290","0.997103441708","0.000016196672","","","","",""
"TL_PH_RADIXOR","TL_PH","tl-ph-default","1.0.0","7ff4fcdf97eb7e2f432480d2bfa4cceaa54acb7e2a1426737c7911c972f429ed","ALL_WORDS","ANY_CANDIDATE","342","2510","5","2502","8","2","2518","342","","","","","0","3139954","0.000000","0","8841","0.000000","","","","","","","","","","","","","","","","",""
"TL_PH_RADIXOR","TL_PH","tl-ph-default","1.0.0","7ff4fcdf97eb7e2f432480d2bfa4cceaa54acb7e2a1426737c7911c972f429ed","ALL_WORDS","ALL_CANDIDATES","342","2510","5","2502","8","2","2518","342","8841","0","0","3139954","0","3139954","0.000000","0","8841","0.000000","1.000000000000","1.000000000000","1.000000000000","1.000000000000","1.000000000000","1.000000000000","1.000000000000","1.000000000000","1.000000000000","1.000000000000","1.000000000000","0.000000000000","","","","",""
"TL_PH_RADIXOR","TL_PH","tl-ph-default","1.0.0","7ff4fcdf97eb7e2f432480d2bfa4cceaa54acb7e2a1426737c7911c972f429ed","LOWERCASE_GROUPS_ONLY","PRIMARY_OUTPUT","342","2510","5","2510","0","1","2510","342","8790","0","51","3139954","0","3139954","0.000000","51","8841","0.576858","1.000000000000","0.994231421785","1.000000000000","0.999983803328","0.997115710892","0.998840935433","0.997107367705","0.995379807039","0.994231421785","0.997111539290","0.997103441708","0.000016196672","","","","",""
"TL_PH_RADIXOR","TL_PH","tl-ph-default","1.0.0","7ff4fcdf97eb7e2f432480d2bfa4cceaa54acb7e2a1426737c7911c972f429ed","LOWERCASE_GROUPS_ONLY","ANY_CANDIDATE","342","2510","5","2502","8","2","2518","342","","","","","0","3139954","0.000000","0","8841","0.000000","","","","","","","","","","","","","","","","",""
"TL_PH_RADIXOR","TL_PH","tl-ph-default","1.0.0","7ff4fcdf97eb7e2f432480d2bfa4cceaa54acb7e2a1426737c7911c972f429ed","LOWERCASE_GROUPS_ONLY","ALL_CANDIDATES","342","2510","5","2502","8","2","2518","342","8841","0","0","3139954","0","3139954","0.000000","0","8841","0.000000","1.000000000000","1.000000000000","1.000000000000","1.000000000000","1.000000000000","1.000000000000","1.000000000000","1.000000000000","1.000000000000","1.000000000000","1.000000000000","0.000000000000","","","","",""
"TR_TR_RADIXOR","TR_TR","tr-tr-default","1.0.0","a3605d0abd12c4bd077c72bdc0be52153400601dbd985897cb5c4ec424330200","ALL_WORDS","PRIMARY_OUTPUT","3017","222553","0","222553","0","1","222553","3017","14572636","0","250355","24749984637","0","24749984637","0.000000","250355","14822991","1.688964","1.000000000000","0.983110358766","1.000000000000","0.999989890695","0.991555179383","0.996575805013","0.991483257016","0.986442490720","0.983110358766","0.991519217548","0.991514202799","0.000010109305","","","","",""
"TR_TR_RADIXOR","TR_TR","tr-tr-default","1.0.0","a3605d0abd12c4bd077c72bdc0be52153400601dbd985897cb5c4ec424330200","ALL_WORDS","ANY_CANDIDATE","3017","222553","0","220913","1640","3","224205","3017","","","","","0","24749984637","0.000000","0","14822991","0.000000","","","","","","","","","","","","","","","","",""
"TR_TR_RADIXOR","TR_TR","tr-tr-default","1.0.0","a3605d0abd12c4bd077c72bdc0be52153400601dbd985897cb5c4ec424330200","ALL_WORDS","ALL_CANDIDATES","3017","222553","0","220913","1640","3","224205","3017","14822991","0","0","24749984637","0","24749984637","0.000000","0","14822991","0.000000","1.000000000000","1.000000000000","1.000000000000","1.000000000000","1.000000000000","1.000000000000","1.000000000000","1.000000000000","1.000000000000","1.000000000000","1.000000000000","0.000000000000","","","","",""
"TR_TR_RADIXOR","TR_TR","tr-tr-default","1.0.0","a3605d0abd12c4bd077c72bdc0be52153400601dbd985897cb5c4ec424330200","LOWERCASE_GROUPS_ONLY","PRIMARY_OUTPUT","3017","222553","0","222553","0","1","222553","3017","14572636","0","250355","24749984637","0","24749984637","0.000000","250355","14822991","1.688964","1.000000000000","0.983110358766","1.000000000000","0.999989890695","0.991555179383","0.996575805013","0.991483257016","0.986442490720","0.983110358766","0.991519217548","0.991514202799","0.000010109305","","","","",""
"TR_TR_RADIXOR","TR_TR","tr-tr-default","1.0.0","a3605d0abd12c4bd077c72bdc0be52153400601dbd985897cb5c4ec424330200","LOWERCASE_GROUPS_ONLY","ANY_CANDIDATE","3017","222553","0","220913","1640","3","224205","3017","","","","","0","24749984637","0.000000","0","14822991","0.000000","","","","","","","","","","","","","","","","",""
"TR_TR_RADIXOR","TR_TR","tr-tr-default","1.0.0","a3605d0abd12c4bd077c72bdc0be52153400601dbd985897cb5c4ec424330200","LOWERCASE_GROUPS_ONLY","ALL_CANDIDATES","3017","222553","0","220913","1640","3","224205","3017","14822991","0","0","24749984637","0","24749984637","0.000000","0","14822991","0.000000","1.000000000000","1.000000000000","1.000000000000","1.000000000000","1.000000000000","1.000000000000","1.000000000000","1.000000000000","1.000000000000","1.000000000000","1.000000000000","0.000000000000","","","","",""
"UG_CN_RADIXOR","UG_CN","ug-cn-default","1.0.0","26d181f6d1114ed9ba838608a77d1e7849086e3ad90bc1f2c246e4b4034e63ad","ALL_WORDS","PRIMARY_OUTPUT","85","6368","0","6368","0","1","6368","85","235656","0","1800","20035072","0","20035072","0.000000","1800","237456","0.758035","1.000000000000","0.992419648272","1.000000000000","0.999911209890","0.996209824136","0.998474679683","0.996195404048","0.993926510780","0.992419648272","0.996202614066","0.996157866438","0.000088790110","","","","",""
"UG_CN_RADIXOR","UG_CN","ug-cn-default","1.0.0","26d181f6d1114ed9ba838608a77d1e7849086e3ad90bc1f2c246e4b4034e63ad","ALL_WORDS","ANY_CANDIDATE","85","6368","0","6337","31","2","6399","85","","","","","0","20035072","0.000000","0","237456","0.000000","","","","","","","","","","","","","","","","",""
"UG_CN_RADIXOR","UG_CN","ug-cn-default","1.0.0","26d181f6d1114ed9ba838608a77d1e7849086e3ad90bc1f2c246e4b4034e63ad","ALL_WORDS","ALL_CANDIDATES","85","6368","0","6337","31","2","6399","85","237456","0","0","20035072","0","20035072","0.000000","0","237456","0.000000","1.000000000000","1.000000000000","1.000000000000","1.000000000000","1.000000000000","1.000000000000","1.000000000000","1.000000000000","1.000000000000","1.000000000000","1.000000000000","0.000000000000","","","","",""
"UG_CN_RADIXOR","UG_CN","ug-cn-default","1.0.0","26d181f6d1114ed9ba838608a77d1e7849086e3ad90bc1f2c246e4b4034e63ad","LOWERCASE_GROUPS_ONLY","PRIMARY_OUTPUT","85","6368","0","6368","0","1","6368","85","235656","0","1800","20035072","0","20035072","0.000000","1800","237456","0.758035","1.000000000000","0.992419648272","1.000000000000","0.999911209890","0.996209824136","0.998474679683","0.996195404048","0.993926510780","0.992419648272","0.996202614066","0.996157866438","0.000088790110","","","","",""
"UG_CN_RADIXOR","UG_CN","ug-cn-default","1.0.0","26d181f6d1114ed9ba838608a77d1e7849086e3ad90bc1f2c246e4b4034e63ad","LOWERCASE_GROUPS_ONLY","ANY_CANDIDATE","85","6368","0","6337","31","2","6399","85","","","","","0","20035072","0.000000","0","237456","0.000000","","","","","","","","","","","","","","","","",""
"UG_CN_RADIXOR","UG_CN","ug-cn-default","1.0.0","26d181f6d1114ed9ba838608a77d1e7849086e3ad90bc1f2c246e4b4034e63ad","LOWERCASE_GROUPS_ONLY","ALL_CANDIDATES","85","6368","0","6337","31","2","6399","85","237456","0","0","20035072","0","20035072","0.000000","0","237456","0.000000","1.000000000000","1.000000000000","1.000000000000","1.000000000000","1.000000000000","1.000000000000","1.000000000000","1.000000000000","1.000000000000","1.000000000000","1.000000000000","0.000000000000","","","","",""
"UKRAINIAN_LUCENE_MORFOLOGIK_FILTER","UK_UA","uk-ua-default","1.0.0","cf3f612cfff16cb7763f99c55851069489b883c3bdd1a6576cd8c57a97e07eae","ALL_WORDS","PRIMARY_OUTPUT","1493","14150","4","14150","0","1","14150","2358","55865","28","9260","100039022","28","100039050","0.000028","9260","65125","14.218810","0.999499042814","0.857811900192","0.999999720109","0.999907216657","0.928905810151","0.967536898548","0.923251086615","0.882841908639","0.857443248968","0.925949336171","0.925906311882","0.000092783343","","","","",""
"UKRAINIAN_LUCENE_MORFOLOGIK_FILTER","UK_UA","uk-ua-default","1.0.0","cf3f612cfff16cb7763f99c55851069489b883c3bdd1a6576cd8c57a97e07eae","ALL_WORDS","ANY_CANDIDATE","1493","14150","4","12020","2130","6","16748","2912","","","","","0","100039050","0.000000","4946","65125","7.594626","","","","","","","","","","","","","","","","",""
"UKRAINIAN_LUCENE_MORFOLOGIK_FILTER","UK_UA","uk-ua-default","1.0.0","cf3f612cfff16cb7763f99c55851069489b883c3bdd1a6576cd8c57a97e07eae","ALL_WORDS","ALL_CANDIDATES","1493","14150","4","12020","2130","6","16748","2912","60179","59","4946","100038991","59","100039050","0.000059","4946","65125","7.594626","0.999020551811","0.924053742802","0.999999410230","0.999950002085","0.962026576516","0.983069619736","0.960075939472","0.938133305065","0.923217353952","0.960806265611","0.960782185122","0.000049997915","","","","",""
"UKRAINIAN_LUCENE_MORFOLOGIK_FILTER","UK_UA","uk-ua-default","1.0.0","cf3f612cfff16cb7763f99c55851069489b883c3bdd1a6576cd8c57a97e07eae","LOWERCASE_GROUPS_ONLY","PRIMARY_OUTPUT","1491","14141","4","14141","0","1","14141","2356","55849","28","9260","99911733","28","99911761","0.000028","9260","65109","14.222304","0.999498899368","0.857776958639","0.999999719753","0.999907098512","0.928888339196","0.967527900297","0.923230787033","0.882812277712","0.857408231880","0.925930411026","0.925887332795","0.000092901488","","","","",""
"UKRAINIAN_LUCENE_MORFOLOGIK_FILTER","UK_UA","uk-ua-default","1.0.0","cf3f612cfff16cb7763f99c55851069489b883c3bdd1a6576cd8c57a97e07eae","LOWERCASE_GROUPS_ONLY","ANY_CANDIDATE","1491","14141","4","12011","2130","6","16739","2910","","","","","0","99911761","0.000000","4946","65109","7.596492","","","","","","","","","","","","","","","","",""
"UKRAINIAN_LUCENE_MORFOLOGIK_FILTER","UK_UA","uk-ua-default","1.0.0","cf3f612cfff16cb7763f99c55851069489b883c3bdd1a6576cd8c57a97e07eae","LOWERCASE_GROUPS_ONLY","ALL_CANDIDATES","1491","14141","4","12011","2130","6","16739","2910","60163","59","4946","99911702","59","99911761","0.000059","4946","65109","7.596492","0.999020291588","0.924035079636","0.999999409479","0.999949938421","0.962017244557","0.983065193450","0.960065745905","0.938117870130","0.923198502332","0.960796437699","0.960772326767","0.000050061579","","","","",""
"UKRAINIAN_MORFOLOGIK_DIRECT","UK_UA","uk-ua-default","1.0.0","cf3f612cfff16cb7763f99c55851069489b883c3bdd1a6576cd8c57a97e07eae","ALL_WORDS","PRIMARY_OUTPUT","1493","14150","4","14150","0","1","14150","2365","55849","28","9276","100039022","28","100039050","0.000028","9276","65125","14.243378","0.999498899368","0.857566218810","0.999999720109","0.999907056824","0.928782969460","0.967474266629","0.923108708947","0.882633693347","0.857197673169","0.925816662108","0.925773569870","0.000092943176","","","","",""
"UKRAINIAN_MORFOLOGIK_DIRECT","UK_UA","uk-ua-default","1.0.0","cf3f612cfff16cb7763f99c55851069489b883c3bdd1a6576cd8c57a97e07eae","ALL_WORDS","ANY_CANDIDATE","1493","14150","4","12020","2130","6","16748","2919","","","","","0","100039050","0.000000","4962","65125","7.619194","","","","","","","","","","","","","","","","",""
"UKRAINIAN_MORFOLOGIK_DIRECT","UK_UA","uk-ua-default","1.0.0","cf3f612cfff16cb7763f99c55851069489b883c3bdd1a6576cd8c57a97e07eae","ALL_WORDS","ALL_CANDIDATES","1493","14150","4","12020","2130","6","16748","2919","60163","59","4962","100038991","59","100039050","0.000059","4962","65125","7.619194","0.999020291588","0.923808061420","0.999999410230","0.999949842252","0.961903735825","0.983013793532","0.959943197683","0.937930668928","0.922971894944","0.960678405551","0.960654251285","0.000050157748","","","","",""
"UKRAINIAN_MORFOLOGIK_DIRECT","UK_UA","uk-ua-default","1.0.0","cf3f612cfff16cb7763f99c55851069489b883c3bdd1a6576cd8c57a97e07eae","LOWERCASE_GROUPS_ONLY","PRIMARY_OUTPUT","1491","14141","4","14141","0","1","14141","2356","55849","28","9260","99911733","28","99911761","0.000028","9260","65109","14.222304","0.999498899368","0.857776958639","0.999999719753","0.999907098512","0.928888339196","0.967527900297","0.923230787033","0.882812277712","0.857408231880","0.925930411026","0.925887332795","0.000092901488","","","","",""
"UKRAINIAN_MORFOLOGIK_DIRECT","UK_UA","uk-ua-default","1.0.0","cf3f612cfff16cb7763f99c55851069489b883c3bdd1a6576cd8c57a97e07eae","LOWERCASE_GROUPS_ONLY","ANY_CANDIDATE","1491","14141","4","12011","2130","6","16739","2910","","","","","0","99911761","0.000000","4946","65109","7.596492","","","","","","","","","","","","","","","","",""
"UKRAINIAN_MORFOLOGIK_DIRECT","UK_UA","uk-ua-default","1.0.0","cf3f612cfff16cb7763f99c55851069489b883c3bdd1a6576cd8c57a97e07eae","LOWERCASE_GROUPS_ONLY","ALL_CANDIDATES","1491","14141","4","12011","2130","6","16739","2910","60163","59","4946","99911702","59","99911761","0.000059","4946","65109","7.596492","0.999020291588","0.924035079636","0.999999409479","0.999949938421","0.962017244557","0.983065193450","0.960065745905","0.938117870130","0.923198502332","0.960796437699","0.960772326767","0.000050061579","","","","",""
"UKRAINIAN_RADIXOR","UK_UA","uk-ua-default","1.0.0","cf3f612cfff16cb7763f99c55851069489b883c3bdd1a6576cd8c57a97e07eae","ALL_WORDS","PRIMARY_OUTPUT","1493","14150","4","14150","0","1","14150","1493","64580","0","545","100039050","0","100039050","0.000000","545","65125","0.836852","1.000000000000","0.991631477927","1.000000000000","0.999994555672","0.995815738964","0.998315014918","0.995798157357","0.993293958410","0.991631477927","0.995806948122","0.995804235618","0.000005444328","","","","",""
"UKRAINIAN_RADIXOR","UK_UA","uk-ua-default","1.0.0","cf3f612cfff16cb7763f99c55851069489b883c3bdd1a6576cd8c57a97e07eae","ALL_WORDS","ANY_CANDIDATE","1493","14150","4","14055","95","2","14245","1493","","","","","0","100039050","0.000000","0","65125","0.000000","","","","","","","","","","","","","","","","",""
"UKRAINIAN_RADIXOR","UK_UA","uk-ua-default","1.0.0","cf3f612cfff16cb7763f99c55851069489b883c3bdd1a6576cd8c57a97e07eae","ALL_WORDS","ALL_CANDIDATES","1493","14150","4","14055","95","2","14245","1493","65125","0","0","100039050","0","100039050","0.000000","0","65125","0.000000","1.000000000000","1.000000000000","1.000000000000","1.000000000000","1.000000000000","1.000000000000","1.000000000000","1.000000000000","1.000000000000","1.000000000000","1.000000000000","0.000000000000","","","","",""
"UKRAINIAN_RADIXOR","UK_UA","uk-ua-default","1.0.0","cf3f612cfff16cb7763f99c55851069489b883c3bdd1a6576cd8c57a97e07eae","LOWERCASE_GROUPS_ONLY","PRIMARY_OUTPUT","1491","14141","4","14141","0","1","14141","1491","64564","0","545","99911761","0","99911761","0.000000","545","65109","0.837058","1.000000000000","0.991629421432","1.000000000000","0.999994548739","0.995814710716","0.998314598055","0.995797120449","0.993292307692","0.991629421432","0.995805915544","0.995803199587","0.000005451261","","","","",""
"UKRAINIAN_RADIXOR","UK_UA","uk-ua-default","1.0.0","cf3f612cfff16cb7763f99c55851069489b883c3bdd1a6576cd8c57a97e07eae","LOWERCASE_GROUPS_ONLY","ANY_CANDIDATE","1491","14141","4","14046","95","2","14236","1491","","","","","0","99911761","0.000000","0","65109","0.000000","","","","","","","","","","","","","","","","",""
"UKRAINIAN_RADIXOR","UK_UA","uk-ua-default","1.0.0","cf3f612cfff16cb7763f99c55851069489b883c3bdd1a6576cd8c57a97e07eae","LOWERCASE_GROUPS_ONLY","ALL_CANDIDATES","1491","14141","4","14046","95","2","14236","1491","65109","0","0","99911761","0","99911761","0.000000","0","65109","0.000000","1.000000000000","1.000000000000","1.000000000000","1.000000000000","1.000000000000","1.000000000000","1.000000000000","1.000000000000","1.000000000000","1.000000000000","1.000000000000","0.000000000000","","","","",""
"UZ_UZ_RADIXOR","UZ_UZ","uz-uz-default","1.0.0","caf2d4038429a72be272b400d611f80ac37fd1b0f3c54ea44c7a1159ea42728f","ALL_WORDS","PRIMARY_OUTPUT","295","9835","0","9835","0","1","9835","295","172376","0","82","48186237","0","48186237","0.000000","82","172458","0.047548","1.000000000000","0.999524521913","1.000000000000","0.999998304338","0.999762260956","0.999904868196","0.999762204423","0.999619581354","0.999524521913","0.999762232690","0.999761382028","0.000001695662","","","","",""
"UZ_UZ_RADIXOR","UZ_UZ","uz-uz-default","1.0.0","caf2d4038429a72be272b400d611f80ac37fd1b0f3c54ea44c7a1159ea42728f","ALL_WORDS","ANY_CANDIDATE","295","9835","0","9832","3","2","9838","295","","","","","0","48186237","0.000000","0","172458","0.000000","","","","","","","","","","","","","","","","",""
"UZ_UZ_RADIXOR","UZ_UZ","uz-uz-default","1.0.0","caf2d4038429a72be272b400d611f80ac37fd1b0f3c54ea44c7a1159ea42728f","ALL_WORDS","ALL_CANDIDATES","295","9835","0","9832","3","2","9838","295","172458","0","0","48186237","0","48186237","0.000000","0","172458","0.000000","1.000000000000","1.000000000000","1.000000000000","1.000000000000","1.000000000000","1.000000000000","1.000000000000","1.000000000000","1.000000000000","1.000000000000","1.000000000000","0.000000000000","","","","",""
"UZ_UZ_RADIXOR","UZ_UZ","uz-uz-default","1.0.0","caf2d4038429a72be272b400d611f80ac37fd1b0f3c54ea44c7a1159ea42728f","LOWERCASE_GROUPS_ONLY","PRIMARY_OUTPUT","295","9835","0","9835","0","1","9835","295","172376","0","82","48186237","0","48186237","0.000000","82","172458","0.047548","1.000000000000","0.999524521913","1.000000000000","0.999998304338","0.999762260956","0.999904868196","0.999762204423","0.999619581354","0.999524521913","0.999762232690","0.999761382028","0.000001695662","","","","",""
"UZ_UZ_RADIXOR","UZ_UZ","uz-uz-default","1.0.0","caf2d4038429a72be272b400d611f80ac37fd1b0f3c54ea44c7a1159ea42728f","LOWERCASE_GROUPS_ONLY","ANY_CANDIDATE","295","9835","0","9832","3","2","9838","295","","","","","0","48186237","0.000000","0","172458","0.000000","","","","","","","","","","","","","","","","",""
"UZ_UZ_RADIXOR","UZ_UZ","uz-uz-default","1.0.0","caf2d4038429a72be272b400d611f80ac37fd1b0f3c54ea44c7a1159ea42728f","LOWERCASE_GROUPS_ONLY","ALL_CANDIDATES","295","9835","0","9832","3","2","9838","295","172458","0","0","48186237","0","48186237","0.000000","0","172458","0.000000","1.000000000000","1.000000000000","1.000000000000","1.000000000000","1.000000000000","1.000000000000","1.000000000000","1.000000000000","1.000000000000","1.000000000000","1.000000000000","0.000000000000","","","","",""
"VRO_RADIXOR","VRO","vro-default","1.0.0","5da7535bd5e629b8ffb99a3b6d906ad0189b1c0d46c6deada72d72f0791f575e","ALL_WORDS","PRIMARY_OUTPUT","63","412","0","412","0","1","412","63","1201","0","4","83461","0","83461","0.000000","4","1205","0.331950","1.000000000000","0.996680497925","1.000000000000","0.999952755534","0.998340248963","0.999334331836","0.998337489609","0.997342634114","0.996680497925","0.998338869285","0.998314946663","0.000047244466","","","","",""
"VRO_RADIXOR","VRO","vro-default","1.0.0","5da7535bd5e629b8ffb99a3b6d906ad0189b1c0d46c6deada72d72f0791f575e","ALL_WORDS","ANY_CANDIDATE","63","412","0","411","1","2","413","63","","","","","0","83461","0.000000","0","1205","0.000000","","","","","","","","","","","","","","","","",""
"VRO_RADIXOR","VRO","vro-default","1.0.0","5da7535bd5e629b8ffb99a3b6d906ad0189b1c0d46c6deada72d72f0791f575e","ALL_WORDS","ALL_CANDIDATES","63","412","0","411","1","2","413","63","1205","0","0","83461","0","83461","0.000000","0","1205","0.000000","1.000000000000","1.000000000000","1.000000000000","1.000000000000","1.000000000000","1.000000000000","1.000000000000","1.000000000000","1.000000000000","1.000000000000","1.000000000000","0.000000000000","","","","",""
"VRO_RADIXOR","VRO","vro-default","1.0.0","5da7535bd5e629b8ffb99a3b6d906ad0189b1c0d46c6deada72d72f0791f575e","LOWERCASE_GROUPS_ONLY","PRIMARY_OUTPUT","63","412","0","412","0","1","412","63","1201","0","4","83461","0","83461","0.000000","4","1205","0.331950","1.000000000000","0.996680497925","1.000000000000","0.999952755534","0.998340248963","0.999334331836","0.998337489609","0.997342634114","0.996680497925","0.998338869285","0.998314946663","0.000047244466","","","","",""
"VRO_RADIXOR","VRO","vro-default","1.0.0","5da7535bd5e629b8ffb99a3b6d906ad0189b1c0d46c6deada72d72f0791f575e","LOWERCASE_GROUPS_ONLY","ANY_CANDIDATE","63","412","0","411","1","2","413","63","","","","","0","83461","0.000000","0","1205","0.000000","","","","","","","","","","","","","","","","",""
"VRO_RADIXOR","VRO","vro-default","1.0.0","5da7535bd5e629b8ffb99a3b6d906ad0189b1c0d46c6deada72d72f0791f575e","LOWERCASE_GROUPS_ONLY","ALL_CANDIDATES","63","412","0","411","1","2","413","63","1205","0","0","83461","0","83461","0.000000","0","1205","0.000000","1.000000000000","1.000000000000","1.000000000000","1.000000000000","1.000000000000","1.000000000000","1.000000000000","1.000000000000","1.000000000000","1.000000000000","1.000000000000","0.000000000000","","","","",""
"XCL_RADIXOR","XCL","xcl-default","1.0.0","7a4000404b5f55b67dea02bf5d3e84972979cac3138fb83458b5a6dcf3495864","ALL_WORDS","PRIMARY_OUTPUT","4300","59215","0","59215","0","1","59215","4292","965229","0","107628","1752105648","0","1752105648","0.000000","107628","1072857","10.031905","1.000000000000","0.899680945364","1.000000000000","0.999938609788","0.949840472682","0.978185457661","0.947191629794","0.918101561506","0.899680945364","0.948515126587","0.948485995329","0.000061390212","","","","",""
"XCL_RADIXOR","XCL","xcl-default","1.0.0","7a4000404b5f55b67dea02bf5d3e84972979cac3138fb83458b5a6dcf3495864","ALL_WORDS","ANY_CANDIDATE","4300","59215","0","55866","3349","31","62753","4300","","","","","0","1752105648","0.000000","0","1072857","0.000000","","","","","","","","","","","","","","","","",""
"XCL_RADIXOR","XCL","xcl-default","1.0.0","7a4000404b5f55b67dea02bf5d3e84972979cac3138fb83458b5a6dcf3495864","ALL_WORDS","ALL_CANDIDATES","4300","59215","0","55866","3349","31","62753","4300","1072857","0","0","1752105648","0","1752105648","0.000000","0","1072857","0.000000","1.000000000000","1.000000000000","1.000000000000","1.000000000000","1.000000000000","1.000000000000","1.000000000000","1.000000000000","1.000000000000","1.000000000000","1.000000000000","0.000000000000","","","","",""
"XCL_RADIXOR","XCL","xcl-default","1.0.0","7a4000404b5f55b67dea02bf5d3e84972979cac3138fb83458b5a6dcf3495864","LOWERCASE_GROUPS_ONLY","PRIMARY_OUTPUT","4300","59215","0","59215","0","1","59215","4292","965229","0","107628","1752105648","0","1752105648","0.000000","107628","1072857","10.031905","1.000000000000","0.899680945364","1.000000000000","0.999938609788","0.949840472682","0.978185457661","0.947191629794","0.918101561506","0.899680945364","0.948515126587","0.948485995329","0.000061390212","","","","",""
"XCL_RADIXOR","XCL","xcl-default","1.0.0","7a4000404b5f55b67dea02bf5d3e84972979cac3138fb83458b5a6dcf3495864","LOWERCASE_GROUPS_ONLY","ANY_CANDIDATE","4300","59215","0","55866","3349","31","62753","4300","","","","","0","1752105648","0.000000","0","1072857","0.000000","","","","","","","","","","","","","","","","",""
"XCL_RADIXOR","XCL","xcl-default","1.0.0","7a4000404b5f55b67dea02bf5d3e84972979cac3138fb83458b5a6dcf3495864","LOWERCASE_GROUPS_ONLY","ALL_CANDIDATES","4300","59215","0","55866","3349","31","62753","4300","1072857","0","0","1752105648","0","1752105648","0.000000","0","1072857","0.000000","1.000000000000","1.000000000000","1.000000000000","1.000000000000","1.000000000000","1.000000000000","1.000000000000","1.000000000000","1.000000000000","1.000000000000","1.000000000000","0.000000000000","","","","",""
"XNO_RADIXOR","XNO","xno-default","1.0.0","90941356e0bd87195290432052ed9a85011f8e7c1607e24655ba298c519035da","ALL_WORDS","PRIMARY_OUTPUT","5","186","0","186","0","1","186","5","3397","0","0","13808","0","13808","0.000000","0","3397","0.000000","1.000000000000","1.000000000000","1.000000000000","1.000000000000","1.000000000000","1.000000000000","1.000000000000","1.000000000000","1.000000000000","1.000000000000","1.000000000000","0.000000000000","","","","",""
"XNO_RADIXOR","XNO","xno-default","1.0.0","90941356e0bd87195290432052ed9a85011f8e7c1607e24655ba298c519035da","ALL_WORDS","ANY_CANDIDATE","5","186","0","186","0","1","186","5","","","","","0","13808","0.000000","0","3397","0.000000","","","","","","","","","","","","","","","","",""
"XNO_RADIXOR","XNO","xno-default","1.0.0","90941356e0bd87195290432052ed9a85011f8e7c1607e24655ba298c519035da","ALL_WORDS","ALL_CANDIDATES","5","186","0","186","0","1","186","5","3397","0","0","13808","0","13808","0.000000","0","3397","0.000000","1.000000000000","1.000000000000","1.000000000000","1.000000000000","1.000000000000","1.000000000000","1.000000000000","1.000000000000","1.000000000000","1.000000000000","1.000000000000","0.000000000000","","","","",""
"XNO_RADIXOR","XNO","xno-default","1.0.0","90941356e0bd87195290432052ed9a85011f8e7c1607e24655ba298c519035da","LOWERCASE_GROUPS_ONLY","PRIMARY_OUTPUT","5","186","0","186","0","1","186","5","3397","0","0","13808","0","13808","0.000000","0","3397","0.000000","1.000000000000","1.000000000000","1.000000000000","1.000000000000","1.000000000000","1.000000000000","1.000000000000","1.000000000000","1.000000000000","1.000000000000","1.000000000000","0.000000000000","","","","",""
"XNO_RADIXOR","XNO","xno-default","1.0.0","90941356e0bd87195290432052ed9a85011f8e7c1607e24655ba298c519035da","LOWERCASE_GROUPS_ONLY","ANY_CANDIDATE","5","186","0","186","0","1","186","5","","","","","0","13808","0.000000","0","3397","0.000000","","","","","","","","","","","","","","","","",""
"XNO_RADIXOR","XNO","xno-default","1.0.0","90941356e0bd87195290432052ed9a85011f8e7c1607e24655ba298c519035da","LOWERCASE_GROUPS_ONLY","ALL_CANDIDATES","5","186","0","186","0","1","186","5","3397","0","0","13808","0","13808","0.000000","0","3397","0.000000","1.000000000000","1.000000000000","1.000000000000","1.000000000000","1.000000000000","1.000000000000","1.000000000000","1.000000000000","1.000000000000","1.000000000000","1.000000000000","0.000000000000","","","","",""
"XTY_RADIXOR","XTY","xty-default","1.0.0","9985fe69992665a30309475c30f6734cb24393b21e1c3628543e4810775e711c","ALL_WORDS","PRIMARY_OUTPUT","585","2754","0","2754","0","1","2754","585","5242","0","98","3785541","0","3785541","0.000000","98","5340","1.835206","1.000000000000","0.981647940075","1.000000000000","0.999974148489","0.990823970037","0.996274897370","0.990738990739","0.985264265845","0.981647940075","0.990781479477","0.990768655062","0.000025851511","","","","",""
"XTY_RADIXOR","XTY","xty-default","1.0.0","9985fe69992665a30309475c30f6734cb24393b21e1c3628543e4810775e711c","ALL_WORDS","ANY_CANDIDATE","585","2754","0","2731","23","6","2781","585","","","","","0","3785541","0.000000","0","5340","0.000000","","","","","","","","","","","","","","","","",""
"XTY_RADIXOR","XTY","xty-default","1.0.0","9985fe69992665a30309475c30f6734cb24393b21e1c3628543e4810775e711c","ALL_WORDS","ALL_CANDIDATES","585","2754","0","2731","23","6","2781","585","5340","0","0","3785541","0","3785541","0.000000","0","5340","0.000000","1.000000000000","1.000000000000","1.000000000000","1.000000000000","1.000000000000","1.000000000000","1.000000000000","1.000000000000","1.000000000000","1.000000000000","1.000000000000","0.000000000000","","","","",""
"XTY_RADIXOR","XTY","xty-default","1.0.0","9985fe69992665a30309475c30f6734cb24393b21e1c3628543e4810775e711c","LOWERCASE_GROUPS_ONLY","PRIMARY_OUTPUT","585","2754","0","2754","0","1","2754","585","5242","0","98","3785541","0","3785541","0.000000","98","5340","1.835206","1.000000000000","0.981647940075","1.000000000000","0.999974148489","0.990823970037","0.996274897370","0.990738990739","0.985264265845","0.981647940075","0.990781479477","0.990768655062","0.000025851511","","","","",""
"XTY_RADIXOR","XTY","xty-default","1.0.0","9985fe69992665a30309475c30f6734cb24393b21e1c3628543e4810775e711c","LOWERCASE_GROUPS_ONLY","ANY_CANDIDATE","585","2754","0","2731","23","6","2781","585","","","","","0","3785541","0.000000","0","5340","0.000000","","","","","","","","","","","","","","","","",""
"XTY_RADIXOR","XTY","xty-default","1.0.0","9985fe69992665a30309475c30f6734cb24393b21e1c3628543e4810775e711c","LOWERCASE_GROUPS_ONLY","ALL_CANDIDATES","585","2754","0","2731","23","6","2781","585","5340","0","0","3785541","0","3785541","0.000000","0","5340","0.000000","1.000000000000","1.000000000000","1.000000000000","1.000000000000","1.000000000000","1.000000000000","1.000000000000","1.000000000000","1.000000000000","1.000000000000","1.000000000000","0.000000000000","","","","",""
"YI_RADIXOR","YI","yi-default","1.0.0","f47de665c27dcd72833a82904e49c68a945bb5aca769a7ec5a0164e2c981a6d3","ALL_WORDS","PRIMARY_OUTPUT","802","3532","0","3532","0","1","3532","802","6180","0","138","6229428","0","6229428","0.000000","138","6318","2.184236","1.000000000000","0.978157644824","1.000000000000","0.999977869528","0.989078822412","0.995553837232","0.988958233317","0.982449446776","0.978157644824","0.989018526027","0.989007571386","0.000022130472","","","","",""
"YI_RADIXOR","YI","yi-default","1.0.0","f47de665c27dcd72833a82904e49c68a945bb5aca769a7ec5a0164e2c981a6d3","ALL_WORDS","ANY_CANDIDATE","802","3532","0","3489","43","3","3578","802","","","","","0","6229428","0.000000","0","6318","0.000000","","","","","","","","","","","","","","","","",""
"YI_RADIXOR","YI","yi-default","1.0.0","f47de665c27dcd72833a82904e49c68a945bb5aca769a7ec5a0164e2c981a6d3","ALL_WORDS","ALL_CANDIDATES","802","3532","0","3489","43","3","3578","802","6318","0","0","6229428","0","6229428","0.000000","0","6318","0.000000","1.000000000000","1.000000000000","1.000000000000","1.000000000000","1.000000000000","1.000000000000","1.000000000000","1.000000000000","1.000000000000","1.000000000000","1.000000000000","0.000000000000","","","","",""
"YI_RADIXOR","YI","yi-default","1.0.0","f47de665c27dcd72833a82904e49c68a945bb5aca769a7ec5a0164e2c981a6d3","LOWERCASE_GROUPS_ONLY","PRIMARY_OUTPUT","802","3532","0","3532","0","1","3532","802","6180","0","138","6229428","0","6229428","0.000000","138","6318","2.184236","1.000000000000","0.978157644824","1.000000000000","0.999977869528","0.989078822412","0.995553837232","0.988958233317","0.982449446776","0.978157644824","0.989018526027","0.989007571386","0.000022130472","","","","",""
"YI_RADIXOR","YI","yi-default","1.0.0","f47de665c27dcd72833a82904e49c68a945bb5aca769a7ec5a0164e2c981a6d3","LOWERCASE_GROUPS_ONLY","ANY_CANDIDATE","802","3532","0","3489","43","3","3578","802","","","","","0","6229428","0.000000","0","6318","0.000000","","","","","","","","","","","","","","","","",""
"YI_RADIXOR","YI","yi-default","1.0.0","f47de665c27dcd72833a82904e49c68a945bb5aca769a7ec5a0164e2c981a6d3","LOWERCASE_GROUPS_ONLY","ALL_CANDIDATES","802","3532","0","3489","43","3","3578","802","6318","0","0","6229428","0","6229428","0.000000","0","6318","0.000000","1.000000000000","1.000000000000","1.000000000000","1.000000000000","1.000000000000","1.000000000000","1.000000000000","1.000000000000","1.000000000000","1.000000000000","1.000000000000","0.000000000000","","","","",""
"ZPV_RADIXOR","ZPV","zpv-default","1.0.0","e3cae35dca9b29226dbbbfe49415e4cb80f8379228edbd657f9bfe7c25eb0998","ALL_WORDS","PRIMARY_OUTPUT","204","818","0","818","0","1","818","204","1243","0","18","332892","0","332892","0.000000","18","1261","1.427439","1.000000000000","0.985725614592","1.000000000000","0.999946132460","0.992862807296","0.997112145034","0.992811501597","0.988547797042","0.985725614592","0.992837154115","0.992810313062","0.000053867540","","","","",""
"ZPV_RADIXOR","ZPV","zpv-default","1.0.0","e3cae35dca9b29226dbbbfe49415e4cb80f8379228edbd657f9bfe7c25eb0998","ALL_WORDS","ANY_CANDIDATE","204","818","0","812","6","2","824","204","","","","","0","332892","0.000000","0","1261","0.000000","","","","","","","","","","","","","","","","",""
"ZPV_RADIXOR","ZPV","zpv-default","1.0.0","e3cae35dca9b29226dbbbfe49415e4cb80f8379228edbd657f9bfe7c25eb0998","ALL_WORDS","ALL_CANDIDATES","204","818","0","812","6","2","824","204","1261","0","0","332892","0","332892","0.000000","0","1261","0.000000","1.000000000000","1.000000000000","1.000000000000","1.000000000000","1.000000000000","1.000000000000","1.000000000000","1.000000000000","1.000000000000","1.000000000000","1.000000000000","0.000000000000","","","","",""
"ZPV_RADIXOR","ZPV","zpv-default","1.0.0","e3cae35dca9b29226dbbbfe49415e4cb80f8379228edbd657f9bfe7c25eb0998","LOWERCASE_GROUPS_ONLY","PRIMARY_OUTPUT","204","818","0","818","0","1","818","204","1243","0","18","332892","0","332892","0.000000","18","1261","1.427439","1.000000000000","0.985725614592","1.000000000000","0.999946132460","0.992862807296","0.997112145034","0.992811501597","0.988547797042","0.985725614592","0.992837154115","0.992810313062","0.000053867540","","","","",""
"ZPV_RADIXOR","ZPV","zpv-default","1.0.0","e3cae35dca9b29226dbbbfe49415e4cb80f8379228edbd657f9bfe7c25eb0998","LOWERCASE_GROUPS_ONLY","ANY_CANDIDATE","204","818","0","812","6","2","824","204","","","","","0","332892","0.000000","0","1261","0.000000","","","","","","","","","","","","","","","","",""
"ZPV_RADIXOR","ZPV","zpv-default","1.0.0","e3cae35dca9b29226dbbbfe49415e4cb80f8379228edbd657f9bfe7c25eb0998","LOWERCASE_GROUPS_ONLY","ALL_CANDIDATES","204","818","0","812","6","2","824","204","1261","0","0","332892","0","332892","0.000000","0","1261","0.000000","1.000000000000","1.000000000000","1.000000000000","1.000000000000","1.000000000000","1.000000000000","1.000000000000","1.000000000000","1.000000000000","1.000000000000","1.000000000000","0.000000000000","","","","",""
"ZU_ZA_RADIXOR","ZU_ZA","zu-za-default","1.0.0","6200464bc24c7519e1a1c42b2c292375fdd9e07bdd66ef994d925d466d636bc9","ALL_WORDS","PRIMARY_OUTPUT","563","32384","0","32384","0","1","32384","563","1234252","0","17156","523094128","0","523094128","0.000000","17156","1251408","1.370936","1.000000000000","0.986290642221","1.000000000000","0.999967281117","0.993145321110","0.997227723540","0.993098010186","0.989002359659","0.986290642221","0.993121665367","0.993105379984","0.000032718883","","","","",""
"ZU_ZA_RADIXOR","ZU_ZA","zu-za-default","1.0.0","6200464bc24c7519e1a1c42b2c292375fdd9e07bdd66ef994d925d466d636bc9","ALL_WORDS","ANY_CANDIDATE","563","32384","0","32034","350","2","32734","563","","","","","0","523094128","0.000000","0","1251408","0.000000","","","","","","","","","","","","","","","","",""
"ZU_ZA_RADIXOR","ZU_ZA","zu-za-default","1.0.0","6200464bc24c7519e1a1c42b2c292375fdd9e07bdd66ef994d925d466d636bc9","ALL_WORDS","ALL_CANDIDATES","563","32384","0","32034","350","2","32734","563","1251408","0","0","523094128","0","523094128","0.000000","0","1251408","0.000000","1.000000000000","1.000000000000","1.000000000000","1.000000000000","1.000000000000","1.000000000000","1.000000000000","1.000000000000","1.000000000000","1.000000000000","1.000000000000","0.000000000000","","","","",""
"ZU_ZA_RADIXOR","ZU_ZA","zu-za-default","1.0.0","6200464bc24c7519e1a1c42b2c292375fdd9e07bdd66ef994d925d466d636bc9","LOWERCASE_GROUPS_ONLY","PRIMARY_OUTPUT","563","32384","0","32384","0","1","32384","563","1234252","0","17156","523094128","0","523094128","0.000000","17156","1251408","1.370936","1.000000000000","0.986290642221","1.000000000000","0.999967281117","0.993145321110","0.997227723540","0.993098010186","0.989002359659","0.986290642221","0.993121665367","0.993105379984","0.000032718883","","","","",""
"ZU_ZA_RADIXOR","ZU_ZA","zu-za-default","1.0.0","6200464bc24c7519e1a1c42b2c292375fdd9e07bdd66ef994d925d466d636bc9","LOWERCASE_GROUPS_ONLY","ANY_CANDIDATE","563","32384","0","32034","350","2","32734","563","","","","","0","523094128","0.000000","0","1251408","0.000000","","","","","","","","","","","","","","","","",""
"ZU_ZA_RADIXOR","ZU_ZA","zu-za-default","1.0.0","6200464bc24c7519e1a1c42b2c292375fdd9e07bdd66ef994d925d466d636bc9","LOWERCASE_GROUPS_ONLY","ALL_CANDIDATES","563","32384","0","32034","350","2","32734","563","1251408","0","0","523094128","0","523094128","0.000000","0","1251408","0.000000","1.000000000000","1.000000000000","1.000000000000","1.000000000000","1.000000000000","1.000000000000","1.000000000000","1.000000000000","1.000000000000","1.000000000000","1.000000000000","0.000000000000","","","","",""
