Stemmer,Language,Dictionary mode,Output policy,Applied dictionary rows,Processed word forms,Singleton dictionary rows,Forms with one candidate,Forms with multiple candidates,Maximum candidates for one form,Total candidate assignments,Distinct output stems,True-positive pairs,False-positive pairs,False-negative pairs,True-negative pairs,Over-stemming error pairs,Over-stemming possible pairs,Over-stemming percentage,Under-stemming error pairs,Under-stemming possible pairs,Under-stemming percentage,Pairwise precision,Pairwise recall,Pairwise specificity,Pairwise accuracy,Balanced accuracy,Pairwise F0.5,Pairwise F1,Pairwise F2,Jaccard index,Fowlkes-Mallows index,Matthews correlation coefficient,Pairwise error rate,Adjusted Rand Index,Homogeneity,Completeness,V-measure,Normalized mutual information
"CZECH_LUCENE_CZECH_STEM_FILTER","CS_CZ","ALL_WORDS","PRIMARY_OUTPUT","5113","51676","2","51676","0","1","51676","9647","177249","14480","124586","1334862335","14480","1334876815","0.001085","124586","301835","41.276194","0.924476735392","0.587238060530","0.999989152557","0.999895844650","0.793613606543","0.829234311828","0.718241200736","0.633453389361","0.560355974266","0.736809286788","0.736765291417","0.000104155350","0.718191706079","0.993800637348","0.944976928457","0.968774025802","0.968774025802"
"CZECH_LUCENE_CZECH_STEM_FILTER","CS_CZ","LOWERCASE_GROUPS_ONLY","PRIMARY_OUTPUT","5038","50968","2","50968","0","1","50968","9558","174387","13950","124426","1298530265","13950","1298544215","0.001074","124426","298813","41.640089","0.925930645598","0.583599107134","0.999989257201","0.999893462107","0.791794182167","0.828708724235","0.715947860002","0.630197985095","0.557569149804","0.735100195918","0.735055396892","0.000106537893","0.715897321649","0.993897397445","0.944297456221","0.968462775946","0.968462775946"
"CZECH_RADIXOR","CS_CZ","ALL_WORDS","PRIMARY_OUTPUT","5113","51676","2","51676","0","1","51676","5162","299762","3867","2073","1334872948","3867","1334876815","0.000290","2073","301835","0.686799","0.987264062392","0.993132009210","0.999997103103","0.999995551157","0.996564556157","0.988432097845","0.990189342389","0.991952846154","0.980569312599","0.990193689085","0.990191466141","0.000004448843","0.990187117482","0.998733220675","0.998685552738","0.998709386137","0.998709386137"
"CZECH_RADIXOR","CS_CZ","ALL_WORDS","ANY_CANDIDATE","5113","51676","2","51080","596","4","52319","5166","301835","0","0","1334876815","0","1334876815","0.000000","0","301835","0.000000","1.000000000000","1.000000000000","1.000000000000","1.000000000000","1.000000000000","1.000000000000","1.000000000000","1.000000000000","1.000000000000","1.000000000000","1.000000000000","0.000000000000","","","","",""
"CZECH_RADIXOR","CS_CZ","ALL_WORDS","ALL_CANDIDATES","5113","51676","2","51080","596","4","52319","5166","301835","5850","0","1334870965","5850","1334876815","0.000438","0","301835","0.000000","0.980987048442","1.000000000000","0.999995617573","0.999995618564","0.999997808787","0.984731579205","0.990402283764","0.996138677580","0.980987048442","0.990447902942","0.990445732657","0.000004381436","","","","",""
"CZECH_RADIXOR","CS_CZ","LOWERCASE_GROUPS_ONLY","PRIMARY_OUTPUT","5038","50968","2","50968","0","1","50968","5037","297104","3863","1709","1298540352","3863","1298544215","0.000297","1709","298813","0.571930","0.987164705765","0.994280703985","0.999997025130","0.999995710028","0.997138864558","0.988579745136","0.990709926973","0.992849308824","0.981590876052","0.990716315904","0.990714173387","0.000004289972","0.990707781520","0.998726091764","0.999029907266","0.998877976413","0.998877976413"
"CZECH_RADIXOR","CS_CZ","LOWERCASE_GROUPS_ONLY","ANY_CANDIDATE","5038","50968","2","50428","540","4","51543","5040","298813","0","0","1298544215","0","1298544215","0.000000","0","298813","0.000000","1.000000000000","1.000000000000","1.000000000000","1.000000000000","1.000000000000","1.000000000000","1.000000000000","1.000000000000","1.000000000000","1.000000000000","1.000000000000","0.000000000000","","","","",""
"CZECH_RADIXOR","CS_CZ","LOWERCASE_GROUPS_ONLY","ALL_CANDIDATES","5038","50968","2","50428","540","4","51543","5040","298813","5782","0","1298538433","5782","1298544215","0.000445","0","298813","0.000000","0.981017416570","1.000000000000","0.999995547321","0.999995548346","0.999997773661","0.984756059381","0.990417760454","0.996144940117","0.981017416570","0.990463233325","0.990461028216","0.000004451654","","","","",""
"DA_DK_RADIXOR","DA_DK","ALL_WORDS","PRIMARY_OUTPUT","4179","28079","32","28079","0","1","28079","4184","89188","1165","707","394110021","1165","394111186","0.000296","707","89895","0.786473","0.987106128186","0.992135268925","0.999997043981","0.999995251155","0.996066156453","0.988107873355","0.989614309174","0.991125345329","0.979442126071","0.989617503860","0.989615130363","0.000004748845","0.989611934224","0.998465862775","0.998718664384","0.998592247580","0.998592247580"
"DA_DK_RADIXOR","DA_DK","ALL_WORDS","ANY_CANDIDATE","4179","28079","32","27756","323","3","28405","4187","89895","0","0","394111186","0","394111186","0.000000","0","89895","0.000000","1.000000000000","1.000000000000","1.000000000000","1.000000000000","1.000000000000","1.000000000000","1.000000000000","1.000000000000","1.000000000000","1.000000000000","1.000000000000","0.000000000000","","","","",""
"DA_DK_RADIXOR","DA_DK","ALL_WORDS","ALL_CANDIDATES","4179","28079","32","27756","323","3","28405","4187","89895","1849","0","394109337","1849","394111186","0.000469","0","89895","0.000000","0.979846093478","1.000000000000","0.999995308431","0.999995309500","0.999997654215","0.983811622975","0.989820468071","0.995903164910","0.979846093478","0.989871756076","0.989869434047","0.000004690500","","","","",""
"DA_DK_RADIXOR","DA_DK","LOWERCASE_GROUPS_ONLY","PRIMARY_OUTPUT","4173","28033","32","28033","0","1","28033","4170","89077","1165","663","392819623","1165","392820788","0.000297","663","89740","0.738801","0.987090268389","0.992611990194","0.999997034271","0.999995347541","0.996304512232","0.988189692661","0.989843428787","0.991502709249","0.979891095099","0.989847279032","0.989844954043","0.000004652459","0.989841102043","0.998463063294","0.998811876590","0.998637439483","0.998637439483"
"DA_DK_RADIXOR","DA_DK","LOWERCASE_GROUPS_ONLY","ANY_CANDIDATE","4173","28033","32","27718","315","3","28351","4173","89740","0","0","392820788","0","392820788","0.000000","0","89740","0.000000","1.000000000000","1.000000000000","1.000000000000","1.000000000000","1.000000000000","1.000000000000","1.000000000000","1.000000000000","1.000000000000","1.000000000000","1.000000000000","0.000000000000","","","","",""
"DA_DK_RADIXOR","DA_DK","LOWERCASE_GROUPS_ONLY","ALL_CANDIDATES","4173","28033","32","27718","315","3","28351","4173","89740","1849","0","392818939","1849","392820788","0.000471","0","89740","0.000000","0.979811986156","1.000000000000","0.999995293019","0.999995294094","0.999997646509","0.983784115625","0.989803065147","0.995896117847","0.979811986156","0.989854527774","0.989852198158","0.000004705906","","","","",""
"ENGLISH_LUCENE_KSTEM_FILTER","US_UK","ALL_WORDS","PRIMARY_OUTPUT","396939","607439","250964","607439","0","1","607439","371125","237565","1368501","76305","184489083270","1368501","184490451771","0.000742","76305","313870","24.311020","0.147917333410","0.756889795138","0.999992582267","0.999992168681","0.878441188702","0.176283968232","0.247471790726","0.415099040868","0.141208449266","0.334599940499","0.334597833111","0.000007831319","0.247469648794","0.980686838187","0.992107972963","0.986364345289","0.986364345289"
"ENGLISH_LUCENE_KSTEM_FILTER","US_UK","LOWERCASE_GROUPS_ONLY","PRIMARY_OUTPUT","374384","583910","228735","583910","0","1","583910","347624","237551","1367069","74340","170473473135","1367069","170474840204","0.000802","74340","311891","23.835250","0.148041904002","0.761647498645","0.999991980817","0.999991544756","0.880819739731","0.176476898525","0.247899438093","0.416437018089","0.141486991947","0.335791223646","0.335788961354","0.000008455244","0.247897133948","0.979822223835","0.991990504792","0.985868818390","0.985868818390"
"ENGLISH_LUCENE_MINIMAL_FILTER","US_UK","ALL_WORDS","PRIMARY_OUTPUT","396939","607439","250964","607439","0","1","607439","453328","137225","1122264","176645","184489329507","1122264","184490451771","0.000608","176645","313870","56.279670","0.108952916619","0.437203300730","0.999993916953","0.999992959490","0.718598608842","0.128203906480","0.174435713655","0.272816484020","0.095551668577","0.218253464509","0.218250987161","0.000007040510","0.174433464995","0.995202198233","0.981173943304","0.988138284715","0.988138284715"
"ENGLISH_LUCENE_MINIMAL_FILTER","US_UK","LOWERCASE_GROUPS_ONLY","PRIMARY_OUTPUT","374384","583910","228735","583910","0","1","583910","430129","136932","1120871","174959","170473719333","1120871","170474840204","0.000657","174959","311891","56.096200","0.108866014789","0.439037997249","0.999993425006","0.999992398716","0.719515711128","0.128139023335","0.174469673707","0.273277328232","0.095572048952","0.218623688336","0.218621020778","0.000007601284","0.174467253215","0.994993790771","0.980519680106","0.987703711280","0.987703711280"
"ENGLISH_LUCENE_PORTER_COPIED","US_UK","ALL_WORDS","PRIMARY_OUTPUT","396939","607439","250964","607439","0","1","607439","319968","285390","1557406","28480","184488894365","1557406","184490451771","0.000844","28480","313870","9.073820","0.154867928951","0.909261796285","0.999991558338","0.999991403982","0.954626677312","0.185678591198","0.264658505304","0.460562583837","0.152510906996","0.375253902399","0.375251973425","0.000008596018","0.264656367392","0.969648379409","0.997199419831","0.983230936080","0.983230936080"
"ENGLISH_LUCENE_PORTER_COPIED","US_UK","LOWERCASE_GROUPS_ONLY","PRIMARY_OUTPUT","374384","583910","228735","583910","0","1","583910","298779","283761","1552702","28130","170473287502","1552702","170474840204","0.000911","28130","311891","9.019177","0.154514956196","0.909808234287","0.999990891899","0.999990726907","0.954899563093","0.185277176317","0.264165961476","0.460049474275","0.152183881415","0.374938634269","0.374936557303","0.000009273093","0.264163659878","0.968644600847","0.997108656044","0.982670549062","0.982670549062"
"ENGLISH_LUCENE_PORTER_FILTER","US_UK","ALL_WORDS","PRIMARY_OUTPUT","396939","607439","250964","607439","0","1","607439","319968","285390","1557406","28480","184488894365","1557406","184490451771","0.000844","28480","313870","9.073820","0.154867928951","0.909261796285","0.999991558338","0.999991403982","0.954626677312","0.185678591198","0.264658505304","0.460562583837","0.152510906996","0.375253902399","0.375251973425","0.000008596018","0.264656367392","0.969648379409","0.997199419831","0.983230936080","0.983230936080"
"ENGLISH_LUCENE_PORTER_FILTER","US_UK","LOWERCASE_GROUPS_ONLY","PRIMARY_OUTPUT","374384","583910","228735","583910","0","1","583910","298779","283761","1552702","28130","170473287502","1552702","170474840204","0.000911","28130","311891","9.019177","0.154514956196","0.909808234287","0.999990891899","0.999990726907","0.954899563093","0.185277176317","0.264165961476","0.460049474275","0.152183881415","0.374938634269","0.374936557303","0.000009273093","0.264163659878","0.968644600847","0.997108656044","0.982670549062","0.982670549062"
"ENGLISH_LUCENE_POSSESSIVE_FILTER","US_UK","ALL_WORDS","PRIMARY_OUTPUT","396939","607439","250964","607439","0","1","607439","591899","7","1115154","313863","184489336617","1115154","184490451771","0.000604","313863","313870","99.997770","0.000006277121","0.000022302227","0.999993955492","0.999992254263","0.500008128860","0.000007330589","0.000009796848","0.000014763939","0.000004898448","0.000011831896","0.000008625150","0.000007745737","0.000007141644","0.995789196698","0.958018540631","0.976538780935","0.976538780935"
"ENGLISH_LUCENE_POSSESSIVE_FILTER","US_UK","LOWERCASE_GROUPS_ONLY","PRIMARY_OUTPUT","374384","583910","228735","583910","0","1","583910","568400","5","1113773","311886","170473726431","1113773","170474840204","0.000653","311886","311891","99.998397","0.000004489225","0.000016031242","0.999993466643","0.999991637145","0.500004748942","0.000005244385","0.000007014251","0.000010587200","0.000003507138","0.000008483387","0.000005026087","0.000008362855","0.000004155674","0.995605378040","0.956423154691","0.975621022465","0.975621022465"
"ENGLISH_OPENNLP_PORTER","US_UK","ALL_WORDS","PRIMARY_OUTPUT","396939","607439","250964","607439","0","1","607439","319968","285390","1557406","28480","184488894365","1557406","184490451771","0.000844","28480","313870","9.073820","0.154867928951","0.909261796285","0.999991558338","0.999991403982","0.954626677312","0.185678591198","0.264658505304","0.460562583837","0.152510906996","0.375253902399","0.375251973425","0.000008596018","0.264656367392","0.969648379409","0.997199419831","0.983230936080","0.983230936080"
"ENGLISH_OPENNLP_PORTER","US_UK","LOWERCASE_GROUPS_ONLY","PRIMARY_OUTPUT","374384","583910","228735","583910","0","1","583910","298779","283761","1552702","28130","170473287502","1552702","170474840204","0.000911","28130","311891","9.019177","0.154514956196","0.909808234287","0.999990891899","0.999990726907","0.954899563093","0.185277176317","0.264165961476","0.460049474275","0.152183881415","0.374938634269","0.374936557303","0.000009273093","0.264163659878","0.968644600847","0.997108656044","0.982670549062","0.982670549062"
"ENGLISH_PAICE_HUSK_LANCASTER","US_UK","ALL_WORDS","PRIMARY_OUTPUT","396939","607439","250964","607439","0","1","607439","268169","283991","3062661","29879","184487389110","3062661","184490451771","0.001660","29879","313870","9.519546","0.084858240415","0.904804536910","0.999983399352","0.999983237427","0.952393968131","0.103642734217","0.155164208820","0.308542866654","0.084107327905","0.277092260667","0.277089454298","0.000016762573","0.155161580693","0.937768073854","0.996599815184","0.966289292109","0.966289292109"
"ENGLISH_PAICE_HUSK_LANCASTER","US_UK","LOWERCASE_GROUPS_ONLY","PRIMARY_OUTPUT","374384","583910","228735","583910","0","1","583910","249411","282398","3045870","29493","170471794334","3045870","170474840204","0.001787","29493","311891","9.456188","0.084848335531","0.905438117804","0.999982133023","0.999981960051","0.952710125414","0.103632575002","0.155156958803","0.308575577075","0.084103067491","0.277173081705","0.277170064389","0.000018039949","0.155154132315","0.936076835754","0.996486960554","0.965337716341","0.965337716341"
"ENGLISH_RADIXOR","US_UK","ALL_WORDS","PRIMARY_OUTPUT","396939","607439","250964","607439","0","1","607439","390361","292001","1149886","21869","184489301885","1149886","184490451771","0.000623","21869","313870","6.967534","0.202513095686","0.930324656705","0.999993767233","0.999993648707","0.965159211969","0.240076409811","0.332621199859","0.541270431499","0.199487482886","0.434054059102","0.434052478080","0.000006351293","0.332619335001","0.994214506865","0.997769723414","0.995988942533","0.995988942533"
"ENGLISH_RADIXOR","US_UK","ALL_WORDS","ANY_CANDIDATE","396939","607439","250964","578231","29208","1355","2838145","397392","313855","12","15","184490451759","12","184490451771","0.000000","15","313870","0.004779","0.999961767245","0.999952209513","0.999999999935","0.999999999854","0.999976104724","0.999959855684","0.999956988357","0.999954121045","0.999913980413","0.999956988368","0.999956988295","0.000000000146","","","","",""
"ENGLISH_RADIXOR","US_UK","ALL_WORDS","ALL_CANDIDATES","396939","607439","250964","578231","29208","1355","2838145","397392","313855","11482166","15","184478969605","11482166","184490451771","0.006224","15","313870","0.004779","0.026606853277","0.999952209513","0.999937762817","0.999937762842","0.999944986165","0.033038791524","0.051834488023","0.120237128281","0.026606819443","0.163112175274","0.163107098882","0.000062237158","","","","",""
"ENGLISH_RADIXOR","US_UK","LOWERCASE_GROUPS_ONLY","PRIMARY_OUTPUT","374384","583910","228735","583910","0","1","583910","367590","290572","1148489","21319","170473691715","1148489","170474840204","0.000674","21319","311891","6.835401","0.201917778329","0.931645991709","0.999993263000","0.999993137956","0.965819627354","0.239424468968","0.331901731173","0.540775136091","0.198970131062","0.433723286019","0.433721583515","0.000006862044","0.331899721995","0.993959181482","0.997731171071","0.995841604460","0.995841604460"
"ENGLISH_RADIXOR","US_UK","LOWERCASE_GROUPS_ONLY","ANY_CANDIDATE","374384","583910","228735","555084","28826","1355","2812871","374506","311891","0","0","170474840204","0","170474840204","0.000000","0","311891","0.000000","1.000000000000","1.000000000000","1.000000000000","1.000000000000","1.000000000000","1.000000000000","1.000000000000","1.000000000000","1.000000000000","1.000000000000","1.000000000000","0.000000000000","","","","",""
"ENGLISH_RADIXOR","US_UK","LOWERCASE_GROUPS_ONLY","ALL_CANDIDATES","374384","583910","228735","555084","28826","1355","2812871","374506","311891","11470018","0","170463370186","11470018","170474840204","0.006728","0","311891","0.000000","0.026472025883","1.000000000000","0.999932717239","0.999932717362","0.999966358619","0.032872482055","0.051578660140","0.119686728696","0.026472025883","0.162702261457","0.162696787836","0.000067282638","","","","",""
"ENGLISH_SNOWBALL_ORIGINAL_PORTER","US_UK","ALL_WORDS","PRIMARY_OUTPUT","396939","607439","250964","607439","0","1","607439","321092","285304","1555293","28566","184488896478","1555293","184490451771","0.000843","28566","313870","9.101220","0.155006228957","0.908987797496","0.999991569791","0.999991414969","0.954489683644","0.185835337999","0.264848800190","0.460750814660","0.152637303435","0.375364850057","0.375362921954","0.000008585031","0.264846663203","0.969891477221","0.997192899073","0.983352728141","0.983352728141"
"ENGLISH_SNOWBALL_ORIGINAL_PORTER","US_UK","LOWERCASE_GROUPS_ONLY","PRIMARY_OUTPUT","374384","583910","228735","583910","0","1","583910","299877","283675","1550615","28216","170473289589","1550615","170474840204","0.000910","28216","311891","9.046750","0.154651118416","0.909532496930","0.999990904142","0.999990738644","0.954761700536","0.185431499934","0.264353286139","0.460234326480","0.152308234175","0.375046954242","0.375044878196","0.000009261356","0.264350985524","0.968893806180","0.997101844661","0.982795461434","0.982795461434"
"ENGLISH_SNOWBALL_PORTER2","US_UK","ALL_WORDS","PRIMARY_OUTPUT","396939","607439","250964","607439","0","1","607439","318385","285334","1566711","28536","184488885060","1566711","184490451771","0.000849","28536","313870","9.091662","0.154064291094","0.909083378469","0.999991507902","0.999991353242","0.954537443185","0.184752753479","0.263476636895","0.459101696688","0.151726514306","0.374242282819","0.374240346981","0.000008646758","0.263474493989","0.969037354042","0.997181597682","0.982908049045","0.982908049045"
"ENGLISH_SNOWBALL_PORTER2","US_UK","LOWERCASE_GROUPS_ONLY","PRIMARY_OUTPUT","374384","583910","228735","583910","0","1","583910","297220","283730","1561891","28161","170473278313","1561891","170474840204","0.000916","28161","311891","9.029116","0.153731454074","0.909708840589","0.999990837997","0.999990672823","0.954849839293","0.184374949232","0.263015918336","0.458637294569","0.151421029768","0.373966392672","0.373964308569","0.000009327177","0.263013611479","0.968019617024","0.997095706553","0.982342555079","0.982342555079"
"FINNISH_LUCENE_FINNISH_LIGHT_STEM_FILTER","FI_FI","ALL_WORDS","PRIMARY_OUTPUT","57027","1811717","292","1811717","0","1","1811717","439975","12355389","2223150","19168306","1641124591341","2223150","1641126814491","0.000135","19168306","31523695","60.806025","0.847505295284","0.391939745642","0.999998645351","0.999986965635","0.695969195497","0.687649407375","0.535999578676","0.439151826652","0.366119825424","0.576342788507","0.576337821084","0.000013034365","0.535993941880","0.988126027331","0.886473473160","0.934543630400","0.934543630400"
"FINNISH_LUCENE_FINNISH_LIGHT_STEM_FILTER","FI_FI","LOWERCASE_GROUPS_ONLY","PRIMARY_OUTPUT","54762","1757055","274","1757055","0","1","1757055","431848","11988389","1806392","18825444","1543587637760","1806392","1543589444152","0.000117","18825444","30813833","61.094133","0.869052506162","0.389058673746","0.999998829746","0.999986634125","0.694528751746","0.697056446146","0.537492108587","0.437372459518","0.367513988637","0.581474346349","0.581469391800","0.000013365875","0.537486398327","0.989268269625","0.885293761089","0.934397488899","0.934397488899"
"FINNISH_RADIXOR","FI_FI","ALL_WORDS","PRIMARY_OUTPUT","57027","1811717","292","1811717","0","1","1811717","69091","30552427","731279","971268","1641126083212","731279","1641126814491","0.000045","971268","31523695","3.081073","0.976624284859","0.969189271753","0.999999554404","0.999998962594","0.984594413078","0.975128170336","0.972892573600","0.970667204156","0.947215985975","0.972899675927","0.972899157490","0.000001037406","0.972892054895","0.996084757586","0.993746341306","0.994914175412","0.994914175412"
"FINNISH_RADIXOR","FI_FI","ALL_WORDS","ANY_CANDIDATE","57027","1811717","292","1754389","57328","6","1876272","69769","31523695","0","0","1641126814491","0","1641126814491","0.000000","0","31523695","0.000000","1.000000000000","1.000000000000","1.000000000000","1.000000000000","1.000000000000","1.000000000000","1.000000000000","1.000000000000","1.000000000000","1.000000000000","1.000000000000","0.000000000000","","","","",""
"FINNISH_RADIXOR","FI_FI","ALL_WORDS","ALL_CANDIDATES","57027","1811717","292","1754389","57328","6","1876272","69769","31523695","1683575","0","1641125130916","1683575","1641126814491","0.000103","0","31523695","0.000000","0.949301011495","1.000000000000","0.999998974135","0.999998974154","0.999999487067","0.959025334376","0.973991195713","0.989431554710","0.949301011495","0.974320794962","0.974320295201","0.000001025846","","","","",""
"FINNISH_RADIXOR","FI_FI","LOWERCASE_GROUPS_ONLY","PRIMARY_OUTPUT","54762","1757055","274","1757055","0","1","1757055","54633","30078528","730145","735305","1543588714007","730145","1543589444152","0.000047","735305","30813833","2.386282","0.976300667023","0.976137178390","0.999999526982","0.999999050641","0.988068352686","0.976267964916","0.976218915862","0.976169871736","0.953542638154","0.976218919284","0.976218444595","0.000000949359","0.976218441173","0.996000407428","0.996068984852","0.996034694959","0.996034694959"
"FINNISH_RADIXOR","FI_FI","LOWERCASE_GROUPS_ONLY","ANY_CANDIDATE","54762","1757055","274","1712724","44331","6","1805864","54984","30813833","0","0","1543589444152","0","1543589444152","0.000000","0","30813833","0.000000","1.000000000000","1.000000000000","1.000000000000","1.000000000000","1.000000000000","1.000000000000","1.000000000000","1.000000000000","1.000000000000","1.000000000000","1.000000000000","0.000000000000","","","","",""
"FINNISH_RADIXOR","FI_FI","LOWERCASE_GROUPS_ONLY","ALL_CANDIDATES","54762","1757055","274","1712724","44331","6","1805864","54984","30813833","1653320","0","1543587790832","1653320","1543589444152","0.000107","0","30813833","0.000000","0.949077148834","1.000000000000","0.999998928912","0.999998928933","0.999999464456","0.958842548108","0.973873352732","0.989382907677","0.949077148834","0.974205906795","0.974205385065","0.000001071067","","","","",""
"FRENCH_LUCENE_FRENCH_LIGHT_STEM_FILTER","FR_FR","ALL_WORDS","PRIMARY_OUTPUT","59240","425210","2301","425210","0","1","425210","245918","202782","276403","5251833","90395828427","276403","90396104830","0.000306","5251833","5454615","96.282377","0.423181026117","0.037176226003","0.999996942313","0.999938848002","0.518586584158","0.137547303040","0.068348107452","0.045471618191","0.035383242558","0.125428359900","0.125414592230","0.000061151998","0.068339028277","0.974109647704","0.812375827422","0.885921707253","0.885921707253"
"FRENCH_LUCENE_FRENCH_LIGHT_STEM_FILTER","FR_FR","LOWERCASE_GROUPS_ONLY","PRIMARY_OUTPUT","57698","421231","2133","421231","0","1","421231","245182","200690","262689","5239869","88711863817","262689","88712126506","0.000296","5239869","5440559","96.311225","0.433101197939","0.036887753630","0.999997038860","0.999937976681","0.518442396245","0.137570562409","0.067985131280","0.045148356975","0.035188720533","0.126396717862","0.126383026150","0.000062023319","0.067976159358","0.975085555241","0.811143708698","0.885591261484","0.885591261484"
"FRENCH_LUCENE_FRENCH_MINIMAL_STEM_FILTER","FR_FR","ALL_WORDS","PRIMARY_OUTPUT","59240","425210","2301","425210","0","1","425210","269236","183612","160438","5271003","90395944392","160438","90396104830","0.000177","5271003","5454615","96.633823","0.533678244441","0.033661770812","0.999998225167","0.999939918724","0.516829997990","0.134399775137","0.063329059361","0.041424008382","0.032699958487","0.134031916915","0.134021061615","0.000060081276","0.063322352769","0.984019125555","0.810978546011","0.889158144694","0.889158144694"
"FRENCH_LUCENE_FRENCH_MINIMAL_STEM_FILTER","FR_FR","LOWERCASE_GROUPS_ONLY","PRIMARY_OUTPUT","57698","421231","2133","421231","0","1","421231","268411","181686","147476","5258873","88711979030","147476","88712126506","0.000166","5258873","5440559","96.660527","0.551965293685","0.033394730211","0.999998337589","0.999939061122","0.516696533900","0.134438681544","0.062979128454","0.041121435592","0.032513396928","0.135767198057","0.135756528540","0.000060938878","0.062972571968","0.985086367216","0.809773733549","0.888868235590","0.888868235590"
"FRENCH_RADIXOR","FR_FR","ALL_WORDS","PRIMARY_OUTPUT","59240","425210","2301","425210","0","1","425210","60225","4985455","318767","469160","90395786063","318767","90396104830","0.000353","469160","5454615","8.601157","0.939903156391","0.913988429981","0.999996473664","0.999991284144","0.956992451823","0.934603310507","0.926764667966","0.919056419273","0.863524187383","0.926855226151","0.926850879168","0.000008715856","0.926760310630","0.988772235003","0.985214034569","0.986989927876","0.986989927876"
"FRENCH_RADIXOR","FR_FR","ALL_WORDS","ANY_CANDIDATE","59240","425210","2301","382170","43040","56","477024","60383","5454383","12","232","90396104818","12","90396104830","0.000000","232","5454615","0.004253","0.999997799939","0.999957467209","0.999999999867","0.999999997301","0.999978733538","0.999989733133","0.999977633167","0.999965533495","0.999955267335","0.999977633371","0.999977632021","0.000000002699","","","","",""
"FRENCH_RADIXOR","FR_FR","ALL_WORDS","ALL_CANDIDATES","59240","425210","2301","382170","43040","56","477024","60383","5454383","1056255","232","90395048575","1056255","90396104830","0.001168","232","5454615","0.004253","0.837764747479","0.999957467209","0.999988315260","0.999988313399","0.999972891234","0.865852951156","0.911703747510","0.962682080453","0.837734895644","0.915275431226","0.915270082203","0.000011686601","","","","",""
"FRENCH_RADIXOR","FR_FR","LOWERCASE_GROUPS_ONLY","PRIMARY_OUTPUT","57698","421231","2133","421231","0","1","421231","58069","4975123","315266","465436","88711811240","315266","88712126506","0.000355","465436","5440559","8.554930","0.940407784758","0.914450702584","0.999996446190","0.999991200142","0.957223574387","0.935099145312","0.927247620620","0.919526848134","0.864363145162","0.927338427699","0.927334038919","0.000008799858","0.927243221287","0.988915897225","0.985549842615","0.987230000708","0.987230000708"
"FRENCH_RADIXOR","FR_FR","LOWERCASE_GROUPS_ONLY","ANY_CANDIDATE","57698","421231","2133","380101","41130","56","468574","58208","5440559","0","0","88712126506","0","88712126506","0.000000","0","5440559","0.000000","1.000000000000","1.000000000000","1.000000000000","1.000000000000","1.000000000000","1.000000000000","1.000000000000","1.000000000000","1.000000000000","1.000000000000","1.000000000000","0.000000000000","","","","",""
"FRENCH_RADIXOR","FR_FR","LOWERCASE_GROUPS_ONLY","ALL_CANDIDATES","57698","421231","2133","380101","41130","56","468574","58208","5440559","938985","0","88711187521","938985","88712126506","0.001058","0","5440559","0.000000","0.852813147774","1.000000000000","0.999989415370","0.999989416019","0.999994707685","0.878679151458","0.920560336911","0.966633773699","0.852813147774","0.923478829088","0.923473941734","0.000010583981","","","","",""
"GERMAN_CISTEM","DE_DE","ALL_WORDS","PRIMARY_OUTPUT","54092","296974","1474","296974","0","1","296974","59097","1053889","477122","329983","44094768857","477122","44095245979","0.001082","329983","1383872","23.844908","0.688361481400","0.761550923785","0.999989179741","0.999981696901","0.880770051763","0.701851885397","0.723108954973","0.745693871888","0.566304351331","0.724031989665","0.724022910459","0.000018303099","0.723099826442","0.974048119240","0.975147027686","0.974597263694","0.974597263694"
"GERMAN_CISTEM","DE_DE","LOWERCASE_GROUPS_ONLY","PRIMARY_OUTPUT","16007","150098","228","150098","0","1","150098","23023","725447","156784","147964","11263599558","156784","11263756342","0.001392","147964","873411","16.940936","0.822286906717","0.830590638313","0.999986080665","0.999972946470","0.915288359489","0.823934343933","0.826417914358","0.828916502414","0.704184159310","0.826428343371","0.826414817348","0.000027053530","0.826404386881","0.985935685912","0.973569821618","0.979713735095","0.979713735095"
"GERMAN_LUCENE_GERMAN_LIGHT_STEM_FILTER","DE_DE","ALL_WORDS","PRIMARY_OUTPUT","54092","296974","1474","296974","0","1","296974","98357","709263","205740","674609","44095040239","205740","44095245979","0.000467","674609","1383872","48.747933","0.775148278202","0.512520666651","0.999995334191","0.999980035912","0.756258000421","0.703092101246","0.617052253820","0.549774428024","0.446186239158","0.630301128270","0.630292039259","0.000019964088","0.617042686770","0.980753120457","0.936533167951","0.958133203614","0.958133203614"
"GERMAN_LUCENE_GERMAN_LIGHT_STEM_FILTER","DE_DE","LOWERCASE_GROUPS_ONLY","PRIMARY_OUTPUT","16007","150098","228","150098","0","1","150098","50335","471565","55477","401846","11263700865","55477","11263756342","0.000493","401846","873411","46.008809","0.894738939212","0.539911908597","0.999995074734","0.999959401861","0.769953491666","0.790797426464","0.673446377708","0.586423560557","0.507666155661","0.695039717114","0.695022690564","0.000040598139","0.673427319227","0.991320177896","0.915069562866","0.951669957566","0.951669957566"
"GERMAN_LUCENE_GERMAN_MINIMAL_STEM_FILTER","DE_DE","ALL_WORDS","PRIMARY_OUTPUT","54092","296974","1474","296974","0","1","296974","140505","271626","110840","1112246","44095135139","110840","44095245979","0.000251","1112246","1383872","80.372029","0.710196461908","0.196279713731","0.999997486350","0.999972263504","0.598138600041","0.466112921692","0.307558349534","0.229493166050","0.181724639931","0.373359288402","0.373350267608","0.000027736496","0.307548938689","0.983615403456","0.896263607272","0.937910029995","0.937910029995"
"GERMAN_LUCENE_GERMAN_MINIMAL_STEM_FILTER","DE_DE","LOWERCASE_GROUPS_ONLY","PRIMARY_OUTPUT","16007","150098","228","150098","0","1","150098","80363","132221","21214","741190","11263735128","21214","11263756342","0.000188","741190","873411","84.861537","0.861739498811","0.151384628772","0.999998116614","0.999932318770","0.575691372693","0.444544636019","0.257528392768","0.181269722976","0.147794886125","0.361184321539","0.361168285320","0.000067681230","0.257511188319","0.992642524078","0.854402700840","0.918349417869","0.918349417869"
"GERMAN_LUCENE_GERMAN_STEM_FILTER","DE_DE","ALL_WORDS","PRIMARY_OUTPUT","54092","296974","1474","296974","0","1","296974","81085","619354","331871","764518","44094914108","331871","44095245979","0.000753","764518","1383872","55.244849","0.651111987174","0.447551507654","0.999992473769","0.999975136671","0.723771990712","0.596821367368","0.530473894660","0.477402037056","0.360982967729","0.539820480819","0.539808754751","0.000024863329","0.530461889452","0.975549631706","0.942889706548","0.958941664321","0.958941664321"
"GERMAN_LUCENE_GERMAN_STEM_FILTER","DE_DE","LOWERCASE_GROUPS_ONLY","PRIMARY_OUTPUT","16007","150098","228","150098","0","1","150098","41574","378734","78723","494677","11263677619","78723","11263756342","0.000699","494677","873411","56.637368","0.827911694432","0.433626322545","0.999993010946","0.999949097306","0.716809666745","0.700518896035","0.569153364571","0.479276535831","0.397773842757","0.599169678345","0.599148958371","0.000050902694","0.569130398173","0.988583531594","0.918717729459","0.952371013508","0.952371013508"
"GERMAN_RADIXOR","DE_DE","ALL_WORDS","PRIMARY_OUTPUT","54092","296974","1474","296974","0","1","296974","68104","1128969","98192","254903","44095147787","98192","44095245979","0.000223","254903","1383872","18.419550","0.919984419322","0.815804496370","0.999997773184","0.999991992699","0.907901134777","0.897072808397","0.864768082211","0.834709150216","0.761754553110","0.866329859738","0.866325955582","0.000008007301","0.864764092865","0.989946248415","0.975085217969","0.982459538105","0.982459538105"
"GERMAN_RADIXOR","DE_DE","ALL_WORDS","ANY_CANDIDATE","54092","296974","1474","248400","48574","8","361016","70717","1272705","1375","111167","44095244604","1375","44095245979","0.000003","111167","1383872","8.033041","0.998920789903","0.919669593720","0.999999968818","0.999997447832","0.959834781269","0.981996366774","0.957658377578","0.934497606897","0.918756727140","0.958476435291","0.958475209548","0.000002552168","","","","",""
"GERMAN_RADIXOR","DE_DE","ALL_WORDS","ALL_CANDIDATES","54092","296974","1474","248400","48574","8","361016","70717","1272705","244817","111167","44095001162","244817","44095245979","0.000555","111167","1383872","8.033041","0.838673179038","0.919669593720","0.999994447996","0.999991927184","0.959832020858","0.853710645080","0.877305874349","0.902242446842","0.781429112618","0.878238135035","0.878234164088","0.000008072816","","","","",""
"GERMAN_RADIXOR","DE_DE","LOWERCASE_GROUPS_ONLY","PRIMARY_OUTPUT","16007","150098","228","150098","0","1","150098","17264","814297","47898","59114","11263708444","47898","11263756342","0.000425","59114","873411","6.768177","0.944446441930","0.932318232768","0.999995747600","0.999990500176","0.966156990184","0.941995622128","0.938343149309","0.934718891125","0.883847872972","0.938362743125","0.938357995965","0.000009499824","0.938338399230","0.994062310308","0.990664418294","0.992360455671","0.992360455671"
"GERMAN_RADIXOR","DE_DE","LOWERCASE_GROUPS_ONLY","ANY_CANDIDATE","16007","150098","228","135120","14978","8","167157","18366","873411","0","0","11263756342","0","11263756342","0.000000","0","873411","0.000000","1.000000000000","1.000000000000","1.000000000000","1.000000000000","1.000000000000","1.000000000000","1.000000000000","1.000000000000","1.000000000000","1.000000000000","1.000000000000","0.000000000000","","","","",""
"GERMAN_RADIXOR","DE_DE","LOWERCASE_GROUPS_ONLY","ALL_CANDIDATES","16007","150098","228","135120","14978","8","167157","18366","873411","97544","0","11263658798","97544","11263756342","0.000866","0","873411","0.000000","0.899538083639","1.000000000000","0.999991340012","0.999991340683","0.999995670006","0.917982540684","0.947112449481","0.978151677228","0.899538083639","0.948439815507","0.948435708759","0.000008659317","","","","",""
"HE_IL_RADIXOR","HE_IL","ALL_WORDS","PRIMARY_OUTPUT","2358","58714","0","58714","0","1","58714","2358","688361","25234","19916","1722904030","25234","1722929264","0.001465","19916","708277","2.811894","0.964638205144","0.971881057835","0.999985354013","0.999973805398","0.985933205924","0.966078126522","0.968246086849","0.970423799230","0.938446730860","0.968252859146","0.968239762122","0.000026194602","0.968232984327","0.993166390361","0.993627509527","0.993396896433","0.993396896433"
"HE_IL_RADIXOR","HE_IL","ALL_WORDS","ANY_CANDIDATE","2358","58714","0","56674","2040","40","62376","2358","708277","0","0","1722929264","0","1722929264","0.000000","0","708277","0.000000","1.000000000000","1.000000000000","1.000000000000","1.000000000000","1.000000000000","1.000000000000","1.000000000000","1.000000000000","1.000000000000","1.000000000000","1.000000000000","0.000000000000","","","","",""
"HE_IL_RADIXOR","HE_IL","ALL_WORDS","ALL_CANDIDATES","2358","58714","0","56674","2040","40","62376","2358","708277","86628","0","1722842636","86628","1722929264","0.005028","0","708277","0.000000","0.891020939609","1.000000000000","0.999949720513","0.999949741174","0.999974860256","0.910874182109","0.942370251906","0.976122467036","0.891020939609","0.943939055029","0.943915324345","0.000050258826","","","","",""
"HE_IL_RADIXOR","HE_IL","LOWERCASE_GROUPS_ONLY","PRIMARY_OUTPUT","2358","58714","0","58714","0","1","58714","2358","688361","25234","19916","1722904030","25234","1722929264","0.001465","19916","708277","2.811894","0.964638205144","0.971881057835","0.999985354013","0.999973805398","0.985933205924","0.966078126522","0.968246086849","0.970423799230","0.938446730860","0.968252859146","0.968239762122","0.000026194602","0.968232984327","0.993166390361","0.993627509527","0.993396896433","0.993396896433"
"HE_IL_RADIXOR","HE_IL","LOWERCASE_GROUPS_ONLY","ANY_CANDIDATE","2358","58714","0","56674","2040","40","62376","2358","708277","0","0","1722929264","0","1722929264","0.000000","0","708277","0.000000","1.000000000000","1.000000000000","1.000000000000","1.000000000000","1.000000000000","1.000000000000","1.000000000000","1.000000000000","1.000000000000","1.000000000000","1.000000000000","0.000000000000","","","","",""
"HE_IL_RADIXOR","HE_IL","LOWERCASE_GROUPS_ONLY","ALL_CANDIDATES","2358","58714","0","56674","2040","40","62376","2358","708277","86628","0","1722842636","86628","1722929264","0.005028","0","708277","0.000000","0.891020939609","1.000000000000","0.999949720513","0.999949741174","0.999974860256","0.910874182109","0.942370251906","0.976122467036","0.891020939609","0.943939055029","0.943915324345","0.000050258826","","","","",""
"HUNGARIAN_LUCENE_HUNGARIAN_LIGHT_STEM_FILTER","HU_HU","ALL_WORDS","PRIMARY_OUTPUT","19406","916344","1","916344","0","1","916344","94328","14036270","4132555","8125833","419816410338","4132555","419820542893","0.000984","8125833","22162103","36.665442","0.772546931351","0.633345580968","0.999990156377","0.999970802427","0.816667868673","0.740017627855","0.696054898613","0.657022705053","0.533806904809","0.699492090778","0.699477892426","0.000029197573","0.696040442258","0.982615378770","0.926771756762","0.953876941828","0.953876941828"
"HUNGARIAN_LUCENE_HUNGARIAN_LIGHT_STEM_FILTER","HU_HU","LOWERCASE_GROUPS_ONLY","PRIMARY_OUTPUT","18360","878513","1","878513","0","1","878513","91516","13492703","3639046","7918708","385867055871","3639046","385870694917","0.000943","7918708","21411411","36.983588","0.787584676848","0.630164121365","0.999990569261","0.999970049260","0.815077345313","0.750107959995","0.700134758022","0.656404225003","0.538621031944","0.704491026122","0.704476576404","0.000029950740","0.700119966552","0.983686881315","0.925487153321","0.953699929950","0.953699929950"
"HUNGARIAN_RADIXOR","HU_HU","ALL_WORDS","PRIMARY_OUTPUT","19406","916344","1","916344","0","1","916344","20535","21962266","272900","199837","419820269993","272900","419820542893","0.000065","199837","22162103","0.901706","0.987726648859","0.990982940563","0.999999349960","0.999998874014","0.995491145262","0.988376194087","0.989352115329","0.990329965723","0.978928596533","0.989353455019","0.989352892139","0.000001125986","0.989351552308","0.998036093538","0.997808712909","0.997922390271","0.997922390271"
"HUNGARIAN_RADIXOR","HU_HU","ALL_WORDS","ANY_CANDIDATE","19406","916344","1","904024","12320","5","929326","20567","22162103","0","0","419820542893","0","419820542893","0.000000","0","22162103","0.000000","1.000000000000","1.000000000000","1.000000000000","1.000000000000","1.000000000000","1.000000000000","1.000000000000","1.000000000000","1.000000000000","1.000000000000","1.000000000000","0.000000000000","","","","",""
"HUNGARIAN_RADIXOR","HU_HU","ALL_WORDS","ALL_CANDIDATES","19406","916344","1","904024","12320","5","929326","20567","22162103","460158","0","419820082735","460158","419820542893","0.000110","0","22162103","0.000000","0.979659062372","1.000000000000","0.999998903917","0.999998903975","0.999999451959","0.983660778882","0.989725029923","0.995864516790","0.979659062372","0.989777279176","0.989776736737","0.000001096025","","","","",""
"HUNGARIAN_RADIXOR","HU_HU","LOWERCASE_GROUPS_ONLY","PRIMARY_OUTPUT","18360","878513","1","878513","0","1","878513","18363","21247134","272775","164277","385870422142","272775","385870694917","0.000071","164277","21411411","0.767240","0.987324528185","0.992327595785","0.999999293092","0.999998867424","0.996163444439","0.988321101757","0.989819739994","0.991322930046","0.979844666523","0.989822900984","0.989822335019","0.000001132576","0.989819173678","0.997945135090","0.998273386381","0.998109233747","0.998109233747"
"HUNGARIAN_RADIXOR","HU_HU","LOWERCASE_GROUPS_ONLY","ANY_CANDIDATE","18360","878513","1","867360","11153","5","890245","18375","21411411","0","0","385870694917","0","385870694917","0.000000","0","21411411","0.000000","1.000000000000","1.000000000000","1.000000000000","1.000000000000","1.000000000000","1.000000000000","1.000000000000","1.000000000000","1.000000000000","1.000000000000","1.000000000000","0.000000000000","","","","",""
"HUNGARIAN_RADIXOR","HU_HU","LOWERCASE_GROUPS_ONLY","ALL_CANDIDATES","18360","878513","1","867360","11153","5","890245","18375","21411411","458462","0","385870236455","458462","385870694917","0.000119","0","21411411","0.000000","0.979036823854","1.000000000000","0.999998811877","0.999998811943","0.999999405938","0.983158850285","0.989407384494","0.995735852714","0.979036823854","0.989462896653","0.989462308851","0.000001188057","","","","",""
"HUNSPELL_CZECH_LUCENE_FILTER","CS_CZ","ALL_WORDS","PRIMARY_OUTPUT","5113","51676","2","51676","0","1","51676","10920","213552","11408","88283","1334865407","11408","1334876815","0.000855","88283","301835","29.248762","0.949288762447","0.707512382593","0.999991453893","0.999925335085","0.853751918243","0.888559718726","0.810759403563","0.745486280807","0.681745481942","0.819532521678","0.819499025505","0.000074664915","0.810722859062","0.995776551361","0.952852006662","0.973841506371","0.973841506371"
"HUNSPELL_CZECH_LUCENE_FILTER","CS_CZ","ALL_WORDS","ANY_CANDIDATE","5113","51676","2","48359","3317","5","55596","11359","224312","10102","77523","1334866713","10102","1334876815","0.000757","77523","301835","25.683900","0.956905304291","0.743160998559","0.999992432261","0.999934372078","0.871576715410","0.904855299474","0.836596431881","0.777913569166","0.719093919606","0.843288029954","0.843258147533","0.000065627922","","","","",""
"HUNSPELL_CZECH_LUCENE_FILTER","CS_CZ","ALL_WORDS","ALL_CANDIDATES","5113","51676","2","48359","3317","5","55596","11359","224312","13917","77523","1334862898","13917","1334876815","0.001043","77523","301835","25.683900","0.941581419558","0.743160998559","0.999989574319","0.999931514783","0.871575286439","0.893850652440","0.830686733424","0.775860578084","0.710405634802","0.836508570179","0.836476906392","0.000068485217","","","","",""
"HUNSPELL_CZECH_LUCENE_FILTER","CS_CZ","LOWERCASE_GROUPS_ONLY","PRIMARY_OUTPUT","5038","50968","2","50968","0","1","50968","10816","210827","11239","87986","1298532976","11239","1298544215","0.000866","87986","298813","29.445171","0.949388920411","0.705548286052","0.999991344923","0.999923605087","0.852769815487","0.888008949714","0.809504702628","0.743753342581","0.679973036781","0.818437368155","0.818403143837","0.000076394913","0.809467327086","0.995812473772","0.952393750423","0.973619286126","0.973619286126"
"HUNSPELL_CZECH_LUCENE_FILTER","CS_CZ","LOWERCASE_GROUPS_ONLY","ANY_CANDIDATE","5038","50968","2","47731","3237","5","54804","11240","221382","10028","77431","1298534187","10028","1298544215","0.000772","77431","298813","25.912862","0.956665658355","0.740871381098","0.999992277506","0.999932663918","0.870431829302","0.904003665310","0.835052421340","0.775874033233","0.716815448726","0.841882537861","0.841851913927","0.000067336082","","","","",""
"HUNSPELL_CZECH_LUCENE_FILTER","CS_CZ","LOWERCASE_GROUPS_ONLY","ALL_CANDIDATES","5038","50968","2","47731","3237","5","54804","11240","221382","13601","77431","1298530614","13601","1298544215","0.001047","77431","298813","25.912862","0.942119217135","0.740871381098","0.999989525963","0.999929913009","0.870430453530","0.893573737936","0.829462940899","0.773935751817","0.708617411512","0.835457458856","0.835425115185","0.000070086991","","","","",""
"HUNSPELL_DUTCH_LUCENE_FILTER","NL_NL","ALL_WORDS","PRIMARY_OUTPUT","4992","26477","85","26477","0","1","26477","15909","18482","1333","46084","350436627","1333","350437960","0.000380","46084","64566","71.375027","0.932727731517","0.286249728960","0.999996196188","0.999864717095","0.643122962574","0.642512480358","0.438060700869","0.332315636923","0.280459491039","0.516713712165","0.516673857221","0.000135282905","0.438012080403","0.996931617211","0.889026094124","0.939891935467","0.939891935467"
"HUNSPELL_DUTCH_LUCENE_FILTER","NL_NL","ALL_WORDS","ANY_CANDIDATE","4992","26477","85","25223","1254","3","27763","16027","21374","1164","43192","350436796","1164","350437960","0.000332","43192","64566","66.895889","0.948353891206","0.331041105226","0.999996678442","0.999873450270","0.665518891834","0.690740573172","0.490769654666","0.380588457347","0.325178761600","0.560307166017","0.560267948638","0.000126549730","","","","",""
"HUNSPELL_DUTCH_LUCENE_FILTER","NL_NL","ALL_WORDS","ALL_CANDIDATES","4992","26477","85","25223","1254","3","27763","16027","21374","1738","43192","350436222","1738","350437960","0.000496","43192","64566","66.895889","0.924800969193","0.331041105226","0.999995040492","0.999871812621","0.665518072859","0.680639942935","0.487556741714","0.379812066416","0.322363658301","0.553305643343","0.553264631551","0.000128187379","","","","",""
"HUNSPELL_DUTCH_LUCENE_FILTER","NL_NL","LOWERCASE_GROUPS_ONLY","PRIMARY_OUTPUT","4796","25678","84","25678","0","1","25678","15258","18333","1310","44814","329602546","1310","329603856","0.000397","44814","63147","70.967742","0.933309575930","0.290322580645","0.999996025532","0.999860089122","0.645159303089","0.646808120294","0.442879574828","0.336717714000","0.284422172921","0.520538994337","0.520497519470","0.000139910878","0.442828931093","0.996884174988","0.889060613994","0.939890140871","0.939890140871"
"HUNSPELL_DUTCH_LUCENE_FILTER","NL_NL","LOWERCASE_GROUPS_ONLY","ANY_CANDIDATE","4796","25678","84","24492","1186","3","26896","15323","21212","1141","41935","329602715","1141","329603856","0.000346","41935","63147","66.408539","0.948955397486","0.335914611937","0.999996538269","0.999869334815","0.667955575103","0.695206444720","0.496187134503","0.385755489360","0.329952712792","0.564595416287","0.564554662442","0.000130665185","","","","",""
"HUNSPELL_DUTCH_LUCENE_FILTER","NL_NL","LOWERCASE_GROUPS_ONLY","ALL_CANDIDATES","4796","25678","84","24492","1186","3","26896","15323","21212","1712","41935","329602144","1712","329603856","0.000519","41935","63147","66.408539","0.925318443553","0.335914611937","0.999994805886","0.999867602764","0.667954708912","0.684951854459","0.492895400309","0.384956009176","0.327047903915","0.557519493726","0.557476858392","0.000132397236","","","","",""
"HUNSPELL_ENGLISH_LUCENE_FILTER","US_UK","ALL_WORDS","PRIMARY_OUTPUT","396939","607439","250964","607439","0","1","607439","557518","46002","1981986","267868","184488469785","1981986","184490451771","0.001074","267868","313870","85.343614","0.022683566175","0.146563864020","0.999989256972","0.999987805059","0.573276560496","0.027298226808","0.039286754363","0.070050933952","0.020036970960","0.057659267324","0.057655308782","0.000012194941","0.039283923590","0.993096189204","0.963677172906","0.978165531652","0.978165531652"
"HUNSPELL_ENGLISH_LUCENE_FILTER","US_UK","ALL_WORDS","ANY_CANDIDATE","396939","607439","250964","600602","6837","4","614296","557638","51229","1978852","262641","184488472919","1978852","184490451771","0.001073","262641","313870","83.678274","0.025234953679","0.163217255552","0.999989273960","0.999987850378","0.581603264756","0.030369825498","0.043711664621","0.077960810954","0.022344183028","0.064177721084","0.064173802046","0.000012149622","","","","",""
"HUNSPELL_ENGLISH_LUCENE_FILTER","US_UK","ALL_WORDS","ALL_CANDIDATES","396939","607439","250964","600602","6837","4","614296","557638","51229","2008917","262641","184488442854","2008917","184490451771","0.001089","262641","313870","83.678274","0.024866684206","0.163217255552","0.999989110997","0.999987687416","0.581603183275","0.029942881217","0.043158091605","0.077253888104","0.022054971033","0.063707707153","0.063703758400","0.000012312584","","","","",""
"HUNSPELL_ENGLISH_LUCENE_FILTER","US_UK","LOWERCASE_GROUPS_ONLY","PRIMARY_OUTPUT","374384","583910","228735","583910","0","1","583910","535362","45926","1978041","265965","170472862163","1978041","170474840204","0.001160","265965","311891","85.274984","0.022691081426","0.147250161114","0.999988396874","0.999986836756","0.573619278994","0.027311677226","0.039322595808","0.070190378755","0.020055617372","0.057803679777","0.057799415161","0.000013163244","0.039319549964","0.993066314983","0.962316521867","0.977449637185","0.977449637185"
"HUNSPELL_ENGLISH_LUCENE_FILTER","US_UK","LOWERCASE_GROUPS_ONLY","ANY_CANDIDATE","374384","583910","228735","577124","6786","4","590716","535485","51150","1974950","260741","170472865254","1974950","170474840204","0.001158","260741","311891","83.600040","0.025245545630","0.163999602425","0.999988415006","0.999986885532","0.581994008716","0.030387494919","0.043755514884","0.078123472659","0.022367099418","0.064344847861","0.064340626006","0.000013114468","","","","",""
"HUNSPELL_ENGLISH_LUCENE_FILTER","US_UK","LOWERCASE_GROUPS_ONLY","ALL_CANDIDATES","374384","583910","228735","577124","6786","4","590716","535485","51150","2004598","260741","170472835606","2004598","170474840204","0.001176","260741","311891","83.600040","0.024881454342","0.163999602425","0.999988241092","0.999986711618","0.581993921758","0.029965261387","0.043207600483","0.077422296168","0.022080830084","0.063879172034","0.063874918547","0.000013288382","","","","",""
"HUNSPELL_FRENCH_LUCENE_FILTER","FR_FR","ALL_WORDS","PRIMARY_OUTPUT","59240","425210","2301","425210","0","1","425210","154336","3422734","776728","2031881","90395328102","776728","90396104830","0.000859","2031881","5454615","37.250677","0.815041069547","0.627493232795","0.999991407506","0.999968931852","0.813742320150","0.769068574566","0.709075347131","0.657764674673","0.549277098051","0.715145268872","0.715130511338","0.000031068148","0.709060074832","0.978337247291","0.913705954219","0.944917713687","0.944917713687"
"HUNSPELL_FRENCH_LUCENE_FILTER","FR_FR","ALL_WORDS","ANY_CANDIDATE","59240","425210","2301","411699","13511","4","439015","154718","3610612","745831","1844003","90395358999","745831","90396104830","0.000825","1844003","5454615","33.806291","0.828798173189","0.661937093635","0.999991749302","0.999971351888","0.830964421468","0.789018996925","0.736029080656","0.689708764155","0.582314885091","0.740683639600","0.740669908387","0.000028648112","","","","",""
"HUNSPELL_FRENCH_LUCENE_FILTER","FR_FR","ALL_WORDS","ALL_CANDIDATES","59240","425210","2301","411699","13511","4","439015","154718","3610612","1043199","1844003","90395061631","1043199","90396104830","0.001154","1844003","5454615","33.806291","0.775839843947","0.661937093635","0.999988459691","0.999968062476","0.830962776663","0.750027659074","0.714376699201","0.681961135862","0.555665643861","0.716629033342","0.716613365354","0.000031937524","","","","",""
"HUNSPELL_FRENCH_LUCENE_FILTER","FR_FR","LOWERCASE_GROUPS_ONLY","PRIMARY_OUTPUT","57698","421231","2133","421231","0","1","421231","153822","3412548","763305","2028011","88711363201","763305","88712126506","0.000860","2028011","5440559","37.275784","0.817209801207","0.627242163903","0.999991395708","0.999968537054","0.813616779806","0.770536594362","0.709734150326","0.657825640123","0.550068151075","0.715952822518","0.715937898033","0.000031462946","0.709718690125","0.979328164393","0.913161860024","0.945088340370","0.945088340370"
"HUNSPELL_FRENCH_LUCENE_FILTER","FR_FR","LOWERCASE_GROUPS_ONLY","ANY_CANDIDATE","57698","421231","2133","407794","13437","4","434961","154205","3600083","733584","1840476","88711392922","733584","88712126506","0.000827","1840476","5440559","33.828803","0.830724418835","0.661711967465","0.999991730736","0.999970985904","0.830851849101","0.790350629656","0.736648201095","0.689779349655","0.583090317150","0.741417756470","0.741403865778","0.000029014096","","","","",""
"HUNSPELL_FRENCH_LUCENE_FILTER","FR_FR","LOWERCASE_GROUPS_ONLY","ALL_CANDIDATES","57698","421231","2133","407794","13437","4","434961","154205","3600083","1027635","1840476","88711098871","1027635","88712126506","0.001158","1840476","5440559","33.828803","0.777939148410","0.661711967465","0.999988416071","0.999967671442","0.830850191768","0.751538185756","0.715133880405","0.682093458746","0.556582409247","0.717475884237","0.717460037184","0.000032328558","","","","",""
"HUNSPELL_GERMAN_LUCENE_FILTER","DE_DE","ALL_WORDS","PRIMARY_OUTPUT","54092","296974","1474","296974","0","1","296974","182774","391862","203883","992010","44095042096","203883","44095245979","0.000462","992010","1383872","71.683653","0.657768004767","0.283163471766","0.999995376304","0.999972880172","0.641579424035","0.520145203475","0.395896782054","0.319562150060","0.246802560848","0.431573715426","0.431562811676","0.000027119828","0.395885371175","0.980462638581","0.886872825924","0.931322397630","0.931322397630"
"HUNSPELL_GERMAN_LUCENE_FILTER","DE_DE","ALL_WORDS","ANY_CANDIDATE","54092","296974","1474","289083","7891","3","305052","183111","408175","158403","975697","44095087576","158403","44095245979","0.000359","975697","1383872","70.504859","0.720421548313","0.294951411691","0.999996407708","0.999974281481","0.647473909700","0.559115650060","0.418544438463","0.334456395588","0.264657729653","0.460965674088","0.460955788036","0.000025718519","","","","",""
"HUNSPELL_GERMAN_LUCENE_FILTER","DE_DE","ALL_WORDS","ALL_CANDIDATES","54092","296974","1474","289083","7891","3","305052","183111","408175","242551","975697","44095003428","242551","44095245979","0.000550","975697","1383872","70.504859","0.627260936247","0.294951411691","0.999994499384","0.999972373218","0.647472955538","0.511911128190","0.401234052132","0.329906951166","0.250964847398","0.430129630047","0.430118032816","0.000027626782","","","","",""
"HUNSPELL_GERMAN_LUCENE_FILTER","DE_DE","LOWERCASE_GROUPS_ONLY","PRIMARY_OUTPUT","16007","150098","228","150098","0","1","150098","86983","278093","84679","595318","11263671663","84679","11263756342","0.000752","595318","873411","68.160122","0.766577905682","0.318398783620","0.999992482170","0.999939634323","0.659195632895","0.598178360154","0.449922058465","0.360558871242","0.290257700216","0.494041974653","0.494019111671","0.000060365677","0.449897024669","0.988041339480","0.865580709092","0.922765807515","0.922765807515"
"HUNSPELL_GERMAN_LUCENE_FILTER","DE_DE","LOWERCASE_GROUPS_ONLY","ANY_CANDIDATE","16007","150098","228","145109","4989","3","155207","87393","288864","60996","584547","11263695346","60996","11263756342","0.000542","584547","873411","66.926911","0.825655976676","0.330730893016","0.999994584755","0.999942692923","0.665362738886","0.635466205220","0.472281285177","0.375782098835","0.309141519702","0.522560942370","0.522540242219","0.000057307077","","","","",""
"HUNSPELL_GERMAN_LUCENE_FILTER","DE_DE","LOWERCASE_GROUPS_ONLY","ALL_CANDIDATES","16007","150098","228","145109","4989","3","155207","87393","288864","96545","584547","11263659797","96545","11263756342","0.000857","584547","873411","66.926911","0.749499881944","0.330730893016","0.999991428703","0.999939537116","0.665361160860","0.598050472724","0.458944090497","0.372338300095","0.297811447117","0.497878263505","0.497854575726","0.000060462884","","","","",""
"HUNSPELL_POLISH_LUCENE_FILTER","PL_PL","ALL_WORDS","PRIMARY_OUTPUT","9990","122341","1","122341","0","1","122341","18419","971262","52652","149705","7482425351","52652","7482478003","0.000704","149705","1120967","13.354987","0.948577712581","0.866450127435","0.999992963294","0.999972959935","0.933221545364","0.930929837176","0.905655838249","0.881717903868","0.827578626454","0.906584403102","0.906571161039","0.000027040065","0.905642343969","0.994545991966","0.970520439141","0.982386343372","0.982386343372"
"HUNSPELL_POLISH_LUCENE_FILTER","PL_PL","ALL_WORDS","ANY_CANDIDATE","9990","122341","1","110894","11447","6","135231","19068","1040224","42213","80743","7482435790","42213","7482478003","0.000564","80743","1120967","7.202977","0.961001887408","0.927970225707","0.999994358420","0.999983569937","0.963982292063","0.954208759768","0.944197251162","0.934393641743","0.894293230626","0.944341642819","0.944333470354","0.000016430063","","","","",""
"HUNSPELL_POLISH_LUCENE_FILTER","PL_PL","ALL_WORDS","ALL_CANDIDATES","9990","122341","1","110894","11447","6","135231","19068","1040224","82745","80743","7482395258","82745","7482478003","0.001106","80743","1120967","7.202977","0.926315864463","0.927970225707","0.999988941498","0.999978153827","0.963979583602","0.926646264647","0.927142307089","0.927638880888","0.864180136112","0.927142676087","0.927131751477","0.000021846173","","","","",""
"HUNSPELL_POLISH_LUCENE_FILTER","PL_PL","LOWERCASE_GROUPS_ONLY","PRIMARY_OUTPUT","9846","120925","1","120925","0","1","120925","18149","965984","51950","148667","7310200749","51950","7310252699","0.000711","148667","1114651","13.337538","0.948965257080","0.866624620621","0.999992893543","0.999972560946","0.933308757082","0.931268723294","0.905927782480","0.881929423296","0.828032892137","0.906860880124","0.906847444801","0.000027439054","0.905914089179","0.994583905165","0.970514203019","0.982401644006","0.982401644006"
"HUNSPELL_POLISH_LUCENE_FILTER","PL_PL","LOWERCASE_GROUPS_ONLY","ANY_CANDIDATE","9846","120925","1","109660","11265","6","133595","18789","1034283","41671","80368","7310211028","41671","7310252699","0.000570","80368","1114651","7.210149","0.961270649117","0.927898508143","0.999994299650","0.999983308321","0.963946403896","0.954405554191","0.944289819479","0.934386268967","0.894459328803","0.944437187555","0.944428885928","0.000016691679","","","","",""
"HUNSPELL_POLISH_LUCENE_FILTER","PL_PL","LOWERCASE_GROUPS_ONLY","ALL_CANDIDATES","9846","120925","1","109660","11265","6","133595","18789","1034283","81865","80368","7310170834","81865","7310252699","0.001120","80368","1114651","7.210149","0.926653992123","0.927898508143","0.999988801345","0.999977810854","0.963943654744","0.926902628188","0.927275832560","0.927649337585","0.864412176686","0.927276041347","0.927264945147","0.000022189146","","","","",""
"HUNSPELL_SPANISH_LUCENE_FILTER","ES_ES","ALL_WORDS","PRIMARY_OUTPUT","65059","871332","3589","871332","0","1","871332","495840","9662476","536192","32310860","379566781918","536192","379567318110","0.000141","32310860","41973336","76.979490","0.947425291224","0.230205099733","0.999998587360","0.999913471422","0.615101843546","0.583708381625","0.370408466579","0.271277635967","0.227301418167","0.467014061518","0.466991649518","0.000086528578","0.370381248953","0.993314263125","0.790558492734","0.880413722434","0.880413722434"
"HUNSPELL_SPANISH_LUCENE_FILTER","ES_ES","ALL_WORDS","ANY_CANDIDATE","65059","871332","3589","853455","17877","5","890999","496361","10079118","416345","31894218","379566901765","416345","379567318110","0.000110","31894218","41973336","75.986855","0.960330954432","0.240131449166","0.999998903106","0.999914884689","0.620065176136","0.600267728541","0.384194728757","0.282504215637","0.237772914592","0.480214185303","0.480192080762","0.000085115311","","","","",""
"HUNSPELL_SPANISH_LUCENE_FILTER","ES_ES","ALL_WORDS","ALL_CANDIDATES","65059","871332","3589","853455","17877","5","890999","496361","10079118","888077","31894218","379566430033","888077","379567318110","0.000234","31894218","41973336","75.986855","0.919024235459","0.240131449166","0.999997660291","0.999913642011","0.620064554728","0.587073016700","0.380771322449","0.281759130783","0.235155989841","0.469772946730","0.469749183448","0.000086357989","","","","",""
"HUNSPELL_SPANISH_LUCENE_FILTER","ES_ES","LOWERCASE_GROUPS_ONLY","PRIMARY_OUTPUT","64918","869371","3525","869371","0","1","869371","495045","9628515","531181","32234855","377860138584","531181","377860669765","0.000141","32234855","41863370","77.000144","0.947716841134","0.229998564377","0.999998594241","0.999913295008","0.614998579309","0.583531128169","0.370163304101","0.271052948234","0.227116805648","0.466876335765","0.466853897372","0.000086704992","0.370136051001","0.993362468962","0.790499503024","0.880396073652","0.880396073652"
"HUNSPELL_SPANISH_LUCENE_FILTER","ES_ES","LOWERCASE_GROUPS_ONLY","ANY_CANDIDATE","64918","869371","3525","851564","17807","5","888962","495572","10041262","412198","31822108","377860257567","412198","377860669765","0.000109","31822108","41863370","76.014205","0.960568271175","0.239857947413","0.999998909127","0.999914702064","0.619928428270","0.599999808789","0.383863548307","0.282205460900","0.237519268813","0.479999931119","0.479977799265","0.000085297936","","","","",""
"HUNSPELL_SPANISH_LUCENE_FILTER","ES_ES","LOWERCASE_GROUPS_ONLY","ALL_CANDIDATES","64918","869371","3525","851564","17807","5","888962","495572","10041262","878949","31822108","377859790816","878949","377860669765","0.000233","31822108","41863370","76.014205","0.919511720057","0.239857947413","0.999997673881","0.999913466955","0.619927810647","0.586904802235","0.380469146267","0.281467012980","0.234925531298","0.469629847641","0.469606065497","0.000086533045","","","","",""
"HUNSPELL_UKRAINIAN_LUCENE_FILTER","UK_UA","ALL_WORDS","PRIMARY_OUTPUT","1493","14245","4","14245","0","1","14245","3137","50416","794","14924","101386756","794","101387550","0.000783","14924","65340","22.840526","0.984495215778","0.771594735231","0.999992168664","0.999845070949","0.885793451947","0.933007624547","0.865139425139","0.806475349522","0.762331024889","0.871568313648","0.871498740996","0.000154929051","0.865063055969","0.998114340300","0.949803904722","0.973360047526","0.973360047526"
"HUNSPELL_UKRAINIAN_LUCENE_FILTER","UK_UA","ALL_WORDS","ANY_CANDIDATE","1493","14245","4","12923","1322","6","15740","3311","55875","326","9465","101387224","326","101387550","0.000322","9465","65340","14.485767","0.994199391470","0.855142332415","0.999996784615","0.999903492153","0.927569558515","0.962883947281","0.919442821764","0.879752236578","0.850896963421","0.922053136488","0.922008115880","0.000096507847","","","","",""
"HUNSPELL_UKRAINIAN_LUCENE_FILTER","UK_UA","ALL_WORDS","ALL_CANDIDATES","1493","14245","4","12923","1322","6","15740","3311","55875","1271","9465","101386279","1271","101387550","0.001254","9465","65340","14.485767","0.977758723270","0.855142332415","0.999987463944","0.999894177485","0.927564898180","0.950500809733","0.912349166435","0.877142031861","0.838825419225","0.914397547654","0.914347195556","0.000105822515","","","","",""
"HUNSPELL_UKRAINIAN_LUCENE_FILTER","UK_UA","LOWERCASE_GROUPS_ONLY","PRIMARY_OUTPUT","1491","14236","4","14236","0","1","14236","3134","50404","794","14920","101258612","794","101259406","0.000784","14920","65324","22.839998","0.984491581702","0.771600024493","0.999992158753","0.999844914465","0.885796091623","0.933006560145","0.865141346698","0.806479484406","0.762334008893","0.871569692311","0.871500048785","0.000155085535","0.865064900251","0.998112856419","0.949788155938","0.973351072054","0.973351072054"
"HUNSPELL_UKRAINIAN_LUCENE_FILTER","UK_UA","LOWERCASE_GROUPS_ONLY","ANY_CANDIDATE","1491","14236","4","12915","1321","6","15730","3308","55859","326","9465","101259080","326","101259406","0.000322","9465","65324","14.489315","0.994197739610","0.855106851999","0.999996780546","0.999903370085","0.927551816273","0.962873710629","0.919421606630","0.879721936116","0.850860624524","0.922033242016","0.921988165267","0.000096629915","","","","",""
"HUNSPELL_UKRAINIAN_LUCENE_FILTER","UK_UA","LOWERCASE_GROUPS_ONLY","ALL_CANDIDATES","1491","14236","4","12915","1321","6","15730","3308","55859","1271","9465","101258135","1271","101259406","0.001255","9465","65324","14.489315","0.977752494311","0.855106851999","0.999987448080","0.999894043636","0.927547150039","0.950487333415","0.912326261290","0.877111165546","0.838786695698","0.914375665383","0.914325250217","0.000105956364","","","","",""
"ITALIAN_LUCENE_ITALIAN_LIGHT_STEM_FILTER","IT_IT","ALL_WORDS","PRIMARY_OUTPUT","10009","327551","0","327551","0","1","327551","244870","109684","10589","6034130","53638510622","10589","53638521211","0.000020","6034130","6143814","98.214725","0.911958627456","0.017852754006","0.999999802586","0.999887319289","0.508926278296","0.082781551919","0.035019947839","0.022207258650","0.017822037328","0.127596916262","0.127588341500","0.000112680711","0.035015703871","0.997481424185","0.737537113266","0.848036553212","0.848036553212"
"ITALIAN_LUCENE_ITALIAN_LIGHT_STEM_FILTER","IT_IT","LOWERCASE_GROUPS_ONLY","PRIMARY_OUTPUT","10007","327469","0","327469","0","1","327469","244808","109658","10588","6032516","53611656484","10588","53611667072","0.000020","6032516","6142174","98.214671","0.911947174958","0.017853287777","0.999999802506","0.999887292971","0.508926545141","0.082783771729","0.035020966336","0.022207918023","0.017822564890","0.127598022525","0.127589445488","0.000112707029","0.035016721203","0.997481197125","0.737534145120","0.848034509070","0.848034509070"
"ITALIAN_RADIXOR","IT_IT","ALL_WORDS","PRIMARY_OUTPUT","10009","327551","0","327551","0","1","327551","10010","6100906","124172","42908","53638397039","124172","53638521211","0.000231","42908","6143814","0.698394","0.980052940702","0.993016064614","0.999997685022","0.999996885431","0.996506874818","0.982618418699","0.986491918597","0.990396078172","0.973343909830","0.986513210398","0.986511657877","0.000003114569","0.986490361200","0.995780270704","0.997112550353","0.996445965204","0.996445965204"
"ITALIAN_RADIXOR","IT_IT","ALL_WORDS","ANY_CANDIDATE","10009","327551","0","321297","6254","4","334175","10012","6143734","0","80","53638521211","0","53638521211","0.000000","80","6143814","0.001302","1.000000000000","0.999986978772","1.000000000000","0.999999998509","0.999993489386","0.999997395727","0.999993489344","0.999989582991","0.999986978772","0.999993489365","0.999993488619","0.000000001491","","","","",""
"ITALIAN_RADIXOR","IT_IT","ALL_WORDS","ALL_CANDIDATES","10009","327551","0","321297","6254","4","334175","10012","6143734","170950","80","53638350261","170950","53638521211","0.000319","80","6143814","0.001302","0.972928178195","0.999986978772","0.999996812925","0.999996811799","0.999991895849","0.978222150749","0.986272020913","0.994455476443","0.972915852437","0.986364795335","0.986363222748","0.000003188201","","","","",""
"ITALIAN_RADIXOR","IT_IT","LOWERCASE_GROUPS_ONLY","PRIMARY_OUTPUT","10007","327469","0","327469","0","1","327469","10007","6099346","124171","42828","53611542901","124171","53611667072","0.000232","42828","6142174","0.697278","0.980048098206","0.993027224563","0.999997683881","0.999996885382","0.996512454222","0.982616709845","0.986494972258","0.990403969991","0.973349855458","0.986516316590","0.986514764059","0.000003114618","0.986493414837","0.995779575755","0.997114909855","0.996446795437","0.996446795437"
"ITALIAN_RADIXOR","IT_IT","LOWERCASE_GROUPS_ONLY","ANY_CANDIDATE","10007","327469","0","321217","6252","4","334089","10007","6142174","0","0","53611667072","0","53611667072","0.000000","0","6142174","0.000000","1.000000000000","1.000000000000","1.000000000000","1.000000000000","1.000000000000","1.000000000000","1.000000000000","1.000000000000","1.000000000000","1.000000000000","1.000000000000","0.000000000000","","","","",""
"ITALIAN_RADIXOR","IT_IT","LOWERCASE_GROUPS_ONLY","ALL_CANDIDATES","10007","327469","0","321217","6252","4","334089","10007","6142174","170949","0","53611496123","170949","53611667072","0.000319","0","6142174","0.000000","0.972921642743","1.000000000000","0.999996811347","0.999996811712","0.999998405674","0.978219357390","0.986274996092","0.994464412864","0.972921642743","0.986367904356","0.986366331762","0.000003188288","","","","",""
"NL_NL_RADIXOR","NL_NL","ALL_WORDS","PRIMARY_OUTPUT","4992","26477","85","26477","0","1","26477","5015","63102","1214","1464","350436746","1214","350437960","0.000346","1464","64566","2.267447","0.981124448038","0.977325527367","0.999996535763","0.999992359542","0.988661031565","0.980362303079","0.979221303208","0.978082956166","0.959288537549","0.979223145453","0.979219325206","0.000007640458","0.979217482290","0.997464133435","0.997003025118","0.997233525974","0.997233525974"
"NL_NL_RADIXOR","NL_NL","ALL_WORDS","ANY_CANDIDATE","4992","26477","85","25905","572","3","27061","5016","64566","0","0","350437960","0","350437960","0.000000","0","64566","0.000000","1.000000000000","1.000000000000","1.000000000000","1.000000000000","1.000000000000","1.000000000000","1.000000000000","1.000000000000","1.000000000000","1.000000000000","1.000000000000","0.000000000000","","","","",""
"NL_NL_RADIXOR","NL_NL","ALL_WORDS","ALL_CANDIDATES","4992","26477","85","25905","572","3","27061","5016","64566","2651","0","350435309","2651","350437960","0.000756","0","64566","0.000000","0.960560572474","1.000000000000","0.999992435180","0.999992436574","0.999996217590","0.968197604323","0.979883596519","0.991855131329","0.960560572474","0.980081921308","0.980078214229","0.000007563426","","","","",""
"NL_NL_RADIXOR","NL_NL","LOWERCASE_GROUPS_ONLY","PRIMARY_OUTPUT","4796","25678","84","25678","0","1","25678","4797","61763","1214","1384","329602642","1214","329603856","0.000368","1384","63147","2.191711","0.980723121139","0.978082885964","0.999996316791","0.999992119320","0.989039601378","0.980193934392","0.979401224192","0.978609795129","0.959633939808","0.979402113872","0.979398173122","0.000007880680","0.979397283106","0.997373193672","0.997139403762","0.997256285015","0.997256285015"
"NL_NL_RADIXOR","NL_NL","LOWERCASE_GROUPS_ONLY","ANY_CANDIDATE","4796","25678","84","25129","549","3","26239","4797","63147","0","0","329603856","0","329603856","0.000000","0","63147","0.000000","1.000000000000","1.000000000000","1.000000000000","1.000000000000","1.000000000000","1.000000000000","1.000000000000","1.000000000000","1.000000000000","1.000000000000","1.000000000000","0.000000000000","","","","",""
"NL_NL_RADIXOR","NL_NL","LOWERCASE_GROUPS_ONLY","ALL_CANDIDATES","4796","25678","84","25129","549","3","26239","4797","63147","2651","0","329601205","2651","329603856","0.000804","0","63147","0.000000","0.959710021581","1.000000000000","0.999991957012","0.999991958552","0.999995978506","0.967506182222","0.979440846873","0.991673628866","0.959710021581","0.979647906945","0.979643967288","0.000008041448","","","","",""
"NN_NO_RADIXOR","NN_NO","ALL_WORDS","PRIMARY_OUTPUT","4688","18250","23","18250","0","1","18250","4680","26716","6230","3936","166485243","6230","166491473","0.003742","3936","30652","12.840924","0.810902689249","0.871590760799","0.999962580666","0.999938951055","0.935776670732","0.822354650447","0.840152206044","0.858737158800","0.724364188493","0.840699287413","0.840668985911","0.000061048945","0.840121715471","0.983845117159","0.986801676045","0.985321178741","0.985321178741"
"NN_NO_RADIXOR","NN_NO","ALL_WORDS","ANY_CANDIDATE","4688","18250","23","15846","2404","5","21513","4693","30652","0","0","166491473","0","166491473","0.000000","0","30652","0.000000","1.000000000000","1.000000000000","1.000000000000","1.000000000000","1.000000000000","1.000000000000","1.000000000000","1.000000000000","1.000000000000","1.000000000000","1.000000000000","0.000000000000","","","","",""
"NN_NO_RADIXOR","NN_NO","ALL_WORDS","ALL_CANDIDATES","4688","18250","23","15846","2404","5","21513","4693","30652","13214","0","166478259","13214","166491473","0.007937","0","30652","0.000000","0.698764418912","1.000000000000","0.999920632572","0.999920647181","0.999960316286","0.743561877778","0.822673716418","0.920624241623","0.698764418912","0.835921299473","0.835888126353","0.000079352819","","","","",""
"NN_NO_RADIXOR","NN_NO","LOWERCASE_GROUPS_ONLY","PRIMARY_OUTPUT","4681","18219","23","18219","0","1","18219","4668","26671","6230","3924","165920046","6230","165926276","0.003755","3924","30595","12.825625","0.810644053372","0.871743748979","0.999962453204","0.999938815429","0.935853101091","0.822169063928","0.840084414766","0.858797921188","0.724263408011","0.840638974932","0.840608609146","0.000061184571","0.840053856992","0.983814668550","0.986841730061","0.985325874420","0.985325874420"
"NN_NO_RADIXOR","NN_NO","LOWERCASE_GROUPS_ONLY","ANY_CANDIDATE","4681","18219","23","15820","2399","5","21477","4681","30595","0","0","165926276","0","165926276","0.000000","0","30595","0.000000","1.000000000000","1.000000000000","1.000000000000","1.000000000000","1.000000000000","1.000000000000","1.000000000000","1.000000000000","1.000000000000","1.000000000000","1.000000000000","0.000000000000","","","","",""
"NN_NO_RADIXOR","NN_NO","LOWERCASE_GROUPS_ONLY","ALL_CANDIDATES","4681","18219","23","15820","2399","5","21477","4681","30595","13214","0","165913062","13214","165926276","0.007964","0","30595","0.000000","0.698372480541","1.000000000000","0.999920362222","0.999920376903","0.999960181111","0.743206805583","0.822402021397","0.920488118949","0.698372480541","0.835686831618","0.835653554835","0.000079623097","","","","",""
"NORWEGIAN_BOKMAL_LUCENE_NORWEGIAN_LIGHT_STEM_FILTER","NB_NO","ALL_WORDS","PRIMARY_OUTPUT","17929","75310","252","75310","0","1","75310","25999","99529","25171","42651","2835593044","25171","2835618215","0.000888","42651","142180","29.997890","0.798147554130","0.700021100014","0.999991123276","0.999976083311","0.850006111645","0.776381478361","0.745870803357","0.717667503101","0.594732030284","0.747475838282","0.747464055956","0.000023916689","0.745858895755","0.987774378220","0.965622291196","0.976572729149","0.976572729149"
"NORWEGIAN_BOKMAL_LUCENE_NORWEGIAN_LIGHT_STEM_FILTER","NB_NO","LOWERCASE_GROUPS_ONLY","PRIMARY_OUTPUT","17914","75251","252","75251","0","1","75251","25985","99450","25118","42641","2831151666","25118","2831176784","0.000887","42641","142091","30.009642","0.798359129150","0.699903582915","0.999991128071","0.999976068044","0.849947355493","0.776512696705","0.745896444523","0.717602881668","0.594764635875","0.747512150366","0.747500361706","0.000023931956","0.745884529658","0.987789184092","0.965602788874","0.976569991255","0.976569991255"
"NORWEGIAN_BOKMAL_LUCENE_NORWEGIAN_MINIMAL_STEM_FILTER","NB_NO","ALL_WORDS","PRIMARY_OUTPUT","17929","75310","252","75310","0","1","75310","27457","94526","14772","47654","2835603443","14772","2835618215","0.000521","47654","142180","33.516669","0.864846566268","0.664833309889","0.999994790554","0.999977986151","0.832414050221","0.815762584315","0.751763573752","0.697075888841","0.602260563739","0.758273568838","0.758263230800","0.000022013849","0.751752754540","0.992088894987","0.962515968891","0.977078714611","0.977078714611"
"NORWEGIAN_BOKMAL_LUCENE_NORWEGIAN_MINIMAL_STEM_FILTER","NB_NO","LOWERCASE_GROUPS_ONLY","PRIMARY_OUTPUT","17914","75251","252","75251","0","1","75251","27443","94447","14719","47644","2831162065","14719","2831176784","0.000520","47644","142091","33.530625","0.865168642251","0.664693752595","0.999994801102","0.999977973869","0.832344276848","0.815949754214","0.751795969864","0.696994967013","0.602302149098","0.758335144541","0.758324803793","0.000022026131","0.751785145440","0.992107474043","0.962494026490","0.977076419047","0.977076419047"
"NORWEGIAN_BOKMAL_RADIXOR","NB_NO","ALL_WORDS","PRIMARY_OUTPUT","17929","75310","252","75310","0","1","75310","17886","135010","11482","7170","2835606733","11482","2835618215","0.000405","7170","142180","5.042903","0.921620293258","0.949570966381","0.999995950795","0.999993422575","0.974783458588","0.927078011613","0.935386875069","0.943846020481","0.878616704195","0.935491246621","0.935487968734","0.000006577425","0.935383586923","0.993354053349","0.994615320153","0.993984286646","0.993984286646"
"NORWEGIAN_BOKMAL_RADIXOR","NB_NO","ALL_WORDS","ANY_CANDIDATE","17929","75310","252","71073","4237","9","79825","17962","142180","0","0","2835618215","0","2835618215","0.000000","0","142180","0.000000","1.000000000000","1.000000000000","1.000000000000","1.000000000000","1.000000000000","1.000000000000","1.000000000000","1.000000000000","1.000000000000","1.000000000000","1.000000000000","0.000000000000","","","","",""
"NORWEGIAN_BOKMAL_RADIXOR","NB_NO","ALL_WORDS","ALL_CANDIDATES","17929","75310","252","71073","4237","9","79825","17962","142180","20161","0","2835598054","20161","2835618215","0.000711","0","142180","0.000000","0.875810793330","1.000000000000","0.999992890087","0.999992890443","0.999996445043","0.898118108406","0.933794385280","0.972422273928","0.875810793330","0.935847633608","0.935844306704","0.000007109557","","","","",""
"NORWEGIAN_BOKMAL_RADIXOR","NB_NO","LOWERCASE_GROUPS_ONLY","PRIMARY_OUTPUT","17914","75251","252","75251","0","1","75251","17838","134987","11482","7104","2831165302","11482","2831176784","0.000406","7104","142091","4.999613","0.921607985307","0.950003870759","0.999995944443","0.999993435568","0.974999907601","0.927150543912","0.935590518436","0.944185565020","0.878976122105","0.935698217036","0.935694946007","0.000006564432","0.935587236809","0.993348241255","0.994693619298","0.994020475044","0.994020475044"
"NORWEGIAN_BOKMAL_RADIXOR","NB_NO","LOWERCASE_GROUPS_ONLY","ANY_CANDIDATE","17914","75251","252","71047","4204","9","79733","17914","142091","0","0","2831176784","0","2831176784","0.000000","0","142091","0.000000","1.000000000000","1.000000000000","1.000000000000","1.000000000000","1.000000000000","1.000000000000","1.000000000000","1.000000000000","1.000000000000","1.000000000000","1.000000000000","0.000000000000","","","","",""
"NORWEGIAN_BOKMAL_RADIXOR","NB_NO","LOWERCASE_GROUPS_ONLY","ALL_CANDIDATES","17914","75251","252","71047","4204","9","79733","17914","142091","20161","0","2831156623","20161","2831176784","0.000712","0","142091","0.000000","0.875742671893","1.000000000000","0.999992878933","0.999992879290","0.999996439466","0.898060798964","0.933755663840","0.972405477022","0.875742671893","0.935811237319","0.935807905326","0.000007120710","","","","",""
"PERSIAN_LUCENE_PERSIAN_STEM_FILTER","FA_IR","ALL_WORDS","PRIMARY_OUTPUT","69","3701","0","3701","0","1","3701","3190","430","179","98018","6748223","179","6748402","0.002652","98018","98448","99.563221","0.706075533662","0.004367788071","0.999973475202","0.985658076342","0.502170631636","0.021311605408","0.008681870034","0.005451304637","0.004359860890","0.055533668104","0.054800599292","0.014341923658","0.008506575635","0.985685778881","0.520346904570","0.681125382676","0.681125382676"
"PERSIAN_LUCENE_PERSIAN_STEM_FILTER","FA_IR","LOWERCASE_GROUPS_ONLY","PRIMARY_OUTPUT","69","3701","0","3701","0","1","3701","3190","430","179","98018","6748223","179","6748402","0.002652","98018","98448","99.563221","0.706075533662","0.004367788071","0.999973475202","0.985658076342","0.502170631636","0.021311605408","0.008681870034","0.005451304637","0.004359860890","0.055533668104","0.054800599292","0.014341923658","0.008506575635","0.985685778881","0.520346904570","0.681125382676","0.681125382676"
"PERSIAN_RADIXOR","FA_IR","ALL_WORDS","PRIMARY_OUTPUT","69","3701","0","3701","0","1","3701","69","93636","8621","4812","6739781","8621","6748402","0.127749","4812","98448","4.887860","0.915692813206","0.951121404193","0.998722512381","0.998038075904","0.974921958287","0.922565796215","0.933070924989","0.943818050233","0.874538848780","0.933239001706","0.932248664283","0.001961924096","0.932075735269","0.980342969277","0.984586447427","0.982460126226","0.982460126226"
"PERSIAN_RADIXOR","FA_IR","ALL_WORDS","ANY_CANDIDATE","69","3701","0","3387","314","2","4015","69","98448","0","0","6748402","0","6748402","0.000000","0","98448","0.000000","1.000000000000","1.000000000000","1.000000000000","1.000000000000","1.000000000000","1.000000000000","1.000000000000","1.000000000000","1.000000000000","1.000000000000","1.000000000000","0.000000000000","","","","",""
"PERSIAN_RADIXOR","FA_IR","ALL_WORDS","ALL_CANDIDATES","69","3701","0","3387","314","2","4015","69","98448","13433","0","6734969","13433","6748402","0.199055","0","98448","0.000000","0.879934930864","1.000000000000","0.998009454683","0.998038075904","0.999004727341","0.901584696651","0.936133391021","0.973435401930","0.879934930864","0.938048469358","0.937114390300","0.001961924096","","","","",""
"PERSIAN_RADIXOR","FA_IR","LOWERCASE_GROUPS_ONLY","PRIMARY_OUTPUT","69","3701","0","3701","0","1","3701","69","93636","8621","4812","6739781","8621","6748402","0.127749","4812","98448","4.887860","0.915692813206","0.951121404193","0.998722512381","0.998038075904","0.974921958287","0.922565796215","0.933070924989","0.943818050233","0.874538848780","0.933239001706","0.932248664283","0.001961924096","0.932075735269","0.980342969277","0.984586447427","0.982460126226","0.982460126226"
"PERSIAN_RADIXOR","FA_IR","LOWERCASE_GROUPS_ONLY","ANY_CANDIDATE","69","3701","0","3387","314","2","4015","69","98448","0","0","6748402","0","6748402","0.000000","0","98448","0.000000","1.000000000000","1.000000000000","1.000000000000","1.000000000000","1.000000000000","1.000000000000","1.000000000000","1.000000000000","1.000000000000","1.000000000000","1.000000000000","0.000000000000","","","","",""
"PERSIAN_RADIXOR","FA_IR","LOWERCASE_GROUPS_ONLY","ALL_CANDIDATES","69","3701","0","3387","314","2","4015","69","98448","13433","0","6734969","13433","6748402","0.199055","0","98448","0.000000","0.879934930864","1.000000000000","0.998009454683","0.998038075904","0.999004727341","0.901584696651","0.936133391021","0.973435401930","0.879934930864","0.938048469358","0.937114390300","0.001961924096","","","","",""
"POLISH_LUCENE_MORFOLOGIK_FILTER","PL_PL","ALL_WORDS","PRIMARY_OUTPUT","9990","122341","1","122341","0","1","122341","15519","1004747","99228","116220","7482378775","99228","7482478003","0.001326","116220","1120967","10.367834","0.910117529835","0.896321657997","0.999986738618","0.999971210643","0.948154198307","0.907324485129","0.903166914014","0.899047271013","0.823431500703","0.903193253581","0.903178865015","0.000028789357","0.903152518035","0.990022261217","0.977053921984","0.983495343428","0.983495343428"
"POLISH_LUCENE_MORFOLOGIK_FILTER","PL_PL","ALL_WORDS","ANY_CANDIDATE","9990","122341","1","109468","12873","5","136636","16295","1093112","85532","27855","7482392471","85532","7482478003","0.001143","27855","1120967","2.484908","0.927431862377","0.975150918805","0.999988569028","0.999984848600","0.987569743916","0.936598359399","0.950692965028","0.965218263555","0.906019814355","0.950992130738","0.950984648194","0.000015151400","","","","",""
"POLISH_LUCENE_MORFOLOGIK_FILTER","PL_PL","ALL_WORDS","ALL_CANDIDATES","9990","122341","1","109468","12873","5","136636","16295","1093112","143096","27855","7482334907","143096","7482478003","0.001912","27855","1120967","2.484908","0.884246016852","0.975150918805","0.999980875854","0.999977156579","0.987565897330","0.901045352805","0.927476322293","0.955504786999","0.864760696263","0.928586730350","0.928575670129","0.000022843421","","","","",""
"POLISH_LUCENE_MORFOLOGIK_FILTER","PL_PL","LOWERCASE_GROUPS_ONLY","PRIMARY_OUTPUT","9846","120925","1","120925","0","1","120925","15277","999138","99224","115513","7310153475","99224","7310252699","0.001357","115513","1114651","10.363154","0.909661841906","0.896368459724","0.999986426735","0.999970629707","0.948177443229","0.906971715650","0.902966227492","0.898995962905","0.823097930182","0.902990688822","0.902976009256","0.000029370293","0.902951540918","0.989889334726","0.977011745487","0.983408384376","0.983408384376"
"POLISH_LUCENE_MORFOLOGIK_FILTER","PL_PL","LOWERCASE_GROUPS_ONLY","ANY_CANDIDATE","9846","120925","1","108162","12763","5","135105","16044","1087157","85532","27494","7310167167","85532","7310252699","0.001170","27494","1114651","2.466602","0.927063356099","0.975333983462","0.999988299720","0.999984541059","0.987661141591","0.936331423447","0.950586270515","0.965281863330","0.905826028197","0.950892420848","0.950884788442","0.000015458941","","","","",""
"POLISH_LUCENE_MORFOLOGIK_FILTER","PL_PL","LOWERCASE_GROUPS_ONLY","ALL_CANDIDATES","9846","120925","1","108162","12763","5","135105","16044","1087157","143085","27494","7310109614","143085","7310252699","0.001957","27494","1114651","2.466602","0.883693614752","0.975333983462","0.999980426805","0.999976669344","0.987657205134","0.900617649988","0.927255102898","0.955516285728","0.864376148890","0.928383764096","0.928372472930","0.000023330656","","","","",""
"POLISH_LUCENE_STEMPEL_DIRECT","PL_PL","ALL_WORDS","PRIMARY_OUTPUT","9990","122341","1","122341","0","1","122341","31432","797573","66669","323394","7482411334","66669","7482478003","0.000891","323394","1120967","28.849556","0.922858412343","0.711504442147","0.999991089984","0.999947877619","0.855747766065","0.871105640425","0.803515398127","0.745658746735","0.671563509358","0.810319603524","0.810295555502","0.000052122381","0.803489769425","0.991766794523","0.931068514076","0.960459620808","0.960459620808"
"POLISH_LUCENE_STEMPEL_DIRECT","PL_PL","LOWERCASE_GROUPS_ONLY","PRIMARY_OUTPUT","9846","120925","1","120925","0","1","120925","30830","794493","66274","320158","7310186425","66274","7310252699","0.000907","320158","1114651","28.722712","0.923005877316","0.712772876892","0.999990934103","0.999947146412","0.856381905497","0.871590591697","0.804379630033","0.746792242917","0.672771767894","0.811106376847","0.811081975971","0.000052853588","0.804353636298","0.991711086900","0.931317880193","0.960566151650","0.960566151650"
"POLISH_LUCENE_STEMPEL_FILTER","PL_PL","ALL_WORDS","PRIMARY_OUTPUT","9990","122341","1","122341","0","1","122341","31432","797573","66669","323394","7482411334","66669","7482478003","0.000891","323394","1120967","28.849556","0.922858412343","0.711504442147","0.999991089984","0.999947877619","0.855747766065","0.871105640425","0.803515398127","0.745658746735","0.671563509358","0.810319603524","0.810295555502","0.000052122381","0.803489769425","0.991766794523","0.931068514076","0.960459620808","0.960459620808"
"POLISH_LUCENE_STEMPEL_FILTER","PL_PL","LOWERCASE_GROUPS_ONLY","PRIMARY_OUTPUT","9846","120925","1","120925","0","1","120925","30830","794493","66274","320158","7310186425","66274","7310252699","0.000907","320158","1114651","28.722712","0.923005877316","0.712772876892","0.999990934103","0.999947146412","0.856381905497","0.871590591697","0.804379630033","0.746792242917","0.672771767894","0.811106376847","0.811081975971","0.000052853588","0.804353636298","0.991711086900","0.931317880193","0.960566151650","0.960566151650"
"POLISH_RADIXOR","PL_PL","ALL_WORDS","PRIMARY_OUTPUT","9990","122341","1","122341","0","1","122341","10074","1099420","13669","21547","7482464334","13669","7482478003","0.000183","21547","1120967","1.922180","0.987719760055","0.980778203105","0.999998173199","0.999995294243","0.990388188152","0.986323599045","0.984236742499","0.982158698021","0.968962733423","0.984242862020","0.984240510632","0.000004705757","0.984234389298","0.996967243455","0.996469409869","0.996718264498","0.996718264498"
"POLISH_RADIXOR","PL_PL","ALL_WORDS","ANY_CANDIDATE","9990","122341","1","119475","2866","4","125778","10079","1120967","0","0","7482478003","0","7482478003","0.000000","0","1120967","0.000000","1.000000000000","1.000000000000","1.000000000000","1.000000000000","1.000000000000","1.000000000000","1.000000000000","1.000000000000","1.000000000000","1.000000000000","1.000000000000","0.000000000000","","","","",""
"POLISH_RADIXOR","PL_PL","ALL_WORDS","ALL_CANDIDATES","9990","122341","1","119475","2866","4","125778","10079","1120967","38073","0","7482439930","38073","7482478003","0.000509","0","1120967","0.000000","0.967151263114","1.000000000000","0.999994911712","0.999994912475","0.999997455856","0.973547222425","0.983301367057","0.993252946885","0.967151263114","0.983438489746","0.983435987734","0.000005087525","","","","",""
"POLISH_RADIXOR","PL_PL","LOWERCASE_GROUPS_ONLY","PRIMARY_OUTPUT","9846","120925","1","120925","0","1","120925","9844","1093651","13669","21000","7310239030","13669","7310252699","0.000187","21000","1114651","1.883998","0.987655781527","0.981160022285","0.999998130160","0.999995258206","0.990579076223","0.986349757961","0.984397186102","0.982452329568","0.969273787578","0.984402543989","0.984400174373","0.000004741794","0.984394814870","0.996926141446","0.996646530259","0.996786316244","0.996786316244"
"POLISH_RADIXOR","PL_PL","LOWERCASE_GROUPS_ONLY","ANY_CANDIDATE","9846","120925","1","118145","2780","4","124274","9847","1114651","0","0","7310252699","0","7310252699","0.000000","0","1114651","0.000000","1.000000000000","1.000000000000","1.000000000000","1.000000000000","1.000000000000","1.000000000000","1.000000000000","1.000000000000","1.000000000000","1.000000000000","1.000000000000","0.000000000000","","","","",""
"POLISH_RADIXOR","PL_PL","LOWERCASE_GROUPS_ONLY","ALL_CANDIDATES","9846","120925","1","118145","2780","4","124274","9847","1114651","38073","0","7310214626","38073","7310252699","0.000521","0","1114651","0.000000","0.966971278467","1.000000000000","0.999994791835","0.999994792629","0.999997395918","0.973401318686","0.983208335630","0.993214975136","0.966971278467","0.983346977657","0.983344416937","0.000005207371","","","","",""
"PORTUGUESE_LUCENE_PORTUGUESE_LIGHT_STEM_FILTER","PT_PT","ALL_WORDS","PRIMARY_OUTPUT","4001","211489","0","211489","0","1","211489","112814","149830","2511","5339230","22358201245","2511","22358203756","0.000011","5339230","5489060","97.270389","0.983517240927","0.027296112631","0.999999887692","0.999761142266","0.513648000162","0.122843213263","0.053118010934","0.033885033146","0.027283631587","0.163848092400","0.163827867245","0.000238857734","0.053105458848","0.999226179883","0.720580123442","0.837329788424","0.837329788424"
"PORTUGUESE_LUCENE_PORTUGUESE_LIGHT_STEM_FILTER","PT_PT","LOWERCASE_GROUPS_ONLY","PRIMARY_OUTPUT","4001","211489","0","211489","0","1","211489","112814","149830","2511","5339230","22358201245","2511","22358203756","0.000011","5339230","5489060","97.270389","0.983517240927","0.027296112631","0.999999887692","0.999761142266","0.513648000162","0.122843213263","0.053118010934","0.033885033146","0.027283631587","0.163848092400","0.163827867245","0.000238857734","0.053105458848","0.999226179883","0.720580123442","0.837329788424","0.837329788424"
"PORTUGUESE_LUCENE_PORTUGUESE_MINIMAL_STEM_FILTER","PT_PT","ALL_WORDS","PRIMARY_OUTPUT","4001","211489","0","211489","0","1","211489","167745","43406","598","5445654","22358203158","598","22358203756","0.000003","5445654","5489060","99.209227","0.986410326334","0.007907729192","0.999999973254","0.999756469021","0.503953851223","0.038310165654","0.015689679353","0.009864890589","0.007906867787","0.088319113068","0.088308061848","0.000243530979","0.015685836581","0.999664059174","0.692382565086","0.818121623354","0.818121623354"
"PORTUGUESE_LUCENE_PORTUGUESE_MINIMAL_STEM_FILTER","PT_PT","LOWERCASE_GROUPS_ONLY","PRIMARY_OUTPUT","4001","211489","0","211489","0","1","211489","167745","43406","598","5445654","22358203158","598","22358203756","0.000003","5445654","5489060","99.209227","0.986410326334","0.007907729192","0.999999973254","0.999756469021","0.503953851223","0.038310165654","0.015689679353","0.009864890589","0.007906867787","0.088319113068","0.088308061848","0.000243530979","0.015685836581","0.999664059174","0.692382565086","0.818121623354","0.818121623354"
"PORTUGUESE_LUCENE_PORTUGUESE_STEM_FILTER","PT_PT","ALL_WORDS","PRIMARY_OUTPUT","4001","211489","0","211489","0","1","211489","27586","3803488","99075","1685572","22358104681","99075","22358203756","0.000443","1685572","5489060","30.707844","0.974612837768","0.692921556696","0.999995568741","0.999920198913","0.846458562719","0.901329863268","0.809974591186","0.735433886866","0.680636384053","0.821784792219","0.821750382444","0.000079801087","0.809935821347","0.996728545383","0.918475110538","0.956003146785","0.956003146785"
"PORTUGUESE_LUCENE_PORTUGUESE_STEM_FILTER","PT_PT","LOWERCASE_GROUPS_ONLY","PRIMARY_OUTPUT","4001","211489","0","211489","0","1","211489","27586","3803488","99075","1685572","22358104681","99075","22358203756","0.000443","1685572","5489060","30.707844","0.974612837768","0.692921556696","0.999995568741","0.999920198913","0.846458562719","0.901329863268","0.809974591186","0.735433886866","0.680636384053","0.821784792219","0.821750382444","0.000079801087","0.809935821347","0.996728545383","0.918475110538","0.956003146785","0.956003146785"
"PORTUGUESE_RADIXOR","PT_PT","ALL_WORDS","PRIMARY_OUTPUT","4001","211489","0","211489","0","1","211489","4001","5472616","20678","16444","22358183078","20678","22358203756","0.000092","16444","5489060","0.299578","0.996235774018","0.997004222945","0.999999075149","0.999998340077","0.998501649047","0.996389369023","0.996619850353","0.996850438335","0.993262474550","0.996619924417","0.996619094289","0.000001659923","0.996619020188","0.999299376330","0.999346803887","0.999323089546","0.999323089546"
"PORTUGUESE_RADIXOR","PT_PT","ALL_WORDS","ANY_CANDIDATE","4001","211489","0","210699","790","3","212297","4001","5489060","0","0","22358203756","0","22358203756","0.000000","0","5489060","0.000000","1.000000000000","1.000000000000","1.000000000000","1.000000000000","1.000000000000","1.000000000000","1.000000000000","1.000000000000","1.000000000000","1.000000000000","1.000000000000","0.000000000000","","","","",""
"PORTUGUESE_RADIXOR","PT_PT","ALL_WORDS","ALL_CANDIDATES","4001","211489","0","210699","790","3","212297","4001","5489060","38310","0","22358165446","38310","22358203756","0.000171","0","5489060","0.000000","0.993069036450","1.000000000000","0.999998286535","0.999998286956","0.999999143267","0.994447532369","0.996522466897","0.998606078314","0.993069036450","0.996528492543","0.996527638784","0.000001713044","","","","",""
"PORTUGUESE_RADIXOR","PT_PT","LOWERCASE_GROUPS_ONLY","PRIMARY_OUTPUT","4001","211489","0","211489","0","1","211489","4001","5472616","20678","16444","22358183078","20678","22358203756","0.000092","16444","5489060","0.299578","0.996235774018","0.997004222945","0.999999075149","0.999998340077","0.998501649047","0.996389369023","0.996619850353","0.996850438335","0.993262474550","0.996619924417","0.996619094289","0.000001659923","0.996619020188","0.999299376330","0.999346803887","0.999323089546","0.999323089546"
"PORTUGUESE_RADIXOR","PT_PT","LOWERCASE_GROUPS_ONLY","ANY_CANDIDATE","4001","211489","0","210699","790","3","212297","4001","5489060","0","0","22358203756","0","22358203756","0.000000","0","5489060","0.000000","1.000000000000","1.000000000000","1.000000000000","1.000000000000","1.000000000000","1.000000000000","1.000000000000","1.000000000000","1.000000000000","1.000000000000","1.000000000000","0.000000000000","","","","",""
"PORTUGUESE_RADIXOR","PT_PT","LOWERCASE_GROUPS_ONLY","ALL_CANDIDATES","4001","211489","0","210699","790","3","212297","4001","5489060","38310","0","22358165446","38310","22358203756","0.000171","0","5489060","0.000000","0.993069036450","1.000000000000","0.999998286535","0.999998286956","0.999999143267","0.994447532369","0.996522466897","0.998606078314","0.993069036450","0.996528492543","0.996527638784","0.000001713044","","","","",""
"RUSSIAN_LUCENE_RUSSIAN_LIGHT_STEM_FILTER","RU_RU","ALL_WORDS","PRIMARY_OUTPUT","37410","768882","10","768882","0","1","768882","232250","3081067","321183","10008438","295575969833","321183","295576291016","0.000109","10008438","13089505","76.461547","0.905596884415","0.235384531348","0.999998913367","0.999965054154","0.617691722357","0.577011147253","0.373649378129","0.276277984307","0.229747124085","0.461696326851","0.461686629842","0.000034945846","0.373637933830","0.994310930069","0.870888421754","0.928516167212","0.928516167212"
"RUSSIAN_LUCENE_RUSSIAN_LIGHT_STEM_FILTER","RU_RU","LOWERCASE_GROUPS_ONLY","PRIMARY_OUTPUT","37297","768133","10","768133","0","1","768133","232143","3078888","318921","10008238","295000362731","318921","295000681652","0.000108","10008238","13087126","76.473918","0.906139220892","0.235260820443","0.999998918914","0.999964994315","0.617629869679","0.577038425373","0.373539598427","0.276151716079","0.229664120975","0.461713175622","0.461703471649","0.000035005685","0.373528142103","0.994349544377","0.870767393403","0.928464208705","0.928464208705"
"RUSSIAN_RADIXOR","RU_RU","ALL_WORDS","PRIMARY_OUTPUT","37410","768882","10","768882","0","1","768882","37561","12823203","155850","266302","295576135166","155850","295576291016","0.000053","266302","13089505","2.034470","0.987992190185","0.979655304001","0.999999472725","0.999998571830","0.989827388363","0.986313480705","0.983806085477","0.981311406466","0.968128298562","0.983814916245","0.983814202914","0.000001428170","0.983805371373","0.997699288696","0.997273959852","0.997486578934","0.997486578934"
"RUSSIAN_RADIXOR","RU_RU","ALL_WORDS","ANY_CANDIDATE","37410","768882","10","749720","19162","4","788492","37593","13089492","0","13","295576291016","0","295576291016","0.000000","13","13089505","0.000099","1.000000000000","0.999999006838","1.000000000000","0.999999999956","0.999999503419","0.999999801367","0.999999503419","0.999999205470","0.999999006838","0.999999503419","0.999999503397","0.000000000044","","","","",""
"RUSSIAN_RADIXOR","RU_RU","ALL_WORDS","ALL_CANDIDATES","37410","768882","10","749720","19162","4","788492","37593","13089492","434710","13","295575856306","434710","295576291016","0.000147","13","13089505","0.000099","0.967856883534","0.999999006838","0.999998529280","0.999998529301","0.999998768059","0.974118939969","0.983665447282","0.993400920813","0.967855953192","0.983796687479","0.983795964011","0.000001470699","","","","",""
"RUSSIAN_RADIXOR","RU_RU","LOWERCASE_GROUPS_ONLY","PRIMARY_OUTPUT","37297","768133","10","768133","0","1","768133","37282","12821513","155850","265613","295000525802","155850","295000681652","0.000053","265613","13087126","2.029575","0.987990626447","0.979704252867","0.999999471696","0.999998571379","0.989851862281","0.986322156837","0.983829991833","0.981350389119","0.968174600634","0.983838715706","0.983838002141","0.000001428621","0.983829277503","0.997696524283","0.997321167437","0.997508810549","0.997508810549"
"RUSSIAN_RADIXOR","RU_RU","LOWERCASE_GROUPS_ONLY","ANY_CANDIDATE","37297","768133","10","749142","18991","4","787549","37306","13087126","0","0","295000681652","0","295000681652","0.000000","0","13087126","0.000000","1.000000000000","1.000000000000","1.000000000000","1.000000000000","1.000000000000","1.000000000000","1.000000000000","1.000000000000","1.000000000000","1.000000000000","1.000000000000","0.000000000000","","","","",""
"RUSSIAN_RADIXOR","RU_RU","LOWERCASE_GROUPS_ONLY","ALL_CANDIDATES","37297","768133","10","749142","18991","4","787549","37306","13087126","434710","0","295000246942","434710","295000681652","0.000147","0","13087126","0.000000","0.967851259252","1.000000000000","0.999998526410","0.999998526476","0.999999263205","0.974114570610","0.983663023007","0.993400519870","0.967851259252","0.983794317554","0.983793592699","0.000001473524","","","","",""
"SNOWBALL_DANISH_DIRECT","DA_DK","ALL_WORDS","PRIMARY_OUTPUT","4179","28079","32","28079","0","1","28079","5553","78732","6341","11163","394104845","6341","394111186","0.001609","11163","89895","12.417821","0.925464013259","0.875821792091","0.999983910632","0.999955596266","0.937902851361","0.915090414169","0.899958849618","0.885319563795","0.818113803566","0.900300811178","0.900278764621","0.000044403734","0.899936659693","0.994195946109","0.978579164615","0.986325742978","0.986325742978"
"SNOWBALL_DANISH_DIRECT","DA_DK","LOWERCASE_GROUPS_ONLY","PRIMARY_OUTPUT","4173","28033","32","28033","0","1","28033","5539","78627","6341","11113","392814447","6341","392820788","0.001614","11113","89740","12.383552","0.925371904717","0.876164475150","0.999983857779","0.999955577673","0.938074166465","0.915093153823","0.900096160451","0.885582797210","0.818340774971","0.900432112497","0.900410054086","0.000044422327","0.900073960926","0.994185354918","0.978644331817","0.986353630937","0.986353630937"
"SNOWBALL_DANISH_LUCENE_FILTER","DA_DK","ALL_WORDS","PRIMARY_OUTPUT","4179","28079","32","28079","0","1","28079","5546","78744","6507","11151","394104679","6507","394111186","0.001651","11151","89895","12.404472","0.923672449590","0.875955281161","0.999983489431","0.999955205602","0.937969385296","0.913717599716","0.899181254496","0.885100184115","0.816829526358","0.899497504322","0.899475250557","0.000044794398","0.899158868074","0.994052746860","0.978603476314","0.986267614487","0.986267614487"
"SNOWBALL_DANISH_LUCENE_FILTER","DA_DK","LOWERCASE_GROUPS_ONLY","PRIMARY_OUTPUT","4173","28033","32","28033","0","1","28033","5539","78627","6341","11113","392814447","6341","392820788","0.001614","11113","89740","12.383552","0.925371904717","0.876164475150","0.999983857779","0.999955577673","0.938074166465","0.915093153823","0.900096160451","0.885582797210","0.818340774971","0.900432112497","0.900410054086","0.000044422327","0.900073960926","0.994185354918","0.978644331817","0.986353630937","0.986353630937"
"SNOWBALL_DUTCH_DIRECT","NL_NL","ALL_WORDS","PRIMARY_OUTPUT","4992","26477","85","26477","0","1","26477","12051","29325","4382","35241","350433578","4382","350437960","0.001250","35241","64566","54.581359","0.869997329931","0.454186413902","0.999987495647","0.999886953739","0.727086954774","0.735353119953","0.596806854375","0.502190286022","0.425320531415","0.628602392126","0.628557411604","0.000113046261","0.596755898222","0.992814719235","0.917346281080","0.953589661124","0.953589661124"
"SNOWBALL_DUTCH_DIRECT","NL_NL","LOWERCASE_GROUPS_ONLY","PRIMARY_OUTPUT","4796","25678","84","25678","0","1","25678","11466","29111","4382","34036","329599474","4382","329603856","0.001329","34036","63147","53.899631","0.869166691547","0.461003689803","0.999986705253","0.999883464224","0.730495197528","0.738411822300","0.602462748344","0.508789468717","0.431088865524","0.633000040962","0.632953313739","0.000116535776","0.602409959779","0.992557044900","0.918058993802","0.953855618789","0.953855618789"
"SNOWBALL_DUTCH_LUCENE_FILTER","NL_NL","ALL_WORDS","PRIMARY_OUTPUT","4992","26477","85","26477","0","1","26477","14573","15302","1588","49264","350436372","1588","350437960","0.000453","49264","64566","76.300220","0.905979869745","0.236997800700","0.999995468527","0.999854916880","0.618496634614","0.579068464950","0.375712040856","0.278062466837","0.231308764398","0.463373754768","0.463333378452","0.000145083120","0.375664346452","0.995827666179","0.888410302915","0.939057139355","0.939057139355"
"SNOWBALL_DUTCH_LUCENE_FILTER","NL_NL","LOWERCASE_GROUPS_ONLY","PRIMARY_OUTPUT","4796","25678","84","25678","0","1","25678","14116","14972","1544","48175","329602312","1544","329603856","0.000468","48175","63147","76.290243","0.906514894648","0.237097565997","0.999995315589","0.999849184178","0.618546440793","0.579362438183","0.375883408860","0.278182412747","0.231438685443","0.463608105042","0.463566154833","0.000150815822","0.375833834664","0.995816517119","0.887491664267","0.938538755173","0.938538755173"
"SNOWBALL_FINNISH_DIRECT","FI_FI","ALL_WORDS","PRIMARY_OUTPUT","57027","1811717","292","1811717","0","1","1811717","381483","15114332","1544812","16409363","1641125269679","1544812","1641126814491","0.000094","16409363","31523695","52.054060","0.907269425128","0.479459403474","0.999999058688","0.999989060059","0.739729231081","0.769880311353","0.627374073993","0.529384116965","0.457061215373","0.659544431681","0.659540149918","0.000010939941","0.627369124557","0.991871857177","0.904138579582","0.945975396220","0.945975396220"
"SNOWBALL_FINNISH_DIRECT","FI_FI","LOWERCASE_GROUPS_ONLY","PRIMARY_OUTPUT","54762","1757055","274","1757055","0","1","1757055","372232","14692070","1513705","16121763","1543587930447","1513705","1543589444152","0.000098","16121763","30813833","52.319888","0.906594717007","0.476801117213","0.999999019360","0.999988575255","0.738400068286","0.768116957494","0.624933751043","0.526744348874","0.454475376380","0.657468914800","0.657464451566","0.000011424745","0.624928589970","0.991731678095","0.902933406396","0.945251664438","0.945251664438"
"SNOWBALL_FINNISH_LUCENE_FILTER","FI_FI","ALL_WORDS","PRIMARY_OUTPUT","57027","1811717","292","1811717","0","1","1811717","377778","15153638","1922153","16370057","1641124892338","1922153","1641126814491","0.000117","16370057","31523695","51.929372","0.887434028678","0.480706275073","0.999998828760","0.999988854086","0.740352551917","0.758996033322","0.623613097472","0.529216231176","0.453079796332","0.653142485450","0.653138019077","0.000011145914","0.623608016975","0.990717710840","0.904385055188","0.945584912497","0.945584912497"
"SNOWBALL_FINNISH_LUCENE_FILTER","FI_FI","LOWERCASE_GROUPS_ONLY","PRIMARY_OUTPUT","54762","1757055","274","1757055","0","1","1757055","372232","14692070","1513705","16121763","1543587930447","1513705","1543589444152","0.000098","16121763","30813833","52.319888","0.906594717007","0.476801117213","0.999999019360","0.999988575255","0.738400068286","0.768116957494","0.624933751043","0.526744348874","0.454475376380","0.657468914800","0.657464451566","0.000011424745","0.624928589970","0.991731678095","0.902933406396","0.945251664438","0.945251664438"
"SNOWBALL_FRENCH_DIRECT","FR_FR","ALL_WORDS","PRIMARY_OUTPUT","59240","425210","2301","425210","0","1","425210","85627","3766640","1654723","1687975","90394450107","1654723","90396104830","0.001831","1687975","5454615","30.945814","0.694777309691","0.690541862258","0.999981694753","0.999963023890","0.845261778506","0.693926068790","0.692653111288","0.691384815533","0.529815856272","0.692656348624","0.692637859933","0.000036976110","0.692634622294","0.959459328254","0.944947915186","0.952148333884","0.952148333884"
"SNOWBALL_FRENCH_DIRECT","FR_FR","LOWERCASE_GROUPS_ONLY","PRIMARY_OUTPUT","57698","421231","2133","421231","0","1","421231","84526","3758589","1646111","1681970","88710480395","1646111","88712126506","0.001856","1681970","5440559","30.915389","0.695429718578","0.690846106071","0.999981444352","0.999962486787","0.845413775212","0.694508136723","0.693130334647","0.691757988461","0.530374491828","0.693134123475","0.693115366288","0.000037513213","0.693111577099","0.959520798119","0.944537159644","0.951970023370","0.951970023370"
"SNOWBALL_FRENCH_LUCENE_FILTER","FR_FR","ALL_WORDS","PRIMARY_OUTPUT","59240","425210","2301","425210","0","1","425210","85202","3763777","1661388","1690838","90394443442","1661388","90396104830","0.001838","1690838","5454615","30.998301","0.693762678186","0.690016985617","0.999981621022","0.999962918494","0.844999303320","0.693010289898","0.691884762376","0.690762884895","0.528917286853","0.691887297134","0.691868755638","0.000037081506","0.691866220643","0.958697792387","0.944714715363","0.951654891797","0.951654891797"
"SNOWBALL_FRENCH_LUCENE_FILTER","FR_FR","LOWERCASE_GROUPS_ONLY","PRIMARY_OUTPUT","57698","421231","2133","421231","0","1","421231","84810","3755856","1641925","1684703","88710484581","1641925","88712126506","0.001851","1684703","5440559","30.965623","0.695814817237","0.690343767984","0.999981491538","0.999962503165","0.845162629761","0.694713680979","0.693068495729","0.691431084156","0.530302080457","0.693073894149","0.693055145391","0.000037496835","0.693049746458","0.959566165512","0.944384738154","0.951914926182","0.951914926182"
"SNOWBALL_GERMAN_DIRECT","DE_DE","ALL_WORDS","PRIMARY_OUTPUT","54092","296974","1474","296974","0","1","296974","81649","771138","190680","612734","44095055299","190680","44095245979","0.000432","612734","1383872","44.276783","0.801750435114","0.557232171762","0.999995675724","0.999981780603","0.778613923743","0.737064397386","0.657493530688","0.593429030432","0.489750735447","0.668401927114","0.668393541401","0.000018219397","0.657484715679","0.983724573695","0.949324273697","0.966218331938","0.966218331938"
"SNOWBALL_GERMAN_DIRECT","DE_DE","LOWERCASE_GROUPS_ONLY","PRIMARY_OUTPUT","16007","150098","228","150098","0","1","150098","37843","516936","87697","356475","11263668645","87697","11263756342","0.000779","356475","873411","40.814118","0.854958297017","0.591858815609","0.999992214231","0.999960569321","0.795925514920","0.785153327381","0.699486618802","0.630674793334","0.537854226580","0.711347035607","0.711329191110","0.000039430679","0.699467554207","0.988417636496","0.932451723900","0.959619376607","0.959619376607"
"SNOWBALL_GERMAN_LUCENE_FILTER","DE_DE","ALL_WORDS","PRIMARY_OUTPUT","54092","296974","1474","296974","0","1","296974","86669","751056","295701","632816","44094950278","295701","44095245979","0.000671","632816","1383872","45.727929","0.717507501741","0.542720714054","0.999993294039","0.999978943584","0.771357004047","0.674088567377","0.617993120299","0.570516594262","0.447170798768","0.624024185176","0.624014089276","0.000021056416","0.617982794334","0.975844522648","0.942925157079","0.959102449371","0.959102449371"
"SNOWBALL_GERMAN_LUCENE_FILTER","DE_DE","LOWERCASE_GROUPS_ONLY","PRIMARY_OUTPUT","16007","150098","228","150098","0","1","150098","46077","481501","77653","391910","11263678689","77653","11263756342","0.000689","391910","873411","44.871200","0.861124126806","0.551287996144","0.999993105941","0.999958315274","0.775640551042","0.774110642769","0.672222202832","0.594035281304","0.506276128631","0.689004640259","0.688986412764","0.000041684726","0.672202362239","0.989021274644","0.919542244735","0.953017108147","0.953017108147"
"SNOWBALL_HUNGARIAN_DIRECT","HU_HU","ALL_WORDS","PRIMARY_OUTPUT","19406","916344","1","916344","0","1","916344","116105","14287912","1506056","7874191","419819036837","1506056","419820542893","0.000359","7874191","22162103","35.529981","0.904643595580","0.644700189328","0.999996412620","0.999977657711","0.822348300974","0.837136808086","0.752865700984","0.684009307333","0.603676525918","0.763690969794","0.763680928295","0.000022342289","0.752854843818","0.991947513126","0.924304257644","0.956931989551","0.956931989551"
"SNOWBALL_HUNGARIAN_DIRECT","HU_HU","LOWERCASE_GROUPS_ONLY","PRIMARY_OUTPUT","18360","878513","1","878513","0","1","878513","111379","13776526","1496670","7634885","385869198247","1496670","385870694917","0.000388","7634885","21411411","35.658019","0.902006757459","0.643419810119","0.999996121317","0.999976336507","0.821707965718","0.834898516372","0.751079383241","0.682554714263","0.601382804609","0.761819543337","0.761808891723","0.000023663493","0.751067882221","0.991609896137","0.923288102987","0.956230170303","0.956230170303"
"SNOWBALL_HUNGARIAN_LUCENE_FILTER","HU_HU","ALL_WORDS","PRIMARY_OUTPUT","19406","916344","1","916344","0","1","916344","114867","14299358","1792049","7862745","419818750844","1792049","419820542893","0.000427","7862745","22162103","35.478334","0.888633169244","0.645216656560","0.999995731393","0.999977003783","0.822606193976","0.826287586346","0.747610245439","0.682613266689","0.596946950992","0.757205997314","0.757195513225","0.000022996217","0.747599036407","0.990687085622","0.924490230693","0.956444632598","0.956444632598"
"SNOWBALL_HUNGARIAN_LUCENE_FILTER","HU_HU","LOWERCASE_GROUPS_ONLY","PRIMARY_OUTPUT","18360","878513","1","878513","0","1","878513","111379","13776526","1496670","7634885","385869198247","1496670","385870694917","0.000388","7634885","21411411","35.658019","0.902006757459","0.643419810119","0.999996121317","0.999976336507","0.821707965718","0.834898516372","0.751079383241","0.682554714263","0.601382804609","0.761819543337","0.761808891723","0.000023663493","0.751067882221","0.991609896137","0.923288102987","0.956230170303","0.956230170303"
"SNOWBALL_ITALIAN_DIRECT","IT_IT","ALL_WORDS","PRIMARY_OUTPUT","10009","327551","0","327551","0","1","327551","46828","4499650","504775","1644164","53638016436","504775","53638521211","0.000941","1644164","6143814","26.761292","0.899134266174","0.732387080729","0.999990589319","0.999959941236","0.866188835024","0.859975076366","0.807239600802","0.760598128154","0.676782697802","0.811488952720","0.811469907061","0.000040058764","0.807219778599","0.987993752409","0.933407841859","0.959925420024","0.959925420024"
"SNOWBALL_ITALIAN_DIRECT","IT_IT","LOWERCASE_GROUPS_ONLY","PRIMARY_OUTPUT","10007","327469","0","327469","0","1","327469","46814","4498652","504774","1643522","53611162298","504774","53611667072","0.000942","1643522","6142174","26.757985","0.899114326863","0.732420149608","0.999990584624","0.999959933163","0.866205367116","0.859969602244","0.807251650876","0.760623806435","0.676799637969","0.811498274672","0.811479224597","0.000040066837","0.807231824542","0.987990915845","0.933413003102","0.959926810498","0.959926810498"
"SNOWBALL_ITALIAN_LUCENE_FILTER","IT_IT","ALL_WORDS","PRIMARY_OUTPUT","10009","327551","0","327551","0","1","327551","46828","4499650","504775","1644164","53638016436","504775","53638521211","0.000941","1644164","6143814","26.761292","0.899134266174","0.732387080729","0.999990589319","0.999959941236","0.866188835024","0.859975076366","0.807239600802","0.760598128154","0.676782697802","0.811488952720","0.811469907061","0.000040058764","0.807219778599","0.987993752409","0.933407841859","0.959925420024","0.959925420024"
"SNOWBALL_ITALIAN_LUCENE_FILTER","IT_IT","LOWERCASE_GROUPS_ONLY","PRIMARY_OUTPUT","10007","327469","0","327469","0","1","327469","46814","4498652","504774","1643522","53611162298","504774","53611667072","0.000942","1643522","6142174","26.757985","0.899114326863","0.732420149608","0.999990584624","0.999959933163","0.866205367116","0.859969602244","0.807251650876","0.760623806435","0.676799637969","0.811498274672","0.811479224597","0.000040066837","0.807231824542","0.987990915845","0.933413003102","0.959926810498","0.959926810498"
"SNOWBALL_NORWEGIAN_BOKMAL_DIRECT","NB_NO","ALL_WORDS","PRIMARY_OUTPUT","17929","75310","252","75310","0","1","75310","24394","106626","23997","35554","2835594218","23997","2835618215","0.000846","35554","142180","25.006330","0.816288096277","0.749936699958","0.999991537295","0.999978999989","0.874964118626","0.802094867845","0.781706946038","0.762329786671","0.641641141674","0.782409356499","0.782398932962","0.000021000011","0.781696464373","0.988328173631","0.971119668400","0.979648355684","0.979648355684"
"SNOWBALL_NORWEGIAN_BOKMAL_DIRECT","NB_NO","LOWERCASE_GROUPS_ONLY","PRIMARY_OUTPUT","17914","75251","252","75251","0","1","75251","24367","106567","23997","35524","2831152787","23997","2831176784","0.000848","35524","142091","25.000880","0.816205079501","0.749991202821","0.999991524019","0.999978977642","0.874991363420","0.802043209347","0.781698483431","0.762360357576","0.641629738452","0.782397999310","0.782387564360","0.000021022358","0.781687990535","0.988317966243","0.971127035574","0.979647089734","0.979647089734"
"SNOWBALL_NORWEGIAN_BOKMAL_LUCENE_FILTER","NB_NO","ALL_WORDS","PRIMARY_OUTPUT","17929","75310","252","75310","0","1","75310","24396","106589","24046","35591","2835594169","24046","2835618215","0.000848","35591","142180","25.032353","0.815929880966","0.749676466451","0.999991520015","0.999978969662","0.874833993233","0.801758635215","0.781401315910","0.762052176648","0.641229410562","0.782101930719","0.782091491842","0.000021030338","0.781390819068","0.988295184140","0.971086244692","0.979615142710","0.979615142710"
"SNOWBALL_NORWEGIAN_BOKMAL_LUCENE_FILTER","NB_NO","LOWERCASE_GROUPS_ONLY","PRIMARY_OUTPUT","17914","75251","252","75251","0","1","75251","24381","106512","23993","35579","2831152791","23993","2831176784","0.000847","35579","142091","25.039587","0.816152637830","0.749604126933","0.999991525432","0.999978959629","0.874797826182","0.801914137847","0.781464144742","0.762031224736","0.641314033862","0.782170943927","0.782160500766","0.000021040371","0.781453643056","0.988310445474","0.971073741466","0.979616277822","0.979616277822"
"SNOWBALL_NORWEGIAN_NYNORSK_DIRECT","NN_NO","ALL_WORDS","PRIMARY_OUTPUT","4688","18250","23","18250","0","1","18250","6138","22004","8274","8648","166483199","8274","166491473","0.004970","8648","30652","28.213493","0.726732280864","0.717865065901","0.999950303761","0.999898379870","0.858907684831","0.724941356316","0.722271459051","0.719621155632","0.565277706417","0.722285066089","0.722234252664","0.000101620130","0.722220641604","0.980542486408","0.964998187466","0.972708239744","0.972708239744"
"SNOWBALL_NORWEGIAN_NYNORSK_DIRECT","NN_NO","LOWERCASE_GROUPS_ONLY","PRIMARY_OUTPUT","4681","18219","23","18219","0","1","18219","6120","21971","8274","8624","165918002","8274","165926276","0.004987","8624","30595","28.187612","0.726434121342","0.718123876450","0.999950134480","0.999898178365","0.859037005465","0.724756721095","0.722255095332","0.719770679771","0.565257660346","0.722267047015","0.722216132089","0.000101821635","0.722204176866","0.980505813025","0.965064509051","0.972723884952","0.972723884952"
"SNOWBALL_NORWEGIAN_NYNORSK_LUCENE_FILTER","NN_NO","ALL_WORDS","PRIMARY_OUTPUT","4688","18250","23","18250","0","1","18250","6144","21978","8295","8674","166483178","8295","166491473","0.004982","8674","30652","28.298317","0.725993459518","0.717016834138","0.999950177629","0.999898097625","0.858483505883","0.724180198229","0.721477226098","0.718794356395","0.564305338023","0.721491186328","0.721440231913","0.000101902375","0.721426267560","0.980461058483","0.964862123312","0.972599049418","0.972599049418"
"SNOWBALL_NORWEGIAN_NYNORSK_LUCENE_FILTER","NN_NO","LOWERCASE_GROUPS_ONLY","PRIMARY_OUTPUT","4681","18219","23","18219","0","1","18219","6130","21948","8274","8647","165918002","8274","165926276","0.004987","8647","30595","28.262788","0.726225928132","0.717372119627","0.999950134480","0.999898039774","0.858661127054","0.724437725685","0.721771872996","0.719125568472","0.564665929147","0.721785448310","0.721734464790","0.000101960226","0.721720885459","0.980505813025","0.964944952705","0.972663150405","0.972663150405"
"SNOWBALL_PORTUGUESE_DIRECT","PT_PT","ALL_WORDS","PRIMARY_OUTPUT","4001","211489","0","211489","0","1","211489","11315","4817239","167230","671821","22358036526","167230","22358203756","0.000748","671821","5489060","12.239272","0.966449786326","0.877607277020","0.999992520419","0.999962481554","0.938799898719","0.947270839082","0.919888415834","0.894044585092","0.851660540743","0.920957852105","0.920939611009","0.000037518446","0.919869695779","0.996663145176","0.967923515462","0.982083116554","0.982083116554"
"SNOWBALL_PORTUGUESE_DIRECT","PT_PT","LOWERCASE_GROUPS_ONLY","PRIMARY_OUTPUT","4001","211489","0","211489","0","1","211489","11315","4817239","167230","671821","22358036526","167230","22358203756","0.000748","671821","5489060","12.239272","0.966449786326","0.877607277020","0.999992520419","0.999962481554","0.938799898719","0.947270839082","0.919888415834","0.894044585092","0.851660540743","0.920957852105","0.920939611009","0.000037518446","0.919869695779","0.996663145176","0.967923515462","0.982083116554","0.982083116554"
"SNOWBALL_PORTUGUESE_LUCENE_FILTER","PT_PT","ALL_WORDS","PRIMARY_OUTPUT","4001","211489","0","211489","0","1","211489","11315","4817239","167230","671821","22358036526","167230","22358203756","0.000748","671821","5489060","12.239272","0.966449786326","0.877607277020","0.999992520419","0.999962481554","0.938799898719","0.947270839082","0.919888415834","0.894044585092","0.851660540743","0.920957852105","0.920939611009","0.000037518446","0.919869695779","0.996663145176","0.967923515462","0.982083116554","0.982083116554"
"SNOWBALL_PORTUGUESE_LUCENE_FILTER","PT_PT","LOWERCASE_GROUPS_ONLY","PRIMARY_OUTPUT","4001","211489","0","211489","0","1","211489","11315","4817239","167230","671821","22358036526","167230","22358203756","0.000748","671821","5489060","12.239272","0.966449786326","0.877607277020","0.999992520419","0.999962481554","0.938799898719","0.947270839082","0.919888415834","0.894044585092","0.851660540743","0.920957852105","0.920939611009","0.000037518446","0.919869695779","0.996663145176","0.967923515462","0.982083116554","0.982083116554"
"SNOWBALL_RUSSIAN_DIRECT","RU_RU","ALL_WORDS","PRIMARY_OUTPUT","37410","768882","10","768882","0","1","768882","64358","8766656","3782908","4322849","295572508108","3782908","295576291016","0.001280","4322849","13089505","33.025305","0.698562595481","0.669746946122","0.999987201585","0.999972577645","0.834867073854","0.692602792505","0.683851352013","0.675318311031","0.519585195076","0.684003044583","0.683989349009","0.000027422355","0.683837646322","0.974179960240","0.953661001039","0.963811283954","0.963811283954"
"SNOWBALL_RUSSIAN_DIRECT","RU_RU","LOWERCASE_GROUPS_ONLY","PRIMARY_OUTPUT","37297","768133","10","768133","0","1","768133","64159","8764719","3782908","4322407","294996898744","3782908","295000681652","0.001282","4322407","13087126","33.027931","0.698516062041","0.669720685810","0.999987176613","0.999972525638","0.834853931211","0.692560581516","0.683815365804","0.675288254087","0.519543647630","0.683966853085","0.683953131513","0.000027474362","0.683801634112","0.974148936252","0.953633561396","0.963782086975","0.963782086975"
"SNOWBALL_RUSSIAN_LUCENE_FILTER","RU_RU","ALL_WORDS","PRIMARY_OUTPUT","37410","768882","10","768882","0","1","768882","64266","8766889","3785790","4322616","295572505226","3785790","295576291016","0.001281","4322616","13089505","33.023525","0.698407806015","0.669764746642","0.999987191835","0.999972568683","0.834875969239","0.692484865100","0.683786451263","0.675303850911","0.519510266339","0.683936347366","0.683922647122","0.000027431317","0.683772741022","0.974131099393","0.953673855106","0.963793934411","0.963793934411"
"SNOWBALL_RUSSIAN_LUCENE_FILTER","RU_RU","LOWERCASE_GROUPS_ONLY","PRIMARY_OUTPUT","37297","768133","10","768133","0","1","768133","64159","8764719","3782908","4322407","294996898744","3782908","295000681652","0.001282","4322407","13087126","33.027931","0.698516062041","0.669720685810","0.999987176613","0.999972525638","0.834853931211","0.692560581516","0.683815365804","0.675288254087","0.519543647630","0.683966853085","0.683953131513","0.000027474362","0.683801634112","0.974148936252","0.953633561396","0.963782086975","0.963782086975"
"SNOWBALL_SPANISH_DIRECT","ES_ES","ALL_WORDS","PRIMARY_OUTPUT","65059","871332","3589","871332","0","1","871332","195021","12811687","2228819","29161649","379565089291","2228819","379567318110","0.000587","29161649","41973336","69.476605","0.851812232913","0.305233946618","0.999994128001","0.999917308483","0.652614037309","0.627191552465","0.449423738186","0.350172671706","0.289843040458","0.509903921959","0.509876023351","0.000082691517","0.449391616998","0.981405614580","0.852462513401","0.912400934512","0.912400934512"
"SNOWBALL_SPANISH_DIRECT","ES_ES","LOWERCASE_GROUPS_ONLY","PRIMARY_OUTPUT","64918","869371","3525","869371","0","1","869371","194444","12787018","2201196","29076352","377858468569","2201196","377860669765","0.000583","29076352","41863370","69.455354","0.853138205793","0.305446455935","0.999994174583","0.999917233823","0.652720315259","0.627945981812","0.449838583213","0.350441220963","0.290188220622","0.510478247707","0.510450359519","0.000082766177","0.449806446076","0.981468761133","0.852555702466","0.912481600659","0.912481600659"
"SNOWBALL_SPANISH_LUCENE_FILTER","ES_ES","ALL_WORDS","PRIMARY_OUTPUT","65059","871332","3589","871332","0","1","871332","194971","12811693","2230481","29161643","379565087629","2230481","379567318110","0.000588","29161643","41973336","69.476591","0.851718175843","0.305234089566","0.999994123622","0.999917304121","0.652614106594","0.627150877515","0.449410800675","0.350169642836","0.289832278511","0.509875888791","0.509847985527","0.000082695879","0.449378676109","0.981386049614","0.852460744495","0.912391466047","0.912391466047"
"SNOWBALL_SPANISH_LUCENE_FILTER","ES_ES","LOWERCASE_GROUPS_ONLY","PRIMARY_OUTPUT","64918","869371","3525","869371","0","1","869371","194444","12787018","2201196","29076352","377858468569","2201196","377860669765","0.000583","29076352","41863370","69.455354","0.853138205793","0.305446455935","0.999994174583","0.999917233823","0.652720315259","0.627945981812","0.449838583213","0.350441220963","0.290188220622","0.510478247707","0.510450359519","0.000082766177","0.449806446076","0.981468761133","0.852555702466","0.912481600659","0.912481600659"
"SNOWBALL_SWEDISH_DIRECT","SV_SE","ALL_WORDS","PRIMARY_OUTPUT","12371","98108","68","98108","0","1","98108","25915","237017","67105","148325","4812088331","67105","4812155436","0.001394","148325","385342","38.491781","0.779348419384","0.615082186733","0.999986055105","0.999955235704","0.807534120919","0.739831942216","0.687539886056","0.642151948805","0.523855832838","0.692360693585","0.692339154006","0.000044764296","0.687517812951","0.984860422704","0.942685282143","0.963311451566","0.963311451566"
"SNOWBALL_SWEDISH_DIRECT","SV_SE","LOWERCASE_GROUPS_ONLY","PRIMARY_OUTPUT","12342","97881","68","97881","0","1","97881","25840","236588","67105","147975","4789844472","67105","4789911577","0.001401","147975","384563","38.478741","0.779036724587","0.615212591955","0.999985990347","0.999955100897","0.807599291151","0.739644914918","0.687500000000","0.642223301999","0.523809523810","0.692295603454","0.692273994517","0.000044899103","0.687477858823","0.984821307273","0.942694565973","0.963297587020","0.963297587020"
"SNOWBALL_SWEDISH_LUCENE_FILTER","SV_SE","ALL_WORDS","PRIMARY_OUTPUT","12371","98108","68","98108","0","1","98108","26781","230676","64262","154666","4812091174","64262","4812155436","0.001335","154666","385342","40.137333","0.782116919488","0.598626674487","0.999986645901","0.999954508853","0.799306660194","0.736939762085","0.678179573117","0.628097931391","0.513064830384","0.684248529829","0.684226838572","0.000045491147","0.678157227687","0.985207247898","0.939659207875","0.961894327137","0.961894327137"
"SNOWBALL_SWEDISH_LUCENE_FILTER","SV_SE","LOWERCASE_GROUPS_ONLY","PRIMARY_OUTPUT","12342","97881","68","97881","0","1","97881","26706","230247","64262","154316","4789847315","64262","4789911577","0.001342","154316","384563","40.127625","0.781799537535","0.598723746174","0.999986583886","0.999954370671","0.799355165030","0.736743719918","0.678122496584","0.628142458291","0.512999498691","0.684165146635","0.684143384784","0.000045629329","0.678100081584","0.985169028543","0.939660518299","0.961876797342","0.961876797342"
"SNOWBALL_YIDDISH_DIRECT","YI","ALL_WORDS","PRIMARY_OUTPUT","802","3578","0","3578","0","1","3578","1087","4962","1151","1382","6391758","1151","6392909","0.018004","1382","6344","21.784363","0.811712743334","0.782156368222","0.999819956768","0.999604172550","0.890988162495","0.805624107027","0.796660512162","0.787894185271","0.662041360907","0.796797522188","0.796599716782","0.000395827450","0.796462473806","0.982918530193","0.962014249878","0.972354049666","0.972354049666"
"SNOWBALL_YIDDISH_DIRECT","YI","LOWERCASE_GROUPS_ONLY","PRIMARY_OUTPUT","802","3578","0","3578","0","1","3578","1087","4962","1151","1382","6391758","1151","6392909","0.018004","1382","6344","21.784363","0.811712743334","0.782156368222","0.999819956768","0.999604172550","0.890988162495","0.805624107027","0.796660512162","0.787894185271","0.662041360907","0.796797522188","0.796599716782","0.000395827450","0.796462473806","0.982918530193","0.962014249878","0.972354049666","0.972354049666"
"SNOWBALL_YIDDISH_LUCENE_FILTER","YI","ALL_WORDS","PRIMARY_OUTPUT","802","3578","0","3578","0","1","3578","1087","4962","1151","1382","6391758","1151","6392909","0.018004","1382","6344","21.784363","0.811712743334","0.782156368222","0.999819956768","0.999604172550","0.890988162495","0.805624107027","0.796660512162","0.787894185271","0.662041360907","0.796797522188","0.796599716782","0.000395827450","0.796462473806","0.982918530193","0.962014249878","0.972354049666","0.972354049666"
"SNOWBALL_YIDDISH_LUCENE_FILTER","YI","LOWERCASE_GROUPS_ONLY","PRIMARY_OUTPUT","802","3578","0","3578","0","1","3578","1087","4962","1151","1382","6391758","1151","6392909","0.018004","1382","6344","21.784363","0.811712743334","0.782156368222","0.999819956768","0.999604172550","0.890988162495","0.805624107027","0.796660512162","0.787894185271","0.662041360907","0.796797522188","0.796599716782","0.000395827450","0.796462473806","0.982918530193","0.962014249878","0.972354049666","0.972354049666"
"SPANISH_LUCENE_SPANISH_LIGHT_STEM_FILTER","ES_ES","ALL_WORDS","PRIMARY_OUTPUT","65059","871332","3589","871332","0","1","871332","405552","1244317","147956","40729019","379567170154","147956","379567318110","0.000039","40729019","41973336","97.035458","0.893730611741","0.029645415842","0.999999610198","0.999892318297","0.514822513020","0.130863846499","0.057387272020","0.036752000024","0.029541282827","0.162772895888","0.162762055080","0.000107681703","0.057380579619","0.993823553768","0.756690454887","0.859195405761","0.859195405761"
"SPANISH_LUCENE_SPANISH_LIGHT_STEM_FILTER","ES_ES","LOWERCASE_GROUPS_ONLY","PRIMARY_OUTPUT","64918","869371","3525","869371","0","1","869371","404617","1241848","146613","40621522","377860523152","146613","377860669765","0.000039","40621522","41863370","97.033569","0.894406108634","0.029664310351","0.999999611992","0.999892119974","0.514831961171","0.130949068412","0.057424066047","0.036775459718","0.029560783207","0.162886280533","0.162875426941","0.000107880026","0.057417362063","0.993866319748","0.756725425267","0.859233931168","0.859233931168"
"SPANISH_LUCENE_SPANISH_MINIMAL_STEM_FILTER","ES_ES","ALL_WORDS","PRIMARY_OUTPUT","65059","871332","3589","871332","0","1","871332","718633","148463","47859","41824873","379567270251","47859","379567318110","0.000013","41824873","41973336","99.646292","0.756221921130","0.003537078873","0.999999873912","0.999889695187","0.501768476392","0.017360591398","0.007041223811","0.004416184633","0.003533050405","0.051718628951","0.051713939443","0.000110304813","0.007040201537","0.995635307295","0.710609719902","0.829315972283","0.829315972283"
"SPANISH_LUCENE_SPANISH_MINIMAL_STEM_FILTER","ES_ES","LOWERCASE_GROUPS_ONLY","PRIMARY_OUTPUT","64918","869371","3525","869371","0","1","869371","717093","148226","47148","41715144","377860622617","47148","377860669765","0.000012","41715144","41863370","99.645929","0.758678227400","0.003540708739","0.999999875224","0.999889489251","0.501770291981","0.017379114288","0.007048522419","0.004420728101","0.003536725554","0.051829129163","0.051824445330","0.000110510749","0.007047500484","0.995675746140","0.710626433954","0.829341382913","0.829341382913"
"SPANISH_LUCENE_SPANISH_PLURAL_STEM_FILTER","ES_ES","ALL_WORDS","PRIMARY_OUTPUT","65059","871332","3589","871332","0","1","871332","578805","325245","58578","41648091","379567259532","58578","379567318110","0.000015","41648091","41973336","99.225115","0.847382777999","0.007748847983","0.999999845672","0.999890132644","0.503874346827","0.037377069210","0.015357262275","0.009663967067","0.007738048760","0.081032341260","0.081026288458","0.000109867356","0.015355289170","0.995442321769","0.723731297627","0.838115191065","0.838115191065"
"SPANISH_LUCENE_SPANISH_PLURAL_STEM_FILTER","ES_ES","LOWERCASE_GROUPS_ONLY","PRIMARY_OUTPUT","64918","869371","3525","869371","0","1","869371","577533","324656","57716","41538714","377860612049","57716","377860669765","0.000015","41538714","41863370","99.224487","0.849057985417","0.007755132948","0.999999847256","0.999889928152","0.503877490102","0.037408921072","0.015369880354","0.009671831022","0.007744455857","0.081145286724","0.081139234944","0.000110071848","0.015367905834","0.995484117647","0.723752971494","0.838144538380","0.838144538380"
"SPANISH_RADIXOR","ES_ES","ALL_WORDS","PRIMARY_OUTPUT","65059","871332","3589","871332","0","1","871332","64995","41074684","288483","898652","379567029627","288483","379567318110","0.000076","898652","41973336","2.141007","0.993025606574","0.978589931475","0.999999239969","0.999996872745","0.989294585722","0.990104500109","0.985754921826","0.981443392220","0.971909988067","0.985781345071","0.985779787115","0.000003127255","0.985753358111","0.995417814373","0.993266303762","0.994340895233","0.994340895233"
"SPANISH_RADIXOR","ES_ES","ALL_WORDS","ANY_CANDIDATE","65059","871332","3589","828695","42637","21","916797","65118","41972710","2","626","379567318108","2","379567318110","0.000000","626","41973336","0.001491","0.999999952350","0.999985085770","0.999999999995","0.999999998346","0.999992542882","0.999996978999","0.999992519005","0.999988059050","0.999985038121","0.999992519032","0.999992518205","0.000000001654","","","","",""
"SPANISH_RADIXOR","ES_ES","ALL_WORDS","ALL_CANDIDATES","65059","871332","3589","828695","42637","21","916797","65118","41972710","1349800","626","379565968310","1349800","379567318110","0.000356","626","41973336","0.001491","0.968842987168","0.999985085770","0.999996443846","0.999996442590","0.999990764808","0.974915259157","0.984167740127","0.993597526064","0.968828987818","0.984290880594","0.984289129583","0.000003557410","","","","",""
"SPANISH_RADIXOR","ES_ES","LOWERCASE_GROUPS_ONLY","PRIMARY_OUTPUT","64918","869371","3525","869371","0","1","869371","64814","40978337","276044","885033","377860393721","276044","377860669765","0.000073","885033","41863370","2.114099","0.993308734895","0.978859012067","0.999999269456","0.999996927576","0.989429140761","0.990384762162","0.986030938205","0.981715226337","0.972446769193","0.986057405488","0.986055874970","0.000003072424","0.986029401906","0.995463637710","0.993323040564","0.994392187139","0.994392187139"
"SPANISH_RADIXOR","ES_ES","LOWERCASE_GROUPS_ONLY","ANY_CANDIDATE","64918","869371","3525","826968","42403","21","914127","64933","41863370","0","0","377860669765","0","377860669765","0.000000","0","41863370","0.000000","1.000000000000","1.000000000000","1.000000000000","1.000000000000","1.000000000000","1.000000000000","1.000000000000","1.000000000000","1.000000000000","1.000000000000","1.000000000000","0.000000000000","","","","",""
"SPANISH_RADIXOR","ES_ES","LOWERCASE_GROUPS_ONLY","ALL_CANDIDATES","64918","869371","3525","826968","42403","21","914127","64933","41863370","1255381","0","377859414384","1255381","377860669765","0.000332","0","41863370","0.000000","0.970885497124","1.000000000000","0.999996677662","0.999996678030","0.999998338831","0.976571978660","0.985227704543","0.994038240493","0.970885497124","0.985335220686","0.985333583876","0.000003321970","","","","",""
"SWEDISH_LUCENE_SWEDISH_LIGHT_STEM_FILTER","SV_SE","ALL_WORDS","PRIMARY_OUTPUT","12371","98108","68","98108","0","1","98108","22392","218635","45941","166707","4812109495","45941","4812155436","0.000955","166707","385342","43.262089","0.826359911708","0.567379107390","0.999990453135","0.999955813777","0.783684780262","0.757232036109","0.672807954234","0.605320541501","0.506940918144","0.684733049508","0.684712936280","0.000044186223","0.672786622564","0.986795482859","0.942302523776","0.964035907715","0.964035907715"
"SWEDISH_LUCENE_SWEDISH_LIGHT_STEM_FILTER","SV_SE","LOWERCASE_GROUPS_ONLY","PRIMARY_OUTPUT","12342","97881","68","97881","0","1","97881","22338","218126","45941","166437","4789865636","45941","4789911577","0.000959","166437","384563","43.279515","0.826025213298","0.567204853301","0.999990408800","0.999955664954","0.783597631051","0.756945124029","0.672574503184","0.605125951621","0.506675896159","0.684489232882","0.684469049184","0.000044335046","0.672553099274","0.986761366955","0.942264620928","0.963999791833","0.963999791833"
"SWEDISH_LUCENE_SWEDISH_MINIMAL_STEM_FILTER","SV_SE","ALL_WORDS","PRIMARY_OUTPUT","12371","98108","68","98108","0","1","98108","23360","228181","40227","157161","4812115209","40227","4812155436","0.000836","157161","385342","40.784809","0.850127417961","0.592151906618","0.999991640544","0.999958984659","0.796071773581","0.781991317186","0.698068068834","0.630412272016","0.536178622033","0.709510092538","0.709491456160","0.000041015341","0.698048215965","0.988492665376","0.944581755622","0.966038479572","0.966038479572"
"SWEDISH_LUCENE_SWEDISH_MINIMAL_STEM_FILTER","SV_SE","LOWERCASE_GROUPS_ONLY","PRIMARY_OUTPUT","12342","97881","68","97881","0","1","97881","23312","227624","40227","156939","4789871350","40227","4789911577","0.000840","156939","384563","40.809698","0.849815755775","0.591903017191","0.999991601724","0.999958840540","0.795947309457","0.781693541131","0.697790053555","0.630152322431","0.535850655618","0.709230928471","0.709212225121","0.000041159460","0.697770131116","0.988462934404","0.944527865197","0.965996098328","0.965996098328"
"SWEDISH_RADIXOR","SV_SE","ALL_WORDS","PRIMARY_OUTPUT","12371","98108","68","98108","0","1","98108","12330","365796","24473","19546","4812130963","24473","4812155436","0.000509","19546","385342","5.072377","0.937291970410","0.949276227351","0.999994914337","0.999990853272","0.974635570844","0.939664553041","0.943246034417","0.946854921499","0.892588119029","0.943265066457","0.943260495884","0.000009146728","0.943241460869","0.992630770222","0.993394969179","0.993012722673","0.993012722673"
"SWEDISH_RADIXOR","SV_SE","ALL_WORDS","ANY_CANDIDATE","12371","98108","68","92341","5767","5","104148","12371","385342","0","0","4812155436","0","4812155436","0.000000","0","385342","0.000000","1.000000000000","1.000000000000","1.000000000000","1.000000000000","1.000000000000","1.000000000000","1.000000000000","1.000000000000","1.000000000000","1.000000000000","1.000000000000","0.000000000000","","","","",""
"SWEDISH_RADIXOR","SV_SE","ALL_WORDS","ALL_CANDIDATES","12371","98108","68","92341","5767","5","104148","12371","385342","47848","0","4812107588","47848","4812155436","0.000994","0","385342","0.000000","0.889545003347","1.000000000000","0.999990056847","0.999990057643","0.999995028423","0.909639856815","0.941544130223","0.975767741439","0.889545003347","0.943156934634","0.943152245645","0.000009942357","","","","",""
"SWEDISH_RADIXOR","SV_SE","LOWERCASE_GROUPS_ONLY","PRIMARY_OUTPUT","12342","97881","68","97881","0","1","97881","12301","365017","24473","19546","4789887104","24473","4789911577","0.000511","19546","384563","5.082652","0.937166551131","0.949173477428","0.999994890720","0.999990810798","0.974584184074","0.939543572972","0.943131801052","0.946747541943","0.892383555482","0.943150907472","0.943146315681","0.000009189202","0.943127206266","0.992611730682","0.993377890892","0.992994663001","0.992994663001"
"SWEDISH_RADIXOR","SV_SE","LOWERCASE_GROUPS_ONLY","ANY_CANDIDATE","12342","97881","68","92114","5767","5","103921","12342","384563","0","0","4789911577","0","4789911577","0.000000","0","384563","0.000000","1.000000000000","1.000000000000","1.000000000000","1.000000000000","1.000000000000","1.000000000000","1.000000000000","1.000000000000","1.000000000000","1.000000000000","1.000000000000","0.000000000000","","","","",""
"SWEDISH_RADIXOR","SV_SE","LOWERCASE_GROUPS_ONLY","ALL_CANDIDATES","12342","97881","68","92114","5767","5","103921","12342","384563","47848","0","4789863729","47848","4789911577","0.000999","0","384563","0.000000","0.889346015712","1.000000000000","0.999990010672","0.999990011473","0.999995005336","0.909473386475","0.941432652692","0.975719846569","0.889346015712","0.943051438529","0.943046728292","0.000009988527","","","","",""
"UKRAINIAN_LUCENE_MORFOLOGIK_FILTER","UK_UA","ALL_WORDS","PRIMARY_OUTPUT","1493","14245","4","14245","0","1","14245","2358","56032","828","9308","101386722","828","101387550","0.000817","9308","65340","14.245485","0.985437917693","0.857545148454","0.999991833317","0.999900091560","0.928768490886","0.956895962839","0.917054009820","0.880397209478","0.846814169992","0.919270093835","0.919222898475","0.000099908440","0.917004266345","0.997989675681","0.970999849348","0.984309781661","0.984309781661"
"UKRAINIAN_LUCENE_MORFOLOGIK_FILTER","UK_UA","ALL_WORDS","ANY_CANDIDATE","1493","14245","4","12038","2207","6","16937","2912","60394","122","4946","101387428","122","101387550","0.000120","4946","65340","7.569636","0.997984004230","0.924303642485","0.999998796696","0.999950045780","0.962151219591","0.982322936592","0.959731756929","0.938156308641","0.922581039382","0.960437530635","0.960413432420","0.000049954220","","","","",""
"UKRAINIAN_LUCENE_MORFOLOGIK_FILTER","UK_UA","ALL_WORDS","ALL_CANDIDATES","1493","14245","4","12038","2207","6","16937","2912","60394","1368","4946","101386182","1368","101387550","0.001349","4946","65340","7.569636","0.977850458211","0.924303642485","0.999986507219","0.999937764217","0.962145074852","0.966650447520","0.950323362339","0.934538657225","0.905348683816","0.950700131656","0.950669478973","0.000062235783","","","","",""
"UKRAINIAN_LUCENE_MORFOLOGIK_FILTER","UK_UA","LOWERCASE_GROUPS_ONLY","PRIMARY_OUTPUT","1491","14236","4","14236","0","1","14236","2356","56016","828","9308","101258578","828","101259406","0.000818","9308","65324","14.248974","0.985433818873","0.857510256567","0.999991822982","0.999899965191","0.928751039775","0.956884181756","0.917032283413","0.880367133966","0.846777119361","0.919249480202","0.919202225823","0.000100034809","0.916982477117","0.997988093697","0.970977645923","0.984297603943","0.984297603943"
"UKRAINIAN_LUCENE_MORFOLOGIK_FILTER","UK_UA","LOWERCASE_GROUPS_ONLY","ANY_CANDIDATE","1491","14236","4","12029","2207","6","16928","2910","60378","122","4946","101259284","122","101259406","0.000120","4946","65324","7.571490","0.997983471074","0.924285101953","0.999998795174","0.999949982596","0.962141948563","0.982318335047","0.959721515768","0.938140934008","0.922562112276","0.960427641371","0.960403512884","0.000050017404","","","","",""
"UKRAINIAN_LUCENE_MORFOLOGIK_FILTER","UK_UA","LOWERCASE_GROUPS_ONLY","ALL_CANDIDATES","1491","14236","4","12029","2207","6","16928","2910","60378","1368","4946","101258038","1368","101259406","0.001351","4946","65324","7.571490","0.977844718686","0.924285101953","0.999986490144","0.999937685499","0.962135796049","0.966641904786","0.950310852286","0.934522445998","0.905325976129","0.950687806541","0.950657115187","0.000062314501","","","","",""
"UKRAINIAN_MORFOLOGIK_DIRECT","UK_UA","ALL_WORDS","PRIMARY_OUTPUT","1493","14245","4","14245","0","1","14245","2365","56016","828","9324","101386722","828","101387550","0.000817","9324","65340","14.269972","0.985433818873","0.857300275482","0.999991833317","0.999899933851","0.928646054399","0.956831877998","0.916912197996","0.880190066750","0.846572361262","0.919136923635","0.919089660097","0.000100066149","0.916862376978","0.997989675681","0.970875945953","0.984246115917","0.984246115917"
"UKRAINIAN_MORFOLOGIK_DIRECT","UK_UA","ALL_WORDS","ANY_CANDIDATE","1493","14245","4","12038","2207","6","16937","2919","60378","122","4962","101387428","122","101387550","0.000120","4962","65340","7.594123","0.997983471074","0.924058769513","0.999998796696","0.999949888071","0.962028783105","0.982267195939","0.959599491418","0.937954390108","0.922336622774","0.960310042786","0.960285871670","0.000050111929","","","","",""
"UKRAINIAN_MORFOLOGIK_DIRECT","UK_UA","ALL_WORDS","ALL_CANDIDATES","1493","14245","4","12038","2207","6","16937","2919","60378","1368","4962","101386182","1368","101387550","0.001349","4962","65340","7.594123","0.977844718686","0.924058769513","0.999986507219","0.999937606509","0.962022638366","0.966592384831","0.950191209102","0.934337338211","0.905108832524","0.950571400540","0.950540673331","0.000062393491","","","","",""
"UKRAINIAN_MORFOLOGIK_DIRECT","UK_UA","LOWERCASE_GROUPS_ONLY","PRIMARY_OUTPUT","1491","14236","4","14236","0","1","14236","2356","56016","828","9308","101258578","828","101259406","0.000818","9308","65324","14.248974","0.985433818873","0.857510256567","0.999991822982","0.999899965191","0.928751039775","0.956884181756","0.917032283413","0.880367133966","0.846777119361","0.919249480202","0.919202225823","0.000100034809","0.916982477117","0.997988093697","0.970977645923","0.984297603943","0.984297603943"
"UKRAINIAN_MORFOLOGIK_DIRECT","UK_UA","LOWERCASE_GROUPS_ONLY","ANY_CANDIDATE","1491","14236","4","12029","2207","6","16928","2910","60378","122","4946","101259284","122","101259406","0.000120","4946","65324","7.571490","0.997983471074","0.924285101953","0.999998795174","0.999949982596","0.962141948563","0.982318335047","0.959721515768","0.938140934008","0.922562112276","0.960427641371","0.960403512884","0.000050017404","","","","",""
"UKRAINIAN_MORFOLOGIK_DIRECT","UK_UA","LOWERCASE_GROUPS_ONLY","ALL_CANDIDATES","1491","14236","4","12029","2207","6","16928","2910","60378","1368","4946","101258038","1368","101259406","0.001351","4946","65324","7.571490","0.977844718686","0.924285101953","0.999986490144","0.999937685499","0.962135796049","0.966641904786","0.950310852286","0.934522445998","0.905325976129","0.950687806541","0.950657115187","0.000062314501","","","","",""
"UKRAINIAN_RADIXOR","UK_UA","ALL_WORDS","PRIMARY_OUTPUT","1493","14245","4","14245","0","1","14245","1493","64732","880","608","101386670","880","101387550","0.000868","608","65340","0.930517","0.986587819301","0.990694827058","0.999991320433","0.999985333094","0.995343073746","0.987406494442","0.988637057853","0.989870692292","0.977529447297","0.988639190514","0.988631855097","0.000014666906","0.988629719696","0.997993591453","0.998265712624","0.998129633491","0.998129633491"
"UKRAINIAN_RADIXOR","UK_UA","ALL_WORDS","ANY_CANDIDATE","1493","14245","4","14055","190","2","14435","1493","65340","0","0","101387550","0","101387550","0.000000","0","65340","0.000000","1.000000000000","1.000000000000","1.000000000000","1.000000000000","1.000000000000","1.000000000000","1.000000000000","1.000000000000","1.000000000000","1.000000000000","1.000000000000","0.000000000000","","","","",""
"UKRAINIAN_RADIXOR","UK_UA","ALL_WORDS","ALL_CANDIDATES","1493","14245","4","14055","190","2","14435","1493","65340","1490","0","101386060","1490","101387550","0.001470","0","65340","0.000000","0.977704623672","1.000000000000","0.999985303916","0.999985313380","0.999992651958","0.982083809295","0.988726639933","0.995459946982","0.977704623672","0.988789473888","0.988782208195","0.000014686620","","","","",""
"UKRAINIAN_RADIXOR","UK_UA","LOWERCASE_GROUPS_ONLY","PRIMARY_OUTPUT","1491","14236","4","14236","0","1","14236","1491","64716","880","608","101258526","880","101259406","0.000869","608","65324","0.930745","0.986584547838","0.990692547915","0.999991309449","0.999985314543","0.995341928682","0.987403420118","0.988634280477","0.989868213355","0.977524016676","0.988636414174","0.988629069474","0.000014685457","0.988626933033","0.997992012551","0.998264347489","0.998128161444","0.998128161444"
"UKRAINIAN_RADIXOR","UK_UA","LOWERCASE_GROUPS_ONLY","ANY_CANDIDATE","1491","14236","4","14046","190","2","14426","1491","65324","0","0","101259406","0","101259406","0.000000","0","65324","0.000000","1.000000000000","1.000000000000","1.000000000000","1.000000000000","1.000000000000","1.000000000000","1.000000000000","1.000000000000","1.000000000000","1.000000000000","1.000000000000","0.000000000000","","","","",""
"UKRAINIAN_RADIXOR","UK_UA","LOWERCASE_GROUPS_ONLY","ALL_CANDIDATES","1491","14236","4","14046","190","2","14426","1491","65324","1490","0","101257916","1490","101259406","0.001471","0","65324","0.000000","0.977699284581","1.000000000000","0.999985285318","0.999985294804","0.999992642659","0.982079499669","0.988723909852","0.995458840023","0.977699284581","0.988786774073","0.988779499204","0.000014705196","","","","",""
"YI_RADIXOR","YI","ALL_WORDS","PRIMARY_OUTPUT","802","3578","0","3578","0","1","3578","802","6195","195","149","6392714","195","6392909","0.003050","149","6344","2.348676","0.969483568075","0.976513240858","0.999969497454","0.999946243726","0.988241369156","0.970881394183","0.972985707555","0.975099162627","0.947392567671","0.972992055990","0.972965163911","0.000053756274","0.972958803000","0.995691103897","0.996142223728","0.995916612726","0.995916612726"
"YI_RADIXOR","YI","ALL_WORDS","ANY_CANDIDATE","802","3578","0","3489","89","3","3676","802","6344","0","0","6392909","0","6392909","0.000000","0","6344","0.000000","1.000000000000","1.000000000000","1.000000000000","1.000000000000","1.000000000000","1.000000000000","1.000000000000","1.000000000000","1.000000000000","1.000000000000","1.000000000000","0.000000000000","","","","",""
"YI_RADIXOR","YI","ALL_WORDS","ALL_CANDIDATES","802","3578","0","3489","89","3","3676","802","6344","389","0","6392520","389","6392909","0.006085","0","6344","0.000000","0.942224862617","1.000000000000","0.999939151332","0.999939211655","0.999969575666","0.953239572064","0.970253116158","0.987885016662","0.942224862617","0.970682678643","0.970653145819","0.000060788345","","","","",""
"YI_RADIXOR","YI","LOWERCASE_GROUPS_ONLY","PRIMARY_OUTPUT","802","3578","0","3578","0","1","3578","802","6195","195","149","6392714","195","6392909","0.003050","149","6344","2.348676","0.969483568075","0.976513240858","0.999969497454","0.999946243726","0.988241369156","0.970881394183","0.972985707555","0.975099162627","0.947392567671","0.972992055990","0.972965163911","0.000053756274","0.972958803000","0.995691103897","0.996142223728","0.995916612726","0.995916612726"
"YI_RADIXOR","YI","LOWERCASE_GROUPS_ONLY","ANY_CANDIDATE","802","3578","0","3489","89","3","3676","802","6344","0","0","6392909","0","6392909","0.000000","0","6344","0.000000","1.000000000000","1.000000000000","1.000000000000","1.000000000000","1.000000000000","1.000000000000","1.000000000000","1.000000000000","1.000000000000","1.000000000000","1.000000000000","0.000000000000","","","","",""
"YI_RADIXOR","YI","LOWERCASE_GROUPS_ONLY","ALL_CANDIDATES","802","3578","0","3489","89","3","3676","802","6344","389","0","6392520","389","6392909","0.006085","0","6344","0.000000","0.942224862617","1.000000000000","0.999939151332","0.999939211655","0.999969575666","0.953239572064","0.970253116158","0.987885016662","0.942224862617","0.970682678643","0.970653145819","0.000060788345","","","","",""
