protocol_version,radixor_java_version,source_revision,source_state,generator_sha256,language,model_id,model_version,model_sha256,seed,requested_percent,selected_rows,total_rows,withheld_rows,whole_correct,whole_total,whole_changed_correct,whole_changed_total,whole_root_correct,whole_root_total,withheld_correct,withheld_total,withheld_changed_correct,withheld_changed_total,withheld_root_correct,withheld_root_total,unseen_correct,unseen_total,unseen_changed_correct,unseen_changed_total,unseen_root_correct,unseen_root_total,excluded_overlap_occurrences
radixor-generalization-v1,4.2.0-6-g84e57fb,84e57fb27ae40913569e826858a8ebb07cf2ea01,dirty,126964f216a48d2164d136a490698301111aae7f050209ced21caf73f8c01fb8,CS_CZ,cs-cz-default,1.0.0,62afdaa6dc7a721b54a0dc278a0c648a63ad52a34a412d27b5b52fbcde9c1ce4,2654435761,100,5113,5113,0,56309,56612,46302,46563,10007,10049,0,0,0,0,0,0,0,0,0,0,0,0,0
radixor-generalization-v1,4.2.0-6-g84e57fb,84e57fb27ae40913569e826858a8ebb07cf2ea01,dirty,126964f216a48d2164d136a490698301111aae7f050209ced21caf73f8c01fb8,CS_CZ,cs-cz-default,1.0.0,62afdaa6dc7a721b54a0dc278a0c648a63ad52a34a412d27b5b52fbcde9c1ce4,2654435761,90,4602,5113,511,54740,56612,44823,46563,9917,10049,4008,5621,3102,4621,906,1000,4008,5569,3102,4589,906,980,52
radixor-generalization-v1,4.2.0-6-g84e57fb,84e57fb27ae40913569e826858a8ebb07cf2ea01,dirty,126964f216a48d2164d136a490698301111aae7f050209ced21caf73f8c01fb8,CS_CZ,cs-cz-default,1.0.0,62afdaa6dc7a721b54a0dc278a0c648a63ad52a34a412d27b5b52fbcde9c1ce4,2654435761,80,4090,5113,1023,53255,56612,43405,46563,9850,10049,8241,11364,6393,9351,1848,2013,8241,11295,6393,9298,1848,1997,69
radixor-generalization-v1,4.2.0-6-g84e57fb,84e57fb27ae40913569e826858a8ebb07cf2ea01,dirty,126964f216a48d2164d136a490698301111aae7f050209ced21caf73f8c01fb8,CS_CZ,cs-cz-default,1.0.0,62afdaa6dc7a721b54a0dc278a0c648a63ad52a34a412d27b5b52fbcde9c1ce4,2654435761,70,3579,5113,1534,51998,56612,42224,46563,9774,10049,12644,17091,9876,14070,2768,3021,12644,16968,9876,13973,2768,2995,123
radixor-generalization-v1,4.2.0-6-g84e57fb,84e57fb27ae40913569e826858a8ebb07cf2ea01,dirty,126964f216a48d2164d136a490698301111aae7f050209ced21caf73f8c01fb8,CS_CZ,cs-cz-default,1.0.0,62afdaa6dc7a721b54a0dc278a0c648a63ad52a34a412d27b5b52fbcde9c1ce4,2654435761,60,3068,5113,2045,50470,56612,40824,46563,9646,10049,16714,22738,13076,18717,3638,4021,16714,22567,13076,18578,3638,3989,171
radixor-generalization-v1,4.2.0-6-g84e57fb,84e57fb27ae40913569e826858a8ebb07cf2ea01,dirty,126964f216a48d2164d136a490698301111aae7f050209ced21caf73f8c01fb8,CS_CZ,cs-cz-default,1.0.0,62afdaa6dc7a721b54a0dc278a0c648a63ad52a34a412d27b5b52fbcde9c1ce4,2654435761,50,2557,5113,2556,48911,56612,39361,46563,9550,10049,20765,28367,16213,23334,4552,5033,20765,28195,16213,23192,4552,5003,172
radixor-generalization-v1,4.2.0-6-g84e57fb,84e57fb27ae40913569e826858a8ebb07cf2ea01,dirty,126964f216a48d2164d136a490698301111aae7f050209ced21caf73f8c01fb8,CS_CZ,cs-cz-default,1.0.0,62afdaa6dc7a721b54a0dc278a0c648a63ad52a34a412d27b5b52fbcde9c1ce4,2654435761,40,2045,5113,3068,47283,56612,37869,46563,9414,10049,24683,33965,19269,27932,5414,6033,24683,33770,19269,27771,5414,5999,195
radixor-generalization-v1,4.2.0-6-g84e57fb,84e57fb27ae40913569e826858a8ebb07cf2ea01,dirty,126964f216a48d2164d136a490698301111aae7f050209ced21caf73f8c01fb8,CS_CZ,cs-cz-default,1.0.0,62afdaa6dc7a721b54a0dc278a0c648a63ad52a34a412d27b5b52fbcde9c1ce4,2654435761,30,1534,5113,3579,45655,56612,36282,46563,9373,10049,28537,39470,22169,32434,6368,7036,28537,39283,22169,32279,6368,7004,187
radixor-generalization-v1,4.2.0-6-g84e57fb,84e57fb27ae40913569e826858a8ebb07cf2ea01,dirty,126964f216a48d2164d136a490698301111aae7f050209ced21caf73f8c01fb8,CS_CZ,cs-cz-default,1.0.0,62afdaa6dc7a721b54a0dc278a0c648a63ad52a34a412d27b5b52fbcde9c1ce4,2654435761,20,1023,5113,4090,43583,56612,34361,46563,9222,10049,32181,45200,24959,37155,7222,8045,32181,45046,24959,37033,7222,8013,154
radixor-generalization-v1,4.2.0-6-g84e57fb,84e57fb27ae40913569e826858a8ebb07cf2ea01,dirty,126964f216a48d2164d136a490698301111aae7f050209ced21caf73f8c01fb8,CS_CZ,cs-cz-default,1.0.0,62afdaa6dc7a721b54a0dc278a0c648a63ad52a34a412d27b5b52fbcde9c1ce4,2654435761,10,511,5113,4602,40731,56612,31640,46563,9091,10049,35175,51050,27080,42001,8095,9049,35175,51003,27080,41972,8095,9031,47
radixor-generalization-v1,4.2.0-6-g84e57fb,84e57fb27ae40913569e826858a8ebb07cf2ea01,dirty,126964f216a48d2164d136a490698301111aae7f050209ced21caf73f8c01fb8,CS_CZ,cs-cz-default,1.0.0,62afdaa6dc7a721b54a0dc278a0c648a63ad52a34a412d27b5b52fbcde9c1ce4,11400714819323198485,100,5113,5113,0,56309,56612,46302,46563,10007,10049,0,0,0,0,0,0,0,0,0,0,0,0,0
radixor-generalization-v1,4.2.0-6-g84e57fb,84e57fb27ae40913569e826858a8ebb07cf2ea01,dirty,126964f216a48d2164d136a490698301111aae7f050209ced21caf73f8c01fb8,CS_CZ,cs-cz-default,1.0.0,62afdaa6dc7a721b54a0dc278a0c648a63ad52a34a412d27b5b52fbcde9c1ce4,11400714819323198485,90,4602,5113,511,54953,56612,45026,46563,9927,10049,4138,5590,3220,4586,918,1004,4138,5497,3220,4501,918,996,93
radixor-generalization-v1,4.2.0-6-g84e57fb,84e57fb27ae40913569e826858a8ebb07cf2ea01,dirty,126964f216a48d2164d136a490698301111aae7f050209ced21caf73f8c01fb8,CS_CZ,cs-cz-default,1.0.0,62afdaa6dc7a721b54a0dc278a0c648a63ad52a34a412d27b5b52fbcde9c1ce4,11400714819323198485,80,4090,5113,1023,53510,56612,43657,46563,9853,10049,8558,11475,6704,9461,1854,2014,8558,11359,6704,9359,1854,2000,116
radixor-generalization-v1,4.2.0-6-g84e57fb,84e57fb27ae40913569e826858a8ebb07cf2ea01,dirty,126964f216a48d2164d136a490698301111aae7f050209ced21caf73f8c01fb8,CS_CZ,cs-cz-default,1.0.0,62afdaa6dc7a721b54a0dc278a0c648a63ad52a34a412d27b5b52fbcde9c1ce4,11400714819323198485,70,3579,5113,1534,52152,56612,42394,46563,9758,10049,12740,17077,9982,14054,2758,3023,12740,16910,9982,13911,2758,2999,167
radixor-generalization-v1,4.2.0-6-g84e57fb,84e57fb27ae40913569e826858a8ebb07cf2ea01,dirty,126964f216a48d2164d136a490698301111aae7f050209ced21caf73f8c01fb8,CS_CZ,cs-cz-default,1.0.0,62afdaa6dc7a721b54a0dc278a0c648a63ad52a34a412d27b5b52fbcde9c1ce4,11400714819323198485,60,3068,5113,2045,50855,56612,41191,46563,9664,10049,17107,22755,13448,18735,3659,4020,17107,22609,13448,18615,3659,3994,146
radixor-generalization-v1,4.2.0-6-g84e57fb,84e57fb27ae40913569e826858a8ebb07cf2ea01,dirty,126964f216a48d2164d136a490698301111aae7f050209ced21caf73f8c01fb8,CS_CZ,cs-cz-default,1.0.0,62afdaa6dc7a721b54a0dc278a0c648a63ad52a34a412d27b5b52fbcde9c1ce4,11400714819323198485,50,2557,5113,2556,49135,56612,39579,46563,9556,10049,20901,28303,16351,23278,4550,5025,20901,28131,16351,23138,4550,4993,172
radixor-generalization-v1,4.2.0-6-g84e57fb,84e57fb27ae40913569e826858a8ebb07cf2ea01,dirty,126964f216a48d2164d136a490698301111aae7f050209ced21caf73f8c01fb8,CS_CZ,cs-cz-default,1.0.0,62afdaa6dc7a721b54a0dc278a0c648a63ad52a34a412d27b5b52fbcde9c1ce4,11400714819323198485,40,2045,5113,3068,47606,56612,38132,46563,9474,10049,25131,34095,19665,28064,5466,6031,25131,33944,19665,27941,5466,6003,151
radixor-generalization-v1,4.2.0-6-g84e57fb,84e57fb27ae40913569e826858a8ebb07cf2ea01,dirty,126964f216a48d2164d136a490698301111aae7f050209ced21caf73f8c01fb8,CS_CZ,cs-cz-default,1.0.0,62afdaa6dc7a721b54a0dc278a0c648a63ad52a34a412d27b5b52fbcde9c1ce4,11400714819323198485,30,1534,5113,3579,45140,56612,35752,46563,9388,10049,28242,39694,21856,32653,6386,7041,28242,39562,21856,32543,6386,7019,132
radixor-generalization-v1,4.2.0-6-g84e57fb,84e57fb27ae40913569e826858a8ebb07cf2ea01,dirty,126964f216a48d2164d136a490698301111aae7f050209ced21caf73f8c01fb8,CS_CZ,cs-cz-default,1.0.0,62afdaa6dc7a721b54a0dc278a0c648a63ad52a34a412d27b5b52fbcde9c1ce4,11400714819323198485,20,1023,5113,4090,42536,56612,33195,46563,9341,10049,31148,45207,23810,37167,7338,8040,31148,45111,23810,37085,7338,8026,96
radixor-generalization-v1,4.2.0-6-g84e57fb,84e57fb27ae40913569e826858a8ebb07cf2ea01,dirty,126964f216a48d2164d136a490698301111aae7f050209ced21caf73f8c01fb8,CS_CZ,cs-cz-default,1.0.0,62afdaa6dc7a721b54a0dc278a0c648a63ad52a34a412d27b5b52fbcde9c1ce4,11400714819323198485,10,511,5113,4602,39339,56612,30157,46563,9182,10049,33717,50989,25534,41939,8183,9050,33717,50905,25534,41865,8183,9040,84
radixor-generalization-v1,4.2.0-6-g84e57fb,84e57fb27ae40913569e826858a8ebb07cf2ea01,dirty,126964f216a48d2164d136a490698301111aae7f050209ced21caf73f8c01fb8,CS_CZ,cs-cz-default,1.0.0,62afdaa6dc7a721b54a0dc278a0c648a63ad52a34a412d27b5b52fbcde9c1ce4,7046029254386353131,100,5113,5113,0,56309,56612,46302,46563,10007,10049,0,0,0,0,0,0,0,0,0,0,0,0,0
radixor-generalization-v1,4.2.0-6-g84e57fb,84e57fb27ae40913569e826858a8ebb07cf2ea01,dirty,126964f216a48d2164d136a490698301111aae7f050209ced21caf73f8c01fb8,CS_CZ,cs-cz-default,1.0.0,62afdaa6dc7a721b54a0dc278a0c648a63ad52a34a412d27b5b52fbcde9c1ce4,7046029254386353131,90,4602,5113,511,54841,56612,44934,46563,9907,10049,3990,5494,3097,4491,893,1003,3990,5456,3097,4467,893,989,38
radixor-generalization-v1,4.2.0-6-g84e57fb,84e57fb27ae40913569e826858a8ebb07cf2ea01,dirty,126964f216a48d2164d136a490698301111aae7f050209ced21caf73f8c01fb8,CS_CZ,cs-cz-default,1.0.0,62afdaa6dc7a721b54a0dc278a0c648a63ad52a34a412d27b5b52fbcde9c1ce4,7046029254386353131,80,4090,5113,1023,53505,56612,43701,46563,9804,10049,8153,11044,6373,9037,1780,2007,8153,10962,6373,8979,1780,1983,82
radixor-generalization-v1,4.2.0-6-g84e57fb,84e57fb27ae40913569e826858a8ebb07cf2ea01,dirty,126964f216a48d2164d136a490698301111aae7f050209ced21caf73f8c01fb8,CS_CZ,cs-cz-default,1.0.0,62afdaa6dc7a721b54a0dc278a0c648a63ad52a34a412d27b5b52fbcde9c1ce4,7046029254386353131,70,3579,5113,1534,51821,56612,42103,46563,9718,10049,12277,16959,9584,13951,2693,3008,12277,16775,9584,13797,2693,2978,184
radixor-generalization-v1,4.2.0-6-g84e57fb,84e57fb27ae40913569e826858a8ebb07cf2ea01,dirty,126964f216a48d2164d136a490698301111aae7f050209ced21caf73f8c01fb8,CS_CZ,cs-cz-default,1.0.0,62afdaa6dc7a721b54a0dc278a0c648a63ad52a34a412d27b5b52fbcde9c1ce4,7046029254386353131,60,3068,5113,2045,50579,56612,40935,46563,9644,10049,16823,22776,13195,18759,3628,4017,16823,22575,13195,18588,3628,3987,201
radixor-generalization-v1,4.2.0-6-g84e57fb,84e57fb27ae40913569e826858a8ebb07cf2ea01,dirty,126964f216a48d2164d136a490698301111aae7f050209ced21caf73f8c01fb8,CS_CZ,cs-cz-default,1.0.0,62afdaa6dc7a721b54a0dc278a0c648a63ad52a34a412d27b5b52fbcde9c1ce4,7046029254386353131,50,2557,5113,2556,49044,56612,39462,46563,9582,10049,21145,28650,16581,23631,4564,5019,21145,28471,16581,23482,4564,4989,179
radixor-generalization-v1,4.2.0-6-g84e57fb,84e57fb27ae40913569e826858a8ebb07cf2ea01,dirty,126964f216a48d2164d136a490698301111aae7f050209ced21caf73f8c01fb8,CS_CZ,cs-cz-default,1.0.0,62afdaa6dc7a721b54a0dc278a0c648a63ad52a34a412d27b5b52fbcde9c1ce4,7046029254386353131,40,2045,5113,3068,47331,56612,37863,46563,9468,10049,24975,34221,19529,28198,5446,6023,24975,34095,19529,28092,5446,6003,126
radixor-generalization-v1,4.2.0-6-g84e57fb,84e57fb27ae40913569e826858a8ebb07cf2ea01,dirty,126964f216a48d2164d136a490698301111aae7f050209ced21caf73f8c01fb8,CS_CZ,cs-cz-default,1.0.0,62afdaa6dc7a721b54a0dc278a0c648a63ad52a34a412d27b5b52fbcde9c1ce4,7046029254386353131,30,1534,5113,3579,45891,56612,36595,46563,9296,10049,29222,39923,22945,32893,6277,7030,29222,39804,22945,32790,6277,7014,119
radixor-generalization-v1,4.2.0-6-g84e57fb,84e57fb27ae40913569e826858a8ebb07cf2ea01,dirty,126964f216a48d2164d136a490698301111aae7f050209ced21caf73f8c01fb8,CS_CZ,cs-cz-default,1.0.0,62afdaa6dc7a721b54a0dc278a0c648a63ad52a34a412d27b5b52fbcde9c1ce4,7046029254386353131,20,1023,5113,4090,43852,56612,34679,46563,9173,10049,32593,45350,25433,37314,7160,8036,32593,45236,25433,37212,7160,8024,114
radixor-generalization-v1,4.2.0-6-g84e57fb,84e57fb27ae40913569e826858a8ebb07cf2ea01,dirty,126964f216a48d2164d136a490698301111aae7f050209ced21caf73f8c01fb8,CS_CZ,cs-cz-default,1.0.0,62afdaa6dc7a721b54a0dc278a0c648a63ad52a34a412d27b5b52fbcde9c1ce4,7046029254386353131,10,511,5113,4602,41247,56612,32049,46563,9198,10049,35541,50904,27353,41865,8188,9039,35541,50830,27353,41799,8188,9031,74
radixor-generalization-v1,4.2.0-6-g84e57fb,84e57fb27ae40913569e826858a8ebb07cf2ea01,dirty,126964f216a48d2164d136a490698301111aae7f050209ced21caf73f8c01fb8,CS_CZ,cs-cz-default,1.0.0,62afdaa6dc7a721b54a0dc278a0c648a63ad52a34a412d27b5b52fbcde9c1ce4,2611923443488327891,100,5113,5113,0,56309,56612,46302,46563,10007,10049,0,0,0,0,0,0,0,0,0,0,0,0,0
radixor-generalization-v1,4.2.0-6-g84e57fb,84e57fb27ae40913569e826858a8ebb07cf2ea01,dirty,126964f216a48d2164d136a490698301111aae7f050209ced21caf73f8c01fb8,CS_CZ,cs-cz-default,1.0.0,62afdaa6dc7a721b54a0dc278a0c648a63ad52a34a412d27b5b52fbcde9c1ce4,2611923443488327891,90,4602,5113,511,54765,56612,44851,46563,9914,10049,4246,5842,3358,4841,888,1001,4246,5795,3358,4804,888,991,47
radixor-generalization-v1,4.2.0-6-g84e57fb,84e57fb27ae40913569e826858a8ebb07cf2ea01,dirty,126964f216a48d2164d136a490698301111aae7f050209ced21caf73f8c01fb8,CS_CZ,cs-cz-default,1.0.0,62afdaa6dc7a721b54a0dc278a0c648a63ad52a34a412d27b5b52fbcde9c1ce4,2611923443488327891,80,4090,5113,1023,53356,56612,43507,46563,9849,10049,8511,11578,6692,9575,1819,2003,8511,11470,6692,9489,1819,1981,108
radixor-generalization-v1,4.2.0-6-g84e57fb,84e57fb27ae40913569e826858a8ebb07cf2ea01,dirty,126964f216a48d2164d136a490698301111aae7f050209ced21caf73f8c01fb8,CS_CZ,cs-cz-default,1.0.0,62afdaa6dc7a721b54a0dc278a0c648a63ad52a34a412d27b5b52fbcde9c1ce4,2611923443488327891,70,3579,5113,1534,51836,56612,42087,46563,9749,10049,12522,17155,9798,14145,2724,3010,12522,17014,9798,14034,2724,2980,141
radixor-generalization-v1,4.2.0-6-g84e57fb,84e57fb27ae40913569e826858a8ebb07cf2ea01,dirty,126964f216a48d2164d136a490698301111aae7f050209ced21caf73f8c01fb8,CS_CZ,cs-cz-default,1.0.0,62afdaa6dc7a721b54a0dc278a0c648a63ad52a34a412d27b5b52fbcde9c1ce4,2611923443488327891,60,3068,5113,2045,50386,56612,40712,46563,9674,10049,16559,22679,12908,18665,3651,4014,16559,22542,12908,18564,3651,3978,137
radixor-generalization-v1,4.2.0-6-g84e57fb,84e57fb27ae40913569e826858a8ebb07cf2ea01,dirty,126964f216a48d2164d136a490698301111aae7f050209ced21caf73f8c01fb8,CS_CZ,cs-cz-default,1.0.0,62afdaa6dc7a721b54a0dc278a0c648a63ad52a34a412d27b5b52fbcde9c1ce4,2611923443488327891,50,2557,5113,2556,48994,56612,39410,46563,9584,10049,20801,28325,16241,23308,4560,5017,20801,28204,16241,23219,4560,4985,121
radixor-generalization-v1,4.2.0-6-g84e57fb,84e57fb27ae40913569e826858a8ebb07cf2ea01,dirty,126964f216a48d2164d136a490698301111aae7f050209ced21caf73f8c01fb8,CS_CZ,cs-cz-default,1.0.0,62afdaa6dc7a721b54a0dc278a0c648a63ad52a34a412d27b5b52fbcde9c1ce4,2611923443488327891,40,2045,5113,3068,47919,56612,38436,46563,9483,10049,25437,34090,19974,28063,5463,6027,25437,33990,19974,27995,5463,5995,100
radixor-generalization-v1,4.2.0-6-g84e57fb,84e57fb27ae40913569e826858a8ebb07cf2ea01,dirty,126964f216a48d2164d136a490698301111aae7f050209ced21caf73f8c01fb8,CS_CZ,cs-cz-default,1.0.0,62afdaa6dc7a721b54a0dc278a0c648a63ad52a34a412d27b5b52fbcde9c1ce4,2611923443488327891,30,1534,5113,3579,46233,56612,36869,46563,9364,10049,29394,39762,23045,32728,6349,7034,29394,39666,23045,32656,6349,7010,96
radixor-generalization-v1,4.2.0-6-g84e57fb,84e57fb27ae40913569e826858a8ebb07cf2ea01,dirty,126964f216a48d2164d136a490698301111aae7f050209ced21caf73f8c01fb8,CS_CZ,cs-cz-default,1.0.0,62afdaa6dc7a721b54a0dc278a0c648a63ad52a34a412d27b5b52fbcde9c1ce4,2611923443488327891,20,1023,5113,4090,44037,56612,34846,46563,9191,10049,32762,45334,25580,37294,7182,8040,32762,45244,25580,37220,7182,8024,90
radixor-generalization-v1,4.2.0-6-g84e57fb,84e57fb27ae40913569e826858a8ebb07cf2ea01,dirty,126964f216a48d2164d136a490698301111aae7f050209ced21caf73f8c01fb8,CS_CZ,cs-cz-default,1.0.0,62afdaa6dc7a721b54a0dc278a0c648a63ad52a34a412d27b5b52fbcde9c1ce4,2611923443488327891,10,511,5113,4602,41354,56612,32337,46563,9017,10049,35700,50957,27689,41914,8011,9043,35700,50883,27689,41850,8011,9033,74
radixor-generalization-v1,4.2.0-6-g84e57fb,84e57fb27ae40913569e826858a8ebb07cf2ea01,dirty,126964f216a48d2164d136a490698301111aae7f050209ced21caf73f8c01fb8,CS_CZ,cs-cz-default,1.0.0,62afdaa6dc7a721b54a0dc278a0c648a63ad52a34a412d27b5b52fbcde9c1ce4,15111065706836454659,100,5113,5113,0,56309,56612,46302,46563,10007,10049,0,0,0,0,0,0,0,0,0,0,0,0,0
radixor-generalization-v1,4.2.0-6-g84e57fb,84e57fb27ae40913569e826858a8ebb07cf2ea01,dirty,126964f216a48d2164d136a490698301111aae7f050209ced21caf73f8c01fb8,CS_CZ,cs-cz-default,1.0.0,62afdaa6dc7a721b54a0dc278a0c648a63ad52a34a412d27b5b52fbcde9c1ce4,15111065706836454659,90,4602,5113,511,54976,56612,45055,46563,9921,10049,4137,5548,3235,4548,902,1000,4137,5479,3235,4491,902,988,69
radixor-generalization-v1,4.2.0-6-g84e57fb,84e57fb27ae40913569e826858a8ebb07cf2ea01,dirty,126964f216a48d2164d136a490698301111aae7f050209ced21caf73f8c01fb8,CS_CZ,cs-cz-default,1.0.0,62afdaa6dc7a721b54a0dc278a0c648a63ad52a34a412d27b5b52fbcde9c1ce4,15111065706836454659,80,4090,5113,1023,53566,56612,43751,46563,9815,10049,8332,11269,6545,9270,1787,1999,8332,11080,6545,9113,1787,1967,189
radixor-generalization-v1,4.2.0-6-g84e57fb,84e57fb27ae40913569e826858a8ebb07cf2ea01,dirty,126964f216a48d2164d136a490698301111aae7f050209ced21caf73f8c01fb8,CS_CZ,cs-cz-default,1.0.0,62afdaa6dc7a721b54a0dc278a0c648a63ad52a34a412d27b5b52fbcde9c1ce4,15111065706836454659,70,3579,5113,1534,52301,56612,42586,46563,9715,10049,12720,16964,10039,13959,2681,3005,12720,16761,10039,13798,2681,2963,203
radixor-generalization-v1,4.2.0-6-g84e57fb,84e57fb27ae40913569e826858a8ebb07cf2ea01,dirty,126964f216a48d2164d136a490698301111aae7f050209ced21caf73f8c01fb8,CS_CZ,cs-cz-default,1.0.0,62afdaa6dc7a721b54a0dc278a0c648a63ad52a34a412d27b5b52fbcde9c1ce4,15111065706836454659,60,3068,5113,2045,50561,56612,40992,46563,9569,10049,16449,22441,12916,18436,3533,4005,16449,22245,12916,18284,3533,3961,196
radixor-generalization-v1,4.2.0-6-g84e57fb,84e57fb27ae40913569e826858a8ebb07cf2ea01,dirty,126964f216a48d2164d136a490698301111aae7f050209ced21caf73f8c01fb8,CS_CZ,cs-cz-default,1.0.0,62afdaa6dc7a721b54a0dc278a0c648a63ad52a34a412d27b5b52fbcde9c1ce4,15111065706836454659,50,2557,5113,2556,49129,56612,39665,46563,9464,10049,20717,28158,16290,23154,4427,5004,20717,27991,16290,23027,4427,4964,167
radixor-generalization-v1,4.2.0-6-g84e57fb,84e57fb27ae40913569e826858a8ebb07cf2ea01,dirty,126964f216a48d2164d136a490698301111aae7f050209ced21caf73f8c01fb8,CS_CZ,cs-cz-default,1.0.0,62afdaa6dc7a721b54a0dc278a0c648a63ad52a34a412d27b5b52fbcde9c1ce4,15111065706836454659,40,2045,5113,3068,47801,56612,38392,46563,9409,10049,24819,33601,19441,27587,5378,6014,24819,33438,19441,27456,5378,5982,163
radixor-generalization-v1,4.2.0-6-g84e57fb,84e57fb27ae40913569e826858a8ebb07cf2ea01,dirty,126964f216a48d2164d136a490698301111aae7f050209ced21caf73f8c01fb8,CS_CZ,cs-cz-default,1.0.0,62afdaa6dc7a721b54a0dc278a0c648a63ad52a34a412d27b5b52fbcde9c1ce4,15111065706836454659,30,1534,5113,3579,46017,56612,36761,46563,9256,10049,28745,39324,22517,32303,6228,7021,28745,39202,22517,32207,6228,6995,122
radixor-generalization-v1,4.2.0-6-g84e57fb,84e57fb27ae40913569e826858a8ebb07cf2ea01,dirty,126964f216a48d2164d136a490698301111aae7f050209ced21caf73f8c01fb8,CS_CZ,cs-cz-default,1.0.0,62afdaa6dc7a721b54a0dc278a0c648a63ad52a34a412d27b5b52fbcde9c1ce4,15111065706836454659,20,1023,5113,4090,43900,56612,34691,46563,9209,10049,32402,45110,25209,37077,7193,8033,32402,45001,25209,36988,7193,8013,109
radixor-generalization-v1,4.2.0-6-g84e57fb,84e57fb27ae40913569e826858a8ebb07cf2ea01,dirty,126964f216a48d2164d136a490698301111aae7f050209ced21caf73f8c01fb8,CS_CZ,cs-cz-default,1.0.0,62afdaa6dc7a721b54a0dc278a0c648a63ad52a34a412d27b5b52fbcde9c1ce4,15111065706836454659,10,511,5113,4602,41641,56612,32548,46563,9093,10049,36057,51026,27974,41987,8083,9039,36057,50991,27974,41958,8083,9033,35
radixor-generalization-v1,4.2.0-6-g84e57fb,84e57fb27ae40913569e826858a8ebb07cf2ea01,dirty,126964f216a48d2164d136a490698301111aae7f050209ced21caf73f8c01fb8,DA_DK,da-dk-default,1.0.0,3f7b670a0e7b872bda0381f5154ce058a4656297b39b7157b4ccf6560257cb90,2654435761,100,4179,4179,0,32053,32256,23787,23900,8266,8356,0,0,0,0,0,0,0,0,0,0,0,0,0
radixor-generalization-v1,4.2.0-6-g84e57fb,84e57fb27ae40913569e826858a8ebb07cf2ea01,dirty,126964f216a48d2164d136a490698301111aae7f050209ced21caf73f8c01fb8,DA_DK,da-dk-default,1.0.0,3f7b670a0e7b872bda0381f5154ce058a4656297b39b7157b4ccf6560257cb90,2654435761,90,3761,4179,418,31228,32256,23006,23900,8222,8356,2386,3254,1612,2418,774,836,2386,3216,1612,2388,774,828,38
radixor-generalization-v1,4.2.0-6-g84e57fb,84e57fb27ae40913569e826858a8ebb07cf2ea01,dirty,126964f216a48d2164d136a490698301111aae7f050209ced21caf73f8c01fb8,DA_DK,da-dk-default,1.0.0,3f7b670a0e7b872bda0381f5154ce058a4656297b39b7157b4ccf6560257cb90,2654435761,80,3343,4179,836,30436,32256,22260,23900,8176,8356,4716,6411,3164,4739,1552,1672,4716,6352,3164,4692,1552,1660,59
radixor-generalization-v1,4.2.0-6-g84e57fb,84e57fb27ae40913569e826858a8ebb07cf2ea01,dirty,126964f216a48d2164d136a490698301111aae7f050209ced21caf73f8c01fb8,DA_DK,da-dk-default,1.0.0,3f7b670a0e7b872bda0381f5154ce058a4656297b39b7157b4ccf6560257cb90,2654435761,70,2925,4179,1254,29469,32256,21367,23900,8102,8356,6941,9627,4639,7119,2302,2508,6941,9551,4639,7061,2302,2490,76
radixor-generalization-v1,4.2.0-6-g84e57fb,84e57fb27ae40913569e826858a8ebb07cf2ea01,dirty,126964f216a48d2164d136a490698301111aae7f050209ced21caf73f8c01fb8,DA_DK,da-dk-default,1.0.0,3f7b670a0e7b872bda0381f5154ce058a4656297b39b7157b4ccf6560257cb90,2654435761,60,2507,4179,1672,28572,32256,20544,23900,8028,8356,9246,12853,6192,9509,3054,3344,9246,12764,6192,9442,3054,3322,89
radixor-generalization-v1,4.2.0-6-g84e57fb,84e57fb27ae40913569e826858a8ebb07cf2ea01,dirty,126964f216a48d2164d136a490698301111aae7f050209ced21caf73f8c01fb8,DA_DK,da-dk-default,1.0.0,3f7b670a0e7b872bda0381f5154ce058a4656297b39b7157b4ccf6560257cb90,2654435761,50,2090,4179,2089,27454,32256,19536,23900,7918,8356,11355,16105,7584,11928,3771,4177,11355,16019,7584,11864,3771,4155,86
radixor-generalization-v1,4.2.0-6-g84e57fb,84e57fb27ae40913569e826858a8ebb07cf2ea01,dirty,126964f216a48d2164d136a490698301111aae7f050209ced21caf73f8c01fb8,DA_DK,da-dk-default,1.0.0,3f7b670a0e7b872bda0381f5154ce058a4656297b39b7157b4ccf6560257cb90,2654435761,40,1672,4179,2507,26270,32256,18436,23900,7834,8356,13415,19365,8902,14352,4513,5013,13415,19293,8902,14296,4513,4997,72
radixor-generalization-v1,4.2.0-6-g84e57fb,84e57fb27ae40913569e826858a8ebb07cf2ea01,dirty,126964f216a48d2164d136a490698301111aae7f050209ced21caf73f8c01fb8,DA_DK,da-dk-default,1.0.0,3f7b670a0e7b872bda0381f5154ce058a4656297b39b7157b4ccf6560257cb90,2654435761,30,1254,4179,2925,25017,32256,17277,23900,7740,8356,15388,22606,10144,16758,5244,5848,15388,22532,10144,16702,5244,5830,74
radixor-generalization-v1,4.2.0-6-g84e57fb,84e57fb27ae40913569e826858a8ebb07cf2ea01,dirty,126964f216a48d2164d136a490698301111aae7f050209ced21caf73f8c01fb8,DA_DK,da-dk-default,1.0.0,3f7b670a0e7b872bda0381f5154ce058a4656297b39b7157b4ccf6560257cb90,2654435761,20,836,4179,3343,23504,32256,15878,23900,7626,8356,17069,25812,11109,19128,5960,6684,17069,25751,11109,19081,5960,6670,61
radixor-generalization-v1,4.2.0-6-g84e57fb,84e57fb27ae40913569e826858a8ebb07cf2ea01,dirty,126964f216a48d2164d136a490698301111aae7f050209ced21caf73f8c01fb8,DA_DK,da-dk-default,1.0.0,3f7b670a0e7b872bda0381f5154ce058a4656297b39b7157b4ccf6560257cb90,2654435761,10,418,4179,3761,20917,32256,13327,23900,7590,8356,17760,29099,11006,21579,6754,7520,17760,29065,11006,21557,6754,7508,34
radixor-generalization-v1,4.2.0-6-g84e57fb,84e57fb27ae40913569e826858a8ebb07cf2ea01,dirty,126964f216a48d2164d136a490698301111aae7f050209ced21caf73f8c01fb8,DA_DK,da-dk-default,1.0.0,3f7b670a0e7b872bda0381f5154ce058a4656297b39b7157b4ccf6560257cb90,11400714819323198485,100,4179,4179,0,32053,32256,23787,23900,8266,8356,0,0,0,0,0,0,0,0,0,0,0,0,0
radixor-generalization-v1,4.2.0-6-g84e57fb,84e57fb27ae40913569e826858a8ebb07cf2ea01,dirty,126964f216a48d2164d136a490698301111aae7f050209ced21caf73f8c01fb8,DA_DK,da-dk-default,1.0.0,3f7b670a0e7b872bda0381f5154ce058a4656297b39b7157b4ccf6560257cb90,11400714819323198485,90,3761,4179,418,31249,32256,23027,23900,8222,8356,2392,3227,1614,2391,778,836,2392,3203,1614,2375,778,828,24
radixor-generalization-v1,4.2.0-6-g84e57fb,84e57fb27ae40913569e826858a8ebb07cf2ea01,dirty,126964f216a48d2164d136a490698301111aae7f050209ced21caf73f8c01fb8,DA_DK,da-dk-default,1.0.0,3f7b670a0e7b872bda0381f5154ce058a4656297b39b7157b4ccf6560257cb90,11400714819323198485,80,3343,4179,836,30402,32256,22238,23900,8164,8356,4751,6457,3209,4785,1542,1672,4751,6419,3209,4757,1542,1662,38
radixor-generalization-v1,4.2.0-6-g84e57fb,84e57fb27ae40913569e826858a8ebb07cf2ea01,dirty,126964f216a48d2164d136a490698301111aae7f050209ced21caf73f8c01fb8,DA_DK,da-dk-default,1.0.0,3f7b670a0e7b872bda0381f5154ce058a4656297b39b7157b4ccf6560257cb90,11400714819323198485,70,2925,4179,1254,29587,32256,21483,23900,8104,8356,7126,9688,4819,7181,2307,2507,7126,9622,4819,7131,2307,2491,66
radixor-generalization-v1,4.2.0-6-g84e57fb,84e57fb27ae40913569e826858a8ebb07cf2ea01,dirty,126964f216a48d2164d136a490698301111aae7f050209ced21caf73f8c01fb8,DA_DK,da-dk-default,1.0.0,3f7b670a0e7b872bda0381f5154ce058a4656297b39b7157b4ccf6560257cb90,11400714819323198485,60,2507,4179,1672,28544,32256,20524,23900,8020,8356,9310,12933,6261,9590,3049,3343,9310,12858,6261,9533,3049,3325,75
radixor-generalization-v1,4.2.0-6-g84e57fb,84e57fb27ae40913569e826858a8ebb07cf2ea01,dirty,126964f216a48d2164d136a490698301111aae7f050209ced21caf73f8c01fb8,DA_DK,da-dk-default,1.0.0,3f7b670a0e7b872bda0381f5154ce058a4656297b39b7157b4ccf6560257cb90,11400714819323198485,50,2090,4179,2089,27431,32256,19519,23900,7912,8356,11338,16102,7577,11925,3761,4177,11338,16016,7577,11863,3761,4153,86
radixor-generalization-v1,4.2.0-6-g84e57fb,84e57fb27ae40913569e826858a8ebb07cf2ea01,dirty,126964f216a48d2164d136a490698301111aae7f050209ced21caf73f8c01fb8,DA_DK,da-dk-default,1.0.0,3f7b670a0e7b872bda0381f5154ce058a4656297b39b7157b4ccf6560257cb90,11400714819323198485,40,1672,4179,2507,26206,32256,18378,23900,7828,8356,13332,19351,8833,14338,4499,5013,13332,19264,8833,14271,4499,4993,87
radixor-generalization-v1,4.2.0-6-g84e57fb,84e57fb27ae40913569e826858a8ebb07cf2ea01,dirty,126964f216a48d2164d136a490698301111aae7f050209ced21caf73f8c01fb8,DA_DK,da-dk-default,1.0.0,3f7b670a0e7b872bda0381f5154ce058a4656297b39b7157b4ccf6560257cb90,11400714819323198485,30,1254,4179,2925,24749,32256,17047,23900,7702,8356,15108,22600,9903,16751,5205,5849,15108,22517,9903,16688,5205,5829,83
radixor-generalization-v1,4.2.0-6-g84e57fb,84e57fb27ae40913569e826858a8ebb07cf2ea01,dirty,126964f216a48d2164d136a490698301111aae7f050209ced21caf73f8c01fb8,DA_DK,da-dk-default,1.0.0,3f7b670a0e7b872bda0381f5154ce058a4656297b39b7157b4ccf6560257cb90,11400714819323198485,20,836,4179,3343,23100,32256,15544,23900,7556,8356,16663,25811,10773,19127,5890,6684,16663,25758,10773,19086,5890,6672,53
radixor-generalization-v1,4.2.0-6-g84e57fb,84e57fb27ae40913569e826858a8ebb07cf2ea01,dirty,126964f216a48d2164d136a490698301111aae7f050209ced21caf73f8c01fb8,DA_DK,da-dk-default,1.0.0,3f7b670a0e7b872bda0381f5154ce058a4656297b39b7157b4ccf6560257cb90,11400714819323198485,10,418,4179,3761,20591,32256,13125,23900,7466,8356,17384,29046,10752,21526,6632,7520,17384,29022,10752,21506,6632,7516,24
radixor-generalization-v1,4.2.0-6-g84e57fb,84e57fb27ae40913569e826858a8ebb07cf2ea01,dirty,126964f216a48d2164d136a490698301111aae7f050209ced21caf73f8c01fb8,DA_DK,da-dk-default,1.0.0,3f7b670a0e7b872bda0381f5154ce058a4656297b39b7157b4ccf6560257cb90,7046029254386353131,100,4179,4179,0,32053,32256,23787,23900,8266,8356,0,0,0,0,0,0,0,0,0,0,0,0,0
radixor-generalization-v1,4.2.0-6-g84e57fb,84e57fb27ae40913569e826858a8ebb07cf2ea01,dirty,126964f216a48d2164d136a490698301111aae7f050209ced21caf73f8c01fb8,DA_DK,da-dk-default,1.0.0,3f7b670a0e7b872bda0381f5154ce058a4656297b39b7157b4ccf6560257cb90,7046029254386353131,90,3761,4179,418,31203,32256,22993,23900,8210,8356,2404,3299,1641,2464,763,835,2404,3257,1641,2432,763,825,42
radixor-generalization-v1,4.2.0-6-g84e57fb,84e57fb27ae40913569e826858a8ebb07cf2ea01,dirty,126964f216a48d2164d136a490698301111aae7f050209ced21caf73f8c01fb8,DA_DK,da-dk-default,1.0.0,3f7b670a0e7b872bda0381f5154ce058a4656297b39b7157b4ccf6560257cb90,7046029254386353131,80,3343,4179,836,30374,32256,22218,23900,8156,8356,4840,6594,3313,4923,1527,1671,4840,6535,3313,4882,1527,1653,59
radixor-generalization-v1,4.2.0-6-g84e57fb,84e57fb27ae40913569e826858a8ebb07cf2ea01,dirty,126964f216a48d2164d136a490698301111aae7f050209ced21caf73f8c01fb8,DA_DK,da-dk-default,1.0.0,3f7b670a0e7b872bda0381f5154ce058a4656297b39b7157b4ccf6560257cb90,7046029254386353131,70,2925,4179,1254,29442,32256,21374,23900,8068,8356,7095,9807,4832,7300,2263,2507,7095,9735,4832,7250,2263,2485,72
radixor-generalization-v1,4.2.0-6-g84e57fb,84e57fb27ae40913569e826858a8ebb07cf2ea01,dirty,126964f216a48d2164d136a490698301111aae7f050209ced21caf73f8c01fb8,DA_DK,da-dk-default,1.0.0,3f7b670a0e7b872bda0381f5154ce058a4656297b39b7157b4ccf6560257cb90,7046029254386353131,60,2507,4179,1672,28592,32256,20622,23900,7970,8356,9440,13042,6456,9700,2984,3342,9440,12943,6456,9627,2984,3316,99
radixor-generalization-v1,4.2.0-6-g84e57fb,84e57fb27ae40913569e826858a8ebb07cf2ea01,dirty,126964f216a48d2164d136a490698301111aae7f050209ced21caf73f8c01fb8,DA_DK,da-dk-default,1.0.0,3f7b670a0e7b872bda0381f5154ce058a4656297b39b7157b4ccf6560257cb90,7046029254386353131,50,2090,4179,2089,27559,32256,19689,23900,7870,8356,11566,16224,7854,12048,3712,4176,11566,16114,7854,11966,3712,4148,110
radixor-generalization-v1,4.2.0-6-g84e57fb,84e57fb27ae40913569e826858a8ebb07cf2ea01,dirty,126964f216a48d2164d136a490698301111aae7f050209ced21caf73f8c01fb8,DA_DK,da-dk-default,1.0.0,3f7b670a0e7b872bda0381f5154ce058a4656297b39b7157b4ccf6560257cb90,7046029254386353131,40,1672,4179,2507,26412,32256,18616,23900,7796,8356,13620,19444,9152,14432,4468,5012,13620,19333,9152,14349,4468,4984,111
radixor-generalization-v1,4.2.0-6-g84e57fb,84e57fb27ae40913569e826858a8ebb07cf2ea01,dirty,126964f216a48d2164d136a490698301111aae7f050209ced21caf73f8c01fb8,DA_DK,da-dk-default,1.0.0,3f7b670a0e7b872bda0381f5154ce058a4656297b39b7157b4ccf6560257cb90,7046029254386353131,30,1254,4179,2925,25001,32256,17293,23900,7708,8356,15468,22710,10258,16862,5210,5848,15468,22642,10258,16810,5210,5832,68
radixor-generalization-v1,4.2.0-6-g84e57fb,84e57fb27ae40913569e826858a8ebb07cf2ea01,dirty,126964f216a48d2164d136a490698301111aae7f050209ced21caf73f8c01fb8,DA_DK,da-dk-default,1.0.0,3f7b670a0e7b872bda0381f5154ce058a4656297b39b7157b4ccf6560257cb90,7046029254386353131,20,836,4179,3343,23318,32256,15698,23900,7620,8356,17000,25935,11050,19251,5950,6684,17000,25867,11050,19199,5950,6668,68
radixor-generalization-v1,4.2.0-6-g84e57fb,84e57fb27ae40913569e826858a8ebb07cf2ea01,dirty,126964f216a48d2164d136a490698301111aae7f050209ced21caf73f8c01fb8,DA_DK,da-dk-default,1.0.0,3f7b670a0e7b872bda0381f5154ce058a4656297b39b7157b4ccf6560257cb90,7046029254386353131,10,418,4179,3761,21017,32256,13604,23900,7413,8356,17859,29098,11282,21578,6577,7520,17859,29078,11282,21562,6577,7516,20
radixor-generalization-v1,4.2.0-6-g84e57fb,84e57fb27ae40913569e826858a8ebb07cf2ea01,dirty,126964f216a48d2164d136a490698301111aae7f050209ced21caf73f8c01fb8,DA_DK,da-dk-default,1.0.0,3f7b670a0e7b872bda0381f5154ce058a4656297b39b7157b4ccf6560257cb90,2611923443488327891,100,4179,4179,0,32053,32256,23787,23900,8266,8356,0,0,0,0,0,0,0,0,0,0,0,0,0
radixor-generalization-v1,4.2.0-6-g84e57fb,84e57fb27ae40913569e826858a8ebb07cf2ea01,dirty,126964f216a48d2164d136a490698301111aae7f050209ced21caf73f8c01fb8,DA_DK,da-dk-default,1.0.0,3f7b670a0e7b872bda0381f5154ce058a4656297b39b7157b4ccf6560257cb90,2611923443488327891,90,3761,4179,418,31255,32256,23057,23900,8198,8356,2430,3274,1674,2438,756,836,2430,3232,1674,2400,756,832,42
radixor-generalization-v1,4.2.0-6-g84e57fb,84e57fb27ae40913569e826858a8ebb07cf2ea01,dirty,126964f216a48d2164d136a490698301111aae7f050209ced21caf73f8c01fb8,DA_DK,da-dk-default,1.0.0,3f7b670a0e7b872bda0381f5154ce058a4656297b39b7157b4ccf6560257cb90,2611923443488327891,80,3343,4179,836,30341,32256,22227,23900,8114,8356,4745,6522,3247,4850,1498,1672,4745,6474,3247,4812,1498,1662,48
radixor-generalization-v1,4.2.0-6-g84e57fb,84e57fb27ae40913569e826858a8ebb07cf2ea01,dirty,126964f216a48d2164d136a490698301111aae7f050209ced21caf73f8c01fb8,DA_DK,da-dk-default,1.0.0,3f7b670a0e7b872bda0381f5154ce058a4656297b39b7157b4ccf6560257cb90,2611923443488327891,70,2925,4179,1254,29519,32256,21471,23900,8048,8356,7122,9751,4876,7243,2246,2508,7122,9689,4876,7201,2246,2488,62
radixor-generalization-v1,4.2.0-6-g84e57fb,84e57fb27ae40913569e826858a8ebb07cf2ea01,dirty,126964f216a48d2164d136a490698301111aae7f050209ced21caf73f8c01fb8,DA_DK,da-dk-default,1.0.0,3f7b670a0e7b872bda0381f5154ce058a4656297b39b7157b4ccf6560257cb90,2611923443488327891,60,2507,4179,1672,28546,32256,20558,23900,7988,8356,9319,12952,6305,9608,3014,3344,9319,12878,6305,9550,3014,3328,74
radixor-generalization-v1,4.2.0-6-g84e57fb,84e57fb27ae40913569e826858a8ebb07cf2ea01,dirty,126964f216a48d2164d136a490698301111aae7f050209ced21caf73f8c01fb8,DA_DK,da-dk-default,1.0.0,3f7b670a0e7b872bda0381f5154ce058a4656297b39b7157b4ccf6560257cb90,2611923443488327891,50,2090,4179,2089,27615,32256,19741,23900,7874,8356,11609,16197,7887,12019,3722,4178,11609,16120,7887,11962,3722,4158,77
radixor-generalization-v1,4.2.0-6-g84e57fb,84e57fb27ae40913569e826858a8ebb07cf2ea01,dirty,126964f216a48d2164d136a490698301111aae7f050209ced21caf73f8c01fb8,DA_DK,da-dk-default,1.0.0,3f7b670a0e7b872bda0381f5154ce058a4656297b39b7157b4ccf6560257cb90,2611923443488327891,40,1672,4179,2507,26513,32256,18739,23900,7774,8356,13727,19445,9281,14431,4446,5014,13727,19356,9281,14358,4446,4998,89
radixor-generalization-v1,4.2.0-6-g84e57fb,84e57fb27ae40913569e826858a8ebb07cf2ea01,dirty,126964f216a48d2164d136a490698301111aae7f050209ced21caf73f8c01fb8,DA_DK,da-dk-default,1.0.0,3f7b670a0e7b872bda0381f5154ce058a4656297b39b7157b4ccf6560257cb90,2611923443488327891,30,1254,4179,2925,25303,32256,17627,23900,7676,8356,15666,22609,10492,16759,5174,5850,15666,22553,10492,16719,5174,5834,56
radixor-generalization-v1,4.2.0-6-g84e57fb,84e57fb27ae40913569e826858a8ebb07cf2ea01,dirty,126964f216a48d2164d136a490698301111aae7f050209ced21caf73f8c01fb8,DA_DK,da-dk-default,1.0.0,3f7b670a0e7b872bda0381f5154ce058a4656297b39b7157b4ccf6560257cb90,2611923443488327891,20,836,4179,3343,23558,32256,15974,23900,7584,8356,17112,25805,11197,19120,5915,6685,17112,25755,11197,19084,5915,6671,50
radixor-generalization-v1,4.2.0-6-g84e57fb,84e57fb27ae40913569e826858a8ebb07cf2ea01,dirty,126964f216a48d2164d136a490698301111aae7f050209ced21caf73f8c01fb8,DA_DK,da-dk-default,1.0.0,3f7b670a0e7b872bda0381f5154ce058a4656297b39b7157b4ccf6560257cb90,2611923443488327891,10,418,4179,3761,21288,32256,13826,23900,7462,8356,18061,29029,11435,21509,6626,7520,18061,29001,11435,21487,6626,7514,28
radixor-generalization-v1,4.2.0-6-g84e57fb,84e57fb27ae40913569e826858a8ebb07cf2ea01,dirty,126964f216a48d2164d136a490698301111aae7f050209ced21caf73f8c01fb8,DA_DK,da-dk-default,1.0.0,3f7b670a0e7b872bda0381f5154ce058a4656297b39b7157b4ccf6560257cb90,15111065706836454659,100,4179,4179,0,32053,32256,23787,23900,8266,8356,0,0,0,0,0,0,0,0,0,0,0,0,0
radixor-generalization-v1,4.2.0-6-g84e57fb,84e57fb27ae40913569e826858a8ebb07cf2ea01,dirty,126964f216a48d2164d136a490698301111aae7f050209ced21caf73f8c01fb8,DA_DK,da-dk-default,1.0.0,3f7b670a0e7b872bda0381f5154ce058a4656297b39b7157b4ccf6560257cb90,15111065706836454659,90,3761,4179,418,31191,32256,22975,23900,8216,8356,2387,3289,1623,2453,764,836,2387,3254,1623,2430,764,824,35
radixor-generalization-v1,4.2.0-6-g84e57fb,84e57fb27ae40913569e826858a8ebb07cf2ea01,dirty,126964f216a48d2164d136a490698301111aae7f050209ced21caf73f8c01fb8,DA_DK,da-dk-default,1.0.0,3f7b670a0e7b872bda0381f5154ce058a4656297b39b7157b4ccf6560257cb90,15111065706836454659,80,3343,4179,836,30389,32256,22245,23900,8144,8356,4713,6460,3205,4788,1508,1672,4713,6387,3205,4739,1508,1648,73
radixor-generalization-v1,4.2.0-6-g84e57fb,84e57fb27ae40913569e826858a8ebb07cf2ea01,dirty,126964f216a48d2164d136a490698301111aae7f050209ced21caf73f8c01fb8,DA_DK,da-dk-default,1.0.0,3f7b670a0e7b872bda0381f5154ce058a4656297b39b7157b4ccf6560257cb90,15111065706836454659,70,2925,4179,1254,29497,32256,21425,23900,8072,8356,6962,9635,4704,7127,2258,2508,6962,9550,4704,7066,2258,2484,85
radixor-generalization-v1,4.2.0-6-g84e57fb,84e57fb27ae40913569e826858a8ebb07cf2ea01,dirty,126964f216a48d2164d136a490698301111aae7f050209ced21caf73f8c01fb8,DA_DK,da-dk-default,1.0.0,3f7b670a0e7b872bda0381f5154ce058a4656297b39b7157b4ccf6560257cb90,15111065706836454659,60,2507,4179,1672,28528,32256,20546,23900,7982,8356,9221,12875,6221,9531,3000,3344,9221,12785,6221,9463,3000,3322,90
radixor-generalization-v1,4.2.0-6-g84e57fb,84e57fb27ae40913569e826858a8ebb07cf2ea01,dirty,126964f216a48d2164d136a490698301111aae7f050209ced21caf73f8c01fb8,DA_DK,da-dk-default,1.0.0,3f7b670a0e7b872bda0381f5154ce058a4656297b39b7157b4ccf6560257cb90,15111065706836454659,50,2090,4179,2089,27525,32256,19593,23900,7932,8356,11485,16169,7713,11991,3772,4178,11485,16078,7713,11920,3772,4158,91
radixor-generalization-v1,4.2.0-6-g84e57fb,84e57fb27ae40913569e826858a8ebb07cf2ea01,dirty,126964f216a48d2164d136a490698301111aae7f050209ced21caf73f8c01fb8,DA_DK,da-dk-default,1.0.0,3f7b670a0e7b872bda0381f5154ce058a4656297b39b7157b4ccf6560257cb90,15111065706836454659,40,1672,4179,2507,26440,32256,18584,23900,7856,8356,13618,19396,9090,14382,4528,5014,13618,19316,9090,14316,4528,5000,80
radixor-generalization-v1,4.2.0-6-g84e57fb,84e57fb27ae40913569e826858a8ebb07cf2ea01,dirty,126964f216a48d2164d136a490698301111aae7f050209ced21caf73f8c01fb8,DA_DK,da-dk-default,1.0.0,3f7b670a0e7b872bda0381f5154ce058a4656297b39b7157b4ccf6560257cb90,15111065706836454659,30,1254,4179,2925,25061,32256,17309,23900,7752,8356,15441,22613,10185,16763,5256,5850,15441,22543,10185,16707,5256,5836,70
radixor-generalization-v1,4.2.0-6-g84e57fb,84e57fb27ae40913569e826858a8ebb07cf2ea01,dirty,126964f216a48d2164d136a490698301111aae7f050209ced21caf73f8c01fb8,DA_DK,da-dk-default,1.0.0,3f7b670a0e7b872bda0381f5154ce058a4656297b39b7157b4ccf6560257cb90,15111065706836454659,20,836,4179,3343,23365,32256,15685,23900,7680,8356,16923,25809,10910,19124,6013,6685,16923,25748,10910,19073,6013,6675,61
radixor-generalization-v1,4.2.0-6-g84e57fb,84e57fb27ae40913569e826858a8ebb07cf2ea01,dirty,126964f216a48d2164d136a490698301111aae7f050209ced21caf73f8c01fb8,DA_DK,da-dk-default,1.0.0,3f7b670a0e7b872bda0381f5154ce058a4656297b39b7157b4ccf6560257cb90,15111065706836454659,10,418,4179,3761,20872,32256,13320,23900,7552,8356,17671,29053,10952,21532,6719,7521,17671,29012,10952,21499,6719,7513,41
radixor-generalization-v1,4.2.0-6-g84e57fb,84e57fb27ae40913569e826858a8ebb07cf2ea01,dirty,126964f216a48d2164d136a490698301111aae7f050209ced21caf73f8c01fb8,DE_DE,de-de-default,1.0.0,cbfa038122823f02e4bdb54b0035492c356b6ecd80f11eb11290d7a7248a59f5,2654435761,100,54092,54092,0,308807,333036,225156,242501,83651,90535,0,0,0,0,0,0,0,0,0,0,0,0,0
radixor-generalization-v1,4.2.0-6-g84e57fb,84e57fb27ae40913569e826858a8ebb07cf2ea01,dirty,126964f216a48d2164d136a490698301111aae7f050209ced21caf73f8c01fb8,DE_DE,de-de-default,1.0.0,cbfa038122823f02e4bdb54b0035492c356b6ecd80f11eb11290d7a7248a59f5,2654435761,90,48683,54092,5409,299613,333036,216803,242501,82810,90535,19763,33423,12691,24373,7072,9050,18938,27967,12594,21116,6344,6851,5456
radixor-generalization-v1,4.2.0-6-g84e57fb,84e57fb27ae40913569e826858a8ebb07cf2ea01,dirty,126964f216a48d2164d136a490698301111aae7f050209ced21caf73f8c01fb8,DE_DE,de-de-default,1.0.0,cbfa038122823f02e4bdb54b0035492c356b6ecd80f11eb11290d7a7248a59f5,2654435761,80,43274,54092,10818,289960,333036,207782,242501,82178,90535,39908,67183,25386,49004,14522,18179,38386,57545,25227,43259,13159,14286,9638
radixor-generalization-v1,4.2.0-6-g84e57fb,84e57fb27ae40913569e826858a8ebb07cf2ea01,dirty,126964f216a48d2164d136a490698301111aae7f050209ced21caf73f8c01fb8,DE_DE,de-de-default,1.0.0,cbfa038122823f02e4bdb54b0035492c356b6ecd80f11eb11290d7a7248a59f5,2654435761,70,37864,54092,16228,279665,333036,197999,242501,81666,90535,59654,100936,37620,73729,22034,27207,57659,88107,37405,66030,20254,22077,12829
radixor-generalization-v1,4.2.0-6-g84e57fb,84e57fb27ae40913569e826858a8ebb07cf2ea01,dirty,126964f216a48d2164d136a490698301111aae7f050209ced21caf73f8c01fb8,DE_DE,de-de-default,1.0.0,cbfa038122823f02e4bdb54b0035492c356b6ecd80f11eb11290d7a7248a59f5,2654435761,60,32455,54092,21637,269909,333036,188600,242501,81309,90535,79691,133701,49915,97510,29776,36191,77351,119100,49625,88756,27726,30344,14601
radixor-generalization-v1,4.2.0-6-g84e57fb,84e57fb27ae40913569e826858a8ebb07cf2ea01,dirty,126964f216a48d2164d136a490698301111aae7f050209ced21caf73f8c01fb8,DE_DE,de-de-default,1.0.0,cbfa038122823f02e4bdb54b0035492c356b6ecd80f11eb11290d7a7248a59f5,2654435761,50,27046,54092,27046,259098,333036,178093,242501,81005,90535,99862,167442,62187,122232,37675,45210,97395,151983,61919,113002,35476,38981,15459
radixor-generalization-v1,4.2.0-6-g84e57fb,84e57fb27ae40913569e826858a8ebb07cf2ea01,dirty,126964f216a48d2164d136a490698301111aae7f050209ced21caf73f8c01fb8,DE_DE,de-de-default,1.0.0,cbfa038122823f02e4bdb54b0035492c356b6ecd80f11eb11290d7a7248a59f5,2654435761,40,21637,54092,32455,248651,333036,168258,242501,80393,90535,120191,200394,74734,146147,45457,54247,117755,185530,74459,137362,43296,48168,14864
radixor-generalization-v1,4.2.0-6-g84e57fb,84e57fb27ae40913569e826858a8ebb07cf2ea01,dirty,126964f216a48d2164d136a490698301111aae7f050209ced21caf73f8c01fb8,DE_DE,de-de-default,1.0.0,cbfa038122823f02e4bdb54b0035492c356b6ecd80f11eb11290d7a7248a59f5,2654435761,30,16228,54092,37864,238088,333036,158181,242501,79907,90535,140843,233444,87378,170132,53465,63312,138674,220314,87142,162410,51532,57904,13130
radixor-generalization-v1,4.2.0-6-g84e57fb,84e57fb27ae40913569e826858a8ebb07cf2ea01,dirty,126964f216a48d2164d136a490698301111aae7f050209ced21caf73f8c01fb8,DE_DE,de-de-default,1.0.0,cbfa038122823f02e4bdb54b0035492c356b6ecd80f11eb11290d7a7248a59f5,2654435761,20,10818,54092,43274,224855,333036,145507,242501,79348,90535,159656,266702,98056,194280,61600,72422,157974,256579,97869,188352,60105,68227,10123
radixor-generalization-v1,4.2.0-6-g84e57fb,84e57fb27ae40913569e826858a8ebb07cf2ea01,dirty,126964f216a48d2164d136a490698301111aae7f050209ced21caf73f8c01fb8,DE_DE,de-de-default,1.0.0,cbfa038122823f02e4bdb54b0035492c356b6ecd80f11eb11290d7a7248a59f5,2654435761,10,5409,54092,48683,206275,333036,128317,242501,77958,90535,173223,299672,104219,218183,69004,81489,172255,293909,104098,214795,68157,79114,5763
radixor-generalization-v1,4.2.0-6-g84e57fb,84e57fb27ae40913569e826858a8ebb07cf2ea01,dirty,126964f216a48d2164d136a490698301111aae7f050209ced21caf73f8c01fb8,DE_DE,de-de-default,1.0.0,cbfa038122823f02e4bdb54b0035492c356b6ecd80f11eb11290d7a7248a59f5,11400714819323198485,100,54092,54092,0,308807,333036,225156,242501,83651,90535,0,0,0,0,0,0,0,0,0,0,0,0,0
radixor-generalization-v1,4.2.0-6-g84e57fb,84e57fb27ae40913569e826858a8ebb07cf2ea01,dirty,126964f216a48d2164d136a490698301111aae7f050209ced21caf73f8c01fb8,DE_DE,de-de-default,1.0.0,cbfa038122823f02e4bdb54b0035492c356b6ecd80f11eb11290d7a7248a59f5,11400714819323198485,90,48683,54092,5409,299327,333036,216354,242501,82973,90535,20229,34200,13106,25178,7123,9022,19438,28873,13012,21972,6426,6901,5327
radixor-generalization-v1,4.2.0-6-g84e57fb,84e57fb27ae40913569e826858a8ebb07cf2ea01,dirty,126964f216a48d2164d136a490698301111aae7f050209ced21caf73f8c01fb8,DE_DE,de-de-default,1.0.0,cbfa038122823f02e4bdb54b0035492c356b6ecd80f11eb11290d7a7248a59f5,11400714819323198485,80,43274,54092,10818,289676,333036,207431,242501,82245,90535,39851,67312,25496,49270,14355,18042,38447,57788,25337,43606,13110,14182,9524
radixor-generalization-v1,4.2.0-6-g84e57fb,84e57fb27ae40913569e826858a8ebb07cf2ea01,dirty,126964f216a48d2164d136a490698301111aae7f050209ced21caf73f8c01fb8,DE_DE,de-de-default,1.0.0,cbfa038122823f02e4bdb54b0035492c356b6ecd80f11eb11290d7a7248a59f5,11400714819323198485,70,37864,54092,16228,279805,333036,198127,242501,81678,90535,59681,100548,37791,73452,21890,27096,57821,87895,37588,65878,20233,22017,12653
radixor-generalization-v1,4.2.0-6-g84e57fb,84e57fb27ae40913569e826858a8ebb07cf2ea01,dirty,126964f216a48d2164d136a490698301111aae7f050209ced21caf73f8c01fb8,DE_DE,de-de-default,1.0.0,cbfa038122823f02e4bdb54b0035492c356b6ecd80f11eb11290d7a7248a59f5,11400714819323198485,60,32455,54092,21637,269735,333036,188607,242501,81128,90535,79545,133547,49994,97390,29551,36157,77369,118916,49760,88675,27609,30241,14631
radixor-generalization-v1,4.2.0-6-g84e57fb,84e57fb27ae40913569e826858a8ebb07cf2ea01,dirty,126964f216a48d2164d136a490698301111aae7f050209ced21caf73f8c01fb8,DE_DE,de-de-default,1.0.0,cbfa038122823f02e4bdb54b0035492c356b6ecd80f11eb11290d7a7248a59f5,11400714819323198485,50,27046,54092,27046,259509,333036,178671,242501,80838,90535,99849,166815,62332,121597,37517,45218,97575,151337,62113,112323,35462,39014,15478
radixor-generalization-v1,4.2.0-6-g84e57fb,84e57fb27ae40913569e826858a8ebb07cf2ea01,dirty,126964f216a48d2164d136a490698301111aae7f050209ced21caf73f8c01fb8,DE_DE,de-de-default,1.0.0,cbfa038122823f02e4bdb54b0035492c356b6ecd80f11eb11290d7a7248a59f5,11400714819323198485,40,21637,54092,32455,248711,333036,168176,242501,80535,90535,119389,199378,73766,145070,45623,54308,117132,184273,73549,136086,43583,48187,15105
radixor-generalization-v1,4.2.0-6-g84e57fb,84e57fb27ae40913569e826858a8ebb07cf2ea01,dirty,126964f216a48d2164d136a490698301111aae7f050209ced21caf73f8c01fb8,DE_DE,de-de-default,1.0.0,cbfa038122823f02e4bdb54b0035492c356b6ecd80f11eb11290d7a7248a59f5,11400714819323198485,30,16228,54092,37864,237407,333036,157415,242501,79992,90535,139121,232240,85538,168859,53583,63381,137004,218522,85326,160740,51678,57782,13718
radixor-generalization-v1,4.2.0-6-g84e57fb,84e57fb27ae40913569e826858a8ebb07cf2ea01,dirty,126964f216a48d2164d136a490698301111aae7f050209ced21caf73f8c01fb8,DE_DE,de-de-default,1.0.0,cbfa038122823f02e4bdb54b0035492c356b6ecd80f11eb11290d7a7248a59f5,11400714819323198485,20,10818,54092,43274,222614,333036,142998,242501,79616,90535,156510,265840,94637,193358,61873,72482,154823,254963,94462,186930,60361,68033,10877
radixor-generalization-v1,4.2.0-6-g84e57fb,84e57fb27ae40913569e826858a8ebb07cf2ea01,dirty,126964f216a48d2164d136a490698301111aae7f050209ced21caf73f8c01fb8,DE_DE,de-de-default,1.0.0,cbfa038122823f02e4bdb54b0035492c356b6ecd80f11eb11290d7a7248a59f5,11400714819323198485,10,5409,54092,48683,205081,333036,127468,242501,77613,90535,171548,299209,102876,217680,68672,81529,170548,292941,102759,213966,67789,78975,6268
radixor-generalization-v1,4.2.0-6-g84e57fb,84e57fb27ae40913569e826858a8ebb07cf2ea01,dirty,126964f216a48d2164d136a490698301111aae7f050209ced21caf73f8c01fb8,DE_DE,de-de-default,1.0.0,cbfa038122823f02e4bdb54b0035492c356b6ecd80f11eb11290d7a7248a59f5,7046029254386353131,100,54092,54092,0,308807,333036,225156,242501,83651,90535,0,0,0,0,0,0,0,0,0,0,0,0,0
radixor-generalization-v1,4.2.0-6-g84e57fb,84e57fb27ae40913569e826858a8ebb07cf2ea01,dirty,126964f216a48d2164d136a490698301111aae7f050209ced21caf73f8c01fb8,DE_DE,de-de-default,1.0.0,cbfa038122823f02e4bdb54b0035492c356b6ecd80f11eb11290d7a7248a59f5,7046029254386353131,90,48683,54092,5409,299688,333036,216764,242501,82924,90535,19630,33111,12454,24018,7176,9093,18770,27836,12366,20921,6404,6915,5275
radixor-generalization-v1,4.2.0-6-g84e57fb,84e57fb27ae40913569e826858a8ebb07cf2ea01,dirty,126964f216a48d2164d136a490698301111aae7f050209ced21caf73f8c01fb8,DE_DE,de-de-default,1.0.0,cbfa038122823f02e4bdb54b0035492c356b6ecd80f11eb11290d7a7248a59f5,7046029254386353131,80,43274,54092,10818,289978,333036,207831,242501,82147,90535,39452,66380,24932,48200,14520,18180,37919,57089,24781,42773,13138,14316,9291
radixor-generalization-v1,4.2.0-6-g84e57fb,84e57fb27ae40913569e826858a8ebb07cf2ea01,dirty,126964f216a48d2164d136a490698301111aae7f050209ced21caf73f8c01fb8,DE_DE,de-de-default,1.0.0,cbfa038122823f02e4bdb54b0035492c356b6ecd80f11eb11290d7a7248a59f5,7046029254386353131,70,37864,54092,16228,280192,333036,198529,242501,81663,90535,59406,99728,37293,72492,22113,27236,57355,87177,37070,65094,20285,22083,12551
radixor-generalization-v1,4.2.0-6-g84e57fb,84e57fb27ae40913569e826858a8ebb07cf2ea01,dirty,126964f216a48d2164d136a490698301111aae7f050209ced21caf73f8c01fb8,DE_DE,de-de-default,1.0.0,cbfa038122823f02e4bdb54b0035492c356b6ecd80f11eb11290d7a7248a59f5,7046029254386353131,60,32455,54092,21637,270158,333036,189036,242501,81122,90535,79490,132876,49780,96614,29710,36262,77166,118282,49535,87992,27631,30290,14594
radixor-generalization-v1,4.2.0-6-g84e57fb,84e57fb27ae40913569e826858a8ebb07cf2ea01,dirty,126964f216a48d2164d136a490698301111aae7f050209ced21caf73f8c01fb8,DE_DE,de-de-default,1.0.0,cbfa038122823f02e4bdb54b0035492c356b6ecd80f11eb11290d7a7248a59f5,7046029254386353131,50,27046,54092,27046,259815,333036,179204,242501,80611,90535,99751,166246,62260,120957,37491,45289,97359,150703,62014,111717,35345,38986,15543
radixor-generalization-v1,4.2.0-6-g84e57fb,84e57fb27ae40913569e826858a8ebb07cf2ea01,dirty,126964f216a48d2164d136a490698301111aae7f050209ced21caf73f8c01fb8,DE_DE,de-de-default,1.0.0,cbfa038122823f02e4bdb54b0035492c356b6ecd80f11eb11290d7a7248a59f5,7046029254386353131,40,21637,54092,32455,249265,333036,168907,242501,80358,90535,119895,199465,74328,145097,45567,54368,117583,184220,74086,136033,43497,48187,15245
radixor-generalization-v1,4.2.0-6-g84e57fb,84e57fb27ae40913569e826858a8ebb07cf2ea01,dirty,126964f216a48d2164d136a490698301111aae7f050209ced21caf73f8c01fb8,DE_DE,de-de-default,1.0.0,cbfa038122823f02e4bdb54b0035492c356b6ecd80f11eb11290d7a7248a59f5,7046029254386353131,30,16228,54092,37864,237483,333036,157488,242501,79995,90535,139485,232614,85811,169214,53674,63400,137427,219296,85602,161361,51825,57935,13318
radixor-generalization-v1,4.2.0-6-g84e57fb,84e57fb27ae40913569e826858a8ebb07cf2ea01,dirty,126964f216a48d2164d136a490698301111aae7f050209ced21caf73f8c01fb8,DE_DE,de-de-default,1.0.0,cbfa038122823f02e4bdb54b0035492c356b6ecd80f11eb11290d7a7248a59f5,7046029254386353131,20,10818,54092,43274,225453,333036,146124,242501,79329,90535,159483,266052,97903,193627,61580,72425,157881,255532,97735,187373,60146,68159,10520
radixor-generalization-v1,4.2.0-6-g84e57fb,84e57fb27ae40913569e826858a8ebb07cf2ea01,dirty,126964f216a48d2164d136a490698301111aae7f050209ced21caf73f8c01fb8,DE_DE,de-de-default,1.0.0,cbfa038122823f02e4bdb54b0035492c356b6ecd80f11eb11290d7a7248a59f5,7046029254386353131,10,5409,54092,48683,209440,333036,131070,242501,78370,90535,176211,299556,106787,218057,69424,81499,175314,293649,106684,214521,68630,79128,5907
radixor-generalization-v1,4.2.0-6-g84e57fb,84e57fb27ae40913569e826858a8ebb07cf2ea01,dirty,126964f216a48d2164d136a490698301111aae7f050209ced21caf73f8c01fb8,DE_DE,de-de-default,1.0.0,cbfa038122823f02e4bdb54b0035492c356b6ecd80f11eb11290d7a7248a59f5,2611923443488327891,100,54092,54092,0,308807,333036,225156,242501,83651,90535,0,0,0,0,0,0,0,0,0,0,0,0,0
radixor-generalization-v1,4.2.0-6-g84e57fb,84e57fb27ae40913569e826858a8ebb07cf2ea01,dirty,126964f216a48d2164d136a490698301111aae7f050209ced21caf73f8c01fb8,DE_DE,de-de-default,1.0.0,cbfa038122823f02e4bdb54b0035492c356b6ecd80f11eb11290d7a7248a59f5,2611923443488327891,90,48683,54092,5409,299426,333036,216560,242501,82866,90535,19310,33057,12146,24023,7164,9034,18425,27679,12060,20845,6365,6834,5378
radixor-generalization-v1,4.2.0-6-g84e57fb,84e57fb27ae40913569e826858a8ebb07cf2ea01,dirty,126964f216a48d2164d136a490698301111aae7f050209ced21caf73f8c01fb8,DE_DE,de-de-default,1.0.0,cbfa038122823f02e4bdb54b0035492c356b6ecd80f11eb11290d7a7248a59f5,2611923443488327891,80,43274,54092,10818,290144,333036,207838,242501,82306,90535,39532,66528,25003,48495,14529,18033,38042,57083,24851,42835,13191,14248,9445
radixor-generalization-v1,4.2.0-6-g84e57fb,84e57fb27ae40913569e826858a8ebb07cf2ea01,dirty,126964f216a48d2164d136a490698301111aae7f050209ced21caf73f8c01fb8,DE_DE,de-de-default,1.0.0,cbfa038122823f02e4bdb54b0035492c356b6ecd80f11eb11290d7a7248a59f5,2611923443488327891,70,37864,54092,16228,280586,333036,198809,242501,81777,90535,59601,99740,37569,72651,22032,27089,57621,87122,37359,65090,20262,22032,12618
radixor-generalization-v1,4.2.0-6-g84e57fb,84e57fb27ae40913569e826858a8ebb07cf2ea01,dirty,126964f216a48d2164d136a490698301111aae7f050209ced21caf73f8c01fb8,DE_DE,de-de-default,1.0.0,cbfa038122823f02e4bdb54b0035492c356b6ecd80f11eb11290d7a7248a59f5,2611923443488327891,60,32455,54092,21637,270468,333036,189114,242501,81354,90535,79665,133179,49914,96994,29751,36185,77372,118449,49661,88203,27711,30246,14730
radixor-generalization-v1,4.2.0-6-g84e57fb,84e57fb27ae40913569e826858a8ebb07cf2ea01,dirty,126964f216a48d2164d136a490698301111aae7f050209ced21caf73f8c01fb8,DE_DE,de-de-default,1.0.0,cbfa038122823f02e4bdb54b0035492c356b6ecd80f11eb11290d7a7248a59f5,2611923443488327891,50,27046,54092,27046,259940,333036,179032,242501,80908,90535,100036,166570,62448,121363,37588,45207,97548,151254,62166,112271,35382,38983,15316
radixor-generalization-v1,4.2.0-6-g84e57fb,84e57fb27ae40913569e826858a8ebb07cf2ea01,dirty,126964f216a48d2164d136a490698301111aae7f050209ced21caf73f8c01fb8,DE_DE,de-de-default,1.0.0,cbfa038122823f02e4bdb54b0035492c356b6ecd80f11eb11290d7a7248a59f5,2611923443488327891,40,21637,54092,32455,249523,333036,168931,242501,80592,90535,121037,200270,75349,145944,45688,54326,118640,185429,75047,137099,43593,48330,14841
radixor-generalization-v1,4.2.0-6-g84e57fb,84e57fb27ae40913569e826858a8ebb07cf2ea01,dirty,126964f216a48d2164d136a490698301111aae7f050209ced21caf73f8c01fb8,DE_DE,de-de-default,1.0.0,cbfa038122823f02e4bdb54b0035492c356b6ecd80f11eb11290d7a7248a59f5,2611923443488327891,30,16228,54092,37864,238151,333036,157957,242501,80194,90535,141147,233594,87349,170194,53798,63400,139010,220299,87085,162282,51925,58017,13295
radixor-generalization-v1,4.2.0-6-g84e57fb,84e57fb27ae40913569e826858a8ebb07cf2ea01,dirty,126964f216a48d2164d136a490698301111aae7f050209ced21caf73f8c01fb8,DE_DE,de-de-default,1.0.0,cbfa038122823f02e4bdb54b0035492c356b6ecd80f11eb11290d7a7248a59f5,2611923443488327891,20,10818,54092,43274,224814,333036,145444,242501,79370,90535,159342,266465,97714,194018,61628,72447,157697,255865,97523,187691,60174,68174,10600
radixor-generalization-v1,4.2.0-6-g84e57fb,84e57fb27ae40913569e826858a8ebb07cf2ea01,dirty,126964f216a48d2164d136a490698301111aae7f050209ced21caf73f8c01fb8,DE_DE,de-de-default,1.0.0,cbfa038122823f02e4bdb54b0035492c356b6ecd80f11eb11290d7a7248a59f5,2611923443488327891,10,5409,54092,48683,208000,333036,130177,242501,77823,90535,175037,299807,106208,218339,68829,81468,174058,293618,106105,214650,67953,78968,6189
radixor-generalization-v1,4.2.0-6-g84e57fb,84e57fb27ae40913569e826858a8ebb07cf2ea01,dirty,126964f216a48d2164d136a490698301111aae7f050209ced21caf73f8c01fb8,DE_DE,de-de-default,1.0.0,cbfa038122823f02e4bdb54b0035492c356b6ecd80f11eb11290d7a7248a59f5,15111065706836454659,100,54092,54092,0,308807,333036,225156,242501,83651,90535,0,0,0,0,0,0,0,0,0,0,0,0,0
radixor-generalization-v1,4.2.0-6-g84e57fb,84e57fb27ae40913569e826858a8ebb07cf2ea01,dirty,126964f216a48d2164d136a490698301111aae7f050209ced21caf73f8c01fb8,DE_DE,de-de-default,1.0.0,cbfa038122823f02e4bdb54b0035492c356b6ecd80f11eb11290d7a7248a59f5,15111065706836454659,90,48683,54092,5409,299204,333036,216262,242501,82942,90535,19697,33621,12451,24567,7246,9054,18846,28410,12338,21438,6508,6972,5211
radixor-generalization-v1,4.2.0-6-g84e57fb,84e57fb27ae40913569e826858a8ebb07cf2ea01,dirty,126964f216a48d2164d136a490698301111aae7f050209ced21caf73f8c01fb8,DE_DE,de-de-default,1.0.0,cbfa038122823f02e4bdb54b0035492c356b6ecd80f11eb11290d7a7248a59f5,15111065706836454659,80,43274,54092,10818,289732,333036,207414,242501,82318,90535,39259,66699,24705,48575,14554,18124,37681,57109,24519,42883,13162,14226,9590
radixor-generalization-v1,4.2.0-6-g84e57fb,84e57fb27ae40913569e826858a8ebb07cf2ea01,dirty,126964f216a48d2164d136a490698301111aae7f050209ced21caf73f8c01fb8,DE_DE,de-de-default,1.0.0,cbfa038122823f02e4bdb54b0035492c356b6ecd80f11eb11290d7a7248a59f5,15111065706836454659,70,37864,54092,16228,280100,333036,198375,242501,81725,90535,59208,99795,37089,72554,22119,27241,57173,87081,36862,65000,20311,22081,12714
radixor-generalization-v1,4.2.0-6-g84e57fb,84e57fb27ae40913569e826858a8ebb07cf2ea01,dirty,126964f216a48d2164d136a490698301111aae7f050209ced21caf73f8c01fb8,DE_DE,de-de-default,1.0.0,cbfa038122823f02e4bdb54b0035492c356b6ecd80f11eb11290d7a7248a59f5,15111065706836454659,60,32455,54092,21637,269920,333036,188554,242501,81366,90535,79666,133666,49811,97423,29855,36243,77353,118929,49555,88577,27798,30352,14737
radixor-generalization-v1,4.2.0-6-g84e57fb,84e57fb27ae40913569e826858a8ebb07cf2ea01,dirty,126964f216a48d2164d136a490698301111aae7f050209ced21caf73f8c01fb8,DE_DE,de-de-default,1.0.0,cbfa038122823f02e4bdb54b0035492c356b6ecd80f11eb11290d7a7248a59f5,15111065706836454659,50,27046,54092,27046,259975,333036,179058,242501,80917,90535,100018,166612,62370,121324,37648,45288,97591,151136,62094,112114,35497,39022,15476
radixor-generalization-v1,4.2.0-6-g84e57fb,84e57fb27ae40913569e826858a8ebb07cf2ea01,dirty,126964f216a48d2164d136a490698301111aae7f050209ced21caf73f8c01fb8,DE_DE,de-de-default,1.0.0,cbfa038122823f02e4bdb54b0035492c356b6ecd80f11eb11290d7a7248a59f5,15111065706836454659,40,21637,54092,32455,248257,333036,167838,242501,80419,90535,118763,199282,73202,144943,45561,54339,116366,184069,72920,135927,43446,48142,15213
radixor-generalization-v1,4.2.0-6-g84e57fb,84e57fb27ae40913569e826858a8ebb07cf2ea01,dirty,126964f216a48d2164d136a490698301111aae7f050209ced21caf73f8c01fb8,DE_DE,de-de-default,1.0.0,cbfa038122823f02e4bdb54b0035492c356b6ecd80f11eb11290d7a7248a59f5,15111065706836454659,30,16228,54092,37864,236470,333036,156714,242501,79756,90535,138311,232444,84909,169056,53402,63388,136142,218591,84637,160867,51505,57724,13853
radixor-generalization-v1,4.2.0-6-g84e57fb,84e57fb27ae40913569e826858a8ebb07cf2ea01,dirty,126964f216a48d2164d136a490698301111aae7f050209ced21caf73f8c01fb8,DE_DE,de-de-default,1.0.0,cbfa038122823f02e4bdb54b0035492c356b6ecd80f11eb11290d7a7248a59f5,15111065706836454659,20,10818,54092,43274,223677,333036,144544,242501,79133,90535,157906,266149,96470,193694,61436,72455,156236,255708,96270,187578,59966,68130,10441
radixor-generalization-v1,4.2.0-6-g84e57fb,84e57fb27ae40913569e826858a8ebb07cf2ea01,dirty,126964f216a48d2164d136a490698301111aae7f050209ced21caf73f8c01fb8,DE_DE,de-de-default,1.0.0,cbfa038122823f02e4bdb54b0035492c356b6ecd80f11eb11290d7a7248a59f5,15111065706836454659,10,5409,54092,48683,208830,333036,130692,242501,78138,90535,175452,299341,106242,217843,69210,81498,174496,293246,106150,214316,68346,78930,6095
radixor-generalization-v1,4.2.0-6-g84e57fb,84e57fb27ae40913569e826858a8ebb07cf2ea01,dirty,126964f216a48d2164d136a490698301111aae7f050209ced21caf73f8c01fb8,ES_ES,es-es-default,1.0.0,7a1ec94cfdb1e9a95431289d62dc5579cb2a532d99532eeda90290072e569721,2654435761,100,65059,65059,0,902853,926393,786466,806272,116387,120121,0,0,0,0,0,0,0,0,0,0,0,0,0
radixor-generalization-v1,4.2.0-6-g84e57fb,84e57fb27ae40913569e826858a8ebb07cf2ea01,dirty,126964f216a48d2164d136a490698301111aae7f050209ced21caf73f8c01fb8,ES_ES,es-es-default,1.0.0,7a1ec94cfdb1e9a95431289d62dc5579cb2a532d99532eeda90290072e569721,2654435761,90,58553,65059,6506,893649,926393,778763,806272,114886,120121,74503,88026,64658,75988,9845,12038,74503,83424,64658,73022,9845,10402,4602
radixor-generalization-v1,4.2.0-6-g84e57fb,84e57fb27ae40913569e826858a8ebb07cf2ea01,dirty,126964f216a48d2164d136a490698301111aae7f050209ced21caf73f8c01fb8,ES_ES,es-es-default,1.0.0,7a1ec94cfdb1e9a95431289d62dc5579cb2a532d99532eeda90290072e569721,2654435761,80,52047,65059,13012,884020,926393,770463,806272,113557,120121,152244,179339,132357,155282,19887,24057,152241,171075,132356,149888,19885,21187,8264
radixor-generalization-v1,4.2.0-6-g84e57fb,84e57fb27ae40913569e826858a8ebb07cf2ea01,dirty,126964f216a48d2164d136a490698301111aae7f050209ced21caf73f8c01fb8,ES_ES,es-es-default,1.0.0,7a1ec94cfdb1e9a95431289d62dc5579cb2a532d99532eeda90290072e569721,2654435761,70,45541,65059,19518,873182,926393,760730,806272,112452,120121,234612,276440,204485,240380,30127,36060,234604,265246,204483,233063,30121,32183,11194
radixor-generalization-v1,4.2.0-6-g84e57fb,84e57fb27ae40913569e826858a8ebb07cf2ea01,dirty,126964f216a48d2164d136a490698301111aae7f050209ced21caf73f8c01fb8,ES_ES,es-es-default,1.0.0,7a1ec94cfdb1e9a95431289d62dc5579cb2a532d99532eeda90290072e569721,2654435761,60,39035,65059,26024,861483,926393,750027,806272,111456,120121,315647,372084,274999,323982,40648,48102,315629,359538,274995,315810,40634,43728,12546
radixor-generalization-v1,4.2.0-6-g84e57fb,84e57fb27ae40913569e826858a8ebb07cf2ea01,dirty,126964f216a48d2164d136a490698301111aae7f050209ced21caf73f8c01fb8,ES_ES,es-es-default,1.0.0,7a1ec94cfdb1e9a95431289d62dc5579cb2a532d99532eeda90290072e569721,2654435761,50,32530,65059,32529,848514,926393,738066,806272,110448,120121,399353,471350,348074,411246,51279,60104,399335,458053,348070,402578,51265,55475,13297
radixor-generalization-v1,4.2.0-6-g84e57fb,84e57fb27ae40913569e826858a8ebb07cf2ea01,dirty,126964f216a48d2164d136a490698301111aae7f050209ced21caf73f8c01fb8,ES_ES,es-es-default,1.0.0,7a1ec94cfdb1e9a95431289d62dc5579cb2a532d99532eeda90290072e569721,2654435761,40,26024,65059,39035,835495,926393,725956,806272,109539,120121,476197,563507,414203,491431,61994,72076,476184,550530,414202,482953,61982,67577,12977
radixor-generalization-v1,4.2.0-6-g84e57fb,84e57fb27ae40913569e826858a8ebb07cf2ea01,dirty,126964f216a48d2164d136a490698301111aae7f050209ced21caf73f8c01fb8,ES_ES,es-es-default,1.0.0,7a1ec94cfdb1e9a95431289d62dc5579cb2a532d99532eeda90290072e569721,2654435761,30,19518,65059,45541,818931,926393,710384,806272,108547,120121,549864,655368,477108,571286,72756,84082,549853,643974,477107,563822,72746,80152,11394
radixor-generalization-v1,4.2.0-6-g84e57fb,84e57fb27ae40913569e826858a8ebb07cf2ea01,dirty,126964f216a48d2164d136a490698301111aae7f050209ced21caf73f8c01fb8,ES_ES,es-es-default,1.0.0,7a1ec94cfdb1e9a95431289d62dc5579cb2a532d99532eeda90290072e569721,2654435761,20,13012,65059,52047,799793,926393,692071,806272,107722,120121,620022,745824,536209,649722,83813,96102,620018,737047,536209,643948,83809,93099,8777
radixor-generalization-v1,4.2.0-6-g84e57fb,84e57fb27ae40913569e826858a8ebb07cf2ea01,dirty,126964f216a48d2164d136a490698301111aae7f050209ced21caf73f8c01fb8,ES_ES,es-es-default,1.0.0,7a1ec94cfdb1e9a95431289d62dc5579cb2a532d99532eeda90290072e569721,2654435761,10,6506,65059,58553,775585,926393,668377,806272,107208,120121,682335,832933,587122,724837,95213,108096,682333,828159,587122,721674,95211,106485,4774
radixor-generalization-v1,4.2.0-6-g84e57fb,84e57fb27ae40913569e826858a8ebb07cf2ea01,dirty,126964f216a48d2164d136a490698301111aae7f050209ced21caf73f8c01fb8,ES_ES,es-es-default,1.0.0,7a1ec94cfdb1e9a95431289d62dc5579cb2a532d99532eeda90290072e569721,11400714819323198485,100,65059,65059,0,902853,926393,786466,806272,116387,120121,0,0,0,0,0,0,0,0,0,0,0,0,0
radixor-generalization-v1,4.2.0-6-g84e57fb,84e57fb27ae40913569e826858a8ebb07cf2ea01,dirty,126964f216a48d2164d136a490698301111aae7f050209ced21caf73f8c01fb8,ES_ES,es-es-default,1.0.0,7a1ec94cfdb1e9a95431289d62dc5579cb2a532d99532eeda90290072e569721,11400714819323198485,90,58553,65059,6506,893250,926393,778324,806272,114926,120121,81079,95005,71207,82977,9872,12028,81077,90464,71207,80048,9870,10416,4541
radixor-generalization-v1,4.2.0-6-g84e57fb,84e57fb27ae40913569e826858a8ebb07cf2ea01,dirty,126964f216a48d2164d136a490698301111aae7f050209ced21caf73f8c01fb8,ES_ES,es-es-default,1.0.0,7a1ec94cfdb1e9a95431289d62dc5579cb2a532d99532eeda90290072e569721,11400714819323198485,80,52047,65059,13012,883187,926393,769716,806272,113471,120121,158726,186604,138870,162523,19856,24081,158720,178445,138870,157305,19850,21140,8159
radixor-generalization-v1,4.2.0-6-g84e57fb,84e57fb27ae40913569e826858a8ebb07cf2ea01,dirty,126964f216a48d2164d136a490698301111aae7f050209ced21caf73f8c01fb8,ES_ES,es-es-default,1.0.0,7a1ec94cfdb1e9a95431289d62dc5579cb2a532d99532eeda90290072e569721,11400714819323198485,70,45541,65059,19518,873157,926393,760853,806272,112304,120121,241163,282632,211048,246543,30115,36089,241159,271789,211048,239570,30111,32219,10843
radixor-generalization-v1,4.2.0-6-g84e57fb,84e57fb27ae40913569e826858a8ebb07cf2ea01,dirty,126964f216a48d2164d136a490698301111aae7f050209ced21caf73f8c01fb8,ES_ES,es-es-default,1.0.0,7a1ec94cfdb1e9a95431289d62dc5579cb2a532d99532eeda90290072e569721,11400714819323198485,60,39035,65059,26024,862751,926393,751472,806272,111279,120121,314331,369352,273749,321263,40582,48089,314325,356847,273749,313151,40576,43696,12505
radixor-generalization-v1,4.2.0-6-g84e57fb,84e57fb27ae40913569e826858a8ebb07cf2ea01,dirty,126964f216a48d2164d136a490698301111aae7f050209ced21caf73f8c01fb8,ES_ES,es-es-default,1.0.0,7a1ec94cfdb1e9a95431289d62dc5579cb2a532d99532eeda90290072e569721,11400714819323198485,50,32530,65059,32529,851930,926393,741683,806272,110247,120121,392296,460640,341121,400564,51175,60076,392286,447598,341121,392135,51165,55463,13042
radixor-generalization-v1,4.2.0-6-g84e57fb,84e57fb27ae40913569e826858a8ebb07cf2ea01,dirty,126964f216a48d2164d136a490698301111aae7f050209ced21caf73f8c01fb8,ES_ES,es-es-default,1.0.0,7a1ec94cfdb1e9a95431289d62dc5579cb2a532d99532eeda90290072e569721,11400714819323198485,40,26024,65059,39035,838161,926393,728914,806272,109247,120121,472736,557088,410930,485019,61806,72069,472724,544394,410930,476820,61794,67574,12694
radixor-generalization-v1,4.2.0-6-g84e57fb,84e57fb27ae40913569e826858a8ebb07cf2ea01,dirty,126964f216a48d2164d136a490698301111aae7f050209ced21caf73f8c01fb8,ES_ES,es-es-default,1.0.0,7a1ec94cfdb1e9a95431289d62dc5579cb2a532d99532eeda90290072e569721,11400714819323198485,30,19518,65059,45541,821126,926393,712600,806272,108526,120121,544608,647695,471706,563574,72902,84121,544597,636471,471705,556331,72892,80140,11224
radixor-generalization-v1,4.2.0-6-g84e57fb,84e57fb27ae40913569e826858a8ebb07cf2ea01,dirty,126964f216a48d2164d136a490698301111aae7f050209ced21caf73f8c01fb8,ES_ES,es-es-default,1.0.0,7a1ec94cfdb1e9a95431289d62dc5579cb2a532d99532eeda90290072e569721,11400714819323198485,20,13012,65059,52047,805030,926393,697381,806272,107649,120121,617103,737375,533263,641257,83840,96118,617093,728766,533259,635707,83834,93059,8609
radixor-generalization-v1,4.2.0-6-g84e57fb,84e57fb27ae40913569e826858a8ebb07cf2ea01,dirty,126964f216a48d2164d136a490698301111aae7f050209ced21caf73f8c01fb8,ES_ES,es-es-default,1.0.0,7a1ec94cfdb1e9a95431289d62dc5579cb2a532d99532eeda90290072e569721,11400714819323198485,10,6506,65059,58553,773413,926393,666422,806272,106991,120121,677067,829751,582004,721624,95063,108127,677055,825015,582000,718562,95055,106453,4736
radixor-generalization-v1,4.2.0-6-g84e57fb,84e57fb27ae40913569e826858a8ebb07cf2ea01,dirty,126964f216a48d2164d136a490698301111aae7f050209ced21caf73f8c01fb8,ES_ES,es-es-default,1.0.0,7a1ec94cfdb1e9a95431289d62dc5579cb2a532d99532eeda90290072e569721,7046029254386353131,100,65059,65059,0,902853,926393,786466,806272,116387,120121,0,0,0,0,0,0,0,0,0,0,0,0,0
radixor-generalization-v1,4.2.0-6-g84e57fb,84e57fb27ae40913569e826858a8ebb07cf2ea01,dirty,126964f216a48d2164d136a490698301111aae7f050209ced21caf73f8c01fb8,ES_ES,es-es-default,1.0.0,7a1ec94cfdb1e9a95431289d62dc5579cb2a532d99532eeda90290072e569721,7046029254386353131,90,58553,65059,6506,893238,926393,778350,806272,114888,120121,82026,95954,72259,83936,9767,12018,82017,91332,72257,81027,9760,10305,4622
radixor-generalization-v1,4.2.0-6-g84e57fb,84e57fb27ae40913569e826858a8ebb07cf2ea01,dirty,126964f216a48d2164d136a490698301111aae7f050209ced21caf73f8c01fb8,ES_ES,es-es-default,1.0.0,7a1ec94cfdb1e9a95431289d62dc5579cb2a532d99532eeda90290072e569721,7046029254386353131,80,52047,65059,13012,883530,926393,769920,806272,113610,120121,158794,186509,138956,162510,19838,23999,158785,178101,138954,157103,19831,20998,8408
radixor-generalization-v1,4.2.0-6-g84e57fb,84e57fb27ae40913569e826858a8ebb07cf2ea01,dirty,126964f216a48d2164d136a490698301111aae7f050209ced21caf73f8c01fb8,ES_ES,es-es-default,1.0.0,7a1ec94cfdb1e9a95431289d62dc5579cb2a532d99532eeda90290072e569721,7046029254386353131,70,45541,65059,19518,873442,926393,761128,806272,112314,120121,234276,275673,204280,239685,29996,35988,234267,264521,204278,232520,29989,32001,11152
radixor-generalization-v1,4.2.0-6-g84e57fb,84e57fb27ae40913569e826858a8ebb07cf2ea01,dirty,126964f216a48d2164d136a490698301111aae7f050209ced21caf73f8c01fb8,ES_ES,es-es-default,1.0.0,7a1ec94cfdb1e9a95431289d62dc5579cb2a532d99532eeda90290072e569721,7046029254386353131,60,39035,65059,26024,863078,926393,751840,806272,111238,120121,315939,370520,275433,322502,40506,48018,315930,357999,275431,314412,40499,43587,12521
radixor-generalization-v1,4.2.0-6-g84e57fb,84e57fb27ae40913569e826858a8ebb07cf2ea01,dirty,126964f216a48d2164d136a490698301111aae7f050209ced21caf73f8c01fb8,ES_ES,es-es-default,1.0.0,7a1ec94cfdb1e9a95431289d62dc5579cb2a532d99532eeda90290072e569721,7046029254386353131,50,32530,65059,32529,852384,926393,742219,806272,110165,120121,396018,463982,344976,403949,51042,60033,396003,450843,344974,395417,51029,55426,13139
radixor-generalization-v1,4.2.0-6-g84e57fb,84e57fb27ae40913569e826858a8ebb07cf2ea01,dirty,126964f216a48d2164d136a490698301111aae7f050209ced21caf73f8c01fb8,ES_ES,es-es-default,1.0.0,7a1ec94cfdb1e9a95431289d62dc5579cb2a532d99532eeda90290072e569721,7046029254386353131,40,26024,65059,39035,838524,926393,729446,806272,109078,120121,472915,556913,411256,484837,61659,72076,472900,544063,411255,476481,61645,67582,12850
radixor-generalization-v1,4.2.0-6-g84e57fb,84e57fb27ae40913569e826858a8ebb07cf2ea01,dirty,126964f216a48d2164d136a490698301111aae7f050209ced21caf73f8c01fb8,ES_ES,es-es-default,1.0.0,7a1ec94cfdb1e9a95431289d62dc5579cb2a532d99532eeda90290072e569721,7046029254386353131,30,19518,65059,45541,824364,926393,715934,806272,108430,120121,547349,647279,474656,563237,72693,84042,547338,635780,474655,555775,72683,80005,11499
radixor-generalization-v1,4.2.0-6-g84e57fb,84e57fb27ae40913569e826858a8ebb07cf2ea01,dirty,126964f216a48d2164d136a490698301111aae7f050209ced21caf73f8c01fb8,ES_ES,es-es-default,1.0.0,7a1ec94cfdb1e9a95431289d62dc5579cb2a532d99532eeda90290072e569721,7046029254386353131,20,13012,65059,52047,805456,926393,697658,806272,107798,120121,621139,741063,537257,645036,83882,96027,621133,732142,537257,639259,83876,92883,8921
radixor-generalization-v1,4.2.0-6-g84e57fb,84e57fb27ae40913569e826858a8ebb07cf2ea01,dirty,126964f216a48d2164d136a490698301111aae7f050209ced21caf73f8c01fb8,ES_ES,es-es-default,1.0.0,7a1ec94cfdb1e9a95431289d62dc5579cb2a532d99532eeda90290072e569721,7046029254386353131,10,6506,65059,58553,779511,926393,672446,806272,107065,120121,686220,832889,591127,724778,95093,108111,686214,827660,591127,721388,95087,106272,5229
radixor-generalization-v1,4.2.0-6-g84e57fb,84e57fb27ae40913569e826858a8ebb07cf2ea01,dirty,126964f216a48d2164d136a490698301111aae7f050209ced21caf73f8c01fb8,ES_ES,es-es-default,1.0.0,7a1ec94cfdb1e9a95431289d62dc5579cb2a532d99532eeda90290072e569721,2611923443488327891,100,65059,65059,0,902853,926393,786466,806272,116387,120121,0,0,0,0,0,0,0,0,0,0,0,0,0
radixor-generalization-v1,4.2.0-6-g84e57fb,84e57fb27ae40913569e826858a8ebb07cf2ea01,dirty,126964f216a48d2164d136a490698301111aae7f050209ced21caf73f8c01fb8,ES_ES,es-es-default,1.0.0,7a1ec94cfdb1e9a95431289d62dc5579cb2a532d99532eeda90290072e569721,2611923443488327891,90,58553,65059,6506,893697,926393,778786,806272,114911,120121,80619,94194,70769,82118,9850,12076,80617,89614,70769,79209,9848,10405,4580
radixor-generalization-v1,4.2.0-6-g84e57fb,84e57fb27ae40913569e826858a8ebb07cf2ea01,dirty,126964f216a48d2164d136a490698301111aae7f050209ced21caf73f8c01fb8,ES_ES,es-es-default,1.0.0,7a1ec94cfdb1e9a95431289d62dc5579cb2a532d99532eeda90290072e569721,2611923443488327891,80,52047,65059,13012,884484,926393,770942,806272,113542,120121,159349,186035,139492,161975,19857,24060,159345,177896,139492,156761,19853,21135,8139
radixor-generalization-v1,4.2.0-6-g84e57fb,84e57fb27ae40913569e826858a8ebb07cf2ea01,dirty,126964f216a48d2164d136a490698301111aae7f050209ced21caf73f8c01fb8,ES_ES,es-es-default,1.0.0,7a1ec94cfdb1e9a95431289d62dc5579cb2a532d99532eeda90290072e569721,2611923443488327891,70,45541,65059,19518,874571,926393,762338,806272,112233,120121,234912,274946,204851,238864,30061,36082,234905,264106,204850,231985,30055,32121,10840
radixor-generalization-v1,4.2.0-6-g84e57fb,84e57fb27ae40913569e826858a8ebb07cf2ea01,dirty,126964f216a48d2164d136a490698301111aae7f050209ced21caf73f8c01fb8,ES_ES,es-es-default,1.0.0,7a1ec94cfdb1e9a95431289d62dc5579cb2a532d99532eeda90290072e569721,2611923443488327891,60,39035,65059,26024,863190,926393,752053,806272,111137,120121,315919,370561,275446,322467,40473,48094,315906,357877,275445,314385,40461,43492,12684
radixor-generalization-v1,4.2.0-6-g84e57fb,84e57fb27ae40913569e826858a8ebb07cf2ea01,dirty,126964f216a48d2164d136a490698301111aae7f050209ced21caf73f8c01fb8,ES_ES,es-es-default,1.0.0,7a1ec94cfdb1e9a95431289d62dc5579cb2a532d99532eeda90290072e569721,2611923443488327891,50,32530,65059,32529,851579,926393,741417,806272,110162,120121,395483,464190,344337,404083,51146,60107,395470,451204,344336,395823,51134,55381,12986
radixor-generalization-v1,4.2.0-6-g84e57fb,84e57fb27ae40913569e826858a8ebb07cf2ea01,dirty,126964f216a48d2164d136a490698301111aae7f050209ced21caf73f8c01fb8,ES_ES,es-es-default,1.0.0,7a1ec94cfdb1e9a95431289d62dc5579cb2a532d99532eeda90290072e569721,2611923443488327891,40,26024,65059,39035,836457,926393,727041,806272,109416,120121,469442,555268,407385,483180,62057,72088,469429,542750,407384,475179,62045,67571,12518
radixor-generalization-v1,4.2.0-6-g84e57fb,84e57fb27ae40913569e826858a8ebb07cf2ea01,dirty,126964f216a48d2164d136a490698301111aae7f050209ced21caf73f8c01fb8,ES_ES,es-es-default,1.0.0,7a1ec94cfdb1e9a95431289d62dc5579cb2a532d99532eeda90290072e569721,2611923443488327891,30,19518,65059,45541,819275,926393,710543,806272,108732,120121,545115,649857,472040,565773,73075,84084,545102,638770,472037,558658,73065,80112,11087
radixor-generalization-v1,4.2.0-6-g84e57fb,84e57fb27ae40913569e826858a8ebb07cf2ea01,dirty,126964f216a48d2164d136a490698301111aae7f050209ced21caf73f8c01fb8,ES_ES,es-es-default,1.0.0,7a1ec94cfdb1e9a95431289d62dc5579cb2a532d99532eeda90290072e569721,2611923443488327891,20,13012,65059,52047,801179,926393,693436,806272,107743,120121,614949,739176,531106,643097,83843,96079,614938,730547,531103,637503,83835,93044,8629
radixor-generalization-v1,4.2.0-6-g84e57fb,84e57fb27ae40913569e826858a8ebb07cf2ea01,dirty,126964f216a48d2164d136a490698301111aae7f050209ced21caf73f8c01fb8,ES_ES,es-es-default,1.0.0,7a1ec94cfdb1e9a95431289d62dc5579cb2a532d99532eeda90290072e569721,2611923443488327891,10,6506,65059,58553,770650,926393,663637,806272,107013,120121,676366,831892,581323,723777,95043,108115,676359,826954,581320,720603,95039,106351,4938
radixor-generalization-v1,4.2.0-6-g84e57fb,84e57fb27ae40913569e826858a8ebb07cf2ea01,dirty,126964f216a48d2164d136a490698301111aae7f050209ced21caf73f8c01fb8,ES_ES,es-es-default,1.0.0,7a1ec94cfdb1e9a95431289d62dc5579cb2a532d99532eeda90290072e569721,15111065706836454659,100,65059,65059,0,902853,926393,786466,806272,116387,120121,0,0,0,0,0,0,0,0,0,0,0,0,0
radixor-generalization-v1,4.2.0-6-g84e57fb,84e57fb27ae40913569e826858a8ebb07cf2ea01,dirty,126964f216a48d2164d136a490698301111aae7f050209ced21caf73f8c01fb8,ES_ES,es-es-default,1.0.0,7a1ec94cfdb1e9a95431289d62dc5579cb2a532d99532eeda90290072e569721,15111065706836454659,90,58553,65059,6506,893945,926393,779130,806272,114815,120121,79184,92563,69391,80525,9793,12038,79182,87818,69391,77503,9791,10315,4745
radixor-generalization-v1,4.2.0-6-g84e57fb,84e57fb27ae40913569e826858a8ebb07cf2ea01,dirty,126964f216a48d2164d136a490698301111aae7f050209ced21caf73f8c01fb8,ES_ES,es-es-default,1.0.0,7a1ec94cfdb1e9a95431289d62dc5579cb2a532d99532eeda90290072e569721,15111065706836454659,80,52047,65059,13012,884372,926393,770847,806272,113525,120121,159107,186137,139186,162059,19921,24078,159100,177697,139185,156592,19915,21105,8440
radixor-generalization-v1,4.2.0-6-g84e57fb,84e57fb27ae40913569e826858a8ebb07cf2ea01,dirty,126964f216a48d2164d136a490698301111aae7f050209ced21caf73f8c01fb8,ES_ES,es-es-default,1.0.0,7a1ec94cfdb1e9a95431289d62dc5579cb2a532d99532eeda90290072e569721,15111065706836454659,70,45541,65059,19518,874301,926393,762011,806272,112290,120121,239092,279816,208998,243758,30094,36058,239090,268729,208998,236590,30092,32139,11087
radixor-generalization-v1,4.2.0-6-g84e57fb,84e57fb27ae40913569e826858a8ebb07cf2ea01,dirty,126964f216a48d2164d136a490698301111aae7f050209ced21caf73f8c01fb8,ES_ES,es-es-default,1.0.0,7a1ec94cfdb1e9a95431289d62dc5579cb2a532d99532eeda90290072e569721,15111065706836454659,60,39035,65059,26024,863479,926393,752172,806272,111307,120121,313993,368507,273505,320510,40488,47997,313991,355967,273505,312369,40486,43598,12540
radixor-generalization-v1,4.2.0-6-g84e57fb,84e57fb27ae40913569e826858a8ebb07cf2ea01,dirty,126964f216a48d2164d136a490698301111aae7f050209ced21caf73f8c01fb8,ES_ES,es-es-default,1.0.0,7a1ec94cfdb1e9a95431289d62dc5579cb2a532d99532eeda90290072e569721,15111065706836454659,50,32530,65059,32529,850755,926393,740391,806272,110364,120121,390788,460709,339671,400709,51117,60000,390780,447579,339668,392215,51112,55364,13130
radixor-generalization-v1,4.2.0-6-g84e57fb,84e57fb27ae40913569e826858a8ebb07cf2ea01,dirty,126964f216a48d2164d136a490698301111aae7f050209ced21caf73f8c01fb8,ES_ES,es-es-default,1.0.0,7a1ec94cfdb1e9a95431289d62dc5579cb2a532d99532eeda90290072e569721,15111065706836454659,40,26024,65059,39035,835745,926393,726193,806272,109552,120121,471453,558385,409397,486320,62056,72065,471445,545810,409394,478162,62051,67648,12575
radixor-generalization-v1,4.2.0-6-g84e57fb,84e57fb27ae40913569e826858a8ebb07cf2ea01,dirty,126964f216a48d2164d136a490698301111aae7f050209ced21caf73f8c01fb8,ES_ES,es-es-default,1.0.0,7a1ec94cfdb1e9a95431289d62dc5579cb2a532d99532eeda90290072e569721,15111065706836454659,30,19518,65059,45541,820656,926393,712020,806272,108636,120121,547862,651497,474916,567412,72946,84085,547852,640329,474913,560110,72939,80219,11168
radixor-generalization-v1,4.2.0-6-g84e57fb,84e57fb27ae40913569e826858a8ebb07cf2ea01,dirty,126964f216a48d2164d136a490698301111aae7f050209ced21caf73f8c01fb8,ES_ES,es-es-default,1.0.0,7a1ec94cfdb1e9a95431289d62dc5579cb2a532d99532eeda90290072e569721,15111065706836454659,20,13012,65059,52047,799058,926393,691570,806272,107488,120121,618178,744601,534600,648540,83578,96061,618166,735948,534597,642857,83569,93091,8653
radixor-generalization-v1,4.2.0-6-g84e57fb,84e57fb27ae40913569e826858a8ebb07cf2ea01,dirty,126964f216a48d2164d136a490698301111aae7f050209ced21caf73f8c01fb8,ES_ES,es-es-default,1.0.0,7a1ec94cfdb1e9a95431289d62dc5579cb2a532d99532eeda90290072e569721,15111065706836454659,10,6506,65059,58553,771099,926393,664521,806272,106578,120121,682489,837566,587885,729463,94604,108103,682483,832764,587882,726298,94601,106466,4802
radixor-generalization-v1,4.2.0-6-g84e57fb,84e57fb27ae40913569e826858a8ebb07cf2ea01,dirty,126964f216a48d2164d136a490698301111aae7f050209ced21caf73f8c01fb8,FA_IR,fa-ir-default,1.0.0,b29a0d168a6a97f980666aa40b74a0edd8b6be4ab3320a7abfbb76b3529f4ea1,2654435761,100,69,69,0,3613,3770,3475,3632,138,138,0,0,0,0,0,0,0,0,0,0,0,0,0
radixor-generalization-v1,4.2.0-6-g84e57fb,84e57fb27ae40913569e826858a8ebb07cf2ea01,dirty,126964f216a48d2164d136a490698301111aae7f050209ced21caf73f8c01fb8,FA_IR,fa-ir-default,1.0.0,b29a0d168a6a97f980666aa40b74a0edd8b6be4ab3320a7abfbb76b3529f4ea1,2654435761,90,62,69,7,3308,3770,3170,3632,138,138,65,370,51,356,14,14,65,370,51,356,14,14,0
radixor-generalization-v1,4.2.0-6-g84e57fb,84e57fb27ae40913569e826858a8ebb07cf2ea01,dirty,126964f216a48d2164d136a490698301111aae7f050209ced21caf73f8c01fb8,FA_IR,fa-ir-default,1.0.0,b29a0d168a6a97f980666aa40b74a0edd8b6be4ab3320a7abfbb76b3529f4ea1,2654435761,80,55,69,14,2982,3770,2844,3632,138,138,120,751,92,723,28,28,120,751,92,723,28,28,0
radixor-generalization-v1,4.2.0-6-g84e57fb,84e57fb27ae40913569e826858a8ebb07cf2ea01,dirty,126964f216a48d2164d136a490698301111aae7f050209ced21caf73f8c01fb8,FA_IR,fa-ir-default,1.0.0,b29a0d168a6a97f980666aa40b74a0edd8b6be4ab3320a7abfbb76b3529f4ea1,2654435761,70,48,69,21,2786,3770,2648,3632,138,138,202,1157,160,1115,42,42,202,1029,160,987,42,42,128
radixor-generalization-v1,4.2.0-6-g84e57fb,84e57fb27ae40913569e826858a8ebb07cf2ea01,dirty,126964f216a48d2164d136a490698301111aae7f050209ced21caf73f8c01fb8,FA_IR,fa-ir-default,1.0.0,b29a0d168a6a97f980666aa40b74a0edd8b6be4ab3320a7abfbb76b3529f4ea1,2654435761,60,41,69,28,2470,3770,2332,3632,138,138,273,1573,217,1517,56,56,273,1486,217,1430,56,56,87
radixor-generalization-v1,4.2.0-6-g84e57fb,84e57fb27ae40913569e826858a8ebb07cf2ea01,dirty,126964f216a48d2164d136a490698301111aae7f050209ced21caf73f8c01fb8,FA_IR,fa-ir-default,1.0.0,b29a0d168a6a97f980666aa40b74a0edd8b6be4ab3320a7abfbb76b3529f4ea1,2654435761,50,35,69,34,2205,3770,2067,3632,138,138,337,1902,269,1834,68,68,337,1815,269,1747,68,68,87
radixor-generalization-v1,4.2.0-6-g84e57fb,84e57fb27ae40913569e826858a8ebb07cf2ea01,dirty,126964f216a48d2164d136a490698301111aae7f050209ced21caf73f8c01fb8,FA_IR,fa-ir-default,1.0.0,b29a0d168a6a97f980666aa40b74a0edd8b6be4ab3320a7abfbb76b3529f4ea1,2654435761,40,28,69,41,1883,3770,1745,3632,138,138,403,2290,321,2208,82,82,403,2203,321,2121,82,82,87
radixor-generalization-v1,4.2.0-6-g84e57fb,84e57fb27ae40913569e826858a8ebb07cf2ea01,dirty,126964f216a48d2164d136a490698301111aae7f050209ced21caf73f8c01fb8,FA_IR,fa-ir-default,1.0.0,b29a0d168a6a97f980666aa40b74a0edd8b6be4ab3320a7abfbb76b3529f4ea1,2654435761,30,21,69,48,1578,3770,1440,3632,138,138,470,2662,374,2566,96,96,470,2604,374,2508,96,96,58
radixor-generalization-v1,4.2.0-6-g84e57fb,84e57fb27ae40913569e826858a8ebb07cf2ea01,dirty,126964f216a48d2164d136a490698301111aae7f050209ced21caf73f8c01fb8,FA_IR,fa-ir-default,1.0.0,b29a0d168a6a97f980666aa40b74a0edd8b6be4ab3320a7abfbb76b3529f4ea1,2654435761,20,14,69,55,1284,3770,1146,3632,138,138,544,3030,434,2920,110,110,544,2972,434,2862,110,110,58
radixor-generalization-v1,4.2.0-6-g84e57fb,84e57fb27ae40913569e826858a8ebb07cf2ea01,dirty,126964f216a48d2164d136a490698301111aae7f050209ced21caf73f8c01fb8,FA_IR,fa-ir-default,1.0.0,b29a0d168a6a97f980666aa40b74a0edd8b6be4ab3320a7abfbb76b3529f4ea1,2654435761,10,7,69,62,980,3770,842,3632,138,138,606,3396,482,3272,124,124,606,3367,482,3243,124,124,29
radixor-generalization-v1,4.2.0-6-g84e57fb,84e57fb27ae40913569e826858a8ebb07cf2ea01,dirty,126964f216a48d2164d136a490698301111aae7f050209ced21caf73f8c01fb8,FA_IR,fa-ir-default,1.0.0,b29a0d168a6a97f980666aa40b74a0edd8b6be4ab3320a7abfbb76b3529f4ea1,11400714819323198485,100,69,69,0,3613,3770,3475,3632,138,138,0,0,0,0,0,0,0,0,0,0,0,0,0
radixor-generalization-v1,4.2.0-6-g84e57fb,84e57fb27ae40913569e826858a8ebb07cf2ea01,dirty,126964f216a48d2164d136a490698301111aae7f050209ced21caf73f8c01fb8,FA_IR,fa-ir-default,1.0.0,b29a0d168a6a97f980666aa40b74a0edd8b6be4ab3320a7abfbb76b3529f4ea1,11400714819323198485,90,62,69,7,3340,3770,3202,3632,138,138,66,368,52,354,14,14,66,339,52,325,14,14,29
radixor-generalization-v1,4.2.0-6-g84e57fb,84e57fb27ae40913569e826858a8ebb07cf2ea01,dirty,126964f216a48d2164d136a490698301111aae7f050209ced21caf73f8c01fb8,FA_IR,fa-ir-default,1.0.0,b29a0d168a6a97f980666aa40b74a0edd8b6be4ab3320a7abfbb76b3529f4ea1,11400714819323198485,80,55,69,14,3063,3770,2925,3632,138,138,133,741,105,713,28,28,133,683,105,655,28,28,58
radixor-generalization-v1,4.2.0-6-g84e57fb,84e57fb27ae40913569e826858a8ebb07cf2ea01,dirty,126964f216a48d2164d136a490698301111aae7f050209ced21caf73f8c01fb8,FA_IR,fa-ir-default,1.0.0,b29a0d168a6a97f980666aa40b74a0edd8b6be4ab3320a7abfbb76b3529f4ea1,11400714819323198485,70,48,69,21,2755,3770,2617,3632,138,138,196,1152,154,1110,42,42,196,1054,154,1012,42,42,98
radixor-generalization-v1,4.2.0-6-g84e57fb,84e57fb27ae40913569e826858a8ebb07cf2ea01,dirty,126964f216a48d2164d136a490698301111aae7f050209ced21caf73f8c01fb8,FA_IR,fa-ir-default,1.0.0,b29a0d168a6a97f980666aa40b74a0edd8b6be4ab3320a7abfbb76b3529f4ea1,11400714819323198485,60,41,69,28,2462,3770,2324,3632,138,138,268,1546,212,1490,56,56,268,1459,212,1403,56,56,87
radixor-generalization-v1,4.2.0-6-g84e57fb,84e57fb27ae40913569e826858a8ebb07cf2ea01,dirty,126964f216a48d2164d136a490698301111aae7f050209ced21caf73f8c01fb8,FA_IR,fa-ir-default,1.0.0,b29a0d168a6a97f980666aa40b74a0edd8b6be4ab3320a7abfbb76b3529f4ea1,11400714819323198485,50,35,69,34,2190,3770,2052,3632,138,138,323,1874,255,1806,68,68,323,1815,255,1747,68,68,59
radixor-generalization-v1,4.2.0-6-g84e57fb,84e57fb27ae40913569e826858a8ebb07cf2ea01,dirty,126964f216a48d2164d136a490698301111aae7f050209ced21caf73f8c01fb8,FA_IR,fa-ir-default,1.0.0,b29a0d168a6a97f980666aa40b74a0edd8b6be4ab3320a7abfbb76b3529f4ea1,11400714819323198485,40,28,69,41,1892,3770,1756,3632,136,138,395,2244,315,2162,80,82,395,2185,315,2103,80,82,59
radixor-generalization-v1,4.2.0-6-g84e57fb,84e57fb27ae40913569e826858a8ebb07cf2ea01,dirty,126964f216a48d2164d136a490698301111aae7f050209ced21caf73f8c01fb8,FA_IR,fa-ir-default,1.0.0,b29a0d168a6a97f980666aa40b74a0edd8b6be4ab3320a7abfbb76b3529f4ea1,11400714819323198485,30,21,69,48,1554,3770,1418,3632,136,138,464,2651,370,2555,94,96,464,2622,370,2526,94,96,29
radixor-generalization-v1,4.2.0-6-g84e57fb,84e57fb27ae40913569e826858a8ebb07cf2ea01,dirty,126964f216a48d2164d136a490698301111aae7f050209ced21caf73f8c01fb8,FA_IR,fa-ir-default,1.0.0,b29a0d168a6a97f980666aa40b74a0edd8b6be4ab3320a7abfbb76b3529f4ea1,11400714819323198485,20,14,69,55,1277,3770,1139,3632,138,138,535,3028,425,2918,110,110,535,2999,425,2889,110,110,29
radixor-generalization-v1,4.2.0-6-g84e57fb,84e57fb27ae40913569e826858a8ebb07cf2ea01,dirty,126964f216a48d2164d136a490698301111aae7f050209ced21caf73f8c01fb8,FA_IR,fa-ir-default,1.0.0,b29a0d168a6a97f980666aa40b74a0edd8b6be4ab3320a7abfbb76b3529f4ea1,11400714819323198485,10,7,69,62,969,3770,831,3632,138,138,597,3398,473,3274,124,124,597,3369,473,3245,124,124,29
radixor-generalization-v1,4.2.0-6-g84e57fb,84e57fb27ae40913569e826858a8ebb07cf2ea01,dirty,126964f216a48d2164d136a490698301111aae7f050209ced21caf73f8c01fb8,FA_IR,fa-ir-default,1.0.0,b29a0d168a6a97f980666aa40b74a0edd8b6be4ab3320a7abfbb76b3529f4ea1,7046029254386353131,100,69,69,0,3613,3770,3475,3632,138,138,0,0,0,0,0,0,0,0,0,0,0,0,0
radixor-generalization-v1,4.2.0-6-g84e57fb,84e57fb27ae40913569e826858a8ebb07cf2ea01,dirty,126964f216a48d2164d136a490698301111aae7f050209ced21caf73f8c01fb8,FA_IR,fa-ir-default,1.0.0,b29a0d168a6a97f980666aa40b74a0edd8b6be4ab3320a7abfbb76b3529f4ea1,7046029254386353131,90,62,69,7,3335,3770,3197,3632,138,138,66,373,52,359,14,14,66,344,52,330,14,14,29
radixor-generalization-v1,4.2.0-6-g84e57fb,84e57fb27ae40913569e826858a8ebb07cf2ea01,dirty,126964f216a48d2164d136a490698301111aae7f050209ced21caf73f8c01fb8,FA_IR,fa-ir-default,1.0.0,b29a0d168a6a97f980666aa40b74a0edd8b6be4ab3320a7abfbb76b3529f4ea1,7046029254386353131,80,55,69,14,3050,3770,2912,3632,138,138,133,754,105,726,28,28,133,696,105,668,28,28,58
radixor-generalization-v1,4.2.0-6-g84e57fb,84e57fb27ae40913569e826858a8ebb07cf2ea01,dirty,126964f216a48d2164d136a490698301111aae7f050209ced21caf73f8c01fb8,FA_IR,fa-ir-default,1.0.0,b29a0d168a6a97f980666aa40b74a0edd8b6be4ab3320a7abfbb76b3529f4ea1,7046029254386353131,70,48,69,21,2761,3770,2623,3632,138,138,187,1126,145,1084,42,42,187,1039,145,997,42,42,87
radixor-generalization-v1,4.2.0-6-g84e57fb,84e57fb27ae40913569e826858a8ebb07cf2ea01,dirty,126964f216a48d2164d136a490698301111aae7f050209ced21caf73f8c01fb8,FA_IR,fa-ir-default,1.0.0,b29a0d168a6a97f980666aa40b74a0edd8b6be4ab3320a7abfbb76b3529f4ea1,7046029254386353131,60,41,69,28,2469,3770,2331,3632,138,138,245,1506,189,1450,56,56,245,1418,189,1362,56,56,88
radixor-generalization-v1,4.2.0-6-g84e57fb,84e57fb27ae40913569e826858a8ebb07cf2ea01,dirty,126964f216a48d2164d136a490698301111aae7f050209ced21caf73f8c01fb8,FA_IR,fa-ir-default,1.0.0,b29a0d168a6a97f980666aa40b74a0edd8b6be4ab3320a7abfbb76b3529f4ea1,7046029254386353131,50,35,69,34,2225,3770,2087,3632,138,138,301,1846,233,1778,68,68,301,1718,233,1650,68,68,128
radixor-generalization-v1,4.2.0-6-g84e57fb,84e57fb27ae40913569e826858a8ebb07cf2ea01,dirty,126964f216a48d2164d136a490698301111aae7f050209ced21caf73f8c01fb8,FA_IR,fa-ir-default,1.0.0,b29a0d168a6a97f980666aa40b74a0edd8b6be4ab3320a7abfbb76b3529f4ea1,7046029254386353131,40,28,69,41,1905,3770,1767,3632,138,138,368,2233,286,2151,82,82,368,2134,286,2052,82,82,99
radixor-generalization-v1,4.2.0-6-g84e57fb,84e57fb27ae40913569e826858a8ebb07cf2ea01,dirty,126964f216a48d2164d136a490698301111aae7f050209ced21caf73f8c01fb8,FA_IR,fa-ir-default,1.0.0,b29a0d168a6a97f980666aa40b74a0edd8b6be4ab3320a7abfbb76b3529f4ea1,7046029254386353131,30,21,69,48,1610,3770,1472,3632,138,138,441,2601,345,2505,96,96,441,2531,345,2435,96,96,70
radixor-generalization-v1,4.2.0-6-g84e57fb,84e57fb27ae40913569e826858a8ebb07cf2ea01,dirty,126964f216a48d2164d136a490698301111aae7f050209ced21caf73f8c01fb8,FA_IR,fa-ir-default,1.0.0,b29a0d168a6a97f980666aa40b74a0edd8b6be4ab3320a7abfbb76b3529f4ea1,7046029254386353131,20,14,69,55,1302,3770,1164,3632,138,138,551,3019,441,2909,110,110,551,3019,441,2909,110,110,0
radixor-generalization-v1,4.2.0-6-g84e57fb,84e57fb27ae40913569e826858a8ebb07cf2ea01,dirty,126964f216a48d2164d136a490698301111aae7f050209ced21caf73f8c01fb8,FA_IR,fa-ir-default,1.0.0,b29a0d168a6a97f980666aa40b74a0edd8b6be4ab3320a7abfbb76b3529f4ea1,7046029254386353131,10,7,69,62,980,3770,842,3632,138,138,612,3402,488,3278,124,124,612,3402,488,3278,124,124,0
radixor-generalization-v1,4.2.0-6-g84e57fb,84e57fb27ae40913569e826858a8ebb07cf2ea01,dirty,126964f216a48d2164d136a490698301111aae7f050209ced21caf73f8c01fb8,FA_IR,fa-ir-default,1.0.0,b29a0d168a6a97f980666aa40b74a0edd8b6be4ab3320a7abfbb76b3529f4ea1,2611923443488327891,100,69,69,0,3613,3770,3475,3632,138,138,0,0,0,0,0,0,0,0,0,0,0,0,0
radixor-generalization-v1,4.2.0-6-g84e57fb,84e57fb27ae40913569e826858a8ebb07cf2ea01,dirty,126964f216a48d2164d136a490698301111aae7f050209ced21caf73f8c01fb8,FA_IR,fa-ir-default,1.0.0,b29a0d168a6a97f980666aa40b74a0edd8b6be4ab3320a7abfbb76b3529f4ea1,2611923443488327891,90,62,69,7,3310,3770,3174,3632,136,138,57,390,45,376,12,14,57,360,45,346,12,14,30
radixor-generalization-v1,4.2.0-6-g84e57fb,84e57fb27ae40913569e826858a8ebb07cf2ea01,dirty,126964f216a48d2164d136a490698301111aae7f050209ced21caf73f8c01fb8,FA_IR,fa-ir-default,1.0.0,b29a0d168a6a97f980666aa40b74a0edd8b6be4ab3320a7abfbb76b3529f4ea1,2611923443488327891,80,55,69,14,2986,3770,2850,3632,136,138,115,772,89,744,26,28,115,743,89,715,26,28,29
radixor-generalization-v1,4.2.0-6-g84e57fb,84e57fb27ae40913569e826858a8ebb07cf2ea01,dirty,126964f216a48d2164d136a490698301111aae7f050209ced21caf73f8c01fb8,FA_IR,fa-ir-default,1.0.0,b29a0d168a6a97f980666aa40b74a0edd8b6be4ab3320a7abfbb76b3529f4ea1,2611923443488327891,70,48,69,21,2701,3770,2565,3632,136,138,195,1177,155,1135,40,42,195,1108,155,1066,40,42,69
radixor-generalization-v1,4.2.0-6-g84e57fb,84e57fb27ae40913569e826858a8ebb07cf2ea01,dirty,126964f216a48d2164d136a490698301111aae7f050209ced21caf73f8c01fb8,FA_IR,fa-ir-default,1.0.0,b29a0d168a6a97f980666aa40b74a0edd8b6be4ab3320a7abfbb76b3529f4ea1,2611923443488327891,60,41,69,28,2403,3770,2267,3632,136,138,263,1543,209,1487,54,56,263,1474,209,1418,54,56,69
radixor-generalization-v1,4.2.0-6-g84e57fb,84e57fb27ae40913569e826858a8ebb07cf2ea01,dirty,126964f216a48d2164d136a490698301111aae7f050209ced21caf73f8c01fb8,FA_IR,fa-ir-default,1.0.0,b29a0d168a6a97f980666aa40b74a0edd8b6be4ab3320a7abfbb76b3529f4ea1,2611923443488327891,50,35,69,34,2189,3770,2053,3632,136,138,322,1874,256,1806,66,68,322,1747,256,1679,66,68,127
radixor-generalization-v1,4.2.0-6-g84e57fb,84e57fb27ae40913569e826858a8ebb07cf2ea01,dirty,126964f216a48d2164d136a490698301111aae7f050209ced21caf73f8c01fb8,FA_IR,fa-ir-default,1.0.0,b29a0d168a6a97f980666aa40b74a0edd8b6be4ab3320a7abfbb76b3529f4ea1,2611923443488327891,40,28,69,41,1927,3770,1791,3632,136,138,399,2242,319,2160,80,82,399,2086,319,2004,80,82,156
radixor-generalization-v1,4.2.0-6-g84e57fb,84e57fb27ae40913569e826858a8ebb07cf2ea01,dirty,126964f216a48d2164d136a490698301111aae7f050209ced21caf73f8c01fb8,FA_IR,fa-ir-default,1.0.0,b29a0d168a6a97f980666aa40b74a0edd8b6be4ab3320a7abfbb76b3529f4ea1,2611923443488327891,30,21,69,48,1598,3770,1462,3632,136,138,466,2638,372,2542,94,96,466,2551,372,2455,94,96,87
radixor-generalization-v1,4.2.0-6-g84e57fb,84e57fb27ae40913569e826858a8ebb07cf2ea01,dirty,126964f216a48d2164d136a490698301111aae7f050209ced21caf73f8c01fb8,FA_IR,fa-ir-default,1.0.0,b29a0d168a6a97f980666aa40b74a0edd8b6be4ab3320a7abfbb76b3529f4ea1,2611923443488327891,20,14,69,55,1292,3770,1156,3632,136,138,535,3013,427,2903,108,110,535,2955,427,2845,108,110,58
radixor-generalization-v1,4.2.0-6-g84e57fb,84e57fb27ae40913569e826858a8ebb07cf2ea01,dirty,126964f216a48d2164d136a490698301111aae7f050209ced21caf73f8c01fb8,FA_IR,fa-ir-default,1.0.0,b29a0d168a6a97f980666aa40b74a0edd8b6be4ab3320a7abfbb76b3529f4ea1,2611923443488327891,10,7,69,62,987,3770,849,3632,138,138,604,3387,480,3263,124,124,604,3358,480,3234,124,124,29
radixor-generalization-v1,4.2.0-6-g84e57fb,84e57fb27ae40913569e826858a8ebb07cf2ea01,dirty,126964f216a48d2164d136a490698301111aae7f050209ced21caf73f8c01fb8,FA_IR,fa-ir-default,1.0.0,b29a0d168a6a97f980666aa40b74a0edd8b6be4ab3320a7abfbb76b3529f4ea1,15111065706836454659,100,69,69,0,3613,3770,3475,3632,138,138,0,0,0,0,0,0,0,0,0,0,0,0,0
radixor-generalization-v1,4.2.0-6-g84e57fb,84e57fb27ae40913569e826858a8ebb07cf2ea01,dirty,126964f216a48d2164d136a490698301111aae7f050209ced21caf73f8c01fb8,FA_IR,fa-ir-default,1.0.0,b29a0d168a6a97f980666aa40b74a0edd8b6be4ab3320a7abfbb76b3529f4ea1,15111065706836454659,90,62,69,7,3313,3770,3175,3632,138,138,69,409,55,395,14,14,69,369,55,355,14,14,40
radixor-generalization-v1,4.2.0-6-g84e57fb,84e57fb27ae40913569e826858a8ebb07cf2ea01,dirty,126964f216a48d2164d136a490698301111aae7f050209ced21caf73f8c01fb8,FA_IR,fa-ir-default,1.0.0,b29a0d168a6a97f980666aa40b74a0edd8b6be4ab3320a7abfbb76b3529f4ea1,15111065706836454659,80,55,69,14,2981,3770,2843,3632,138,138,106,807,78,779,28,28,106,778,78,750,28,28,29
radixor-generalization-v1,4.2.0-6-g84e57fb,84e57fb27ae40913569e826858a8ebb07cf2ea01,dirty,126964f216a48d2164d136a490698301111aae7f050209ced21caf73f8c01fb8,FA_IR,fa-ir-default,1.0.0,b29a0d168a6a97f980666aa40b74a0edd8b6be4ab3320a7abfbb76b3529f4ea1,15111065706836454659,70,48,69,21,2705,3770,2567,3632,138,138,178,1185,136,1143,42,42,178,1126,136,1084,42,42,59
radixor-generalization-v1,4.2.0-6-g84e57fb,84e57fb27ae40913569e826858a8ebb07cf2ea01,dirty,126964f216a48d2164d136a490698301111aae7f050209ced21caf73f8c01fb8,FA_IR,fa-ir-default,1.0.0,b29a0d168a6a97f980666aa40b74a0edd8b6be4ab3320a7abfbb76b3529f4ea1,15111065706836454659,60,41,69,28,2424,3770,2286,3632,138,138,249,1566,193,1510,56,56,249,1478,193,1422,56,56,88
radixor-generalization-v1,4.2.0-6-g84e57fb,84e57fb27ae40913569e826858a8ebb07cf2ea01,dirty,126964f216a48d2164d136a490698301111aae7f050209ced21caf73f8c01fb8,FA_IR,fa-ir-default,1.0.0,b29a0d168a6a97f980666aa40b74a0edd8b6be4ab3320a7abfbb76b3529f4ea1,15111065706836454659,50,35,69,34,2170,3770,2032,3632,138,138,309,1880,241,1812,68,68,309,1792,241,1724,68,68,88
radixor-generalization-v1,4.2.0-6-g84e57fb,84e57fb27ae40913569e826858a8ebb07cf2ea01,dirty,126964f216a48d2164d136a490698301111aae7f050209ced21caf73f8c01fb8,FA_IR,fa-ir-default,1.0.0,b29a0d168a6a97f980666aa40b74a0edd8b6be4ab3320a7abfbb76b3529f4ea1,15111065706836454659,40,28,69,41,1859,3770,1721,3632,138,138,366,2248,284,2166,82,82,366,2189,284,2107,82,82,59
radixor-generalization-v1,4.2.0-6-g84e57fb,84e57fb27ae40913569e826858a8ebb07cf2ea01,dirty,126964f216a48d2164d136a490698301111aae7f050209ced21caf73f8c01fb8,FA_IR,fa-ir-default,1.0.0,b29a0d168a6a97f980666aa40b74a0edd8b6be4ab3320a7abfbb76b3529f4ea1,15111065706836454659,30,21,69,48,1545,3770,1407,3632,138,138,427,2623,331,2527,96,96,427,2622,331,2526,96,96,1
radixor-generalization-v1,4.2.0-6-g84e57fb,84e57fb27ae40913569e826858a8ebb07cf2ea01,dirty,126964f216a48d2164d136a490698301111aae7f050209ced21caf73f8c01fb8,FA_IR,fa-ir-default,1.0.0,b29a0d168a6a97f980666aa40b74a0edd8b6be4ab3320a7abfbb76b3529f4ea1,15111065706836454659,20,14,69,55,1249,3770,1111,3632,138,138,487,3008,377,2898,110,110,487,2978,377,2868,110,110,30
radixor-generalization-v1,4.2.0-6-g84e57fb,84e57fb27ae40913569e826858a8ebb07cf2ea01,dirty,126964f216a48d2164d136a490698301111aae7f050209ced21caf73f8c01fb8,FA_IR,fa-ir-default,1.0.0,b29a0d168a6a97f980666aa40b74a0edd8b6be4ab3320a7abfbb76b3529f4ea1,15111065706836454659,10,7,69,62,942,3770,804,3632,138,138,550,3378,426,3254,124,124,550,3348,426,3224,124,124,30
radixor-generalization-v1,4.2.0-6-g84e57fb,84e57fb27ae40913569e826858a8ebb07cf2ea01,dirty,126964f216a48d2164d136a490698301111aae7f050209ced21caf73f8c01fb8,FI_FI,fi-fi-default,1.0.0,ca2628b3db31fee92f1b612ebbbd5e956a6dbbfb10e721325e55ef528f26072f,2654435761,100,57027,57027,0,1840248,1865215,1733693,1754690,106555,110525,0,0,0,0,0,0,0,0,0,0,0,0,0
radixor-generalization-v1,4.2.0-6-g84e57fb,84e57fb27ae40913569e826858a8ebb07cf2ea01,dirty,126964f216a48d2164d136a490698301111aae7f050209ced21caf73f8c01fb8,FI_FI,fi-fi-default,1.0.0,ca2628b3db31fee92f1b612ebbbd5e956a6dbbfb10e721325e55ef528f26072f,2654435761,90,51324,57027,5703,1815553,1865215,1709960,1754690,105593,110525,155555,185176,146267,174151,9288,11025,155140,179809,145894,170059,9246,9750,5367
radixor-generalization-v1,4.2.0-6-g84e57fb,84e57fb27ae40913569e826858a8ebb07cf2ea01,dirty,126964f216a48d2164d136a490698301111aae7f050209ced21caf73f8c01fb8,FI_FI,fi-fi-default,1.0.0,ca2628b3db31fee92f1b612ebbbd5e956a6dbbfb10e721325e55ef528f26072f,2654435761,80,45622,57027,11405,1790216,1865215,1685463,1754690,104753,110525,312028,371210,293230,349146,18798,22064,311151,361573,292441,341766,18710,19807,9637
radixor-generalization-v1,4.2.0-6-g84e57fb,84e57fb27ae40913569e826858a8ebb07cf2ea01,dirty,126964f216a48d2164d136a490698301111aae7f050209ced21caf73f8c01fb8,FI_FI,fi-fi-default,1.0.0,ca2628b3db31fee92f1b612ebbbd5e956a6dbbfb10e721325e55ef528f26072f,2654435761,70,39919,57027,17108,1763490,1865215,1659602,1754690,103888,110525,468961,558132,440516,525037,28445,33095,467677,545786,439356,515564,28321,30222,12346
radixor-generalization-v1,4.2.0-6-g84e57fb,84e57fb27ae40913569e826858a8ebb07cf2ea01,dirty,126964f216a48d2164d136a490698301111aae7f050209ced21caf73f8c01fb8,FI_FI,fi-fi-default,1.0.0,ca2628b3db31fee92f1b612ebbbd5e956a6dbbfb10e721325e55ef528f26072f,2654435761,60,34216,57027,22811,1734240,1865215,1631141,1754690,103099,110525,623434,745088,585219,700927,38215,44161,622012,730831,583935,689915,38077,40916,14257
radixor-generalization-v1,4.2.0-6-g84e57fb,84e57fb27ae40913569e826858a8ebb07cf2ea01,dirty,126964f216a48d2164d136a490698301111aae7f050209ced21caf73f8c01fb8,FI_FI,fi-fi-default,1.0.0,ca2628b3db31fee92f1b612ebbbd5e956a6dbbfb10e721325e55ef528f26072f,2654435761,50,28514,57027,28513,1702854,1865215,1600564,1754690,102290,110525,776995,932608,728901,877376,48094,55232,775624,917680,727669,865874,47955,51806,14928
radixor-generalization-v1,4.2.0-6-g84e57fb,84e57fb27ae40913569e826858a8ebb07cf2ea01,dirty,126964f216a48d2164d136a490698301111aae7f050209ced21caf73f8c01fb8,FI_FI,fi-fi-default,1.0.0,ca2628b3db31fee92f1b612ebbbd5e956a6dbbfb10e721325e55ef528f26072f,2654435761,40,22811,57027,34216,1668668,1865215,1567353,1754690,101315,110525,926117,1118225,868356,1051946,57761,66279,924653,1103628,867041,1040697,57612,62931,14597
radixor-generalization-v1,4.2.0-6-g84e57fb,84e57fb27ae40913569e826858a8ebb07cf2ea01,dirty,126964f216a48d2164d136a490698301111aae7f050209ced21caf73f8c01fb8,FI_FI,fi-fi-default,1.0.0,ca2628b3db31fee92f1b612ebbbd5e956a6dbbfb10e721325e55ef528f26072f,2654435761,30,17108,57027,39919,1631013,1865215,1530852,1754690,100161,110525,1072657,1304315,1005236,1226941,67421,77374,1071188,1291009,1003910,1216670,67278,74339,13306
radixor-generalization-v1,4.2.0-6-g84e57fb,84e57fb27ae40913569e826858a8ebb07cf2ea01,dirty,126964f216a48d2164d136a490698301111aae7f050209ced21caf73f8c01fb8,FI_FI,fi-fi-default,1.0.0,ca2628b3db31fee92f1b612ebbbd5e956a6dbbfb10e721325e55ef528f26072f,2654435761,20,11405,57027,45622,1581324,1865215,1482223,1754690,99101,110525,1208102,1490823,1130903,1402398,77199,88425,1206716,1480173,1129652,1394087,77064,86086,10650
radixor-generalization-v1,4.2.0-6-g84e57fb,84e57fb27ae40913569e826858a8ebb07cf2ea01,dirty,126964f216a48d2164d136a490698301111aae7f050209ced21caf73f8c01fb8,FI_FI,fi-fi-default,1.0.0,ca2628b3db31fee92f1b612ebbbd5e956a6dbbfb10e721325e55ef528f26072f,2654435761,10,5703,57027,51324,1505231,1865215,1407618,1754690,97613,110525,1318796,1678492,1232165,1579003,86631,99489,1318014,1672373,1231460,1574292,86554,98081,6119
radixor-generalization-v1,4.2.0-6-g84e57fb,84e57fb27ae40913569e826858a8ebb07cf2ea01,dirty,126964f216a48d2164d136a490698301111aae7f050209ced21caf73f8c01fb8,FI_FI,fi-fi-default,1.0.0,ca2628b3db31fee92f1b612ebbbd5e956a6dbbfb10e721325e55ef528f26072f,11400714819323198485,100,57027,57027,0,1840248,1865215,1733693,1754690,106555,110525,0,0,0,0,0,0,0,0,0,0,0,0,0
radixor-generalization-v1,4.2.0-6-g84e57fb,84e57fb27ae40913569e826858a8ebb07cf2ea01,dirty,126964f216a48d2164d136a490698301111aae7f050209ced21caf73f8c01fb8,FI_FI,fi-fi-default,1.0.0,ca2628b3db31fee92f1b612ebbbd5e956a6dbbfb10e721325e55ef528f26072f,11400714819323198485,90,51324,57027,5703,1816021,1865215,1710528,1754690,105493,110525,156895,185549,147498,174493,9397,11056,156328,180425,146981,170558,9347,9867,5124
radixor-generalization-v1,4.2.0-6-g84e57fb,84e57fb27ae40913569e826858a8ebb07cf2ea01,dirty,126964f216a48d2164d136a490698301111aae7f050209ced21caf73f8c01fb8,FI_FI,fi-fi-default,1.0.0,ca2628b3db31fee92f1b612ebbbd5e956a6dbbfb10e721325e55ef528f26072f,11400714819323198485,80,45622,57027,11405,1791100,1865215,1686422,1754690,104678,110525,315255,373245,296351,351129,18904,22116,314412,363766,295584,343786,18828,19980,9479
radixor-generalization-v1,4.2.0-6-g84e57fb,84e57fb27ae40913569e826858a8ebb07cf2ea01,dirty,126964f216a48d2164d136a490698301111aae7f050209ced21caf73f8c01fb8,FI_FI,fi-fi-default,1.0.0,ca2628b3db31fee92f1b612ebbbd5e956a6dbbfb10e721325e55ef528f26072f,11400714819323198485,70,39919,57027,17108,1763750,1865215,1659934,1754690,103816,110525,470639,559634,442098,526448,28541,33186,469240,546876,440833,516594,28407,30282,12758
radixor-generalization-v1,4.2.0-6-g84e57fb,84e57fb27ae40913569e826858a8ebb07cf2ea01,dirty,126964f216a48d2164d136a490698301111aae7f050209ced21caf73f8c01fb8,FI_FI,fi-fi-default,1.0.0,ca2628b3db31fee92f1b612ebbbd5e956a6dbbfb10e721325e55ef528f26072f,11400714819323198485,60,34216,57027,22811,1735296,1865215,1632108,1754690,103188,110525,625814,746531,587457,702295,38357,44236,623951,731541,585774,690678,38177,40863,14990
radixor-generalization-v1,4.2.0-6-g84e57fb,84e57fb27ae40913569e826858a8ebb07cf2ea01,dirty,126964f216a48d2164d136a490698301111aae7f050209ced21caf73f8c01fb8,FI_FI,fi-fi-default,1.0.0,ca2628b3db31fee92f1b612ebbbd5e956a6dbbfb10e721325e55ef528f26072f,11400714819323198485,50,28514,57027,28513,1704408,1865215,1602263,1754690,102145,110525,777762,932439,729877,877142,47885,55297,776053,916767,728340,865019,47713,51748,15672
radixor-generalization-v1,4.2.0-6-g84e57fb,84e57fb27ae40913569e826858a8ebb07cf2ea01,dirty,126964f216a48d2164d136a490698301111aae7f050209ced21caf73f8c01fb8,FI_FI,fi-fi-default,1.0.0,ca2628b3db31fee92f1b612ebbbd5e956a6dbbfb10e721325e55ef528f26072f,11400714819323198485,40,22811,57027,34216,1671955,1865215,1570755,1754690,101200,110525,928860,1118218,871256,1051890,57604,66328,927317,1103442,869877,1040528,57440,62914,14776
radixor-generalization-v1,4.2.0-6-g84e57fb,84e57fb27ae40913569e826858a8ebb07cf2ea01,dirty,126964f216a48d2164d136a490698301111aae7f050209ced21caf73f8c01fb8,FI_FI,fi-fi-default,1.0.0,ca2628b3db31fee92f1b612ebbbd5e956a6dbbfb10e721325e55ef528f26072f,11400714819323198485,30,17108,57027,39919,1636161,1865215,1536026,1754690,100135,110525,1078719,1305616,1011386,1228222,67333,77394,1077348,1292635,1010157,1218236,67191,74399,12981
radixor-generalization-v1,4.2.0-6-g84e57fb,84e57fb27ae40913569e826858a8ebb07cf2ea01,dirty,126964f216a48d2164d136a490698301111aae7f050209ced21caf73f8c01fb8,FI_FI,fi-fi-default,1.0.0,ca2628b3db31fee92f1b612ebbbd5e956a6dbbfb10e721325e55ef528f26072f,11400714819323198485,20,11405,57027,45622,1588323,1865215,1489260,1754690,99063,110525,1215105,1490985,1138008,1402564,77097,88421,1214213,1481479,1137208,1395321,77005,86158,9506
radixor-generalization-v1,4.2.0-6-g84e57fb,84e57fb27ae40913569e826858a8ebb07cf2ea01,dirty,126964f216a48d2164d136a490698301111aae7f050209ced21caf73f8c01fb8,FI_FI,fi-fi-default,1.0.0,ca2628b3db31fee92f1b612ebbbd5e956a6dbbfb10e721325e55ef528f26072f,11400714819323198485,10,5703,57027,51324,1518701,1865215,1421287,1754690,97414,110525,1331374,1677601,1244969,1578125,86405,99476,1330813,1671999,1244464,1573935,86349,98064,5602
radixor-generalization-v1,4.2.0-6-g84e57fb,84e57fb27ae40913569e826858a8ebb07cf2ea01,dirty,126964f216a48d2164d136a490698301111aae7f050209ced21caf73f8c01fb8,FI_FI,fi-fi-default,1.0.0,ca2628b3db31fee92f1b612ebbbd5e956a6dbbfb10e721325e55ef528f26072f,7046029254386353131,100,57027,57027,0,1840248,1865215,1733693,1754690,106555,110525,0,0,0,0,0,0,0,0,0,0,0,0,0
radixor-generalization-v1,4.2.0-6-g84e57fb,84e57fb27ae40913569e826858a8ebb07cf2ea01,dirty,126964f216a48d2164d136a490698301111aae7f050209ced21caf73f8c01fb8,FI_FI,fi-fi-default,1.0.0,ca2628b3db31fee92f1b612ebbbd5e956a6dbbfb10e721325e55ef528f26072f,7046029254386353131,90,51324,57027,5703,1816143,1865215,1710623,1754690,105520,110525,158157,186848,148772,175776,9385,11072,157717,181725,148371,171870,9346,9855,5123
radixor-generalization-v1,4.2.0-6-g84e57fb,84e57fb27ae40913569e826858a8ebb07cf2ea01,dirty,126964f216a48d2164d136a490698301111aae7f050209ced21caf73f8c01fb8,FI_FI,fi-fi-default,1.0.0,ca2628b3db31fee92f1b612ebbbd5e956a6dbbfb10e721325e55ef528f26072f,7046029254386353131,80,45622,57027,11405,1790421,1865215,1685818,1754690,104603,110525,313473,371879,294649,349774,18824,22105,312462,362688,293729,342798,18733,19890,9191
radixor-generalization-v1,4.2.0-6-g84e57fb,84e57fb27ae40913569e826858a8ebb07cf2ea01,dirty,126964f216a48d2164d136a490698301111aae7f050209ced21caf73f8c01fb8,FI_FI,fi-fi-default,1.0.0,ca2628b3db31fee92f1b612ebbbd5e956a6dbbfb10e721325e55ef528f26072f,7046029254386353131,70,39919,57027,17108,1762962,1865215,1659294,1754690,103668,110525,468001,557317,439611,524182,28390,33135,466665,545257,438400,515073,28265,30184,12060
radixor-generalization-v1,4.2.0-6-g84e57fb,84e57fb27ae40913569e826858a8ebb07cf2ea01,dirty,126964f216a48d2164d136a490698301111aae7f050209ced21caf73f8c01fb8,FI_FI,fi-fi-default,1.0.0,ca2628b3db31fee92f1b612ebbbd5e956a6dbbfb10e721325e55ef528f26072f,7046029254386353131,60,34216,57027,22811,1734627,1865215,1631888,1754690,102739,110525,623496,744554,585464,700352,38032,44202,622061,730496,584168,689705,37893,40791,14058
radixor-generalization-v1,4.2.0-6-g84e57fb,84e57fb27ae40913569e826858a8ebb07cf2ea01,dirty,126964f216a48d2164d136a490698301111aae7f050209ced21caf73f8c01fb8,FI_FI,fi-fi-default,1.0.0,ca2628b3db31fee92f1b612ebbbd5e956a6dbbfb10e721325e55ef528f26072f,7046029254386353131,50,28514,57027,28513,1704462,1865215,1602598,1754690,101864,110525,779051,933051,731253,877750,47798,55301,777461,918105,729818,866388,47643,51717,14946
radixor-generalization-v1,4.2.0-6-g84e57fb,84e57fb27ae40913569e826858a8ebb07cf2ea01,dirty,126964f216a48d2164d136a490698301111aae7f050209ced21caf73f8c01fb8,FI_FI,fi-fi-default,1.0.0,ca2628b3db31fee92f1b612ebbbd5e956a6dbbfb10e721325e55ef528f26072f,7046029254386353131,40,22811,57027,34216,1670900,1865215,1569953,1754690,100947,110525,930170,1120130,872669,1053797,57501,66333,928433,1105402,871101,1042537,57332,62865,14728
radixor-generalization-v1,4.2.0-6-g84e57fb,84e57fb27ae40913569e826858a8ebb07cf2ea01,dirty,126964f216a48d2164d136a490698301111aae7f050209ced21caf73f8c01fb8,FI_FI,fi-fi-default,1.0.0,ca2628b3db31fee92f1b612ebbbd5e956a6dbbfb10e721325e55ef528f26072f,7046029254386353131,30,17108,57027,39919,1636088,1865215,1536090,1754690,99998,110525,1078439,1305189,1011182,1227826,67257,77363,1076755,1291607,1009659,1217397,67096,74210,13582
radixor-generalization-v1,4.2.0-6-g84e57fb,84e57fb27ae40913569e826858a8ebb07cf2ea01,dirty,126964f216a48d2164d136a490698301111aae7f050209ced21caf73f8c01fb8,FI_FI,fi-fi-default,1.0.0,ca2628b3db31fee92f1b612ebbbd5e956a6dbbfb10e721325e55ef528f26072f,7046029254386353131,20,11405,57027,45622,1587848,1865215,1488900,1754690,98948,110525,1215345,1491668,1138299,1403241,77046,88427,1214200,1481274,1137271,1395280,76929,85994,10394
radixor-generalization-v1,4.2.0-6-g84e57fb,84e57fb27ae40913569e826858a8ebb07cf2ea01,dirty,126964f216a48d2164d136a490698301111aae7f050209ced21caf73f8c01fb8,FI_FI,fi-fi-default,1.0.0,ca2628b3db31fee92f1b612ebbbd5e956a6dbbfb10e721325e55ef528f26072f,7046029254386353131,10,5703,57027,51324,1514939,1865215,1417055,1754690,97884,110525,1328501,1678519,1241610,1579033,86891,99486,1327771,1672452,1240950,1574345,86821,98107,6067
radixor-generalization-v1,4.2.0-6-g84e57fb,84e57fb27ae40913569e826858a8ebb07cf2ea01,dirty,126964f216a48d2164d136a490698301111aae7f050209ced21caf73f8c01fb8,FI_FI,fi-fi-default,1.0.0,ca2628b3db31fee92f1b612ebbbd5e956a6dbbfb10e721325e55ef528f26072f,2611923443488327891,100,57027,57027,0,1840248,1865215,1733693,1754690,106555,110525,0,0,0,0,0,0,0,0,0,0,0,0,0
radixor-generalization-v1,4.2.0-6-g84e57fb,84e57fb27ae40913569e826858a8ebb07cf2ea01,dirty,126964f216a48d2164d136a490698301111aae7f050209ced21caf73f8c01fb8,FI_FI,fi-fi-default,1.0.0,ca2628b3db31fee92f1b612ebbbd5e956a6dbbfb10e721325e55ef528f26072f,2611923443488327891,90,51324,57027,5703,1816039,1865215,1710439,1754690,105600,110525,159432,188134,149919,177040,9513,11094,158625,182700,149196,172796,9429,9904,5434
radixor-generalization-v1,4.2.0-6-g84e57fb,84e57fb27ae40913569e826858a8ebb07cf2ea01,dirty,126964f216a48d2164d136a490698301111aae7f050209ced21caf73f8c01fb8,FI_FI,fi-fi-default,1.0.0,ca2628b3db31fee92f1b612ebbbd5e956a6dbbfb10e721325e55ef528f26072f,2611923443488327891,80,45622,57027,11405,1790250,1865215,1685510,1754690,104740,110525,316476,375231,297460,353084,19016,22147,315328,365722,296424,345668,18904,20054,9509
radixor-generalization-v1,4.2.0-6-g84e57fb,84e57fb27ae40913569e826858a8ebb07cf2ea01,dirty,126964f216a48d2164d136a490698301111aae7f050209ced21caf73f8c01fb8,FI_FI,fi-fi-default,1.0.0,ca2628b3db31fee92f1b612ebbbd5e956a6dbbfb10e721325e55ef528f26072f,2611923443488327891,70,39919,57027,17108,1763207,1865215,1659222,1754690,103985,110525,471305,560666,442621,527476,28684,33190,469906,548354,441358,517846,28548,30508,12312
radixor-generalization-v1,4.2.0-6-g84e57fb,84e57fb27ae40913569e826858a8ebb07cf2ea01,dirty,126964f216a48d2164d136a490698301111aae7f050209ced21caf73f8c01fb8,FI_FI,fi-fi-default,1.0.0,ca2628b3db31fee92f1b612ebbbd5e956a6dbbfb10e721325e55ef528f26072f,2611923443488327891,60,34216,57027,22811,1735144,1865215,1632159,1754690,102985,110525,627597,748073,589292,703816,38305,44257,626058,734108,587903,693047,38155,41061,13965
radixor-generalization-v1,4.2.0-6-g84e57fb,84e57fb27ae40913569e826858a8ebb07cf2ea01,dirty,126964f216a48d2164d136a490698301111aae7f050209ced21caf73f8c01fb8,FI_FI,fi-fi-default,1.0.0,ca2628b3db31fee92f1b612ebbbd5e956a6dbbfb10e721325e55ef528f26072f,2611923443488327891,50,28514,57027,28513,1704882,1865215,1602893,1754690,101989,110525,780921,934397,732976,879090,47945,55307,779236,919749,731458,867895,47778,51854,14648
radixor-generalization-v1,4.2.0-6-g84e57fb,84e57fb27ae40913569e826858a8ebb07cf2ea01,dirty,126964f216a48d2164d136a490698301111aae7f050209ced21caf73f8c01fb8,FI_FI,fi-fi-default,1.0.0,ca2628b3db31fee92f1b612ebbbd5e956a6dbbfb10e721325e55ef528f26072f,2611923443488327891,40,22811,57027,34216,1672637,1865215,1571471,1754690,101166,110525,933488,1121367,875686,1054990,57802,66377,931873,1107197,874229,1044286,57644,62911,14170
radixor-generalization-v1,4.2.0-6-g84e57fb,84e57fb27ae40913569e826858a8ebb07cf2ea01,dirty,126964f216a48d2164d136a490698301111aae7f050209ced21caf73f8c01fb8,FI_FI,fi-fi-default,1.0.0,ca2628b3db31fee92f1b612ebbbd5e956a6dbbfb10e721325e55ef528f26072f,2611923443488327891,30,17108,57027,39919,1635013,1865215,1534858,1754690,100155,110525,1079625,1307233,1012182,1229823,67443,77410,1078292,1294630,1010986,1220289,67306,74341,12603
radixor-generalization-v1,4.2.0-6-g84e57fb,84e57fb27ae40913569e826858a8ebb07cf2ea01,dirty,126964f216a48d2164d136a490698301111aae7f050209ced21caf73f8c01fb8,FI_FI,fi-fi-default,1.0.0,ca2628b3db31fee92f1b612ebbbd5e956a6dbbfb10e721325e55ef528f26072f,2611923443488327891,20,11405,57027,45622,1587854,1865215,1488511,1754690,99343,110525,1216001,1492262,1138599,1403844,77402,88418,1214909,1482364,1137617,1396176,77292,86188,9898
radixor-generalization-v1,4.2.0-6-g84e57fb,84e57fb27ae40913569e826858a8ebb07cf2ea01,dirty,126964f216a48d2164d136a490698301111aae7f050209ced21caf73f8c01fb8,FI_FI,fi-fi-default,1.0.0,ca2628b3db31fee92f1b612ebbbd5e956a6dbbfb10e721325e55ef528f26072f,2611923443488327891,10,5703,57027,51324,1512013,1865215,1414223,1754690,97790,110525,1326087,1679008,1239329,1579549,86758,99459,1325492,1673384,1238794,1575185,86698,98199,5624
radixor-generalization-v1,4.2.0-6-g84e57fb,84e57fb27ae40913569e826858a8ebb07cf2ea01,dirty,126964f216a48d2164d136a490698301111aae7f050209ced21caf73f8c01fb8,FI_FI,fi-fi-default,1.0.0,ca2628b3db31fee92f1b612ebbbd5e956a6dbbfb10e721325e55ef528f26072f,15111065706836454659,100,57027,57027,0,1840248,1865215,1733693,1754690,106555,110525,0,0,0,0,0,0,0,0,0,0,0,0,0
radixor-generalization-v1,4.2.0-6-g84e57fb,84e57fb27ae40913569e826858a8ebb07cf2ea01,dirty,126964f216a48d2164d136a490698301111aae7f050209ced21caf73f8c01fb8,FI_FI,fi-fi-default,1.0.0,ca2628b3db31fee92f1b612ebbbd5e956a6dbbfb10e721325e55ef528f26072f,15111065706836454659,90,51324,57027,5703,1815721,1865215,1710179,1754690,105542,110525,157394,186397,147964,175364,9430,11033,156846,181248,147469,171456,9377,9792,5149
radixor-generalization-v1,4.2.0-6-g84e57fb,84e57fb27ae40913569e826858a8ebb07cf2ea01,dirty,126964f216a48d2164d136a490698301111aae7f050209ced21caf73f8c01fb8,FI_FI,fi-fi-default,1.0.0,ca2628b3db31fee92f1b612ebbbd5e956a6dbbfb10e721325e55ef528f26072f,15111065706836454659,80,45622,57027,11405,1790089,1865215,1685470,1754690,104619,110525,313746,372683,294907,350618,18839,22065,312809,363208,294058,343413,18751,19795,9475
radixor-generalization-v1,4.2.0-6-g84e57fb,84e57fb27ae40913569e826858a8ebb07cf2ea01,dirty,126964f216a48d2164d136a490698301111aae7f050209ced21caf73f8c01fb8,FI_FI,fi-fi-default,1.0.0,ca2628b3db31fee92f1b612ebbbd5e956a6dbbfb10e721325e55ef528f26072f,15111065706836454659,70,39919,57027,17108,1763057,1865215,1659378,1754690,103679,110525,470109,559673,441731,526539,28378,33134,468892,547271,440632,517141,28260,30130,12402
radixor-generalization-v1,4.2.0-6-g84e57fb,84e57fb27ae40913569e826858a8ebb07cf2ea01,dirty,126964f216a48d2164d136a490698301111aae7f050209ced21caf73f8c01fb8,FI_FI,fi-fi-default,1.0.0,ca2628b3db31fee92f1b612ebbbd5e956a6dbbfb10e721325e55ef528f26072f,15111065706836454659,60,34216,57027,22811,1734494,1865215,1631669,1754690,102825,110525,624110,745443,586084,701245,38026,44198,622587,730977,584705,690258,37882,40719,14466
radixor-generalization-v1,4.2.0-6-g84e57fb,84e57fb27ae40913569e826858a8ebb07cf2ea01,dirty,126964f216a48d2164d136a490698301111aae7f050209ced21caf73f8c01fb8,FI_FI,fi-fi-default,1.0.0,ca2628b3db31fee92f1b612ebbbd5e956a6dbbfb10e721325e55ef528f26072f,15111065706836454659,50,28514,57027,28513,1704531,1865215,1602525,1754690,102006,110525,778420,932349,730636,877098,47784,55251,776762,917261,729139,865634,47623,51627,15088
radixor-generalization-v1,4.2.0-6-g84e57fb,84e57fb27ae40913569e826858a8ebb07cf2ea01,dirty,126964f216a48d2164d136a490698301111aae7f050209ced21caf73f8c01fb8,FI_FI,fi-fi-default,1.0.0,ca2628b3db31fee92f1b612ebbbd5e956a6dbbfb10e721325e55ef528f26072f,15111065706836454659,40,22811,57027,34216,1669717,1865215,1568619,1754690,101098,110525,927021,1118194,869495,1051895,57526,66299,925409,1103587,868039,1040741,57370,62846,14607
radixor-generalization-v1,4.2.0-6-g84e57fb,84e57fb27ae40913569e826858a8ebb07cf2ea01,dirty,126964f216a48d2164d136a490698301111aae7f050209ced21caf73f8c01fb8,FI_FI,fi-fi-default,1.0.0,ca2628b3db31fee92f1b612ebbbd5e956a6dbbfb10e721325e55ef528f26072f,15111065706836454659,30,17108,57027,39919,1629796,1865215,1529528,1754690,100268,110525,1072482,1305377,1004999,1228001,67483,77376,1071022,1292480,1003681,1218069,67341,74411,12897
radixor-generalization-v1,4.2.0-6-g84e57fb,84e57fb27ae40913569e826858a8ebb07cf2ea01,dirty,126964f216a48d2164d136a490698301111aae7f050209ced21caf73f8c01fb8,FI_FI,fi-fi-default,1.0.0,ca2628b3db31fee92f1b612ebbbd5e956a6dbbfb10e721325e55ef528f26072f,15111065706836454659,20,11405,57027,45622,1582474,1865215,1483494,1754690,98980,110525,1208511,1490102,1131498,1401693,77013,88409,1207408,1479823,1130504,1393757,76904,86066,10279
radixor-generalization-v1,4.2.0-6-g84e57fb,84e57fb27ae40913569e826858a8ebb07cf2ea01,dirty,126964f216a48d2164d136a490698301111aae7f050209ced21caf73f8c01fb8,FI_FI,fi-fi-default,1.0.0,ca2628b3db31fee92f1b612ebbbd5e956a6dbbfb10e721325e55ef528f26072f,15111065706836454659,10,5703,57027,51324,1500898,1865215,1403700,1754690,97198,110525,1313334,1677334,1227153,1577869,86181,99465,1312608,1671121,1226494,1573108,86114,98013,6213
radixor-generalization-v1,4.2.0-6-g84e57fb,84e57fb27ae40913569e826858a8ebb07cf2ea01,dirty,126964f216a48d2164d136a490698301111aae7f050209ced21caf73f8c01fb8,FR_FR,fr-fr-default,1.0.0,a988658758952fd599dc7360e0234178a6d65ac46e5cedc7dcd325a7cb7e71d9,2654435761,100,59240,59240,0,449601,474110,347155,365969,102446,108141,0,0,0,0,0,0,0,0,0,0,0,0,0
radixor-generalization-v1,4.2.0-6-g84e57fb,84e57fb27ae40913569e826858a8ebb07cf2ea01,dirty,126964f216a48d2164d136a490698301111aae7f050209ced21caf73f8c01fb8,FR_FR,fr-fr-default,1.0.0,a988658758952fd599dc7360e0234178a6d65ac46e5cedc7dcd325a7cb7e71d9,2654435761,90,53316,59240,5924,442354,474110,341135,365969,101219,108141,35095,46936,26452,36090,8643,10846,34733,41772,26288,33049,8445,8723,5164
radixor-generalization-v1,4.2.0-6-g84e57fb,84e57fb27ae40913569e826858a8ebb07cf2ea01,dirty,126964f216a48d2164d136a490698301111aae7f050209ced21caf73f8c01fb8,FR_FR,fr-fr-default,1.0.0,a988658758952fd599dc7360e0234178a6d65ac46e5cedc7dcd325a7cb7e71d9,2654435761,80,47392,59240,11848,434907,474110,334673,365969,100234,108141,71143,94348,53678,72738,17465,21610,70506,85315,53393,67508,17113,17807,9033
radixor-generalization-v1,4.2.0-6-g84e57fb,84e57fb27ae40913569e826858a8ebb07cf2ea01,dirty,126964f216a48d2164d136a490698301111aae7f050209ced21caf73f8c01fb8,FR_FR,fr-fr-default,1.0.0,a988658758952fd599dc7360e0234178a6d65ac46e5cedc7dcd325a7cb7e71d9,2654435761,70,41468,59240,17772,427108,474110,327792,365969,99316,108141,105499,140191,79048,107812,26451,32379,104659,127949,78676,100722,25983,27227,12242
radixor-generalization-v1,4.2.0-6-g84e57fb,84e57fb27ae40913569e826858a8ebb07cf2ea01,dirty,126964f216a48d2164d136a490698301111aae7f050209ced21caf73f8c01fb8,FR_FR,fr-fr-default,1.0.0,a988658758952fd599dc7360e0234178a6d65ac46e5cedc7dcd325a7cb7e71d9,2654435761,60,35544,59240,23696,418356,474110,319759,365969,98597,108141,141681,188507,105811,145284,35870,43223,140692,174490,105371,137240,35321,37250,14017
radixor-generalization-v1,4.2.0-6-g84e57fb,84e57fb27ae40913569e826858a8ebb07cf2ea01,dirty,126964f216a48d2164d136a490698301111aae7f050209ced21caf73f8c01fb8,FR_FR,fr-fr-default,1.0.0,a988658758952fd599dc7360e0234178a6d65ac46e5cedc7dcd325a7cb7e71d9,2654435761,50,29620,59240,29620,409329,474110,311257,365969,98072,108141,177828,236510,132296,182486,45532,54024,176811,221822,131846,173990,44965,47832,14688
radixor-generalization-v1,4.2.0-6-g84e57fb,84e57fb27ae40913569e826858a8ebb07cf2ea01,dirty,126964f216a48d2164d136a490698301111aae7f050209ced21caf73f8c01fb8,FR_FR,fr-fr-default,1.0.0,a988658758952fd599dc7360e0234178a6d65ac46e5cedc7dcd325a7cb7e71d9,2654435761,40,23696,59240,35544,401820,474110,304068,365969,97752,108141,215598,283865,160213,219084,55385,64781,214675,269855,159806,211100,54869,58755,14010
radixor-generalization-v1,4.2.0-6-g84e57fb,84e57fb27ae40913569e826858a8ebb07cf2ea01,dirty,126964f216a48d2164d136a490698301111aae7f050209ced21caf73f8c01fb8,FR_FR,fr-fr-default,1.0.0,a988658758952fd599dc7360e0234178a6d65ac46e5cedc7dcd325a7cb7e71d9,2654435761,30,17772,59240,41468,390473,474110,293029,365969,97444,108141,250024,331582,184507,255945,65517,75637,249179,318854,184134,248563,65045,70291,12728
radixor-generalization-v1,4.2.0-6-g84e57fb,84e57fb27ae40913569e826858a8ebb07cf2ea01,dirty,126964f216a48d2164d136a490698301111aae7f050209ced21caf73f8c01fb8,FR_FR,fr-fr-default,1.0.0,a988658758952fd599dc7360e0234178a6d65ac46e5cedc7dcd325a7cb7e71d9,2654435761,20,11848,59240,47392,377656,474110,280686,365969,96970,108141,283066,378582,207485,292114,75581,86468,282437,368799,207203,286435,75234,82364,9783
radixor-generalization-v1,4.2.0-6-g84e57fb,84e57fb27ae40913569e826858a8ebb07cf2ea01,dirty,126964f216a48d2164d136a490698301111aae7f050209ced21caf73f8c01fb8,FR_FR,fr-fr-default,1.0.0,a988658758952fd599dc7360e0234178a6d65ac46e5cedc7dcd325a7cb7e71d9,2654435761,10,5924,59240,53316,356062,474110,259598,365969,96464,108141,308870,426687,223163,329387,85707,97300,308542,421070,223018,326052,85524,95018,5617
radixor-generalization-v1,4.2.0-6-g84e57fb,84e57fb27ae40913569e826858a8ebb07cf2ea01,dirty,126964f216a48d2164d136a490698301111aae7f050209ced21caf73f8c01fb8,FR_FR,fr-fr-default,1.0.0,a988658758952fd599dc7360e0234178a6d65ac46e5cedc7dcd325a7cb7e71d9,11400714819323198485,100,59240,59240,0,449601,474110,347155,365969,102446,108141,0,0,0,0,0,0,0,0,0,0,0,0,0
radixor-generalization-v1,4.2.0-6-g84e57fb,84e57fb27ae40913569e826858a8ebb07cf2ea01,dirty,126964f216a48d2164d136a490698301111aae7f050209ced21caf73f8c01fb8,FR_FR,fr-fr-default,1.0.0,a988658758952fd599dc7360e0234178a6d65ac46e5cedc7dcd325a7cb7e71d9,11400714819323198485,90,53316,59240,5924,441874,474110,340699,365969,101175,108141,34733,46796,26180,35981,8553,10815,34351,41750,26008,33091,8343,8659,5046
radixor-generalization-v1,4.2.0-6-g84e57fb,84e57fb27ae40913569e826858a8ebb07cf2ea01,dirty,126964f216a48d2164d136a490698301111aae7f050209ced21caf73f8c01fb8,FR_FR,fr-fr-default,1.0.0,a988658758952fd599dc7360e0234178a6d65ac46e5cedc7dcd325a7cb7e71d9,11400714819323198485,80,47392,59240,11848,434135,474110,334103,365969,100032,108141,70078,94007,52720,72339,17358,21668,69401,84779,52416,67079,16985,17700,9228
radixor-generalization-v1,4.2.0-6-g84e57fb,84e57fb27ae40913569e826858a8ebb07cf2ea01,dirty,126964f216a48d2164d136a490698301111aae7f050209ced21caf73f8c01fb8,FR_FR,fr-fr-default,1.0.0,a988658758952fd599dc7360e0234178a6d65ac46e5cedc7dcd325a7cb7e71d9,11400714819323198485,70,41468,59240,17772,426423,474110,327241,365969,99182,108141,106991,142232,80430,109719,26561,32513,106043,129887,80012,102560,26031,27327,12345
radixor-generalization-v1,4.2.0-6-g84e57fb,84e57fb27ae40913569e826858a8ebb07cf2ea01,dirty,126964f216a48d2164d136a490698301111aae7f050209ced21caf73f8c01fb8,FR_FR,fr-fr-default,1.0.0,a988658758952fd599dc7360e0234178a6d65ac46e5cedc7dcd325a7cb7e71d9,11400714819323198485,60,35544,59240,23696,418495,474110,319933,365969,98562,108141,143652,189951,107708,146672,35944,43279,142555,175509,107219,138240,35336,37269,14442
radixor-generalization-v1,4.2.0-6-g84e57fb,84e57fb27ae40913569e826858a8ebb07cf2ea01,dirty,126964f216a48d2164d136a490698301111aae7f050209ced21caf73f8c01fb8,FR_FR,fr-fr-default,1.0.0,a988658758952fd599dc7360e0234178a6d65ac46e5cedc7dcd325a7cb7e71d9,11400714819323198485,50,29620,59240,29620,409637,474110,311567,365969,98070,108141,180768,239014,135106,184879,45662,54135,179574,223810,134572,175986,45002,47824,15204
radixor-generalization-v1,4.2.0-6-g84e57fb,84e57fb27ae40913569e826858a8ebb07cf2ea01,dirty,126964f216a48d2164d136a490698301111aae7f050209ced21caf73f8c01fb8,FR_FR,fr-fr-default,1.0.0,a988658758952fd599dc7360e0234178a6d65ac46e5cedc7dcd325a7cb7e71d9,11400714819323198485,40,23696,59240,35544,399765,474110,302032,365969,97733,108141,216140,286588,160586,221683,55554,64905,215007,272027,160074,213183,54933,58844,14561
radixor-generalization-v1,4.2.0-6-g84e57fb,84e57fb27ae40913569e826858a8ebb07cf2ea01,dirty,126964f216a48d2164d136a490698301111aae7f050209ced21caf73f8c01fb8,FR_FR,fr-fr-default,1.0.0,a988658758952fd599dc7360e0234178a6d65ac46e5cedc7dcd325a7cb7e71d9,11400714819323198485,30,17772,59240,41468,390267,474110,292918,365969,97349,108141,250596,332002,185038,256269,65558,75733,249650,319278,184611,248886,65039,70392,12724
radixor-generalization-v1,4.2.0-6-g84e57fb,84e57fb27ae40913569e826858a8ebb07cf2ea01,dirty,126964f216a48d2164d136a490698301111aae7f050209ced21caf73f8c01fb8,FR_FR,fr-fr-default,1.0.0,a988658758952fd599dc7360e0234178a6d65ac46e5cedc7dcd325a7cb7e71d9,11400714819323198485,20,11848,59240,47392,377609,474110,280883,365969,96726,108141,283848,379100,208443,292564,75405,86536,283111,369459,208117,287044,74994,82415,9641
radixor-generalization-v1,4.2.0-6-g84e57fb,84e57fb27ae40913569e826858a8ebb07cf2ea01,dirty,126964f216a48d2164d136a490698301111aae7f050209ced21caf73f8c01fb8,FR_FR,fr-fr-default,1.0.0,a988658758952fd599dc7360e0234178a6d65ac46e5cedc7dcd325a7cb7e71d9,11400714819323198485,10,5924,59240,53316,362167,474110,265698,365969,96469,108141,314841,426427,229078,329084,85763,97343,314417,420914,228891,325903,85526,95011,5513
radixor-generalization-v1,4.2.0-6-g84e57fb,84e57fb27ae40913569e826858a8ebb07cf2ea01,dirty,126964f216a48d2164d136a490698301111aae7f050209ced21caf73f8c01fb8,FR_FR,fr-fr-default,1.0.0,a988658758952fd599dc7360e0234178a6d65ac46e5cedc7dcd325a7cb7e71d9,7046029254386353131,100,59240,59240,0,449601,474110,347155,365969,102446,108141,0,0,0,0,0,0,0,0,0,0,0,0,0
radixor-generalization-v1,4.2.0-6-g84e57fb,84e57fb27ae40913569e826858a8ebb07cf2ea01,dirty,126964f216a48d2164d136a490698301111aae7f050209ced21caf73f8c01fb8,FR_FR,fr-fr-default,1.0.0,a988658758952fd599dc7360e0234178a6d65ac46e5cedc7dcd325a7cb7e71d9,7046029254386353131,90,53316,59240,5924,442587,474110,341519,365969,101068,108141,34332,45717,25862,34880,8470,10837,33961,40646,25702,32102,8259,8544,5071
radixor-generalization-v1,4.2.0-6-g84e57fb,84e57fb27ae40913569e826858a8ebb07cf2ea01,dirty,126964f216a48d2164d136a490698301111aae7f050209ced21caf73f8c01fb8,FR_FR,fr-fr-default,1.0.0,a988658758952fd599dc7360e0234178a6d65ac46e5cedc7dcd325a7cb7e71d9,7046029254386353131,80,47392,59240,11848,435205,474110,335058,365969,100147,108141,71359,94423,54046,72806,17313,21617,70726,85119,53766,67466,16960,17653,9304
radixor-generalization-v1,4.2.0-6-g84e57fb,84e57fb27ae40913569e826858a8ebb07cf2ea01,dirty,126964f216a48d2164d136a490698301111aae7f050209ced21caf73f8c01fb8,FR_FR,fr-fr-default,1.0.0,a988658758952fd599dc7360e0234178a6d65ac46e5cedc7dcd325a7cb7e71d9,7046029254386353131,70,41468,59240,17772,427254,474110,327951,365969,99303,108141,108002,142693,81570,110262,26432,32431,107127,130120,81172,102959,25955,27161,12573
radixor-generalization-v1,4.2.0-6-g84e57fb,84e57fb27ae40913569e826858a8ebb07cf2ea01,dirty,126964f216a48d2164d136a490698301111aae7f050209ced21caf73f8c01fb8,FR_FR,fr-fr-default,1.0.0,a988658758952fd599dc7360e0234178a6d65ac46e5cedc7dcd325a7cb7e71d9,7046029254386353131,60,35544,59240,23696,419155,474110,320603,365969,98552,108141,143528,189581,107786,146338,35742,43243,142537,175040,107340,137850,35197,37190,14541
radixor-generalization-v1,4.2.0-6-g84e57fb,84e57fb27ae40913569e826858a8ebb07cf2ea01,dirty,126964f216a48d2164d136a490698301111aae7f050209ced21caf73f8c01fb8,FR_FR,fr-fr-default,1.0.0,a988658758952fd599dc7360e0234178a6d65ac46e5cedc7dcd325a7cb7e71d9,7046029254386353131,50,29620,59240,29620,410140,474110,312046,365969,98094,108141,178913,236572,133379,182471,45534,54101,177873,221388,132920,173596,44953,47792,15184
radixor-generalization-v1,4.2.0-6-g84e57fb,84e57fb27ae40913569e826858a8ebb07cf2ea01,dirty,126964f216a48d2164d136a490698301111aae7f050209ced21caf73f8c01fb8,FR_FR,fr-fr-default,1.0.0,a988658758952fd599dc7360e0234178a6d65ac46e5cedc7dcd325a7cb7e71d9,7046029254386353131,40,23696,59240,35544,400285,474110,302474,365969,97811,108141,215415,284947,159819,220018,55596,64929,214412,270536,159377,211616,55035,58920,14411
radixor-generalization-v1,4.2.0-6-g84e57fb,84e57fb27ae40913569e826858a8ebb07cf2ea01,dirty,126964f216a48d2164d136a490698301111aae7f050209ced21caf73f8c01fb8,FR_FR,fr-fr-default,1.0.0,a988658758952fd599dc7360e0234178a6d65ac46e5cedc7dcd325a7cb7e71d9,7046029254386353131,30,17772,59240,41468,389929,474110,292356,365969,97573,108141,250068,331737,184327,255996,65741,75741,249211,318843,183949,248426,65262,70417,12894
radixor-generalization-v1,4.2.0-6-g84e57fb,84e57fb27ae40913569e826858a8ebb07cf2ea01,dirty,126964f216a48d2164d136a490698301111aae7f050209ced21caf73f8c01fb8,FR_FR,fr-fr-default,1.0.0,a988658758952fd599dc7360e0234178a6d65ac46e5cedc7dcd325a7cb7e71d9,7046029254386353131,20,11848,59240,47392,378391,474110,281035,365969,97356,108141,284659,379289,208654,292746,76005,86543,284050,369337,208377,286822,75673,82515,9952
radixor-generalization-v1,4.2.0-6-g84e57fb,84e57fb27ae40913569e826858a8ebb07cf2ea01,dirty,126964f216a48d2164d136a490698301111aae7f050209ced21caf73f8c01fb8,FR_FR,fr-fr-default,1.0.0,a988658758952fd599dc7360e0234178a6d65ac46e5cedc7dcd325a7cb7e71d9,7046029254386353131,10,5924,59240,53316,360221,474110,263412,365969,96809,108141,312776,426430,226668,329064,86108,97366,312387,420578,226494,325520,85893,95058,5852
radixor-generalization-v1,4.2.0-6-g84e57fb,84e57fb27ae40913569e826858a8ebb07cf2ea01,dirty,126964f216a48d2164d136a490698301111aae7f050209ced21caf73f8c01fb8,FR_FR,fr-fr-default,1.0.0,a988658758952fd599dc7360e0234178a6d65ac46e5cedc7dcd325a7cb7e71d9,2611923443488327891,100,59240,59240,0,449601,474110,347155,365969,102446,108141,0,0,0,0,0,0,0,0,0,0,0,0,0
radixor-generalization-v1,4.2.0-6-g84e57fb,84e57fb27ae40913569e826858a8ebb07cf2ea01,dirty,126964f216a48d2164d136a490698301111aae7f050209ced21caf73f8c01fb8,FR_FR,fr-fr-default,1.0.0,a988658758952fd599dc7360e0234178a6d65ac46e5cedc7dcd325a7cb7e71d9,2611923443488327891,90,53316,59240,5924,442329,474110,341219,365969,101110,108141,35541,47559,26967,36678,8574,10881,35158,42121,26800,33487,8358,8634,5438
radixor-generalization-v1,4.2.0-6-g84e57fb,84e57fb27ae40913569e826858a8ebb07cf2ea01,dirty,126964f216a48d2164d136a490698301111aae7f050209ced21caf73f8c01fb8,FR_FR,fr-fr-default,1.0.0,a988658758952fd599dc7360e0234178a6d65ac46e5cedc7dcd325a7cb7e71d9,2611923443488327891,80,47392,59240,11848,434951,474110,334823,365969,100128,108141,71943,95475,54425,73745,17518,21730,71284,85917,54140,68108,17144,17809,9558
radixor-generalization-v1,4.2.0-6-g84e57fb,84e57fb27ae40913569e826858a8ebb07cf2ea01,dirty,126964f216a48d2164d136a490698301111aae7f050209ced21caf73f8c01fb8,FR_FR,fr-fr-default,1.0.0,a988658758952fd599dc7360e0234178a6d65ac46e5cedc7dcd325a7cb7e71d9,2611923443488327891,70,41468,59240,17772,427339,474110,328022,365969,99317,108141,108073,142824,81410,110307,26663,32517,107249,130477,81047,103036,26202,27441,12347
radixor-generalization-v1,4.2.0-6-g84e57fb,84e57fb27ae40913569e826858a8ebb07cf2ea01,dirty,126964f216a48d2164d136a490698301111aae7f050209ced21caf73f8c01fb8,FR_FR,fr-fr-default,1.0.0,a988658758952fd599dc7360e0234178a6d65ac46e5cedc7dcd325a7cb7e71d9,2611923443488327891,60,35544,59240,23696,419352,474110,320678,365969,98674,108141,143594,189331,107530,146032,36064,43299,142638,175326,107105,137856,35533,37470,14005
radixor-generalization-v1,4.2.0-6-g84e57fb,84e57fb27ae40913569e826858a8ebb07cf2ea01,dirty,126964f216a48d2164d136a490698301111aae7f050209ced21caf73f8c01fb8,FR_FR,fr-fr-default,1.0.0,a988658758952fd599dc7360e0234178a6d65ac46e5cedc7dcd325a7cb7e71d9,2611923443488327891,50,29620,59240,29620,410620,474110,312654,365969,97966,108141,180235,237341,134698,183254,45537,54087,179202,222533,134236,174587,44966,47946,14808
radixor-generalization-v1,4.2.0-6-g84e57fb,84e57fb27ae40913569e826858a8ebb07cf2ea01,dirty,126964f216a48d2164d136a490698301111aae7f050209ced21caf73f8c01fb8,FR_FR,fr-fr-default,1.0.0,a988658758952fd599dc7360e0234178a6d65ac46e5cedc7dcd325a7cb7e71d9,2611923443488327891,40,23696,59240,35544,401034,474110,303452,365969,97582,108141,215410,284455,160069,219592,55341,64863,214451,269936,159638,211052,54813,58884,14519
radixor-generalization-v1,4.2.0-6-g84e57fb,84e57fb27ae40913569e826858a8ebb07cf2ea01,dirty,126964f216a48d2164d136a490698301111aae7f050209ced21caf73f8c01fb8,FR_FR,fr-fr-default,1.0.0,a988658758952fd599dc7360e0234178a6d65ac46e5cedc7dcd325a7cb7e71d9,2611923443488327891,30,17772,59240,41468,390563,474110,293203,365969,97360,108141,250481,331799,185025,256113,65456,75686,249682,318984,184670,248628,65012,70356,12815
radixor-generalization-v1,4.2.0-6-g84e57fb,84e57fb27ae40913569e826858a8ebb07cf2ea01,dirty,126964f216a48d2164d136a490698301111aae7f050209ced21caf73f8c01fb8,FR_FR,fr-fr-default,1.0.0,a988658758952fd599dc7360e0234178a6d65ac46e5cedc7dcd325a7cb7e71d9,2611923443488327891,20,11848,59240,47392,378688,474110,281631,365969,97057,108141,284564,378928,208866,292448,75698,86480,283962,369042,208594,286639,75368,82403,9886
radixor-generalization-v1,4.2.0-6-g84e57fb,84e57fb27ae40913569e826858a8ebb07cf2ea01,dirty,126964f216a48d2164d136a490698301111aae7f050209ced21caf73f8c01fb8,FR_FR,fr-fr-default,1.0.0,a988658758952fd599dc7360e0234178a6d65ac46e5cedc7dcd325a7cb7e71d9,2611923443488327891,10,5924,59240,53316,360172,474110,263714,365969,96458,108141,312290,425950,226605,328643,85685,97307,311938,420208,226450,325235,85488,94973,5742
radixor-generalization-v1,4.2.0-6-g84e57fb,84e57fb27ae40913569e826858a8ebb07cf2ea01,dirty,126964f216a48d2164d136a490698301111aae7f050209ced21caf73f8c01fb8,FR_FR,fr-fr-default,1.0.0,a988658758952fd599dc7360e0234178a6d65ac46e5cedc7dcd325a7cb7e71d9,15111065706836454659,100,59240,59240,0,449601,474110,347155,365969,102446,108141,0,0,0,0,0,0,0,0,0,0,0,0,0
radixor-generalization-v1,4.2.0-6-g84e57fb,84e57fb27ae40913569e826858a8ebb07cf2ea01,dirty,126964f216a48d2164d136a490698301111aae7f050209ced21caf73f8c01fb8,FR_FR,fr-fr-default,1.0.0,a988658758952fd599dc7360e0234178a6d65ac46e5cedc7dcd325a7cb7e71d9,15111065706836454659,90,53316,59240,5924,442535,474110,341441,365969,101094,108141,35232,46797,26749,35997,8483,10800,34854,41636,26589,33066,8265,8570,5161
radixor-generalization-v1,4.2.0-6-g84e57fb,84e57fb27ae40913569e826858a8ebb07cf2ea01,dirty,126964f216a48d2164d136a490698301111aae7f050209ced21caf73f8c01fb8,FR_FR,fr-fr-default,1.0.0,a988658758952fd599dc7360e0234178a6d65ac46e5cedc7dcd325a7cb7e71d9,15111065706836454659,80,47392,59240,11848,434637,474110,334534,365969,100103,108141,72431,96018,55082,74397,17349,21621,71750,86737,54784,69045,16966,17692,9281
radixor-generalization-v1,4.2.0-6-g84e57fb,84e57fb27ae40913569e826858a8ebb07cf2ea01,dirty,126964f216a48d2164d136a490698301111aae7f050209ced21caf73f8c01fb8,FR_FR,fr-fr-default,1.0.0,a988658758952fd599dc7360e0234178a6d65ac46e5cedc7dcd325a7cb7e71d9,15111065706836454659,70,41468,59240,17772,426896,474110,327638,365969,99258,108141,109284,144270,82806,111843,26478,32427,108342,131962,82379,104749,25963,27213,12308
radixor-generalization-v1,4.2.0-6-g84e57fb,84e57fb27ae40913569e826858a8ebb07cf2ea01,dirty,126964f216a48d2164d136a490698301111aae7f050209ced21caf73f8c01fb8,FR_FR,fr-fr-default,1.0.0,a988658758952fd599dc7360e0234178a6d65ac46e5cedc7dcd325a7cb7e71d9,15111065706836454659,60,35544,59240,23696,418297,474110,319769,365969,98528,108141,145071,191578,109186,148295,35885,43283,144041,177772,108718,140486,35323,37286,13806
radixor-generalization-v1,4.2.0-6-g84e57fb,84e57fb27ae40913569e826858a8ebb07cf2ea01,dirty,126964f216a48d2164d136a490698301111aae7f050209ced21caf73f8c01fb8,FR_FR,fr-fr-default,1.0.0,a988658758952fd599dc7360e0234178a6d65ac46e5cedc7dcd325a7cb7e71d9,15111065706836454659,50,29620,59240,29620,410174,474110,312179,365969,97995,108141,180242,237572,134726,183497,45516,54075,179183,222871,134239,175052,44944,47819,14701
radixor-generalization-v1,4.2.0-6-g84e57fb,84e57fb27ae40913569e826858a8ebb07cf2ea01,dirty,126964f216a48d2164d136a490698301111aae7f050209ced21caf73f8c01fb8,FR_FR,fr-fr-default,1.0.0,a988658758952fd599dc7360e0234178a6d65ac46e5cedc7dcd325a7cb7e71d9,15111065706836454659,40,23696,59240,35544,400402,474110,302602,365969,97800,108141,215479,284912,159885,220045,55594,64867,214502,270777,159437,211832,55065,58945,14135
radixor-generalization-v1,4.2.0-6-g84e57fb,84e57fb27ae40913569e826858a8ebb07cf2ea01,dirty,126964f216a48d2164d136a490698301111aae7f050209ced21caf73f8c01fb8,FR_FR,fr-fr-default,1.0.0,a988658758952fd599dc7360e0234178a6d65ac46e5cedc7dcd325a7cb7e71d9,15111065706836454659,30,17772,59240,41468,390124,474110,292358,365969,97766,108141,250916,332408,185023,256718,65893,75690,250000,319934,184605,249546,65395,70388,12474
radixor-generalization-v1,4.2.0-6-g84e57fb,84e57fb27ae40913569e826858a8ebb07cf2ea01,dirty,126964f216a48d2164d136a490698301111aae7f050209ced21caf73f8c01fb8,FR_FR,fr-fr-default,1.0.0,a988658758952fd599dc7360e0234178a6d65ac46e5cedc7dcd325a7cb7e71d9,15111065706836454659,20,11848,59240,47392,378059,474110,280562,365969,97497,108141,284863,379610,208721,293100,76142,86510,284125,370104,208377,287665,75748,82439,9506
radixor-generalization-v1,4.2.0-6-g84e57fb,84e57fb27ae40913569e826858a8ebb07cf2ea01,dirty,126964f216a48d2164d136a490698301111aae7f050209ced21caf73f8c01fb8,FR_FR,fr-fr-default,1.0.0,a988658758952fd599dc7360e0234178a6d65ac46e5cedc7dcd325a7cb7e71d9,15111065706836454659,10,5924,59240,53316,362950,474110,266536,365969,96414,108141,315221,426115,229556,328794,85665,97321,314808,420159,229359,325202,85449,94957,5956
radixor-generalization-v1,4.2.0-6-g84e57fb,84e57fb27ae40913569e826858a8ebb07cf2ea01,dirty,126964f216a48d2164d136a490698301111aae7f050209ced21caf73f8c01fb8,HE_IL,he-il-default,1.0.0,9a47dc69bb7dab21aba0266b73cd74cdaeb17db94363796a0a56111ac8518256,2654435761,100,2358,2358,0,60002,61071,55313,56356,4689,4715,0,0,0,0,0,0,0,0,0,0,0,0,0
radixor-generalization-v1,4.2.0-6-g84e57fb,84e57fb27ae40913569e826858a8ebb07cf2ea01,dirty,126964f216a48d2164d136a490698301111aae7f050209ced21caf73f8c01fb8,HE_IL,he-il-default,1.0.0,9a47dc69bb7dab21aba0266b73cd74cdaeb17db94363796a0a56111ac8518256,2654435761,90,2122,2358,236,55443,61071,50836,56356,4607,4715,1347,6116,967,5644,380,472,1347,5901,967,5473,380,428,215
radixor-generalization-v1,4.2.0-6-g84e57fb,84e57fb27ae40913569e826858a8ebb07cf2ea01,dirty,126964f216a48d2164d136a490698301111aae7f050209ced21caf73f8c01fb8,HE_IL,he-il-default,1.0.0,9a47dc69bb7dab21aba0266b73cd74cdaeb17db94363796a0a56111ac8518256,2654435761,80,1886,2358,472,50693,61071,46162,56356,4531,4715,2595,12263,1819,11319,776,944,2595,11950,1819,11064,776,886,313
radixor-generalization-v1,4.2.0-6-g84e57fb,84e57fb27ae40913569e826858a8ebb07cf2ea01,dirty,126964f216a48d2164d136a490698301111aae7f050209ced21caf73f8c01fb8,HE_IL,he-il-default,1.0.0,9a47dc69bb7dab21aba0266b73cd74cdaeb17db94363796a0a56111ac8518256,2654435761,70,1651,2358,707,45995,61071,41512,56356,4483,4715,3859,18373,2667,16959,1192,1414,3859,17959,2667,16607,1192,1352,414
radixor-generalization-v1,4.2.0-6-g84e57fb,84e57fb27ae40913569e826858a8ebb07cf2ea01,dirty,126964f216a48d2164d136a490698301111aae7f050209ced21caf73f8c01fb8,HE_IL,he-il-default,1.0.0,9a47dc69bb7dab21aba0266b73cd74cdaeb17db94363796a0a56111ac8518256,2654435761,60,1415,2358,943,41102,61071,36695,56356,4407,4715,4936,24482,3352,22596,1584,1886,4936,23982,3352,22170,1584,1812,500
radixor-generalization-v1,4.2.0-6-g84e57fb,84e57fb27ae40913569e826858a8ebb07cf2ea01,dirty,126964f216a48d2164d136a490698301111aae7f050209ced21caf73f8c01fb8,HE_IL,he-il-default,1.0.0,9a47dc69bb7dab21aba0266b73cd74cdaeb17db94363796a0a56111ac8518256,2654435761,50,1179,2358,1179,36392,61071,32039,56356,4353,4715,6158,30551,4158,28193,2000,2358,6158,29986,4158,27704,2000,2282,565
radixor-generalization-v1,4.2.0-6-g84e57fb,84e57fb27ae40913569e826858a8ebb07cf2ea01,dirty,126964f216a48d2164d136a490698301111aae7f050209ced21caf73f8c01fb8,HE_IL,he-il-default,1.0.0,9a47dc69bb7dab21aba0266b73cd74cdaeb17db94363796a0a56111ac8518256,2654435761,40,943,2358,1415,31340,61071,27025,56356,4315,4715,7104,36636,4673,33807,2431,2829,7104,36073,4673,33326,2431,2747,563
radixor-generalization-v1,4.2.0-6-g84e57fb,84e57fb27ae40913569e826858a8ebb07cf2ea01,dirty,126964f216a48d2164d136a490698301111aae7f050209ced21caf73f8c01fb8,HE_IL,he-il-default,1.0.0,9a47dc69bb7dab21aba0266b73cd74cdaeb17db94363796a0a56111ac8518256,2654435761,30,707,2358,1651,26182,61071,21919,56356,4263,4715,7936,42696,5085,39395,2851,3301,7936,42203,5085,38972,2851,3231,493
radixor-generalization-v1,4.2.0-6-g84e57fb,84e57fb27ae40913569e826858a8ebb07cf2ea01,dirty,126964f216a48d2164d136a490698301111aae7f050209ced21caf73f8c01fb8,HE_IL,he-il-default,1.0.0,9a47dc69bb7dab21aba0266b73cd74cdaeb17db94363796a0a56111ac8518256,2654435761,20,472,2358,1886,20871,61071,16618,56356,4253,4715,8636,48768,5327,44997,3309,3771,8636,48402,5327,44689,3309,3713,366
radixor-generalization-v1,4.2.0-6-g84e57fb,84e57fb27ae40913569e826858a8ebb07cf2ea01,dirty,126964f216a48d2164d136a490698301111aae7f050209ced21caf73f8c01fb8,HE_IL,he-il-default,1.0.0,9a47dc69bb7dab21aba0266b73cd74cdaeb17db94363796a0a56111ac8518256,2654435761,10,236,2358,2122,15094,61071,10907,56356,4187,4715,8970,54920,5255,50677,3715,4243,8970,54704,5255,50495,3715,4209,216
radixor-generalization-v1,4.2.0-6-g84e57fb,84e57fb27ae40913569e826858a8ebb07cf2ea01,dirty,126964f216a48d2164d136a490698301111aae7f050209ced21caf73f8c01fb8,HE_IL,he-il-default,1.0.0,9a47dc69bb7dab21aba0266b73cd74cdaeb17db94363796a0a56111ac8518256,11400714819323198485,100,2358,2358,0,60002,61071,55313,56356,4689,4715,0,0,0,0,0,0,0,0,0,0,0,0,0
radixor-generalization-v1,4.2.0-6-g84e57fb,84e57fb27ae40913569e826858a8ebb07cf2ea01,dirty,126964f216a48d2164d136a490698301111aae7f050209ced21caf73f8c01fb8,HE_IL,he-il-default,1.0.0,9a47dc69bb7dab21aba0266b73cd74cdaeb17db94363796a0a56111ac8518256,11400714819323198485,90,2122,2358,236,55317,61071,50684,56356,4633,4715,1287,6157,875,5685,412,472,1287,5962,875,5522,412,440,195
radixor-generalization-v1,4.2.0-6-g84e57fb,84e57fb27ae40913569e826858a8ebb07cf2ea01,dirty,126964f216a48d2164d136a490698301111aae7f050209ced21caf73f8c01fb8,HE_IL,he-il-default,1.0.0,9a47dc69bb7dab21aba0266b73cd74cdaeb17db94363796a0a56111ac8518256,11400714819323198485,80,1886,2358,472,50492,61071,45931,56356,4561,4715,2367,12263,1559,11319,808,944,2367,11873,1559,10993,808,880,390
radixor-generalization-v1,4.2.0-6-g84e57fb,84e57fb27ae40913569e826858a8ebb07cf2ea01,dirty,126964f216a48d2164d136a490698301111aae7f050209ced21caf73f8c01fb8,HE_IL,he-il-default,1.0.0,9a47dc69bb7dab21aba0266b73cd74cdaeb17db94363796a0a56111ac8518256,11400714819323198485,70,1651,2358,707,45868,61071,41403,56356,4465,4715,3667,18345,2489,16931,1178,1414,3667,17846,2489,16514,1178,1332,499
radixor-generalization-v1,4.2.0-6-g84e57fb,84e57fb27ae40913569e826858a8ebb07cf2ea01,dirty,126964f216a48d2164d136a490698301111aae7f050209ced21caf73f8c01fb8,HE_IL,he-il-default,1.0.0,9a47dc69bb7dab21aba0266b73cd74cdaeb17db94363796a0a56111ac8518256,11400714819323198485,60,1415,2358,943,41102,61071,36695,56356,4407,4715,4834,24417,3248,22531,1586,1886,4834,23851,3248,22063,1586,1788,566
radixor-generalization-v1,4.2.0-6-g84e57fb,84e57fb27ae40913569e826858a8ebb07cf2ea01,dirty,126964f216a48d2164d136a490698301111aae7f050209ced21caf73f8c01fb8,HE_IL,he-il-default,1.0.0,9a47dc69bb7dab21aba0266b73cd74cdaeb17db94363796a0a56111ac8518256,11400714819323198485,50,1179,2358,1179,36264,61071,31903,56356,4361,4715,5925,30479,3917,28121,2008,2358,5925,29875,3917,27613,2008,2262,604
radixor-generalization-v1,4.2.0-6-g84e57fb,84e57fb27ae40913569e826858a8ebb07cf2ea01,dirty,126964f216a48d2164d136a490698301111aae7f050209ced21caf73f8c01fb8,HE_IL,he-il-default,1.0.0,9a47dc69bb7dab21aba0266b73cd74cdaeb17db94363796a0a56111ac8518256,11400714819323198485,40,943,2358,1415,31482,61071,27147,56356,4335,4715,7189,36611,4735,33781,2454,2830,7189,36071,4735,33321,2454,2750,540
radixor-generalization-v1,4.2.0-6-g84e57fb,84e57fb27ae40913569e826858a8ebb07cf2ea01,dirty,126964f216a48d2164d136a490698301111aae7f050209ced21caf73f8c01fb8,HE_IL,he-il-default,1.0.0,9a47dc69bb7dab21aba0266b73cd74cdaeb17db94363796a0a56111ac8518256,11400714819323198485,30,707,2358,1651,26336,61071,22053,56356,4283,4715,8080,42711,5211,39410,2869,3301,8080,42248,5211,39023,2869,3225,463
radixor-generalization-v1,4.2.0-6-g84e57fb,84e57fb27ae40913569e826858a8ebb07cf2ea01,dirty,126964f216a48d2164d136a490698301111aae7f050209ced21caf73f8c01fb8,HE_IL,he-il-default,1.0.0,9a47dc69bb7dab21aba0266b73cd74cdaeb17db94363796a0a56111ac8518256,11400714819323198485,20,472,2358,1886,20693,61071,16448,56356,4245,4715,8520,48848,5219,45077,3301,3771,8520,48483,5219,44774,3301,3709,365
radixor-generalization-v1,4.2.0-6-g84e57fb,84e57fb27ae40913569e826858a8ebb07cf2ea01,dirty,126964f216a48d2164d136a490698301111aae7f050209ced21caf73f8c01fb8,HE_IL,he-il-default,1.0.0,9a47dc69bb7dab21aba0266b73cd74cdaeb17db94363796a0a56111ac8518256,11400714819323198485,10,236,2358,2122,15124,61071,10867,56356,4257,4715,9054,54971,5269,50728,3785,4243,9054,54768,5269,50551,3785,4217,203
radixor-generalization-v1,4.2.0-6-g84e57fb,84e57fb27ae40913569e826858a8ebb07cf2ea01,dirty,126964f216a48d2164d136a490698301111aae7f050209ced21caf73f8c01fb8,HE_IL,he-il-default,1.0.0,9a47dc69bb7dab21aba0266b73cd74cdaeb17db94363796a0a56111ac8518256,7046029254386353131,100,2358,2358,0,60002,61071,55313,56356,4689,4715,0,0,0,0,0,0,0,0,0,0,0,0,0
radixor-generalization-v1,4.2.0-6-g84e57fb,84e57fb27ae40913569e826858a8ebb07cf2ea01,dirty,126964f216a48d2164d136a490698301111aae7f050209ced21caf73f8c01fb8,HE_IL,he-il-default,1.0.0,9a47dc69bb7dab21aba0266b73cd74cdaeb17db94363796a0a56111ac8518256,7046029254386353131,90,2122,2358,236,55321,61071,50688,56356,4633,4715,1284,6170,875,5699,409,471,1284,5956,875,5509,409,447,214
radixor-generalization-v1,4.2.0-6-g84e57fb,84e57fb27ae40913569e826858a8ebb07cf2ea01,dirty,126964f216a48d2164d136a490698301111aae7f050209ced21caf73f8c01fb8,HE_IL,he-il-default,1.0.0,9a47dc69bb7dab21aba0266b73cd74cdaeb17db94363796a0a56111ac8518256,7046029254386353131,80,1886,2358,472,50744,61071,46193,56356,4551,4715,2621,12266,1826,11323,795,943,2621,11868,1826,10981,795,887,398
radixor-generalization-v1,4.2.0-6-g84e57fb,84e57fb27ae40913569e826858a8ebb07cf2ea01,dirty,126964f216a48d2164d136a490698301111aae7f050209ced21caf73f8c01fb8,HE_IL,he-il-default,1.0.0,9a47dc69bb7dab21aba0266b73cd74cdaeb17db94363796a0a56111ac8518256,7046029254386353131,70,1651,2358,707,45937,61071,41470,56356,4467,4715,3757,18404,2578,16991,1179,1413,3757,17846,2578,16517,1179,1329,558
radixor-generalization-v1,4.2.0-6-g84e57fb,84e57fb27ae40913569e826858a8ebb07cf2ea01,dirty,126964f216a48d2164d136a490698301111aae7f050209ced21caf73f8c01fb8,HE_IL,he-il-default,1.0.0,9a47dc69bb7dab21aba0266b73cd74cdaeb17db94363796a0a56111ac8518256,7046029254386353131,60,1415,2358,943,41079,61071,36674,56356,4405,4715,4921,24521,3334,22636,1587,1885,4921,23970,3334,22163,1587,1807,551
radixor-generalization-v1,4.2.0-6-g84e57fb,84e57fb27ae40913569e826858a8ebb07cf2ea01,dirty,126964f216a48d2164d136a490698301111aae7f050209ced21caf73f8c01fb8,HE_IL,he-il-default,1.0.0,9a47dc69bb7dab21aba0266b73cd74cdaeb17db94363796a0a56111ac8518256,7046029254386353131,50,1179,2358,1179,36145,61071,31804,56356,4341,4715,5964,30612,3973,28255,1991,2357,5964,29996,3973,27725,1991,2271,616
radixor-generalization-v1,4.2.0-6-g84e57fb,84e57fb27ae40913569e826858a8ebb07cf2ea01,dirty,126964f216a48d2164d136a490698301111aae7f050209ced21caf73f8c01fb8,HE_IL,he-il-default,1.0.0,9a47dc69bb7dab21aba0266b73cd74cdaeb17db94363796a0a56111ac8518256,7046029254386353131,40,943,2358,1415,31323,61071,27002,56356,4321,4715,7133,36698,4692,33869,2441,2829,7133,36101,4692,33352,2441,2749,597
radixor-generalization-v1,4.2.0-6-g84e57fb,84e57fb27ae40913569e826858a8ebb07cf2ea01,dirty,126964f216a48d2164d136a490698301111aae7f050209ced21caf73f8c01fb8,HE_IL,he-il-default,1.0.0,9a47dc69bb7dab21aba0266b73cd74cdaeb17db94363796a0a56111ac8518256,7046029254386353131,30,707,2358,1651,26299,61071,21958,56356,4341,4715,8142,42788,5211,39487,2931,3301,8142,42282,5211,39047,2931,3235,506
radixor-generalization-v1,4.2.0-6-g84e57fb,84e57fb27ae40913569e826858a8ebb07cf2ea01,dirty,126964f216a48d2164d136a490698301111aae7f050209ced21caf73f8c01fb8,HE_IL,he-il-default,1.0.0,9a47dc69bb7dab21aba0266b73cd74cdaeb17db94363796a0a56111ac8518256,7046029254386353131,20,472,2358,1886,21001,61071,16742,56356,4259,4715,8871,48872,5556,45101,3315,3771,8871,48464,5556,44749,3315,3715,408
radixor-generalization-v1,4.2.0-6-g84e57fb,84e57fb27ae40913569e826858a8ebb07cf2ea01,dirty,126964f216a48d2164d136a490698301111aae7f050209ced21caf73f8c01fb8,HE_IL,he-il-default,1.0.0,9a47dc69bb7dab21aba0266b73cd74cdaeb17db94363796a0a56111ac8518256,7046029254386353131,10,236,2358,2122,14453,61071,10184,56356,4269,4715,8432,55025,4635,50782,3797,4243,8432,54762,4635,50549,3797,4213,263
radixor-generalization-v1,4.2.0-6-g84e57fb,84e57fb27ae40913569e826858a8ebb07cf2ea01,dirty,126964f216a48d2164d136a490698301111aae7f050209ced21caf73f8c01fb8,HE_IL,he-il-default,1.0.0,9a47dc69bb7dab21aba0266b73cd74cdaeb17db94363796a0a56111ac8518256,2611923443488327891,100,2358,2358,0,60002,61071,55313,56356,4689,4715,0,0,0,0,0,0,0,0,0,0,0,0,0
radixor-generalization-v1,4.2.0-6-g84e57fb,84e57fb27ae40913569e826858a8ebb07cf2ea01,dirty,126964f216a48d2164d136a490698301111aae7f050209ced21caf73f8c01fb8,HE_IL,he-il-default,1.0.0,9a47dc69bb7dab21aba0266b73cd74cdaeb17db94363796a0a56111ac8518256,2611923443488327891,90,2122,2358,236,55384,61071,50767,56356,4617,4715,1290,6110,894,5638,396,472,1290,5914,894,5464,396,450,196
radixor-generalization-v1,4.2.0-6-g84e57fb,84e57fb27ae40913569e826858a8ebb07cf2ea01,dirty,126964f216a48d2164d136a490698301111aae7f050209ced21caf73f8c01fb8,HE_IL,he-il-default,1.0.0,9a47dc69bb7dab21aba0266b73cd74cdaeb17db94363796a0a56111ac8518256,2611923443488327891,80,1886,2358,472,50677,61071,46112,56356,4565,4715,2520,12252,1713,11309,807,943,2520,11860,1713,10963,807,897,392
radixor-generalization-v1,4.2.0-6-g84e57fb,84e57fb27ae40913569e826858a8ebb07cf2ea01,dirty,126964f216a48d2164d136a490698301111aae7f050209ced21caf73f8c01fb8,HE_IL,he-il-default,1.0.0,9a47dc69bb7dab21aba0266b73cd74cdaeb17db94363796a0a56111ac8518256,2611923443488327891,70,1651,2358,707,46130,61071,41647,56356,4483,4715,3863,18310,2672,16897,1191,1413,3863,17774,2672,16437,1191,1337,536
radixor-generalization-v1,4.2.0-6-g84e57fb,84e57fb27ae40913569e826858a8ebb07cf2ea01,dirty,126964f216a48d2164d136a490698301111aae7f050209ced21caf73f8c01fb8,HE_IL,he-il-default,1.0.0,9a47dc69bb7dab21aba0266b73cd74cdaeb17db94363796a0a56111ac8518256,2611923443488327891,60,1415,2358,943,41348,61071,36927,56356,4421,4715,5084,24434,3491,22549,1593,1885,5084,23856,3491,22061,1593,1795,578
radixor-generalization-v1,4.2.0-6-g84e57fb,84e57fb27ae40913569e826858a8ebb07cf2ea01,dirty,126964f216a48d2164d136a490698301111aae7f050209ced21caf73f8c01fb8,HE_IL,he-il-default,1.0.0,9a47dc69bb7dab21aba0266b73cd74cdaeb17db94363796a0a56111ac8518256,2611923443488327891,50,1179,2358,1179,36498,61071,32095,56356,4403,4715,6239,30527,4192,28170,2047,2357,6239,29985,4192,27720,2047,2265,542
radixor-generalization-v1,4.2.0-6-g84e57fb,84e57fb27ae40913569e826858a8ebb07cf2ea01,dirty,126964f216a48d2164d136a490698301111aae7f050209ced21caf73f8c01fb8,HE_IL,he-il-default,1.0.0,9a47dc69bb7dab21aba0266b73cd74cdaeb17db94363796a0a56111ac8518256,2611923443488327891,40,943,2358,1415,31634,61071,27291,56356,4343,4715,7326,36596,4869,33767,2457,2829,7326,36082,4869,33331,2457,2751,514
radixor-generalization-v1,4.2.0-6-g84e57fb,84e57fb27ae40913569e826858a8ebb07cf2ea01,dirty,126964f216a48d2164d136a490698301111aae7f050209ced21caf73f8c01fb8,HE_IL,he-il-default,1.0.0,9a47dc69bb7dab21aba0266b73cd74cdaeb17db94363796a0a56111ac8518256,2611923443488327891,30,707,2358,1651,26422,61071,22121,56356,4301,4715,8135,42681,5248,39380,2887,3301,8135,42216,5248,38983,2887,3233,465
radixor-generalization-v1,4.2.0-6-g84e57fb,84e57fb27ae40913569e826858a8ebb07cf2ea01,dirty,126964f216a48d2164d136a490698301111aae7f050209ced21caf73f8c01fb8,HE_IL,he-il-default,1.0.0,9a47dc69bb7dab21aba0266b73cd74cdaeb17db94363796a0a56111ac8518256,2611923443488327891,20,472,2358,1886,20765,61071,16524,56356,4241,4715,8514,48756,5217,44985,3297,3771,8514,48394,5217,44675,3297,3719,362
radixor-generalization-v1,4.2.0-6-g84e57fb,84e57fb27ae40913569e826858a8ebb07cf2ea01,dirty,126964f216a48d2164d136a490698301111aae7f050209ced21caf73f8c01fb8,HE_IL,he-il-default,1.0.0,9a47dc69bb7dab21aba0266b73cd74cdaeb17db94363796a0a56111ac8518256,2611923443488327891,10,236,2358,2122,16282,61071,12091,56356,4191,4715,10119,54891,6400,50648,3719,4243,10119,54699,6400,50482,3719,4217,192
radixor-generalization-v1,4.2.0-6-g84e57fb,84e57fb27ae40913569e826858a8ebb07cf2ea01,dirty,126964f216a48d2164d136a490698301111aae7f050209ced21caf73f8c01fb8,HE_IL,he-il-default,1.0.0,9a47dc69bb7dab21aba0266b73cd74cdaeb17db94363796a0a56111ac8518256,15111065706836454659,100,2358,2358,0,60002,61071,55313,56356,4689,4715,0,0,0,0,0,0,0,0,0,0,0,0,0
radixor-generalization-v1,4.2.0-6-g84e57fb,84e57fb27ae40913569e826858a8ebb07cf2ea01,dirty,126964f216a48d2164d136a490698301111aae7f050209ced21caf73f8c01fb8,HE_IL,he-il-default,1.0.0,9a47dc69bb7dab21aba0266b73cd74cdaeb17db94363796a0a56111ac8518256,15111065706836454659,90,2122,2358,236,55506,61071,50899,56356,4607,4715,1359,6053,970,5582,389,471,1359,5859,970,5414,389,445,194
radixor-generalization-v1,4.2.0-6-g84e57fb,84e57fb27ae40913569e826858a8ebb07cf2ea01,dirty,126964f216a48d2164d136a490698301111aae7f050209ced21caf73f8c01fb8,HE_IL,he-il-default,1.0.0,9a47dc69bb7dab21aba0266b73cd74cdaeb17db94363796a0a56111ac8518256,15111065706836454659,80,1886,2358,472,50896,61071,46359,56356,4537,4715,2660,12106,1877,11163,783,943,2660,11769,1877,10886,783,883,337
radixor-generalization-v1,4.2.0-6-g84e57fb,84e57fb27ae40913569e826858a8ebb07cf2ea01,dirty,126964f216a48d2164d136a490698301111aae7f050209ced21caf73f8c01fb8,HE_IL,he-il-default,1.0.0,9a47dc69bb7dab21aba0266b73cd74cdaeb17db94363796a0a56111ac8518256,15111065706836454659,70,1651,2358,707,46132,61071,41657,56356,4475,4715,3839,18232,2654,16819,1185,1413,3839,17765,2654,16442,1185,1323,467
radixor-generalization-v1,4.2.0-6-g84e57fb,84e57fb27ae40913569e826858a8ebb07cf2ea01,dirty,126964f216a48d2164d136a490698301111aae7f050209ced21caf73f8c01fb8,HE_IL,he-il-default,1.0.0,9a47dc69bb7dab21aba0266b73cd74cdaeb17db94363796a0a56111ac8518256,15111065706836454659,60,1415,2358,943,41205,61071,36790,56356,4415,4715,4859,24330,3264,22445,1595,1885,4859,23798,3264,22015,1595,1783,532
radixor-generalization-v1,4.2.0-6-g84e57fb,84e57fb27ae40913569e826858a8ebb07cf2ea01,dirty,126964f216a48d2164d136a490698301111aae7f050209ced21caf73f8c01fb8,HE_IL,he-il-default,1.0.0,9a47dc69bb7dab21aba0266b73cd74cdaeb17db94363796a0a56111ac8518256,15111065706836454659,50,1179,2358,1179,36356,61071,31981,56356,4375,4715,6047,30504,4022,28147,2025,2357,6047,29928,4022,27675,2025,2253,576
radixor-generalization-v1,4.2.0-6-g84e57fb,84e57fb27ae40913569e826858a8ebb07cf2ea01,dirty,126964f216a48d2164d136a490698301111aae7f050209ced21caf73f8c01fb8,HE_IL,he-il-default,1.0.0,9a47dc69bb7dab21aba0266b73cd74cdaeb17db94363796a0a56111ac8518256,15111065706836454659,40,943,2358,1415,31379,61071,27032,56356,4347,4715,7076,36598,4611,33769,2465,2829,7076,36051,4611,33314,2465,2737,547
radixor-generalization-v1,4.2.0-6-g84e57fb,84e57fb27ae40913569e826858a8ebb07cf2ea01,dirty,126964f216a48d2164d136a490698301111aae7f050209ced21caf73f8c01fb8,HE_IL,he-il-default,1.0.0,9a47dc69bb7dab21aba0266b73cd74cdaeb17db94363796a0a56111ac8518256,15111065706836454659,30,707,2358,1651,26033,61071,21784,56356,4249,4715,7811,42736,4974,39435,2837,3301,7811,42315,4974,39072,2837,3243,421
radixor-generalization-v1,4.2.0-6-g84e57fb,84e57fb27ae40913569e826858a8ebb07cf2ea01,dirty,126964f216a48d2164d136a490698301111aae7f050209ced21caf73f8c01fb8,HE_IL,he-il-default,1.0.0,9a47dc69bb7dab21aba0266b73cd74cdaeb17db94363796a0a56111ac8518256,15111065706836454659,20,472,2358,1886,20792,61071,16553,56356,4239,4715,8598,48815,5303,45044,3295,3771,8598,48484,5303,44767,3295,3717,331
radixor-generalization-v1,4.2.0-6-g84e57fb,84e57fb27ae40913569e826858a8ebb07cf2ea01,dirty,126964f216a48d2164d136a490698301111aae7f050209ced21caf73f8c01fb8,HE_IL,he-il-default,1.0.0,9a47dc69bb7dab21aba0266b73cd74cdaeb17db94363796a0a56111ac8518256,15111065706836454659,10,236,2358,2122,15556,61071,11249,56356,4307,4715,9443,54929,5608,50686,3835,4243,9443,54723,5608,50516,3835,4207,206
radixor-generalization-v1,4.2.0-6-g84e57fb,84e57fb27ae40913569e826858a8ebb07cf2ea01,dirty,126964f216a48d2164d136a490698301111aae7f050209ced21caf73f8c01fb8,HU_HU,hu-hu-default,1.0.0,359d46a01d751ec823705ad7f3dd1cc8f6663feb1a9d13cb04d0c6fb51ab646e,2654435761,100,19406,19406,0,928435,935713,892782,896938,35653,38775,0,0,0,0,0,0,0,0,0,0,0,0,0
radixor-generalization-v1,4.2.0-6-g84e57fb,84e57fb27ae40913569e826858a8ebb07cf2ea01,dirty,126964f216a48d2164d136a490698301111aae7f050209ced21caf73f8c01fb8,HU_HU,hu-hu-default,1.0.0,359d46a01d751ec823705ad7f3dd1cc8f6663feb1a9d13cb04d0c6fb51ab646e,2654435761,90,17465,19406,1941,921609,935713,885994,896938,35615,38775,86006,94031,82702,90153,3304,3878,85837,92787,82547,89279,3290,3508,1244
radixor-generalization-v1,4.2.0-6-g84e57fb,84e57fb27ae40913569e826858a8ebb07cf2ea01,dirty,126964f216a48d2164d136a490698301111aae7f050209ced21caf73f8c01fb8,HU_HU,hu-hu-default,1.0.0,359d46a01d751ec823705ad7f3dd1cc8f6663feb1a9d13cb04d0c6fb51ab646e,2654435761,80,15525,19406,3881,914300,935713,878765,896938,35535,38775,171117,187646,164547,179894,6570,7752,170750,185319,164204,178245,6546,7074,2327
radixor-generalization-v1,4.2.0-6-g84e57fb,84e57fb27ae40913569e826858a8ebb07cf2ea01,dirty,126964f216a48d2164d136a490698301111aae7f050209ced21caf73f8c01fb8,HU_HU,hu-hu-default,1.0.0,359d46a01d751ec823705ad7f3dd1cc8f6663feb1a9d13cb04d0c6fb51ab646e,2654435761,70,13584,19406,5822,907145,935713,871678,896938,35467,38775,255955,280776,246064,269143,9891,11633,255426,277476,245571,266757,9855,10719,3300
radixor-generalization-v1,4.2.0-6-g84e57fb,84e57fb27ae40913569e826858a8ebb07cf2ea01,dirty,126964f216a48d2164d136a490698301111aae7f050209ced21caf73f8c01fb8,HU_HU,hu-hu-default,1.0.0,359d46a01d751ec823705ad7f3dd1cc8f6663feb1a9d13cb04d0c6fb51ab646e,2654435761,60,11644,19406,7762,897311,935713,862060,896938,35251,38775,338915,374398,325759,358888,13156,15510,338310,370562,325194,356136,13116,14426,3836
radixor-generalization-v1,4.2.0-6-g84e57fb,84e57fb27ae40913569e826858a8ebb07cf2ea01,dirty,126964f216a48d2164d136a490698301111aae7f050209ced21caf73f8c01fb8,HU_HU,hu-hu-default,1.0.0,359d46a01d751ec823705ad7f3dd1cc8f6663feb1a9d13cb04d0c6fb51ab646e,2654435761,50,9703,19406,9703,886867,935713,851968,896938,34899,38775,420654,467302,404307,447915,16347,19387,420190,463446,403875,445223,16315,18223,3856
radixor-generalization-v1,4.2.0-6-g84e57fb,84e57fb27ae40913569e826858a8ebb07cf2ea01,dirty,126964f216a48d2164d136a490698301111aae7f050209ced21caf73f8c01fb8,HU_HU,hu-hu-default,1.0.0,359d46a01d751ec823705ad7f3dd1cc8f6663feb1a9d13cb04d0c6fb51ab646e,2654435761,40,7762,19406,11644,875139,935713,840546,896938,34593,38775,501307,560466,481666,537203,19641,23263,500948,556595,481333,534500,19615,22095,3871
radixor-generalization-v1,4.2.0-6-g84e57fb,84e57fb27ae40913569e826858a8ebb07cf2ea01,dirty,126964f216a48d2164d136a490698301111aae7f050209ced21caf73f8c01fb8,HU_HU,hu-hu-default,1.0.0,359d46a01d751ec823705ad7f3dd1cc8f6663feb1a9d13cb04d0c6fb51ab646e,2654435761,30,5822,19406,13584,860472,935713,826303,896938,34169,38775,579485,653967,556647,626827,22838,27140,579271,650557,556451,624453,22820,26104,3410
radixor-generalization-v1,4.2.0-6-g84e57fb,84e57fb27ae40913569e826858a8ebb07cf2ea01,dirty,126964f216a48d2164d136a490698301111aae7f050209ced21caf73f8c01fb8,HU_HU,hu-hu-default,1.0.0,359d46a01d751ec823705ad7f3dd1cc8f6663feb1a9d13cb04d0c6fb51ab646e,2654435761,20,3881,19406,15525,844311,935713,810696,896938,33615,38775,656768,747860,630783,716841,25985,31019,656599,745028,630628,714801,25971,30227,2832
radixor-generalization-v1,4.2.0-6-g84e57fb,84e57fb27ae40913569e826858a8ebb07cf2ea01,dirty,126964f216a48d2164d136a490698301111aae7f050209ced21caf73f8c01fb8,HU_HU,hu-hu-default,1.0.0,359d46a01d751ec823705ad7f3dd1cc8f6663feb1a9d13cb04d0c6fb51ab646e,2654435761,10,1941,19406,17465,823783,935713,791012,896938,32771,38775,729932,841790,700994,806894,28938,34896,729770,840235,700846,805763,28924,34472,1555
radixor-generalization-v1,4.2.0-6-g84e57fb,84e57fb27ae40913569e826858a8ebb07cf2ea01,dirty,126964f216a48d2164d136a490698301111aae7f050209ced21caf73f8c01fb8,HU_HU,hu-hu-default,1.0.0,359d46a01d751ec823705ad7f3dd1cc8f6663feb1a9d13cb04d0c6fb51ab646e,11400714819323198485,100,19406,19406,0,928435,935713,892782,896938,35653,38775,0,0,0,0,0,0,0,0,0,0,0,0,0
radixor-generalization-v1,4.2.0-6-g84e57fb,84e57fb27ae40913569e826858a8ebb07cf2ea01,dirty,126964f216a48d2164d136a490698301111aae7f050209ced21caf73f8c01fb8,HU_HU,hu-hu-default,1.0.0,359d46a01d751ec823705ad7f3dd1cc8f6663feb1a9d13cb04d0c6fb51ab646e,11400714819323198485,90,17465,19406,1941,921484,935713,885821,896938,35663,38775,84855,93230,81585,89350,3270,3880,84549,91690,81303,88178,3246,3512,1540
radixor-generalization-v1,4.2.0-6-g84e57fb,84e57fb27ae40913569e826858a8ebb07cf2ea01,dirty,126964f216a48d2164d136a490698301111aae7f050209ced21caf73f8c01fb8,HU_HU,hu-hu-default,1.0.0,359d46a01d751ec823705ad7f3dd1cc8f6663feb1a9d13cb04d0c6fb51ab646e,11400714819323198485,80,15525,19406,3881,914112,935713,878481,896938,35631,38775,169873,186834,163268,179079,6605,7755,169444,184344,162871,177221,6573,7123,2490
radixor-generalization-v1,4.2.0-6-g84e57fb,84e57fb27ae40913569e826858a8ebb07cf2ea01,dirty,126964f216a48d2164d136a490698301111aae7f050209ced21caf73f8c01fb8,HU_HU,hu-hu-default,1.0.0,359d46a01d751ec823705ad7f3dd1cc8f6663feb1a9d13cb04d0c6fb51ab646e,11400714819323198485,70,13584,19406,5822,905590,935713,870027,896938,35563,38775,253766,280530,243828,268898,9938,11632,253343,277146,243437,266338,9906,10808,3384
radixor-generalization-v1,4.2.0-6-g84e57fb,84e57fb27ae40913569e826858a8ebb07cf2ea01,dirty,126964f216a48d2164d136a490698301111aae7f050209ced21caf73f8c01fb8,HU_HU,hu-hu-default,1.0.0,359d46a01d751ec823705ad7f3dd1cc8f6663feb1a9d13cb04d0c6fb51ab646e,11400714819323198485,60,11644,19406,7762,897239,935713,861910,896938,35329,38775,337999,373997,324812,358486,13187,15511,337437,370176,324288,355629,13149,14547,3821
radixor-generalization-v1,4.2.0-6-g84e57fb,84e57fb27ae40913569e826858a8ebb07cf2ea01,dirty,126964f216a48d2164d136a490698301111aae7f050209ced21caf73f8c01fb8,HU_HU,hu-hu-default,1.0.0,359d46a01d751ec823705ad7f3dd1cc8f6663feb1a9d13cb04d0c6fb51ab646e,11400714819323198485,50,9703,19406,9703,887644,935713,852553,896938,35091,38775,421781,468226,405324,448837,16457,19389,421309,464220,404884,445859,16425,18361,4006
radixor-generalization-v1,4.2.0-6-g84e57fb,84e57fb27ae40913569e826858a8ebb07cf2ea01,dirty,126964f216a48d2164d136a490698301111aae7f050209ced21caf73f8c01fb8,HU_HU,hu-hu-default,1.0.0,359d46a01d751ec823705ad7f3dd1cc8f6663feb1a9d13cb04d0c6fb51ab646e,11400714819323198485,40,7762,19406,11644,876603,935713,841832,896938,34771,38775,503504,561562,483769,538293,19735,23269,503070,557845,483367,535562,19703,22283,3717
radixor-generalization-v1,4.2.0-6-g84e57fb,84e57fb27ae40913569e826858a8ebb07cf2ea01,dirty,126964f216a48d2164d136a490698301111aae7f050209ced21caf73f8c01fb8,HU_HU,hu-hu-default,1.0.0,359d46a01d751ec823705ad7f3dd1cc8f6663feb1a9d13cb04d0c6fb51ab646e,11400714819323198485,30,5822,19406,13584,862210,935713,827959,896938,34251,38775,582789,655638,559886,628495,22903,27143,582347,652499,559476,626206,22871,26293,3139
radixor-generalization-v1,4.2.0-6-g84e57fb,84e57fb27ae40913569e826858a8ebb07cf2ea01,dirty,126964f216a48d2164d136a490698301111aae7f050209ced21caf73f8c01fb8,HU_HU,hu-hu-default,1.0.0,359d46a01d751ec823705ad7f3dd1cc8f6663feb1a9d13cb04d0c6fb51ab646e,11400714819323198485,20,3881,19406,15525,850040,935713,816315,896938,33725,38775,663659,749071,637559,718047,26100,31024,663232,746533,637160,716169,26072,30364,2538
radixor-generalization-v1,4.2.0-6-g84e57fb,84e57fb27ae40913569e826858a8ebb07cf2ea01,dirty,126964f216a48d2164d136a490698301111aae7f050209ced21caf73f8c01fb8,HU_HU,hu-hu-default,1.0.0,359d46a01d751ec823705ad7f3dd1cc8f6663feb1a9d13cb04d0c6fb51ab646e,11400714819323198485,10,1941,19406,17465,823079,935713,790212,896938,32867,38775,729467,841999,700445,807099,29022,34900,729273,840551,700265,806053,29008,34498,1448
radixor-generalization-v1,4.2.0-6-g84e57fb,84e57fb27ae40913569e826858a8ebb07cf2ea01,dirty,126964f216a48d2164d136a490698301111aae7f050209ced21caf73f8c01fb8,HU_HU,hu-hu-default,1.0.0,359d46a01d751ec823705ad7f3dd1cc8f6663feb1a9d13cb04d0c6fb51ab646e,7046029254386353131,100,19406,19406,0,928435,935713,892782,896938,35653,38775,0,0,0,0,0,0,0,0,0,0,0,0,0
radixor-generalization-v1,4.2.0-6-g84e57fb,84e57fb27ae40913569e826858a8ebb07cf2ea01,dirty,126964f216a48d2164d136a490698301111aae7f050209ced21caf73f8c01fb8,HU_HU,hu-hu-default,1.0.0,359d46a01d751ec823705ad7f3dd1cc8f6663feb1a9d13cb04d0c6fb51ab646e,7046029254386353131,90,17465,19406,1941,921509,935713,885938,896938,35571,38775,85401,93781,82106,89904,3295,3877,85194,92253,81913,88746,3281,3507,1528
radixor-generalization-v1,4.2.0-6-g84e57fb,84e57fb27ae40913569e826858a8ebb07cf2ea01,dirty,126964f216a48d2164d136a490698301111aae7f050209ced21caf73f8c01fb8,HU_HU,hu-hu-default,1.0.0,359d46a01d751ec823705ad7f3dd1cc8f6663feb1a9d13cb04d0c6fb51ab646e,7046029254386353131,80,15525,19406,3881,913497,935713,877952,896938,35545,38775,169908,187430,163310,179678,6598,7752,169568,185013,162990,177919,6578,7094,2417
radixor-generalization-v1,4.2.0-6-g84e57fb,84e57fb27ae40913569e826858a8ebb07cf2ea01,dirty,126964f216a48d2164d136a490698301111aae7f050209ced21caf73f8c01fb8,HU_HU,hu-hu-default,1.0.0,359d46a01d751ec823705ad7f3dd1cc8f6663feb1a9d13cb04d0c6fb51ab646e,7046029254386353131,70,13584,19406,5822,905369,935713,869850,896938,35519,38775,254487,281246,244501,269614,9986,11632,254113,278053,244153,267271,9960,10782,3193
radixor-generalization-v1,4.2.0-6-g84e57fb,84e57fb27ae40913569e826858a8ebb07cf2ea01,dirty,126964f216a48d2164d136a490698301111aae7f050209ced21caf73f8c01fb8,HU_HU,hu-hu-default,1.0.0,359d46a01d751ec823705ad7f3dd1cc8f6663feb1a9d13cb04d0c6fb51ab646e,7046029254386353131,60,11644,19406,7762,896911,935713,861526,896938,35385,38775,338416,374724,325143,359215,13273,15509,338104,371067,324853,356526,13251,14541,3657
radixor-generalization-v1,4.2.0-6-g84e57fb,84e57fb27ae40913569e826858a8ebb07cf2ea01,dirty,126964f216a48d2164d136a490698301111aae7f050209ced21caf73f8c01fb8,HU_HU,hu-hu-default,1.0.0,359d46a01d751ec823705ad7f3dd1cc8f6663feb1a9d13cb04d0c6fb51ab646e,7046029254386353131,50,9703,19406,9703,886579,935713,851500,896938,35079,38775,420859,468163,404330,448778,16529,19385,420579,464540,404070,446157,16509,18383,3623
radixor-generalization-v1,4.2.0-6-g84e57fb,84e57fb27ae40913569e826858a8ebb07cf2ea01,dirty,126964f216a48d2164d136a490698301111aae7f050209ced21caf73f8c01fb8,HU_HU,hu-hu-default,1.0.0,359d46a01d751ec823705ad7f3dd1cc8f6663feb1a9d13cb04d0c6fb51ab646e,7046029254386353131,40,7762,19406,11644,873865,935713,839090,896938,34775,38775,500335,561109,480525,537847,19810,23262,500087,557640,480297,535408,19790,22232,3469
radixor-generalization-v1,4.2.0-6-g84e57fb,84e57fb27ae40913569e826858a8ebb07cf2ea01,dirty,126964f216a48d2164d136a490698301111aae7f050209ced21caf73f8c01fb8,HU_HU,hu-hu-default,1.0.0,359d46a01d751ec823705ad7f3dd1cc8f6663feb1a9d13cb04d0c6fb51ab646e,7046029254386353131,30,5822,19406,13584,860909,935713,826700,896938,34209,38775,580893,655062,557987,627922,22906,27140,580652,652072,557766,625820,22886,26252,2990
radixor-generalization-v1,4.2.0-6-g84e57fb,84e57fb27ae40913569e826858a8ebb07cf2ea01,dirty,126964f216a48d2164d136a490698301111aae7f050209ced21caf73f8c01fb8,HU_HU,hu-hu-default,1.0.0,359d46a01d751ec823705ad7f3dd1cc8f6663feb1a9d13cb04d0c6fb51ab646e,7046029254386353131,20,3881,19406,15525,842644,935713,808957,896938,33687,38775,656132,748938,630047,717919,26085,31019,655918,746656,629849,716301,26069,30355,2282
radixor-generalization-v1,4.2.0-6-g84e57fb,84e57fb27ae40913569e826858a8ebb07cf2ea01,dirty,126964f216a48d2164d136a490698301111aae7f050209ced21caf73f8c01fb8,HU_HU,hu-hu-default,1.0.0,359d46a01d751ec823705ad7f3dd1cc8f6663feb1a9d13cb04d0c6fb51ab646e,7046029254386353131,10,1941,19406,17465,817387,935713,784466,896938,32921,38775,724315,842563,695235,807665,29080,34898,724244,841164,695170,806678,29074,34486,1399
radixor-generalization-v1,4.2.0-6-g84e57fb,84e57fb27ae40913569e826858a8ebb07cf2ea01,dirty,126964f216a48d2164d136a490698301111aae7f050209ced21caf73f8c01fb8,HU_HU,hu-hu-default,1.0.0,359d46a01d751ec823705ad7f3dd1cc8f6663feb1a9d13cb04d0c6fb51ab646e,2611923443488327891,100,19406,19406,0,928435,935713,892782,896938,35653,38775,0,0,0,0,0,0,0,0,0,0,0,0,0
radixor-generalization-v1,4.2.0-6-g84e57fb,84e57fb27ae40913569e826858a8ebb07cf2ea01,dirty,126964f216a48d2164d136a490698301111aae7f050209ced21caf73f8c01fb8,HU_HU,hu-hu-default,1.0.0,359d46a01d751ec823705ad7f3dd1cc8f6663feb1a9d13cb04d0c6fb51ab646e,2611923443488327891,90,17465,19406,1941,920811,935713,885160,896938,35651,38775,84779,93833,81463,89955,3316,3878,84670,92484,81362,88944,3308,3540,1349
radixor-generalization-v1,4.2.0-6-g84e57fb,84e57fb27ae40913569e826858a8ebb07cf2ea01,dirty,126964f216a48d2164d136a490698301111aae7f050209ced21caf73f8c01fb8,HU_HU,hu-hu-default,1.0.0,359d46a01d751ec823705ad7f3dd1cc8f6663feb1a9d13cb04d0c6fb51ab646e,2611923443488327891,80,15525,19406,3881,913595,935713,878030,896938,35565,38775,169392,186923,162798,179169,6594,7754,169185,184401,162607,177295,6578,7106,2522
radixor-generalization-v1,4.2.0-6-g84e57fb,84e57fb27ae40913569e826858a8ebb07cf2ea01,dirty,126964f216a48d2164d136a490698301111aae7f050209ced21caf73f8c01fb8,HU_HU,hu-hu-default,1.0.0,359d46a01d751ec823705ad7f3dd1cc8f6663feb1a9d13cb04d0c6fb51ab646e,2611923443488327891,70,13584,19406,5822,906337,935713,870866,896938,35471,38775,254812,280639,244871,269006,9941,11633,254474,277339,244559,266568,9915,10771,3300
radixor-generalization-v1,4.2.0-6-g84e57fb,84e57fb27ae40913569e826858a8ebb07cf2ea01,dirty,126964f216a48d2164d136a490698301111aae7f050209ced21caf73f8c01fb8,HU_HU,hu-hu-default,1.0.0,359d46a01d751ec823705ad7f3dd1cc8f6663feb1a9d13cb04d0c6fb51ab646e,2611923443488327891,60,11644,19406,7762,896686,935713,861377,896938,35309,38775,337841,374448,324666,358943,13175,15505,337419,370552,324276,356057,13143,14495,3896
radixor-generalization-v1,4.2.0-6-g84e57fb,84e57fb27ae40913569e826858a8ebb07cf2ea01,dirty,126964f216a48d2164d136a490698301111aae7f050209ced21caf73f8c01fb8,HU_HU,hu-hu-default,1.0.0,359d46a01d751ec823705ad7f3dd1cc8f6663feb1a9d13cb04d0c6fb51ab646e,2611923443488327891,50,9703,19406,9703,887370,935713,852331,896938,35039,38775,421338,468096,404860,448710,16478,19386,420743,463693,404307,445383,16436,18310,4403
radixor-generalization-v1,4.2.0-6-g84e57fb,84e57fb27ae40913569e826858a8ebb07cf2ea01,dirty,126964f216a48d2164d136a490698301111aae7f050209ced21caf73f8c01fb8,HU_HU,hu-hu-default,1.0.0,359d46a01d751ec823705ad7f3dd1cc8f6663feb1a9d13cb04d0c6fb51ab646e,2611923443488327891,40,7762,19406,11644,874452,935713,839687,896938,34765,38775,501665,561910,481899,538646,19766,23264,501079,557829,481357,535623,19722,22206,4081
radixor-generalization-v1,4.2.0-6-g84e57fb,84e57fb27ae40913569e826858a8ebb07cf2ea01,dirty,126964f216a48d2164d136a490698301111aae7f050209ced21caf73f8c01fb8,HU_HU,hu-hu-default,1.0.0,359d46a01d751ec823705ad7f3dd1cc8f6663feb1a9d13cb04d0c6fb51ab646e,2611923443488327891,30,5822,19406,13584,862767,935713,828506,896938,34261,38775,582323,654702,559407,627560,22916,27142,581924,651254,559042,625066,22882,26188,3448
radixor-generalization-v1,4.2.0-6-g84e57fb,84e57fb27ae40913569e826858a8ebb07cf2ea01,dirty,126964f216a48d2164d136a490698301111aae7f050209ced21caf73f8c01fb8,HU_HU,hu-hu-default,1.0.0,359d46a01d751ec823705ad7f3dd1cc8f6663feb1a9d13cb04d0c6fb51ab646e,2611923443488327891,20,3881,19406,15525,847205,935713,813558,896938,33647,38775,660001,748245,633991,717223,26010,31022,659831,745844,633837,715540,25994,30304,2401
radixor-generalization-v1,4.2.0-6-g84e57fb,84e57fb27ae40913569e826858a8ebb07cf2ea01,dirty,126964f216a48d2164d136a490698301111aae7f050209ced21caf73f8c01fb8,HU_HU,hu-hu-default,1.0.0,359d46a01d751ec823705ad7f3dd1cc8f6663feb1a9d13cb04d0c6fb51ab646e,2611923443488327891,10,1941,19406,17465,830779,935713,798130,896938,32649,38775,736606,841445,707786,806549,28820,34896,736490,840090,707680,805642,28810,34448,1355
radixor-generalization-v1,4.2.0-6-g84e57fb,84e57fb27ae40913569e826858a8ebb07cf2ea01,dirty,126964f216a48d2164d136a490698301111aae7f050209ced21caf73f8c01fb8,HU_HU,hu-hu-default,1.0.0,359d46a01d751ec823705ad7f3dd1cc8f6663feb1a9d13cb04d0c6fb51ab646e,15111065706836454659,100,19406,19406,0,928435,935713,892782,896938,35653,38775,0,0,0,0,0,0,0,0,0,0,0,0,0
radixor-generalization-v1,4.2.0-6-g84e57fb,84e57fb27ae40913569e826858a8ebb07cf2ea01,dirty,126964f216a48d2164d136a490698301111aae7f050209ced21caf73f8c01fb8,HU_HU,hu-hu-default,1.0.0,359d46a01d751ec823705ad7f3dd1cc8f6663feb1a9d13cb04d0c6fb51ab646e,15111065706836454659,90,17465,19406,1941,921236,935713,885535,896938,35701,38775,84780,93319,81499,89438,3281,3881,84588,91959,81319,88446,3269,3513,1360
radixor-generalization-v1,4.2.0-6-g84e57fb,84e57fb27ae40913569e826858a8ebb07cf2ea01,dirty,126964f216a48d2164d136a490698301111aae7f050209ced21caf73f8c01fb8,HU_HU,hu-hu-default,1.0.0,359d46a01d751ec823705ad7f3dd1cc8f6663feb1a9d13cb04d0c6fb51ab646e,15111065706836454659,80,15525,19406,3881,913682,935713,878057,896938,35625,38775,169403,186707,162837,178949,6566,7758,169140,184306,162592,177200,6548,7106,2401
radixor-generalization-v1,4.2.0-6-g84e57fb,84e57fb27ae40913569e826858a8ebb07cf2ea01,dirty,126964f216a48d2164d136a490698301111aae7f050209ced21caf73f8c01fb8,HU_HU,hu-hu-default,1.0.0,359d46a01d751ec823705ad7f3dd1cc8f6663feb1a9d13cb04d0c6fb51ab646e,15111065706836454659,70,13584,19406,5822,906397,935713,870970,896938,35427,38775,254818,280535,245031,268900,9787,11635,254514,277343,244751,266594,9763,10749,3192
radixor-generalization-v1,4.2.0-6-g84e57fb,84e57fb27ae40913569e826858a8ebb07cf2ea01,dirty,126964f216a48d2164d136a490698301111aae7f050209ced21caf73f8c01fb8,HU_HU,hu-hu-default,1.0.0,359d46a01d751ec823705ad7f3dd1cc8f6663feb1a9d13cb04d0c6fb51ab646e,15111065706836454659,60,11644,19406,7762,897732,935713,862513,896938,35219,38775,338651,374112,325567,358602,13084,15510,338296,370265,325238,355771,13058,14494,3847
radixor-generalization-v1,4.2.0-6-g84e57fb,84e57fb27ae40913569e826858a8ebb07cf2ea01,dirty,126964f216a48d2164d136a490698301111aae7f050209ced21caf73f8c01fb8,HU_HU,hu-hu-default,1.0.0,359d46a01d751ec823705ad7f3dd1cc8f6663feb1a9d13cb04d0c6fb51ab646e,15111065706836454659,50,9703,19406,9703,887380,935713,852489,896938,34891,38775,420930,467465,404599,448074,16331,19391,420543,463513,404240,445236,16303,18277,3952
radixor-generalization-v1,4.2.0-6-g84e57fb,84e57fb27ae40913569e826858a8ebb07cf2ea01,dirty,126964f216a48d2164d136a490698301111aae7f050209ced21caf73f8c01fb8,HU_HU,hu-hu-default,1.0.0,359d46a01d751ec823705ad7f3dd1cc8f6663feb1a9d13cb04d0c6fb51ab646e,15111065706836454659,40,7762,19406,11644,875580,935713,840929,896938,34651,38775,502722,561618,483068,538352,19654,23266,502317,557926,482691,535704,19626,22222,3692
radixor-generalization-v1,4.2.0-6-g84e57fb,84e57fb27ae40913569e826858a8ebb07cf2ea01,dirty,126964f216a48d2164d136a490698301111aae7f050209ced21caf73f8c01fb8,HU_HU,hu-hu-default,1.0.0,359d46a01d751ec823705ad7f3dd1cc8f6663feb1a9d13cb04d0c6fb51ab646e,15111065706836454659,30,5822,19406,13584,859748,935713,825657,896938,34091,38775,579778,655009,557032,627865,22746,27144,579510,651802,556782,625558,22728,26244,3207
radixor-generalization-v1,4.2.0-6-g84e57fb,84e57fb27ae40913569e826858a8ebb07cf2ea01,dirty,126964f216a48d2164d136a490698301111aae7f050209ced21caf73f8c01fb8,HU_HU,hu-hu-default,1.0.0,359d46a01d751ec823705ad7f3dd1cc8f6663feb1a9d13cb04d0c6fb51ab646e,15111065706836454659,20,3881,19406,15525,845837,935713,812236,896938,33601,38775,659107,748642,633132,717621,25975,31021,658823,746292,632868,715967,25955,30325,2350
radixor-generalization-v1,4.2.0-6-g84e57fb,84e57fb27ae40913569e826858a8ebb07cf2ea01,dirty,126964f216a48d2164d136a490698301111aae7f050209ced21caf73f8c01fb8,HU_HU,hu-hu-default,1.0.0,359d46a01d751ec823705ad7f3dd1cc8f6663feb1a9d13cb04d0c6fb51ab646e,15111065706836454659,10,1941,19406,17465,818670,935713,785499,896938,33171,38775,725129,842004,695796,807105,29333,34899,724967,840644,695646,806169,29321,34475,1360
radixor-generalization-v1,4.2.0-6-g84e57fb,84e57fb27ae40913569e826858a8ebb07cf2ea01,dirty,126964f216a48d2164d136a490698301111aae7f050209ced21caf73f8c01fb8,IT_IT,it-it-default,1.0.0,5e03be31c9761e30dbf24a47a5ced3d6ec949dabd31e92632fdd9f7c67fc2e12,2654435761,100,10009,10009,0,334361,337546,314357,317542,20004,20004,0,0,0,0,0,0,0,0,0,0,0,0,0
radixor-generalization-v1,4.2.0-6-g84e57fb,84e57fb27ae40913569e826858a8ebb07cf2ea01,dirty,126964f216a48d2164d136a490698301111aae7f050209ced21caf73f8c01fb8,IT_IT,it-it-default,1.0.0,5e03be31c9761e30dbf24a47a5ced3d6ec949dabd31e92632fdd9f7c67fc2e12,2654435761,90,9008,10009,1001,332552,337546,312552,317542,20000,20004,31574,33927,29577,31926,1997,2001,31574,33421,29577,31420,1997,2001,506
radixor-generalization-v1,4.2.0-6-g84e57fb,84e57fb27ae40913569e826858a8ebb07cf2ea01,dirty,126964f216a48d2164d136a490698301111aae7f050209ced21caf73f8c01fb8,IT_IT,it-it-default,1.0.0,5e03be31c9761e30dbf24a47a5ced3d6ec949dabd31e92632fdd9f7c67fc2e12,2654435761,80,8007,10009,2002,330283,337546,310287,317542,19996,20004,63082,68173,59088,64171,3994,4002,63082,67251,59088,63251,3994,4000,922
radixor-generalization-v1,4.2.0-6-g84e57fb,84e57fb27ae40913569e826858a8ebb07cf2ea01,dirty,126964f216a48d2164d136a490698301111aae7f050209ced21caf73f8c01fb8,IT_IT,it-it-default,1.0.0,5e03be31c9761e30dbf24a47a5ced3d6ec949dabd31e92632fdd9f7c67fc2e12,2654435761,70,7006,10009,3003,327640,337546,307646,317542,19994,20004,93071,101245,87079,95243,5992,6002,93071,100006,87079,94006,5992,6000,1239
radixor-generalization-v1,4.2.0-6-g84e57fb,84e57fb27ae40913569e826858a8ebb07cf2ea01,dirty,126964f216a48d2164d136a490698301111aae7f050209ced21caf73f8c01fb8,IT_IT,it-it-default,1.0.0,5e03be31c9761e30dbf24a47a5ced3d6ec949dabd31e92632fdd9f7c67fc2e12,2654435761,60,6005,10009,4004,325055,337546,305063,317542,19992,20004,122935,134130,114944,126127,7991,8003,122935,132650,114944,124649,7991,8001,1480
radixor-generalization-v1,4.2.0-6-g84e57fb,84e57fb27ae40913569e826858a8ebb07cf2ea01,dirty,126964f216a48d2164d136a490698301111aae7f050209ced21caf73f8c01fb8,IT_IT,it-it-default,1.0.0,5e03be31c9761e30dbf24a47a5ced3d6ec949dabd31e92632fdd9f7c67fc2e12,2654435761,50,5005,10009,5004,321863,337546,301885,317542,19978,20004,153782,168549,143805,158546,9977,10003,153782,166961,143805,156962,9977,9999,1588
radixor-generalization-v1,4.2.0-6-g84e57fb,84e57fb27ae40913569e826858a8ebb07cf2ea01,dirty,126964f216a48d2164d136a490698301111aae7f050209ced21caf73f8c01fb8,IT_IT,it-it-default,1.0.0,5e03be31c9761e30dbf24a47a5ced3d6ec949dabd31e92632fdd9f7c67fc2e12,2654435761,40,4004,10009,6005,319053,337546,299073,317542,19980,20004,184258,202181,172279,190178,11979,12003,184258,200579,172279,188580,11979,11999,1602
radixor-generalization-v1,4.2.0-6-g84e57fb,84e57fb27ae40913569e826858a8ebb07cf2ea01,dirty,126964f216a48d2164d136a490698301111aae7f050209ced21caf73f8c01fb8,IT_IT,it-it-default,1.0.0,5e03be31c9761e30dbf24a47a5ced3d6ec949dabd31e92632fdd9f7c67fc2e12,2654435761,30,3003,10009,7006,313865,337546,293893,317542,19972,20004,212162,235489,198190,221485,13972,14004,212162,234119,198190,220119,13972,14000,1370
radixor-generalization-v1,4.2.0-6-g84e57fb,84e57fb27ae40913569e826858a8ebb07cf2ea01,dirty,126964f216a48d2164d136a490698301111aae7f050209ced21caf73f8c01fb8,IT_IT,it-it-default,1.0.0,5e03be31c9761e30dbf24a47a5ced3d6ec949dabd31e92632fdd9f7c67fc2e12,2654435761,20,2002,10009,8007,307662,337546,287706,317542,19956,20004,240061,269737,224104,253732,15957,16005,240061,268626,224104,252625,15957,16001,1111
radixor-generalization-v1,4.2.0-6-g84e57fb,84e57fb27ae40913569e826858a8ebb07cf2ea01,dirty,126964f216a48d2164d136a490698301111aae7f050209ced21caf73f8c01fb8,IT_IT,it-it-default,1.0.0,5e03be31c9761e30dbf24a47a5ced3d6ec949dabd31e92632fdd9f7c67fc2e12,2654435761,10,1001,10009,9008,298530,337546,278610,317542,19920,20004,264734,303686,246812,285680,17922,18006,264734,303036,246812,285034,17922,18002,650
radixor-generalization-v1,4.2.0-6-g84e57fb,84e57fb27ae40913569e826858a8ebb07cf2ea01,dirty,126964f216a48d2164d136a490698301111aae7f050209ced21caf73f8c01fb8,IT_IT,it-it-default,1.0.0,5e03be31c9761e30dbf24a47a5ced3d6ec949dabd31e92632fdd9f7c67fc2e12,11400714819323198485,100,10009,10009,0,334361,337546,314357,317542,20004,20004,0,0,0,0,0,0,0,0,0,0,0,0,0
radixor-generalization-v1,4.2.0-6-g84e57fb,84e57fb27ae40913569e826858a8ebb07cf2ea01,dirty,126964f216a48d2164d136a490698301111aae7f050209ced21caf73f8c01fb8,IT_IT,it-it-default,1.0.0,5e03be31c9761e30dbf24a47a5ced3d6ec949dabd31e92632fdd9f7c67fc2e12,11400714819323198485,90,9008,10009,1001,332096,337546,312096,317542,20000,20004,31409,34257,29413,32257,1996,2000,31409,33699,29413,31701,1996,1998,558
radixor-generalization-v1,4.2.0-6-g84e57fb,84e57fb27ae40913569e826858a8ebb07cf2ea01,dirty,126964f216a48d2164d136a490698301111aae7f050209ced21caf73f8c01fb8,IT_IT,it-it-default,1.0.0,5e03be31c9761e30dbf24a47a5ced3d6ec949dabd31e92632fdd9f7c67fc2e12,11400714819323198485,80,8007,10009,2002,330059,337546,310061,317542,19998,20004,61934,67306,57942,63308,3992,3998,61934,66376,57942,62380,3992,3996,930
radixor-generalization-v1,4.2.0-6-g84e57fb,84e57fb27ae40913569e826858a8ebb07cf2ea01,dirty,126964f216a48d2164d136a490698301111aae7f050209ced21caf73f8c01fb8,IT_IT,it-it-default,1.0.0,5e03be31c9761e30dbf24a47a5ced3d6ec949dabd31e92632fdd9f7c67fc2e12,11400714819323198485,70,7006,10009,3003,327566,337546,307576,317542,19990,20004,92256,100595,86272,94597,5984,5998,92256,99313,86272,93317,5984,5996,1282
radixor-generalization-v1,4.2.0-6-g84e57fb,84e57fb27ae40913569e826858a8ebb07cf2ea01,dirty,126964f216a48d2164d136a490698301111aae7f050209ced21caf73f8c01fb8,IT_IT,it-it-default,1.0.0,5e03be31c9761e30dbf24a47a5ced3d6ec949dabd31e92632fdd9f7c67fc2e12,11400714819323198485,60,6005,10009,4004,324500,337546,304520,317542,19980,20004,122372,134316,114398,126318,7974,7998,122372,132730,114398,124736,7974,7994,1586
radixor-generalization-v1,4.2.0-6-g84e57fb,84e57fb27ae40913569e826858a8ebb07cf2ea01,dirty,126964f216a48d2164d136a490698301111aae7f050209ced21caf73f8c01fb8,IT_IT,it-it-default,1.0.0,5e03be31c9761e30dbf24a47a5ced3d6ec949dabd31e92632fdd9f7c67fc2e12,11400714819323198485,50,5005,10009,5004,321668,337546,301688,317542,19980,20004,152427,167569,142454,157572,9973,9997,152427,165894,142454,155901,9973,9993,1675
radixor-generalization-v1,4.2.0-6-g84e57fb,84e57fb27ae40913569e826858a8ebb07cf2ea01,dirty,126964f216a48d2164d136a490698301111aae7f050209ced21caf73f8c01fb8,IT_IT,it-it-default,1.0.0,5e03be31c9761e30dbf24a47a5ced3d6ec949dabd31e92632fdd9f7c67fc2e12,11400714819323198485,40,4004,10009,6005,318838,337546,298850,317542,19988,20004,182922,201143,170940,189145,11982,11998,182922,199684,170940,187688,11982,11996,1459
radixor-generalization-v1,4.2.0-6-g84e57fb,84e57fb27ae40913569e826858a8ebb07cf2ea01,dirty,126964f216a48d2164d136a490698301111aae7f050209ced21caf73f8c01fb8,IT_IT,it-it-default,1.0.0,5e03be31c9761e30dbf24a47a5ced3d6ec949dabd31e92632fdd9f7c67fc2e12,11400714819323198485,30,3003,10009,7006,315250,337546,295263,317542,19987,20004,213028,235070,199047,221072,13981,13998,213028,233761,199047,219763,13981,13998,1309
radixor-generalization-v1,4.2.0-6-g84e57fb,84e57fb27ae40913569e826858a8ebb07cf2ea01,dirty,126964f216a48d2164d136a490698301111aae7f050209ced21caf73f8c01fb8,IT_IT,it-it-default,1.0.0,5e03be31c9761e30dbf24a47a5ced3d6ec949dabd31e92632fdd9f7c67fc2e12,11400714819323198485,20,2002,10009,8007,310000,337546,290011,317542,19989,20004,241233,268671,225248,252671,15985,16000,241233,267675,225248,251675,15985,16000,996
radixor-generalization-v1,4.2.0-6-g84e57fb,84e57fb27ae40913569e826858a8ebb07cf2ea01,dirty,126964f216a48d2164d136a490698301111aae7f050209ced21caf73f8c01fb8,IT_IT,it-it-default,1.0.0,5e03be31c9761e30dbf24a47a5ced3d6ec949dabd31e92632fdd9f7c67fc2e12,11400714819323198485,10,1001,10009,9008,297697,337546,277708,317542,19989,20004,263314,303121,245327,285119,17987,18002,263314,302610,245327,284608,17987,18002,511
radixor-generalization-v1,4.2.0-6-g84e57fb,84e57fb27ae40913569e826858a8ebb07cf2ea01,dirty,126964f216a48d2164d136a490698301111aae7f050209ced21caf73f8c01fb8,IT_IT,it-it-default,1.0.0,5e03be31c9761e30dbf24a47a5ced3d6ec949dabd31e92632fdd9f7c67fc2e12,7046029254386353131,100,10009,10009,0,334361,337546,314357,317542,20004,20004,0,0,0,0,0,0,0,0,0,0,0,0,0
radixor-generalization-v1,4.2.0-6-g84e57fb,84e57fb27ae40913569e826858a8ebb07cf2ea01,dirty,126964f216a48d2164d136a490698301111aae7f050209ced21caf73f8c01fb8,IT_IT,it-it-default,1.0.0,5e03be31c9761e30dbf24a47a5ced3d6ec949dabd31e92632fdd9f7c67fc2e12,7046029254386353131,90,9008,10009,1001,332391,337546,312395,317542,19996,20004,30922,33432,28929,31431,1993,2001,30922,32908,28929,30907,1993,2001,524
radixor-generalization-v1,4.2.0-6-g84e57fb,84e57fb27ae40913569e826858a8ebb07cf2ea01,dirty,126964f216a48d2164d136a490698301111aae7f050209ced21caf73f8c01fb8,IT_IT,it-it-default,1.0.0,5e03be31c9761e30dbf24a47a5ced3d6ec949dabd31e92632fdd9f7c67fc2e12,7046029254386353131,80,8007,10009,2002,330235,337546,310243,317542,19992,20004,61742,66989,57754,62989,3988,4000,61742,65962,57754,61964,3988,3998,1027
radixor-generalization-v1,4.2.0-6-g84e57fb,84e57fb27ae40913569e826858a8ebb07cf2ea01,dirty,126964f216a48d2164d136a490698301111aae7f050209ced21caf73f8c01fb8,IT_IT,it-it-default,1.0.0,5e03be31c9761e30dbf24a47a5ced3d6ec949dabd31e92632fdd9f7c67fc2e12,7046029254386353131,70,7006,10009,3003,327809,337546,307815,317542,19994,20004,92672,100827,86681,94826,5991,6001,92672,99459,86681,93460,5991,5999,1368
radixor-generalization-v1,4.2.0-6-g84e57fb,84e57fb27ae40913569e826858a8ebb07cf2ea01,dirty,126964f216a48d2164d136a490698301111aae7f050209ced21caf73f8c01fb8,IT_IT,it-it-default,1.0.0,5e03be31c9761e30dbf24a47a5ced3d6ec949dabd31e92632fdd9f7c67fc2e12,7046029254386353131,60,6005,10009,4004,324947,337546,304956,317542,19991,20004,122437,133906,114447,125903,7990,8003,122437,132350,114447,124349,7990,8001,1556
radixor-generalization-v1,4.2.0-6-g84e57fb,84e57fb27ae40913569e826858a8ebb07cf2ea01,dirty,126964f216a48d2164d136a490698301111aae7f050209ced21caf73f8c01fb8,IT_IT,it-it-default,1.0.0,5e03be31c9761e30dbf24a47a5ced3d6ec949dabd31e92632fdd9f7c67fc2e12,7046029254386353131,50,5005,10009,5004,321430,337546,301441,317542,19989,20004,152557,167837,142570,157835,9987,10002,152557,166334,142570,156336,9987,9998,1503
radixor-generalization-v1,4.2.0-6-g84e57fb,84e57fb27ae40913569e826858a8ebb07cf2ea01,dirty,126964f216a48d2164d136a490698301111aae7f050209ced21caf73f8c01fb8,IT_IT,it-it-default,1.0.0,5e03be31c9761e30dbf24a47a5ced3d6ec949dabd31e92632fdd9f7c67fc2e12,7046029254386353131,40,4004,10009,6005,317750,337546,297764,317542,19986,20004,182121,201319,170138,189318,11983,12001,182121,199899,170138,187900,11983,11999,1420
radixor-generalization-v1,4.2.0-6-g84e57fb,84e57fb27ae40913569e826858a8ebb07cf2ea01,dirty,126964f216a48d2164d136a490698301111aae7f050209ced21caf73f8c01fb8,IT_IT,it-it-default,1.0.0,5e03be31c9761e30dbf24a47a5ced3d6ec949dabd31e92632fdd9f7c67fc2e12,7046029254386353131,30,3003,10009,7006,313819,337546,293827,317542,19992,20004,212175,235488,198184,221485,13991,14003,212175,234233,198184,220232,13991,14001,1255
radixor-generalization-v1,4.2.0-6-g84e57fb,84e57fb27ae40913569e826858a8ebb07cf2ea01,dirty,126964f216a48d2164d136a490698301111aae7f050209ced21caf73f8c01fb8,IT_IT,it-it-default,1.0.0,5e03be31c9761e30dbf24a47a5ced3d6ec949dabd31e92632fdd9f7c67fc2e12,7046029254386353131,20,2002,10009,8007,307184,337546,287188,317542,19996,20004,239365,269492,223370,253489,15995,16003,239365,268457,223370,252456,15995,16001,1035
radixor-generalization-v1,4.2.0-6-g84e57fb,84e57fb27ae40913569e826858a8ebb07cf2ea01,dirty,126964f216a48d2164d136a490698301111aae7f050209ced21caf73f8c01fb8,IT_IT,it-it-default,1.0.0,5e03be31c9761e30dbf24a47a5ced3d6ec949dabd31e92632fdd9f7c67fc2e12,7046029254386353131,10,1001,10009,9008,300340,337546,280390,317542,19950,20004,266129,303261,248180,285258,17949,18003,266129,302742,248180,284739,17949,18003,519
radixor-generalization-v1,4.2.0-6-g84e57fb,84e57fb27ae40913569e826858a8ebb07cf2ea01,dirty,126964f216a48d2164d136a490698301111aae7f050209ced21caf73f8c01fb8,IT_IT,it-it-default,1.0.0,5e03be31c9761e30dbf24a47a5ced3d6ec949dabd31e92632fdd9f7c67fc2e12,2611923443488327891,100,10009,10009,0,334361,337546,314357,317542,20004,20004,0,0,0,0,0,0,0,0,0,0,0,0,0
radixor-generalization-v1,4.2.0-6-g84e57fb,84e57fb27ae40913569e826858a8ebb07cf2ea01,dirty,126964f216a48d2164d136a490698301111aae7f050209ced21caf73f8c01fb8,IT_IT,it-it-default,1.0.0,5e03be31c9761e30dbf24a47a5ced3d6ec949dabd31e92632fdd9f7c67fc2e12,2611923443488327891,90,9008,10009,1001,332476,337546,312476,317542,20000,20004,31163,33731,29166,31730,1997,2001,31163,33069,29166,31070,1997,1999,662
radixor-generalization-v1,4.2.0-6-g84e57fb,84e57fb27ae40913569e826858a8ebb07cf2ea01,dirty,126964f216a48d2164d136a490698301111aae7f050209ced21caf73f8c01fb8,IT_IT,it-it-default,1.0.0,5e03be31c9761e30dbf24a47a5ced3d6ec949dabd31e92632fdd9f7c67fc2e12,2611923443488327891,80,8007,10009,2002,330173,337546,310175,317542,19998,20004,62814,68155,58818,64153,3996,4002,62814,67113,58818,63115,3996,3998,1042
radixor-generalization-v1,4.2.0-6-g84e57fb,84e57fb27ae40913569e826858a8ebb07cf2ea01,dirty,126964f216a48d2164d136a490698301111aae7f050209ced21caf73f8c01fb8,IT_IT,it-it-default,1.0.0,5e03be31c9761e30dbf24a47a5ced3d6ec949dabd31e92632fdd9f7c67fc2e12,2611923443488327891,70,7006,10009,3003,327747,337546,307760,317542,19987,20004,94038,102346,88053,96344,5985,6002,94038,100955,88053,94959,5985,5996,1391
radixor-generalization-v1,4.2.0-6-g84e57fb,84e57fb27ae40913569e826858a8ebb07cf2ea01,dirty,126964f216a48d2164d136a490698301111aae7f050209ced21caf73f8c01fb8,IT_IT,it-it-default,1.0.0,5e03be31c9761e30dbf24a47a5ced3d6ec949dabd31e92632fdd9f7c67fc2e12,2611923443488327891,60,6005,10009,4004,324378,337546,304399,317542,19979,20004,124401,136530,116422,128526,7979,8004,124401,134883,116422,126889,7979,7994,1647
radixor-generalization-v1,4.2.0-6-g84e57fb,84e57fb27ae40913569e826858a8ebb07cf2ea01,dirty,126964f216a48d2164d136a490698301111aae7f050209ced21caf73f8c01fb8,IT_IT,it-it-default,1.0.0,5e03be31c9761e30dbf24a47a5ced3d6ec949dabd31e92632fdd9f7c67fc2e12,2611923443488327891,50,5005,10009,5004,321309,337546,301321,317542,19988,20004,155040,170513,145055,160512,9985,10001,155040,168876,145055,158883,9985,9993,1637
radixor-generalization-v1,4.2.0-6-g84e57fb,84e57fb27ae40913569e826858a8ebb07cf2ea01,dirty,126964f216a48d2164d136a490698301111aae7f050209ced21caf73f8c01fb8,IT_IT,it-it-default,1.0.0,5e03be31c9761e30dbf24a47a5ced3d6ec949dabd31e92632fdd9f7c67fc2e12,2611923443488327891,40,4004,10009,6005,318195,337546,298221,317542,19974,20004,184766,203631,172795,191630,11971,12001,184766,202152,172795,190155,11971,11997,1479
radixor-generalization-v1,4.2.0-6-g84e57fb,84e57fb27ae40913569e826858a8ebb07cf2ea01,dirty,126964f216a48d2164d136a490698301111aae7f050209ced21caf73f8c01fb8,IT_IT,it-it-default,1.0.0,5e03be31c9761e30dbf24a47a5ced3d6ec949dabd31e92632fdd9f7c67fc2e12,2611923443488327891,30,3003,10009,7006,314379,337546,294389,317542,19990,20004,213849,236767,199861,222765,13988,14002,213849,235396,199861,221398,13988,13998,1371
radixor-generalization-v1,4.2.0-6-g84e57fb,84e57fb27ae40913569e826858a8ebb07cf2ea01,dirty,126964f216a48d2164d136a490698301111aae7f050209ced21caf73f8c01fb8,IT_IT,it-it-default,1.0.0,5e03be31c9761e30dbf24a47a5ced3d6ec949dabd31e92632fdd9f7c67fc2e12,2611923443488327891,20,2002,10009,8007,308476,337546,288490,317542,19986,20004,241802,270752,225817,254749,15985,16003,241802,269834,225817,253831,15985,16003,918
radixor-generalization-v1,4.2.0-6-g84e57fb,84e57fb27ae40913569e826858a8ebb07cf2ea01,dirty,126964f216a48d2164d136a490698301111aae7f050209ced21caf73f8c01fb8,IT_IT,it-it-default,1.0.0,5e03be31c9761e30dbf24a47a5ced3d6ec949dabd31e92632fdd9f7c67fc2e12,2611923443488327891,10,1001,10009,9008,298915,337546,278939,317542,19976,20004,265391,304000,247415,285996,17976,18004,265391,303487,247415,285483,17976,18004,513
radixor-generalization-v1,4.2.0-6-g84e57fb,84e57fb27ae40913569e826858a8ebb07cf2ea01,dirty,126964f216a48d2164d136a490698301111aae7f050209ced21caf73f8c01fb8,IT_IT,it-it-default,1.0.0,5e03be31c9761e30dbf24a47a5ced3d6ec949dabd31e92632fdd9f7c67fc2e12,15111065706836454659,100,10009,10009,0,334361,337546,314357,317542,20004,20004,0,0,0,0,0,0,0,0,0,0,0,0,0
radixor-generalization-v1,4.2.0-6-g84e57fb,84e57fb27ae40913569e826858a8ebb07cf2ea01,dirty,126964f216a48d2164d136a490698301111aae7f050209ced21caf73f8c01fb8,IT_IT,it-it-default,1.0.0,5e03be31c9761e30dbf24a47a5ced3d6ec949dabd31e92632fdd9f7c67fc2e12,15111065706836454659,90,9008,10009,1001,332380,337546,312380,317542,20000,20004,31151,33759,29155,31759,1996,2000,31151,33156,29155,31160,1996,1996,603
radixor-generalization-v1,4.2.0-6-g84e57fb,84e57fb27ae40913569e826858a8ebb07cf2ea01,dirty,126964f216a48d2164d136a490698301111aae7f050209ced21caf73f8c01fb8,IT_IT,it-it-default,1.0.0,5e03be31c9761e30dbf24a47a5ced3d6ec949dabd31e92632fdd9f7c67fc2e12,15111065706836454659,80,8007,10009,2002,330115,337546,310119,317542,19996,20004,61986,67340,57992,63338,3994,4002,61986,66332,57992,62334,3994,3998,1008
radixor-generalization-v1,4.2.0-6-g84e57fb,84e57fb27ae40913569e826858a8ebb07cf2ea01,dirty,126964f216a48d2164d136a490698301111aae7f050209ced21caf73f8c01fb8,IT_IT,it-it-default,1.0.0,5e03be31c9761e30dbf24a47a5ced3d6ec949dabd31e92632fdd9f7c67fc2e12,15111065706836454659,70,7006,10009,3003,327663,337546,307667,317542,19996,20004,92322,100572,86328,94570,5994,6002,92322,99287,86328,93287,5994,6000,1285
radixor-generalization-v1,4.2.0-6-g84e57fb,84e57fb27ae40913569e826858a8ebb07cf2ea01,dirty,126964f216a48d2164d136a490698301111aae7f050209ced21caf73f8c01fb8,IT_IT,it-it-default,1.0.0,5e03be31c9761e30dbf24a47a5ced3d6ec949dabd31e92632fdd9f7c67fc2e12,15111065706836454659,60,6005,10009,4004,325220,337546,305228,317542,19992,20004,123635,134731,115645,126729,7990,8002,123635,133274,115645,125276,7990,7998,1457
radixor-generalization-v1,4.2.0-6-g84e57fb,84e57fb27ae40913569e826858a8ebb07cf2ea01,dirty,126964f216a48d2164d136a490698301111aae7f050209ced21caf73f8c01fb8,IT_IT,it-it-default,1.0.0,5e03be31c9761e30dbf24a47a5ced3d6ec949dabd31e92632fdd9f7c67fc2e12,15111065706836454659,50,5005,10009,5004,322274,337546,302290,317542,19984,20004,153804,168304,143823,158303,9981,10001,153804,166665,143823,156668,9981,9997,1639
radixor-generalization-v1,4.2.0-6-g84e57fb,84e57fb27ae40913569e826858a8ebb07cf2ea01,dirty,126964f216a48d2164d136a490698301111aae7f050209ced21caf73f8c01fb8,IT_IT,it-it-default,1.0.0,5e03be31c9761e30dbf24a47a5ced3d6ec949dabd31e92632fdd9f7c67fc2e12,15111065706836454659,40,4004,10009,6005,318905,337546,298928,317542,19977,20004,183390,201587,171414,189584,11976,12003,183390,199950,171414,187955,11976,11995,1637
radixor-generalization-v1,4.2.0-6-g84e57fb,84e57fb27ae40913569e826858a8ebb07cf2ea01,dirty,126964f216a48d2164d136a490698301111aae7f050209ced21caf73f8c01fb8,IT_IT,it-it-default,1.0.0,5e03be31c9761e30dbf24a47a5ced3d6ec949dabd31e92632fdd9f7c67fc2e12,15111065706836454659,30,3003,10009,7006,314884,337546,294911,317542,19973,20004,212896,235330,198924,221327,13972,14003,212896,233908,198924,219911,13972,13997,1422
radixor-generalization-v1,4.2.0-6-g84e57fb,84e57fb27ae40913569e826858a8ebb07cf2ea01,dirty,126964f216a48d2164d136a490698301111aae7f050209ced21caf73f8c01fb8,IT_IT,it-it-default,1.0.0,5e03be31c9761e30dbf24a47a5ced3d6ec949dabd31e92632fdd9f7c67fc2e12,15111065706836454659,20,2002,10009,8007,309195,337546,289216,317542,19979,20004,241443,269706,225465,253703,15978,16003,241443,268646,225465,252645,15978,16001,1060
radixor-generalization-v1,4.2.0-6-g84e57fb,84e57fb27ae40913569e826858a8ebb07cf2ea01,dirty,126964f216a48d2164d136a490698301111aae7f050209ced21caf73f8c01fb8,IT_IT,it-it-default,1.0.0,5e03be31c9761e30dbf24a47a5ced3d6ec949dabd31e92632fdd9f7c67fc2e12,15111065706836454659,10,1001,10009,9008,300346,337546,280379,317542,19967,20004,266654,303834,248687,285830,17967,18004,266654,303345,248687,285341,17967,18004,489
radixor-generalization-v1,4.2.0-6-g84e57fb,84e57fb27ae40913569e826858a8ebb07cf2ea01,dirty,126964f216a48d2164d136a490698301111aae7f050209ced21caf73f8c01fb8,NB_NO,nb-no-default,1.0.0,f495bffb44e79d27993e6e2e65d4b1204b29365dc93f481b2d8b96766fc90fd9,2654435761,100,17929,17929,0,87900,90757,56025,57381,31875,33376,0,0,0,0,0,0,0,0,0,0,0,0,0
radixor-generalization-v1,4.2.0-6-g84e57fb,84e57fb27ae40913569e826858a8ebb07cf2ea01,dirty,126964f216a48d2164d136a490698301111aae7f050209ced21caf73f8c01fb8,NB_NO,nb-no-default,1.0.0,f495bffb44e79d27993e6e2e65d4b1204b29365dc93f481b2d8b96766fc90fd9,2654435761,90,16136,17929,1793,86222,90757,54363,57381,31859,33376,6870,9127,3861,5787,3009,3340,6870,8632,3861,5473,3009,3159,495
radixor-generalization-v1,4.2.0-6-g84e57fb,84e57fb27ae40913569e826858a8ebb07cf2ea01,dirty,126964f216a48d2164d136a490698301111aae7f050209ced21caf73f8c01fb8,NB_NO,nb-no-default,1.0.0,f495bffb44e79d27993e6e2e65d4b1204b29365dc93f481b2d8b96766fc90fd9,2654435761,80,14343,17929,3586,84360,90757,52537,57381,31823,33376,13629,18231,7590,11548,6039,6683,13629,17386,7590,11013,6039,6373,845
radixor-generalization-v1,4.2.0-6-g84e57fb,84e57fb27ae40913569e826858a8ebb07cf2ea01,dirty,126964f216a48d2164d136a490698301111aae7f050209ced21caf73f8c01fb8,NB_NO,nb-no-default,1.0.0,f495bffb44e79d27993e6e2e65d4b1204b29365dc93f481b2d8b96766fc90fd9,2654435761,70,12550,17929,5379,82619,90757,50881,57381,31738,33376,20528,27291,11477,17290,9051,10001,20528,26235,11477,16614,9051,9621,1056
radixor-generalization-v1,4.2.0-6-g84e57fb,84e57fb27ae40913569e826858a8ebb07cf2ea01,dirty,126964f216a48d2164d136a490698301111aae7f050209ced21caf73f8c01fb8,NB_NO,nb-no-default,1.0.0,f495bffb44e79d27993e6e2e65d4b1204b29365dc93f481b2d8b96766fc90fd9,2654435761,60,10757,17929,7172,80733,90757,49061,57381,31672,33376,27368,36363,15212,23024,12156,13339,27365,35165,15211,22247,12154,12918,1198
radixor-generalization-v1,4.2.0-6-g84e57fb,84e57fb27ae40913569e826858a8ebb07cf2ea01,dirty,126964f216a48d2164d136a490698301111aae7f050209ced21caf73f8c01fb8,NB_NO,nb-no-default,1.0.0,f495bffb44e79d27993e6e2e65d4b1204b29365dc93f481b2d8b96766fc90fd9,2654435761,50,8965,17929,8964,78576,90757,47087,57381,31489,33376,34018,45476,18863,28806,15155,16670,34015,44260,18862,28023,15153,16237,1216
radixor-generalization-v1,4.2.0-6-g84e57fb,84e57fb27ae40913569e826858a8ebb07cf2ea01,dirty,126964f216a48d2164d136a490698301111aae7f050209ced21caf73f8c01fb8,NB_NO,nb-no-default,1.0.0,f495bffb44e79d27993e6e2e65d4b1204b29365dc93f481b2d8b96766fc90fd9,2654435761,40,7172,17929,10757,76322,90757,45013,57381,31309,33376,40551,54548,22370,34535,18181,20013,40548,53308,22369,33731,18179,19577,1240
radixor-generalization-v1,4.2.0-6-g84e57fb,84e57fb27ae40913569e826858a8ebb07cf2ea01,dirty,126964f216a48d2164d136a490698301111aae7f050209ced21caf73f8c01fb8,NB_NO,nb-no-default,1.0.0,f495bffb44e79d27993e6e2e65d4b1204b29365dc93f481b2d8b96766fc90fd9,2654435761,30,5379,17929,12550,73674,90757,42535,57381,31139,33376,46768,63595,25501,40221,21267,23374,46765,62496,25500,39505,21265,22991,1099
radixor-generalization-v1,4.2.0-6-g84e57fb,84e57fb27ae40913569e826858a8ebb07cf2ea01,dirty,126964f216a48d2164d136a490698301111aae7f050209ced21caf73f8c01fb8,NB_NO,nb-no-default,1.0.0,f495bffb44e79d27993e6e2e65d4b1204b29365dc93f481b2d8b96766fc90fd9,2654435761,20,3586,17929,14343,70736,90757,39916,57381,30820,33376,52676,72580,28442,45849,24234,26731,52676,71743,28442,45321,24234,26422,837
radixor-generalization-v1,4.2.0-6-g84e57fb,84e57fb27ae40913569e826858a8ebb07cf2ea01,dirty,126964f216a48d2164d136a490698301111aae7f050209ced21caf73f8c01fb8,NB_NO,nb-no-default,1.0.0,f495bffb44e79d27993e6e2e65d4b1204b29365dc93f481b2d8b96766fc90fd9,2654435761,10,1793,17929,16136,65989,90757,35950,57381,30039,33376,56926,81672,30186,51607,26740,30065,56926,81214,30186,51315,26740,29899,458
radixor-generalization-v1,4.2.0-6-g84e57fb,84e57fb27ae40913569e826858a8ebb07cf2ea01,dirty,126964f216a48d2164d136a490698301111aae7f050209ced21caf73f8c01fb8,NB_NO,nb-no-default,1.0.0,f495bffb44e79d27993e6e2e65d4b1204b29365dc93f481b2d8b96766fc90fd9,11400714819323198485,100,17929,17929,0,87900,90757,56025,57381,31875,33376,0,0,0,0,0,0,0,0,0,0,0,0,0
radixor-generalization-v1,4.2.0-6-g84e57fb,84e57fb27ae40913569e826858a8ebb07cf2ea01,dirty,126964f216a48d2164d136a490698301111aae7f050209ced21caf73f8c01fb8,NB_NO,nb-no-default,1.0.0,f495bffb44e79d27993e6e2e65d4b1204b29365dc93f481b2d8b96766fc90fd9,11400714819323198485,90,16136,17929,1793,86242,90757,54370,57381,31872,33376,6947,9157,3902,5816,3045,3341,6947,8682,3902,5514,3045,3168,475
radixor-generalization-v1,4.2.0-6-g84e57fb,84e57fb27ae40913569e826858a8ebb07cf2ea01,dirty,126964f216a48d2164d136a490698301111aae7f050209ced21caf73f8c01fb8,NB_NO,nb-no-default,1.0.0,f495bffb44e79d27993e6e2e65d4b1204b29365dc93f481b2d8b96766fc90fd9,11400714819323198485,80,14343,17929,3586,84486,90757,52647,57381,31839,33376,13764,18273,7691,11596,6073,6677,13761,17357,7690,11007,6071,6350,916
radixor-generalization-v1,4.2.0-6-g84e57fb,84e57fb27ae40913569e826858a8ebb07cf2ea01,dirty,126964f216a48d2164d136a490698301111aae7f050209ced21caf73f8c01fb8,NB_NO,nb-no-default,1.0.0,f495bffb44e79d27993e6e2e65d4b1204b29365dc93f481b2d8b96766fc90fd9,11400714819323198485,70,12550,17929,5379,82635,90757,50823,57381,31812,33376,20644,27438,11506,17432,9138,10006,20641,26283,11505,16680,9136,9603,1155
radixor-generalization-v1,4.2.0-6-g84e57fb,84e57fb27ae40913569e826858a8ebb07cf2ea01,dirty,126964f216a48d2164d136a490698301111aae7f050209ced21caf73f8c01fb8,NB_NO,nb-no-default,1.0.0,f495bffb44e79d27993e6e2e65d4b1204b29365dc93f481b2d8b96766fc90fd9,11400714819323198485,60,10757,17929,7172,80647,90757,48911,57381,31736,33376,27364,36523,15165,23182,12199,13341,27364,35221,15165,22323,12199,12898,1302
radixor-generalization-v1,4.2.0-6-g84e57fb,84e57fb27ae40913569e826858a8ebb07cf2ea01,dirty,126964f216a48d2164d136a490698301111aae7f050209ced21caf73f8c01fb8,NB_NO,nb-no-default,1.0.0,f495bffb44e79d27993e6e2e65d4b1204b29365dc93f481b2d8b96766fc90fd9,11400714819323198485,50,8965,17929,8964,78667,90757,47060,57381,31607,33376,34206,45613,18948,28939,15258,16674,34206,44301,18948,28098,15258,16203,1312
radixor-generalization-v1,4.2.0-6-g84e57fb,84e57fb27ae40913569e826858a8ebb07cf2ea01,dirty,126964f216a48d2164d136a490698301111aae7f050209ced21caf73f8c01fb8,NB_NO,nb-no-default,1.0.0,f495bffb44e79d27993e6e2e65d4b1204b29365dc93f481b2d8b96766fc90fd9,11400714819323198485,40,7172,17929,10757,76325,90757,44890,57381,31435,33376,40652,54651,22345,34627,18307,20024,40652,53365,22345,33792,18307,19573,1286
radixor-generalization-v1,4.2.0-6-g84e57fb,84e57fb27ae40913569e826858a8ebb07cf2ea01,dirty,126964f216a48d2164d136a490698301111aae7f050209ced21caf73f8c01fb8,NB_NO,nb-no-default,1.0.0,f495bffb44e79d27993e6e2e65d4b1204b29365dc93f481b2d8b96766fc90fd9,11400714819323198485,30,5379,17929,12550,73719,90757,42570,57381,31149,33376,46870,63679,25604,40315,21266,23364,46870,62578,25604,39601,21266,22977,1101
radixor-generalization-v1,4.2.0-6-g84e57fb,84e57fb27ae40913569e826858a8ebb07cf2ea01,dirty,126964f216a48d2164d136a490698301111aae7f050209ced21caf73f8c01fb8,NB_NO,nb-no-default,1.0.0,f495bffb44e79d27993e6e2e65d4b1204b29365dc93f481b2d8b96766fc90fd9,11400714819323198485,20,3586,17929,14343,70104,90757,39239,57381,30865,33376,52158,72709,27888,45986,24270,26723,52158,71879,27888,45455,24270,26424,830
radixor-generalization-v1,4.2.0-6-g84e57fb,84e57fb27ae40913569e826858a8ebb07cf2ea01,dirty,126964f216a48d2164d136a490698301111aae7f050209ced21caf73f8c01fb8,NB_NO,nb-no-default,1.0.0,f495bffb44e79d27993e6e2e65d4b1204b29365dc93f481b2d8b96766fc90fd9,11400714819323198485,10,1793,17929,16136,65408,90757,35199,57381,30209,33376,56373,81697,29484,51651,26889,30046,56373,81224,29484,51342,26889,29882,473
radixor-generalization-v1,4.2.0-6-g84e57fb,84e57fb27ae40913569e826858a8ebb07cf2ea01,dirty,126964f216a48d2164d136a490698301111aae7f050209ced21caf73f8c01fb8,NB_NO,nb-no-default,1.0.0,f495bffb44e79d27993e6e2e65d4b1204b29365dc93f481b2d8b96766fc90fd9,7046029254386353131,100,17929,17929,0,87900,90757,56025,57381,31875,33376,0,0,0,0,0,0,0,0,0,0,0,0,0
radixor-generalization-v1,4.2.0-6-g84e57fb,84e57fb27ae40913569e826858a8ebb07cf2ea01,dirty,126964f216a48d2164d136a490698301111aae7f050209ced21caf73f8c01fb8,NB_NO,nb-no-default,1.0.0,f495bffb44e79d27993e6e2e65d4b1204b29365dc93f481b2d8b96766fc90fd9,7046029254386353131,90,16136,17929,1793,86181,90757,54351,57381,31830,33376,6925,9136,3887,5803,3038,3333,6925,8698,3887,5524,3038,3174,438
radixor-generalization-v1,4.2.0-6-g84e57fb,84e57fb27ae40913569e826858a8ebb07cf2ea01,dirty,126964f216a48d2164d136a490698301111aae7f050209ced21caf73f8c01fb8,NB_NO,nb-no-default,1.0.0,f495bffb44e79d27993e6e2e65d4b1204b29365dc93f481b2d8b96766fc90fd9,7046029254386353131,80,14343,17929,3586,84448,90757,52676,57381,31772,33376,13802,18204,7712,11516,6090,6688,13799,17417,7711,11026,6088,6391,787
radixor-generalization-v1,4.2.0-6-g84e57fb,84e57fb27ae40913569e826858a8ebb07cf2ea01,dirty,126964f216a48d2164d136a490698301111aae7f050209ced21caf73f8c01fb8,NB_NO,nb-no-default,1.0.0,f495bffb44e79d27993e6e2e65d4b1204b29365dc93f481b2d8b96766fc90fd9,7046029254386353131,70,12550,17929,5379,82609,90757,50887,57381,31722,33376,20635,27300,11468,17260,9167,10040,20635,26248,11468,16607,9167,9641,1052
radixor-generalization-v1,4.2.0-6-g84e57fb,84e57fb27ae40913569e826858a8ebb07cf2ea01,dirty,126964f216a48d2164d136a490698301111aae7f050209ced21caf73f8c01fb8,NB_NO,nb-no-default,1.0.0,f495bffb44e79d27993e6e2e65d4b1204b29365dc93f481b2d8b96766fc90fd9,7046029254386353131,60,10757,17929,7172,80674,90757,49049,57381,31625,33376,27296,36267,15114,22911,12182,13356,27296,35045,15114,22160,12182,12885,1222
radixor-generalization-v1,4.2.0-6-g84e57fb,84e57fb27ae40913569e826858a8ebb07cf2ea01,dirty,126964f216a48d2164d136a490698301111aae7f050209ced21caf73f8c01fb8,NB_NO,nb-no-default,1.0.0,f495bffb44e79d27993e6e2e65d4b1204b29365dc93f481b2d8b96766fc90fd9,7046029254386353131,50,8965,17929,8964,78612,90757,47126,57381,31486,33376,33943,45331,18750,28627,15193,16704,33943,44080,18750,27873,15193,16207,1251
radixor-generalization-v1,4.2.0-6-g84e57fb,84e57fb27ae40913569e826858a8ebb07cf2ea01,dirty,126964f216a48d2164d136a490698301111aae7f050209ced21caf73f8c01fb8,NB_NO,nb-no-default,1.0.0,f495bffb44e79d27993e6e2e65d4b1204b29365dc93f481b2d8b96766fc90fd9,7046029254386353131,40,7172,17929,10757,76237,90757,44961,57381,31276,33376,40467,54527,22279,34466,18188,20061,40467,53261,22279,33688,18188,19573,1266
radixor-generalization-v1,4.2.0-6-g84e57fb,84e57fb27ae40913569e826858a8ebb07cf2ea01,dirty,126964f216a48d2164d136a490698301111aae7f050209ced21caf73f8c01fb8,NB_NO,nb-no-default,1.0.0,f495bffb44e79d27993e6e2e65d4b1204b29365dc93f481b2d8b96766fc90fd9,7046029254386353131,30,5379,17929,12550,73801,90757,42751,57381,31050,33376,46921,63601,25717,40206,21204,23395,46921,62498,25717,39540,21204,22958,1103
radixor-generalization-v1,4.2.0-6-g84e57fb,84e57fb27ae40913569e826858a8ebb07cf2ea01,dirty,126964f216a48d2164d136a490698301111aae7f050209ced21caf73f8c01fb8,NB_NO,nb-no-default,1.0.0,f495bffb44e79d27993e6e2e65d4b1204b29365dc93f481b2d8b96766fc90fd9,7046029254386353131,20,3586,17929,14343,70371,90757,39632,57381,30739,33376,52382,72639,28243,45935,24139,26704,52382,71829,28243,45429,24139,26400,810
radixor-generalization-v1,4.2.0-6-g84e57fb,84e57fb27ae40913569e826858a8ebb07cf2ea01,dirty,126964f216a48d2164d136a490698301111aae7f050209ced21caf73f8c01fb8,NB_NO,nb-no-default,1.0.0,f495bffb44e79d27993e6e2e65d4b1204b29365dc93f481b2d8b96766fc90fd9,7046029254386353131,10,1793,17929,16136,65742,90757,35760,57381,29982,33376,56775,81754,30121,51723,26654,30031,56775,81276,30121,51403,26654,29873,478
radixor-generalization-v1,4.2.0-6-g84e57fb,84e57fb27ae40913569e826858a8ebb07cf2ea01,dirty,126964f216a48d2164d136a490698301111aae7f050209ced21caf73f8c01fb8,NB_NO,nb-no-default,1.0.0,f495bffb44e79d27993e6e2e65d4b1204b29365dc93f481b2d8b96766fc90fd9,2611923443488327891,100,17929,17929,0,87900,90757,56025,57381,31875,33376,0,0,0,0,0,0,0,0,0,0,0,0,0
radixor-generalization-v1,4.2.0-6-g84e57fb,84e57fb27ae40913569e826858a8ebb07cf2ea01,dirty,126964f216a48d2164d136a490698301111aae7f050209ced21caf73f8c01fb8,NB_NO,nb-no-default,1.0.0,f495bffb44e79d27993e6e2e65d4b1204b29365dc93f481b2d8b96766fc90fd9,2611923443488327891,90,16136,17929,1793,86287,90757,54432,57381,31855,33376,6909,9063,3890,5747,3019,3316,6909,8604,3890,5436,3019,3168,459
radixor-generalization-v1,4.2.0-6-g84e57fb,84e57fb27ae40913569e826858a8ebb07cf2ea01,dirty,126964f216a48d2164d136a490698301111aae7f050209ced21caf73f8c01fb8,NB_NO,nb-no-default,1.0.0,f495bffb44e79d27993e6e2e65d4b1204b29365dc93f481b2d8b96766fc90fd9,2611923443488327891,80,14343,17929,3586,84564,90757,52724,57381,31840,33376,13752,18079,7652,11434,6100,6645,13749,17298,7651,10915,6098,6383,781
radixor-generalization-v1,4.2.0-6-g84e57fb,84e57fb27ae40913569e826858a8ebb07cf2ea01,dirty,126964f216a48d2164d136a490698301111aae7f050209ced21caf73f8c01fb8,NB_NO,nb-no-default,1.0.0,f495bffb44e79d27993e6e2e65d4b1204b29365dc93f481b2d8b96766fc90fd9,2611923443488327891,70,12550,17929,5379,82814,90757,51003,57381,31811,33376,20670,27154,11453,17162,9217,9992,20667,26122,11452,16480,9215,9642,1032
radixor-generalization-v1,4.2.0-6-g84e57fb,84e57fb27ae40913569e826858a8ebb07cf2ea01,dirty,126964f216a48d2164d136a490698301111aae7f050209ced21caf73f8c01fb8,NB_NO,nb-no-default,1.0.0,f495bffb44e79d27993e6e2e65d4b1204b29365dc93f481b2d8b96766fc90fd9,2611923443488327891,60,10757,17929,7172,80893,90757,49203,57381,31690,33376,27327,36122,15109,22794,12218,13328,27324,34928,15108,22022,12216,12906,1194
radixor-generalization-v1,4.2.0-6-g84e57fb,84e57fb27ae40913569e826858a8ebb07cf2ea01,dirty,126964f216a48d2164d136a490698301111aae7f050209ced21caf73f8c01fb8,NB_NO,nb-no-default,1.0.0,f495bffb44e79d27993e6e2e65d4b1204b29365dc93f481b2d8b96766fc90fd9,2611923443488327891,50,8965,17929,8964,78927,90757,47337,57381,31590,33376,34221,45308,18925,28621,15296,16687,34221,44044,18925,27802,15296,16242,1264
radixor-generalization-v1,4.2.0-6-g84e57fb,84e57fb27ae40913569e826858a8ebb07cf2ea01,dirty,126964f216a48d2164d136a490698301111aae7f050209ced21caf73f8c01fb8,NB_NO,nb-no-default,1.0.0,f495bffb44e79d27993e6e2e65d4b1204b29365dc93f481b2d8b96766fc90fd9,2611923443488327891,40,7172,17929,10757,76605,90757,45264,57381,31341,33376,40746,54426,22496,34398,18250,20028,40746,53178,22496,33601,18250,19577,1248
radixor-generalization-v1,4.2.0-6-g84e57fb,84e57fb27ae40913569e826858a8ebb07cf2ea01,dirty,126964f216a48d2164d136a490698301111aae7f050209ced21caf73f8c01fb8,NB_NO,nb-no-default,1.0.0,f495bffb44e79d27993e6e2e65d4b1204b29365dc93f481b2d8b96766fc90fd9,2611923443488327891,30,5379,17929,12550,74000,90757,42973,57381,31027,33376,46972,63499,25822,40134,21150,23365,46972,62361,25822,39418,21150,22943,1138
radixor-generalization-v1,4.2.0-6-g84e57fb,84e57fb27ae40913569e826858a8ebb07cf2ea01,dirty,126964f216a48d2164d136a490698301111aae7f050209ced21caf73f8c01fb8,NB_NO,nb-no-default,1.0.0,f495bffb44e79d27993e6e2e65d4b1204b29365dc93f481b2d8b96766fc90fd9,2611923443488327891,20,3586,17929,14343,70369,90757,39625,57381,30744,33376,52319,72621,28196,45917,24123,26704,52319,71816,28196,45405,24123,26411,805
radixor-generalization-v1,4.2.0-6-g84e57fb,84e57fb27ae40913569e826858a8ebb07cf2ea01,dirty,126964f216a48d2164d136a490698301111aae7f050209ced21caf73f8c01fb8,NB_NO,nb-no-default,1.0.0,f495bffb44e79d27993e6e2e65d4b1204b29365dc93f481b2d8b96766fc90fd9,2611923443488327891,10,1793,17929,16136,66487,90757,36277,57381,30210,33376,57484,81738,30606,51702,26878,30036,57484,81316,30606,51442,26878,29874,422
radixor-generalization-v1,4.2.0-6-g84e57fb,84e57fb27ae40913569e826858a8ebb07cf2ea01,dirty,126964f216a48d2164d136a490698301111aae7f050209ced21caf73f8c01fb8,NB_NO,nb-no-default,1.0.0,f495bffb44e79d27993e6e2e65d4b1204b29365dc93f481b2d8b96766fc90fd9,15111065706836454659,100,17929,17929,0,87900,90757,56025,57381,31875,33376,0,0,0,0,0,0,0,0,0,0,0,0,0
radixor-generalization-v1,4.2.0-6-g84e57fb,84e57fb27ae40913569e826858a8ebb07cf2ea01,dirty,126964f216a48d2164d136a490698301111aae7f050209ced21caf73f8c01fb8,NB_NO,nb-no-default,1.0.0,f495bffb44e79d27993e6e2e65d4b1204b29365dc93f481b2d8b96766fc90fd9,15111065706836454659,90,16136,17929,1793,86182,90757,54324,57381,31858,33376,6896,9141,3897,5841,2999,3300,6896,8689,3897,5549,2999,3140,452
radixor-generalization-v1,4.2.0-6-g84e57fb,84e57fb27ae40913569e826858a8ebb07cf2ea01,dirty,126964f216a48d2164d136a490698301111aae7f050209ced21caf73f8c01fb8,NB_NO,nb-no-default,1.0.0,f495bffb44e79d27993e6e2e65d4b1204b29365dc93f481b2d8b96766fc90fd9,15111065706836454659,80,14343,17929,3586,84496,90757,52690,57381,31806,33376,13769,18194,7734,11550,6035,6644,13769,17353,7734,11029,6035,6324,841
radixor-generalization-v1,4.2.0-6-g84e57fb,84e57fb27ae40913569e826858a8ebb07cf2ea01,dirty,126964f216a48d2164d136a490698301111aae7f050209ced21caf73f8c01fb8,NB_NO,nb-no-default,1.0.0,f495bffb44e79d27993e6e2e65d4b1204b29365dc93f481b2d8b96766fc90fd9,15111065706836454659,70,12550,17929,5379,82704,90757,50959,57381,31745,33376,20669,27314,11589,17353,9080,9961,20666,26217,11588,16644,9078,9573,1097
radixor-generalization-v1,4.2.0-6-g84e57fb,84e57fb27ae40913569e826858a8ebb07cf2ea01,dirty,126964f216a48d2164d136a490698301111aae7f050209ced21caf73f8c01fb8,NB_NO,nb-no-default,1.0.0,f495bffb44e79d27993e6e2e65d4b1204b29365dc93f481b2d8b96766fc90fd9,15111065706836454659,60,10757,17929,7172,80784,90757,49131,57381,31653,33376,27408,36318,15242,23003,12166,13315,27405,35053,15241,22187,12164,12866,1265
radixor-generalization-v1,4.2.0-6-g84e57fb,84e57fb27ae40913569e826858a8ebb07cf2ea01,dirty,126964f216a48d2164d136a490698301111aae7f050209ced21caf73f8c01fb8,NB_NO,nb-no-default,1.0.0,f495bffb44e79d27993e6e2e65d4b1204b29365dc93f481b2d8b96766fc90fd9,15111065706836454659,50,8965,17929,8964,78680,90757,47092,57381,31588,33376,34036,45381,18777,28734,15259,16647,34033,44040,18776,27869,15257,16171,1341
radixor-generalization-v1,4.2.0-6-g84e57fb,84e57fb27ae40913569e826858a8ebb07cf2ea01,dirty,126964f216a48d2164d136a490698301111aae7f050209ced21caf73f8c01fb8,NB_NO,nb-no-default,1.0.0,f495bffb44e79d27993e6e2e65d4b1204b29365dc93f481b2d8b96766fc90fd9,15111065706836454659,40,7172,17929,10757,76218,90757,44852,57381,31366,33376,40446,54533,22207,34534,18239,19999,40443,53221,22206,33693,18237,19528,1312
radixor-generalization-v1,4.2.0-6-g84e57fb,84e57fb27ae40913569e826858a8ebb07cf2ea01,dirty,126964f216a48d2164d136a490698301111aae7f050209ced21caf73f8c01fb8,NB_NO,nb-no-default,1.0.0,f495bffb44e79d27993e6e2e65d4b1204b29365dc93f481b2d8b96766fc90fd9,15111065706836454659,30,5379,17929,12550,73300,90757,42202,57381,31098,33376,46368,63571,25179,40231,21189,23340,46365,62440,25178,39507,21187,22933,1131
radixor-generalization-v1,4.2.0-6-g84e57fb,84e57fb27ae40913569e826858a8ebb07cf2ea01,dirty,126964f216a48d2164d136a490698301111aae7f050209ced21caf73f8c01fb8,NB_NO,nb-no-default,1.0.0,f495bffb44e79d27993e6e2e65d4b1204b29365dc93f481b2d8b96766fc90fd9,15111065706836454659,20,3586,17929,14343,70250,90757,39404,57381,30846,33376,52360,72764,28152,46071,24208,26693,52360,71948,28152,45540,24208,26408,816
radixor-generalization-v1,4.2.0-6-g84e57fb,84e57fb27ae40913569e826858a8ebb07cf2ea01,dirty,126964f216a48d2164d136a490698301111aae7f050209ced21caf73f8c01fb8,NB_NO,nb-no-default,1.0.0,f495bffb44e79d27993e6e2e65d4b1204b29365dc93f481b2d8b96766fc90fd9,15111065706836454659,10,1793,17929,16136,65405,90757,34985,57381,30420,33376,56438,81769,29363,51748,27075,30021,56438,81360,29363,51471,27075,29889,409
radixor-generalization-v1,4.2.0-6-g84e57fb,84e57fb27ae40913569e826858a8ebb07cf2ea01,dirty,126964f216a48d2164d136a490698301111aae7f050209ced21caf73f8c01fb8,NL_NL,nl-nl-default,1.0.0,c098034adc42da2ca3e419160e6dd2c2b3868f8af334303b3a191e09caadaf5e,2654435761,100,4992,4992,0,31189,31466,21208,21485,9981,9981,0,0,0,0,0,0,0,0,0,0,0,0,0
radixor-generalization-v1,4.2.0-6-g84e57fb,84e57fb27ae40913569e826858a8ebb07cf2ea01,dirty,126964f216a48d2164d136a490698301111aae7f050209ced21caf73f8c01fb8,NL_NL,nl-nl-default,1.0.0,c098034adc42da2ca3e419160e6dd2c2b3868f8af334303b3a191e09caadaf5e,2654435761,90,4493,4992,499,30440,31466,20523,21485,9917,9981,2336,3133,1402,2135,934,998,2336,3076,1402,2100,934,976,57
radixor-generalization-v1,4.2.0-6-g84e57fb,84e57fb27ae40913569e826858a8ebb07cf2ea01,dirty,126964f216a48d2164d136a490698301111aae7f050209ced21caf73f8c01fb8,NL_NL,nl-nl-default,1.0.0,c098034adc42da2ca3e419160e6dd2c2b3868f8af334303b3a191e09caadaf5e,2654435761,80,3994,4992,998,29586,31466,19761,21485,9825,9981,4544,6243,2705,4248,1839,1995,4544,6133,2705,4180,1839,1953,110
radixor-generalization-v1,4.2.0-6-g84e57fb,84e57fb27ae40913569e826858a8ebb07cf2ea01,dirty,126964f216a48d2164d136a490698301111aae7f050209ced21caf73f8c01fb8,NL_NL,nl-nl-default,1.0.0,c098034adc42da2ca3e419160e6dd2c2b3868f8af334303b3a191e09caadaf5e,2654435761,70,3494,4992,1498,28779,31466,19022,21485,9757,9981,6819,9362,4048,6367,2771,2995,6819,9214,4048,6279,2771,2935,148
radixor-generalization-v1,4.2.0-6-g84e57fb,84e57fb27ae40913569e826858a8ebb07cf2ea01,dirty,126964f216a48d2164d136a490698301111aae7f050209ced21caf73f8c01fb8,NL_NL,nl-nl-default,1.0.0,c098034adc42da2ca3e419160e6dd2c2b3868f8af334303b3a191e09caadaf5e,2654435761,60,2995,4992,1997,27942,31466,18255,21485,9687,9981,9151,12566,5452,8573,3699,3993,9151,12395,5452,8470,3699,3925,171
radixor-generalization-v1,4.2.0-6-g84e57fb,84e57fb27ae40913569e826858a8ebb07cf2ea01,dirty,126964f216a48d2164d136a490698301111aae7f050209ced21caf73f8c01fb8,NL_NL,nl-nl-default,1.0.0,c098034adc42da2ca3e419160e6dd2c2b3868f8af334303b3a191e09caadaf5e,2654435761,50,2496,4992,2496,27100,31466,17487,21485,9613,9981,11456,15729,6833,10738,4623,4991,11456,15570,6833,10643,4623,4927,159
radixor-generalization-v1,4.2.0-6-g84e57fb,84e57fb27ae40913569e826858a8ebb07cf2ea01,dirty,126964f216a48d2164d136a490698301111aae7f050209ced21caf73f8c01fb8,NL_NL,nl-nl-default,1.0.0,c098034adc42da2ca3e419160e6dd2c2b3868f8af334303b3a191e09caadaf5e,2654435761,40,1997,4992,2995,26107,31466,16562,21485,9545,9981,13544,18856,7991,12867,5553,5989,13544,18681,7991,12754,5553,5927,175
radixor-generalization-v1,4.2.0-6-g84e57fb,84e57fb27ae40913569e826858a8ebb07cf2ea01,dirty,126964f216a48d2164d136a490698301111aae7f050209ced21caf73f8c01fb8,NL_NL,nl-nl-default,1.0.0,c098034adc42da2ca3e419160e6dd2c2b3868f8af334303b3a191e09caadaf5e,2654435761,30,1498,4992,3494,24994,31466,15563,21485,9431,9981,15539,21991,9102,15004,6437,6987,15539,21856,9102,14915,6437,6941,135
radixor-generalization-v1,4.2.0-6-g84e57fb,84e57fb27ae40913569e826858a8ebb07cf2ea01,dirty,126964f216a48d2164d136a490698301111aae7f050209ced21caf73f8c01fb8,NL_NL,nl-nl-default,1.0.0,c098034adc42da2ca3e419160e6dd2c2b3868f8af334303b3a191e09caadaf5e,2654435761,20,998,4992,3994,23967,31466,14594,21485,9373,9981,17625,25115,10246,17128,7379,7987,17622,25006,10245,17055,7377,7951,109
radixor-generalization-v1,4.2.0-6-g84e57fb,84e57fb27ae40913569e826858a8ebb07cf2ea01,dirty,126964f216a48d2164d136a490698301111aae7f050209ced21caf73f8c01fb8,NL_NL,nl-nl-default,1.0.0,c098034adc42da2ca3e419160e6dd2c2b3868f8af334303b3a191e09caadaf5e,2654435761,10,499,4992,4493,22244,31466,12941,21485,9303,9981,19060,28279,10754,19295,8306,8984,19060,28205,10754,19241,8306,8964,74
radixor-generalization-v1,4.2.0-6-g84e57fb,84e57fb27ae40913569e826858a8ebb07cf2ea01,dirty,126964f216a48d2164d136a490698301111aae7f050209ced21caf73f8c01fb8,NL_NL,nl-nl-default,1.0.0,c098034adc42da2ca3e419160e6dd2c2b3868f8af334303b3a191e09caadaf5e,11400714819323198485,100,4992,4992,0,31189,31466,21208,21485,9981,9981,0,0,0,0,0,0,0,0,0,0,0,0,0
radixor-generalization-v1,4.2.0-6-g84e57fb,84e57fb27ae40913569e826858a8ebb07cf2ea01,dirty,126964f216a48d2164d136a490698301111aae7f050209ced21caf73f8c01fb8,NL_NL,nl-nl-default,1.0.0,c098034adc42da2ca3e419160e6dd2c2b3868f8af334303b3a191e09caadaf5e,11400714819323198485,90,4493,4992,499,30345,31466,20432,21485,9913,9981,2281,3166,1351,2168,930,998,2281,3114,1351,2138,930,976,52
radixor-generalization-v1,4.2.0-6-g84e57fb,84e57fb27ae40913569e826858a8ebb07cf2ea01,dirty,126964f216a48d2164d136a490698301111aae7f050209ced21caf73f8c01fb8,NL_NL,nl-nl-default,1.0.0,c098034adc42da2ca3e419160e6dd2c2b3868f8af334303b3a191e09caadaf5e,11400714819323198485,80,3994,4992,998,29587,31466,19728,21485,9859,9981,4628,6311,2755,4316,1873,1995,4628,6223,2755,4268,1873,1955,88
radixor-generalization-v1,4.2.0-6-g84e57fb,84e57fb27ae40913569e826858a8ebb07cf2ea01,dirty,126964f216a48d2164d136a490698301111aae7f050209ced21caf73f8c01fb8,NL_NL,nl-nl-default,1.0.0,c098034adc42da2ca3e419160e6dd2c2b3868f8af334303b3a191e09caadaf5e,11400714819323198485,70,3494,4992,1498,28783,31466,19004,21485,9779,9981,6905,9437,4113,6443,2792,2994,6902,9298,4112,6370,2790,2928,139
radixor-generalization-v1,4.2.0-6-g84e57fb,84e57fb27ae40913569e826858a8ebb07cf2ea01,dirty,126964f216a48d2164d136a490698301111aae7f050209ced21caf73f8c01fb8,NL_NL,nl-nl-default,1.0.0,c098034adc42da2ca3e419160e6dd2c2b3868f8af334303b3a191e09caadaf5e,11400714819323198485,60,2995,4992,1997,27855,31466,18170,21485,9685,9981,9140,12637,5444,8645,3696,3992,9137,12466,5443,8550,3694,3916,171
radixor-generalization-v1,4.2.0-6-g84e57fb,84e57fb27ae40913569e826858a8ebb07cf2ea01,dirty,126964f216a48d2164d136a490698301111aae7f050209ced21caf73f8c01fb8,NL_NL,nl-nl-default,1.0.0,c098034adc42da2ca3e419160e6dd2c2b3868f8af334303b3a191e09caadaf5e,11400714819323198485,50,2496,4992,2496,26995,31466,17342,21485,9653,9981,11412,15791,6751,10802,4661,4989,11412,15627,6751,10704,4661,4923,164
radixor-generalization-v1,4.2.0-6-g84e57fb,84e57fb27ae40913569e826858a8ebb07cf2ea01,dirty,126964f216a48d2164d136a490698301111aae7f050209ced21caf73f8c01fb8,NL_NL,nl-nl-default,1.0.0,c098034adc42da2ca3e419160e6dd2c2b3868f8af334303b3a191e09caadaf5e,11400714819323198485,40,1997,4992,2995,25958,31466,16389,21485,9569,9981,13463,18900,7888,12913,5575,5987,13463,18750,7888,12821,5575,5929,150
radixor-generalization-v1,4.2.0-6-g84e57fb,84e57fb27ae40913569e826858a8ebb07cf2ea01,dirty,126964f216a48d2164d136a490698301111aae7f050209ced21caf73f8c01fb8,NL_NL,nl-nl-default,1.0.0,c098034adc42da2ca3e419160e6dd2c2b3868f8af334303b3a191e09caadaf5e,11400714819323198485,30,1498,4992,3494,24859,31466,15378,21485,9481,9981,15430,21996,8945,15011,6485,6985,15430,21855,8945,14924,6485,6931,141
radixor-generalization-v1,4.2.0-6-g84e57fb,84e57fb27ae40913569e826858a8ebb07cf2ea01,dirty,126964f216a48d2164d136a490698301111aae7f050209ced21caf73f8c01fb8,NL_NL,nl-nl-default,1.0.0,c098034adc42da2ca3e419160e6dd2c2b3868f8af334303b3a191e09caadaf5e,11400714819323198485,20,998,4992,3994,23554,31466,14179,21485,9375,9981,17301,25192,9922,17207,7379,7985,17301,25075,9922,17134,7379,7941,117
radixor-generalization-v1,4.2.0-6-g84e57fb,84e57fb27ae40913569e826858a8ebb07cf2ea01,dirty,126964f216a48d2164d136a490698301111aae7f050209ced21caf73f8c01fb8,NL_NL,nl-nl-default,1.0.0,c098034adc42da2ca3e419160e6dd2c2b3868f8af334303b3a191e09caadaf5e,11400714819323198485,10,499,4992,4493,22178,31466,12849,21485,9329,9981,19045,28329,10714,19346,8331,8983,19045,28267,10714,19296,8331,8971,62
radixor-generalization-v1,4.2.0-6-g84e57fb,84e57fb27ae40913569e826858a8ebb07cf2ea01,dirty,126964f216a48d2164d136a490698301111aae7f050209ced21caf73f8c01fb8,NL_NL,nl-nl-default,1.0.0,c098034adc42da2ca3e419160e6dd2c2b3868f8af334303b3a191e09caadaf5e,7046029254386353131,100,4992,4992,0,31189,31466,21208,21485,9981,9981,0,0,0,0,0,0,0,0,0,0,0,0,0
radixor-generalization-v1,4.2.0-6-g84e57fb,84e57fb27ae40913569e826858a8ebb07cf2ea01,dirty,126964f216a48d2164d136a490698301111aae7f050209ced21caf73f8c01fb8,NL_NL,nl-nl-default,1.0.0,c098034adc42da2ca3e419160e6dd2c2b3868f8af334303b3a191e09caadaf5e,7046029254386353131,90,4493,4992,499,30388,31466,20495,21485,9893,9981,2310,3159,1400,2161,910,998,2310,3102,1400,2128,910,974,57
radixor-generalization-v1,4.2.0-6-g84e57fb,84e57fb27ae40913569e826858a8ebb07cf2ea01,dirty,126964f216a48d2164d136a490698301111aae7f050209ced21caf73f8c01fb8,NL_NL,nl-nl-default,1.0.0,c098034adc42da2ca3e419160e6dd2c2b3868f8af334303b3a191e09caadaf5e,7046029254386353131,80,3994,4992,998,29604,31466,19813,21485,9791,9981,4590,6276,2784,4280,1806,1996,4590,6160,2784,4216,1806,1944,116
radixor-generalization-v1,4.2.0-6-g84e57fb,84e57fb27ae40913569e826858a8ebb07cf2ea01,dirty,126964f216a48d2164d136a490698301111aae7f050209ced21caf73f8c01fb8,NL_NL,nl-nl-default,1.0.0,c098034adc42da2ca3e419160e6dd2c2b3868f8af334303b3a191e09caadaf5e,7046029254386353131,70,3494,4992,1498,28865,31466,19158,21485,9707,9981,6894,9366,4172,6370,2722,2996,6894,9211,4172,6289,2722,2922,155
radixor-generalization-v1,4.2.0-6-g84e57fb,84e57fb27ae40913569e826858a8ebb07cf2ea01,dirty,126964f216a48d2164d136a490698301111aae7f050209ced21caf73f8c01fb8,NL_NL,nl-nl-default,1.0.0,c098034adc42da2ca3e419160e6dd2c2b3868f8af334303b3a191e09caadaf5e,7046029254386353131,60,2995,4992,1997,27947,31466,18294,21485,9653,9981,9149,12577,5484,8584,3665,3993,9149,12403,5484,8482,3665,3921,174
radixor-generalization-v1,4.2.0-6-g84e57fb,84e57fb27ae40913569e826858a8ebb07cf2ea01,dirty,126964f216a48d2164d136a490698301111aae7f050209ced21caf73f8c01fb8,NL_NL,nl-nl-default,1.0.0,c098034adc42da2ca3e419160e6dd2c2b3868f8af334303b3a191e09caadaf5e,7046029254386353131,50,2496,4992,2496,27082,31466,17459,21485,9623,9981,11419,15743,6786,10752,4633,4991,11419,15569,6786,10650,4633,4919,174
radixor-generalization-v1,4.2.0-6-g84e57fb,84e57fb27ae40913569e826858a8ebb07cf2ea01,dirty,126964f216a48d2164d136a490698301111aae7f050209ced21caf73f8c01fb8,NL_NL,nl-nl-default,1.0.0,c098034adc42da2ca3e419160e6dd2c2b3868f8af334303b3a191e09caadaf5e,7046029254386353131,40,1997,4992,2995,26173,31466,16650,21485,9523,9981,13583,18841,8052,12852,5531,5989,13583,18677,8052,12764,5531,5913,164
radixor-generalization-v1,4.2.0-6-g84e57fb,84e57fb27ae40913569e826858a8ebb07cf2ea01,dirty,126964f216a48d2164d136a490698301111aae7f050209ced21caf73f8c01fb8,NL_NL,nl-nl-default,1.0.0,c098034adc42da2ca3e419160e6dd2c2b3868f8af334303b3a191e09caadaf5e,7046029254386353131,30,1498,4992,3494,24986,31466,15533,21485,9453,9981,15530,21989,9072,15003,6458,6986,15530,21845,9072,14925,6458,6920,144
radixor-generalization-v1,4.2.0-6-g84e57fb,84e57fb27ae40913569e826858a8ebb07cf2ea01,dirty,126964f216a48d2164d136a490698301111aae7f050209ced21caf73f8c01fb8,NL_NL,nl-nl-default,1.0.0,c098034adc42da2ca3e419160e6dd2c2b3868f8af334303b3a191e09caadaf5e,7046029254386353131,20,998,4992,3994,23740,31466,14395,21485,9345,9981,17431,25147,10081,17161,7350,7986,17431,25065,10081,17113,7350,7952,82
radixor-generalization-v1,4.2.0-6-g84e57fb,84e57fb27ae40913569e826858a8ebb07cf2ea01,dirty,126964f216a48d2164d136a490698301111aae7f050209ced21caf73f8c01fb8,NL_NL,nl-nl-default,1.0.0,c098034adc42da2ca3e419160e6dd2c2b3868f8af334303b3a191e09caadaf5e,7046029254386353131,10,499,4992,4493,21636,31466,12535,21485,9101,9981,18493,28318,10389,19334,8104,8984,18493,28272,10389,19306,8104,8966,46
radixor-generalization-v1,4.2.0-6-g84e57fb,84e57fb27ae40913569e826858a8ebb07cf2ea01,dirty,126964f216a48d2164d136a490698301111aae7f050209ced21caf73f8c01fb8,NL_NL,nl-nl-default,1.0.0,c098034adc42da2ca3e419160e6dd2c2b3868f8af334303b3a191e09caadaf5e,2611923443488327891,100,4992,4992,0,31189,31466,21208,21485,9981,9981,0,0,0,0,0,0,0,0,0,0,0,0,0
radixor-generalization-v1,4.2.0-6-g84e57fb,84e57fb27ae40913569e826858a8ebb07cf2ea01,dirty,126964f216a48d2164d136a490698301111aae7f050209ced21caf73f8c01fb8,NL_NL,nl-nl-default,1.0.0,c098034adc42da2ca3e419160e6dd2c2b3868f8af334303b3a191e09caadaf5e,2611923443488327891,90,4493,4992,499,30386,31466,20507,21485,9879,9981,2283,3136,1387,2138,896,998,2283,3075,1387,2105,896,970,61
radixor-generalization-v1,4.2.0-6-g84e57fb,84e57fb27ae40913569e826858a8ebb07cf2ea01,dirty,126964f216a48d2164d136a490698301111aae7f050209ced21caf73f8c01fb8,NL_NL,nl-nl-default,1.0.0,c098034adc42da2ca3e419160e6dd2c2b3868f8af334303b3a191e09caadaf5e,2611923443488327891,80,3994,4992,998,29655,31466,19820,21485,9835,9981,4659,6294,2809,4298,1850,1996,4656,6180,2808,4230,1848,1950,114
radixor-generalization-v1,4.2.0-6-g84e57fb,84e57fb27ae40913569e826858a8ebb07cf2ea01,dirty,126964f216a48d2164d136a490698301111aae7f050209ced21caf73f8c01fb8,NL_NL,nl-nl-default,1.0.0,c098034adc42da2ca3e419160e6dd2c2b3868f8af334303b3a191e09caadaf5e,2611923443488327891,70,3494,4992,1498,28769,31466,19036,21485,9733,9981,6897,9463,4149,6467,2748,2996,6897,9303,4149,6373,2748,2930,160
radixor-generalization-v1,4.2.0-6-g84e57fb,84e57fb27ae40913569e826858a8ebb07cf2ea01,dirty,126964f216a48d2164d136a490698301111aae7f050209ced21caf73f8c01fb8,NL_NL,nl-nl-default,1.0.0,c098034adc42da2ca3e419160e6dd2c2b3868f8af334303b3a191e09caadaf5e,2611923443488327891,60,2995,4992,1997,27951,31466,18284,21485,9667,9981,9169,12583,5489,8589,3680,3994,9169,12412,5489,8488,3680,3924,171
radixor-generalization-v1,4.2.0-6-g84e57fb,84e57fb27ae40913569e826858a8ebb07cf2ea01,dirty,126964f216a48d2164d136a490698301111aae7f050209ced21caf73f8c01fb8,NL_NL,nl-nl-default,1.0.0,c098034adc42da2ca3e419160e6dd2c2b3868f8af334303b3a191e09caadaf5e,2611923443488327891,50,2496,4992,2496,27068,31466,17475,21485,9593,9981,11445,15771,6841,10779,4604,4992,11445,15591,6841,10669,4604,4922,180
radixor-generalization-v1,4.2.0-6-g84e57fb,84e57fb27ae40913569e826858a8ebb07cf2ea01,dirty,126964f216a48d2164d136a490698301111aae7f050209ced21caf73f8c01fb8,NL_NL,nl-nl-default,1.0.0,c098034adc42da2ca3e419160e6dd2c2b3868f8af334303b3a191e09caadaf5e,2611923443488327891,40,1997,4992,2995,26205,31466,16656,21485,9549,9981,13700,18910,8142,12920,5558,5990,13700,18739,8142,12817,5558,5922,171
radixor-generalization-v1,4.2.0-6-g84e57fb,84e57fb27ae40913569e826858a8ebb07cf2ea01,dirty,126964f216a48d2164d136a490698301111aae7f050209ced21caf73f8c01fb8,NL_NL,nl-nl-default,1.0.0,c098034adc42da2ca3e419160e6dd2c2b3868f8af334303b3a191e09caadaf5e,2611923443488327891,30,1498,4992,3494,25107,31466,15572,21485,9535,9981,15740,22071,9198,15083,6542,6988,15740,21942,9198,14994,6542,6948,129
radixor-generalization-v1,4.2.0-6-g84e57fb,84e57fb27ae40913569e826858a8ebb07cf2ea01,dirty,126964f216a48d2164d136a490698301111aae7f050209ced21caf73f8c01fb8,NL_NL,nl-nl-default,1.0.0,c098034adc42da2ca3e419160e6dd2c2b3868f8af334303b3a191e09caadaf5e,2611923443488327891,20,998,4992,3994,23667,31466,14266,21485,9401,9981,17435,25224,10028,17237,7407,7987,17435,25121,10028,17164,7407,7957,103
radixor-generalization-v1,4.2.0-6-g84e57fb,84e57fb27ae40913569e826858a8ebb07cf2ea01,dirty,126964f216a48d2164d136a490698301111aae7f050209ced21caf73f8c01fb8,NL_NL,nl-nl-default,1.0.0,c098034adc42da2ca3e419160e6dd2c2b3868f8af334303b3a191e09caadaf5e,2611923443488327891,10,499,4992,4493,21863,31466,12562,21485,9301,9981,18728,28331,10425,19348,8303,8983,18728,28275,10425,19310,8303,8965,56
radixor-generalization-v1,4.2.0-6-g84e57fb,84e57fb27ae40913569e826858a8ebb07cf2ea01,dirty,126964f216a48d2164d136a490698301111aae7f050209ced21caf73f8c01fb8,NL_NL,nl-nl-default,1.0.0,c098034adc42da2ca3e419160e6dd2c2b3868f8af334303b3a191e09caadaf5e,15111065706836454659,100,4992,4992,0,31189,31466,21208,21485,9981,9981,0,0,0,0,0,0,0,0,0,0,0,0,0
radixor-generalization-v1,4.2.0-6-g84e57fb,84e57fb27ae40913569e826858a8ebb07cf2ea01,dirty,126964f216a48d2164d136a490698301111aae7f050209ced21caf73f8c01fb8,NL_NL,nl-nl-default,1.0.0,c098034adc42da2ca3e419160e6dd2c2b3868f8af334303b3a191e09caadaf5e,15111065706836454659,90,4493,4992,499,30452,31466,20539,21485,9913,9981,2353,3144,1423,2146,930,998,2353,3085,1423,2101,930,984,59
radixor-generalization-v1,4.2.0-6-g84e57fb,84e57fb27ae40913569e826858a8ebb07cf2ea01,dirty,126964f216a48d2164d136a490698301111aae7f050209ced21caf73f8c01fb8,NL_NL,nl-nl-default,1.0.0,c098034adc42da2ca3e419160e6dd2c2b3868f8af334303b3a191e09caadaf5e,15111065706836454659,80,3994,4992,998,29605,31466,19762,21485,9843,9981,4569,6250,2712,4255,1857,1995,4569,6148,2712,4181,1857,1967,102
radixor-generalization-v1,4.2.0-6-g84e57fb,84e57fb27ae40913569e826858a8ebb07cf2ea01,dirty,126964f216a48d2164d136a490698301111aae7f050209ced21caf73f8c01fb8,NL_NL,nl-nl-default,1.0.0,c098034adc42da2ca3e419160e6dd2c2b3868f8af334303b3a191e09caadaf5e,15111065706836454659,70,3494,4992,1498,28694,31466,18913,21485,9781,9981,6817,9448,4024,6455,2793,2993,6814,9317,4023,6364,2791,2953,131
radixor-generalization-v1,4.2.0-6-g84e57fb,84e57fb27ae40913569e826858a8ebb07cf2ea01,dirty,126964f216a48d2164d136a490698301111aae7f050209ced21caf73f8c01fb8,NL_NL,nl-nl-default,1.0.0,c098034adc42da2ca3e419160e6dd2c2b3868f8af334303b3a191e09caadaf5e,15111065706836454659,60,2995,4992,1997,27956,31466,18223,21485,9733,9981,9171,12581,5428,8590,3743,3991,9168,12415,5427,8480,3741,3935,166
radixor-generalization-v1,4.2.0-6-g84e57fb,84e57fb27ae40913569e826858a8ebb07cf2ea01,dirty,126964f216a48d2164d136a490698301111aae7f050209ced21caf73f8c01fb8,NL_NL,nl-nl-default,1.0.0,c098034adc42da2ca3e419160e6dd2c2b3868f8af334303b3a191e09caadaf5e,15111065706836454659,50,2496,4992,2496,27109,31466,17454,21485,9655,9981,11480,15768,6817,10779,4663,4989,11477,15581,6816,10658,4661,4923,187
radixor-generalization-v1,4.2.0-6-g84e57fb,84e57fb27ae40913569e826858a8ebb07cf2ea01,dirty,126964f216a48d2164d136a490698301111aae7f050209ced21caf73f8c01fb8,NL_NL,nl-nl-default,1.0.0,c098034adc42da2ca3e419160e6dd2c2b3868f8af334303b3a191e09caadaf5e,15111065706836454659,40,1997,4992,2995,26024,31466,16461,21485,9563,9981,13501,18904,7932,12917,5569,5987,13498,18714,7931,12791,5567,5923,190
radixor-generalization-v1,4.2.0-6-g84e57fb,84e57fb27ae40913569e826858a8ebb07cf2ea01,dirty,126964f216a48d2164d136a490698301111aae7f050209ced21caf73f8c01fb8,NL_NL,nl-nl-default,1.0.0,c098034adc42da2ca3e419160e6dd2c2b3868f8af334303b3a191e09caadaf5e,15111065706836454659,30,1498,4992,3494,25163,31466,15644,21485,9519,9981,15746,22025,9223,15040,6523,6985,15743,21864,9222,14939,6521,6925,161
radixor-generalization-v1,4.2.0-6-g84e57fb,84e57fb27ae40913569e826858a8ebb07cf2ea01,dirty,126964f216a48d2164d136a490698301111aae7f050209ced21caf73f8c01fb8,NL_NL,nl-nl-default,1.0.0,c098034adc42da2ca3e419160e6dd2c2b3868f8af334303b3a191e09caadaf5e,15111065706836454659,20,998,4992,3994,23943,31466,14606,21485,9337,9981,17627,25143,10286,17158,7341,7985,17627,25021,10286,17084,7341,7937,122
radixor-generalization-v1,4.2.0-6-g84e57fb,84e57fb27ae40913569e826858a8ebb07cf2ea01,dirty,126964f216a48d2164d136a490698301111aae7f050209ced21caf73f8c01fb8,NL_NL,nl-nl-default,1.0.0,c098034adc42da2ca3e419160e6dd2c2b3868f8af334303b3a191e09caadaf5e,15111065706836454659,10,499,4992,4493,22099,31466,12890,21485,9209,9981,18917,28282,10706,19299,8211,8983,18917,28218,10706,19265,8211,8953,64
radixor-generalization-v1,4.2.0-6-g84e57fb,84e57fb27ae40913569e826858a8ebb07cf2ea01,dirty,126964f216a48d2164d136a490698301111aae7f050209ced21caf73f8c01fb8,NN_NO,nn-no-default,1.0.0,900cf2005605aea2a3d8d731ec0b0c1f47fb4469b4ba6b9134145d4d026a0398,2654435761,100,4688,4688,0,18293,19651,12395,13562,5898,6089,0,0,0,0,0,0,0,0,0,0,0,0,0
radixor-generalization-v1,4.2.0-6-g84e57fb,84e57fb27ae40913569e826858a8ebb07cf2ea01,dirty,126964f216a48d2164d136a490698301111aae7f050209ced21caf73f8c01fb8,NN_NO,nn-no-default,1.0.0,900cf2005605aea2a3d8d731ec0b0c1f47fb4469b4ba6b9134145d4d026a0398,2654435761,90,4219,4688,469,17958,19651,12087,13562,5871,6089,1358,1922,788,1300,570,622,1357,1699,788,1106,569,593,223
radixor-generalization-v1,4.2.0-6-g84e57fb,84e57fb27ae40913569e826858a8ebb07cf2ea01,dirty,126964f216a48d2164d136a490698301111aae7f050209ced21caf73f8c01fb8,NN_NO,nn-no-default,1.0.0,900cf2005605aea2a3d8d731ec0b0c1f47fb4469b4ba6b9134145d4d026a0398,2654435761,80,3750,4688,938,17600,19651,11741,13562,5859,6089,2753,3894,1630,2663,1123,1231,2752,3491,1630,2319,1122,1172,403
radixor-generalization-v1,4.2.0-6-g84e57fb,84e57fb27ae40913569e826858a8ebb07cf2ea01,dirty,126964f216a48d2164d136a490698301111aae7f050209ced21caf73f8c01fb8,NN_NO,nn-no-default,1.0.0,900cf2005605aea2a3d8d731ec0b0c1f47fb4469b4ba6b9134145d4d026a0398,2654435761,70,3282,4688,1406,17145,19651,11328,13562,5817,6089,4046,5844,2374,3997,1672,1847,4045,5282,2374,3518,1671,1764,562
radixor-generalization-v1,4.2.0-6-g84e57fb,84e57fb27ae40913569e826858a8ebb07cf2ea01,dirty,126964f216a48d2164d136a490698301111aae7f050209ced21caf73f8c01fb8,NN_NO,nn-no-default,1.0.0,900cf2005605aea2a3d8d731ec0b0c1f47fb4469b4ba6b9134145d4d026a0398,2654435761,60,2813,4688,1875,16698,19651,10879,13562,5819,6089,5403,7855,3168,5418,2235,2437,5402,7176,3168,4831,2234,2345,679
radixor-generalization-v1,4.2.0-6-g84e57fb,84e57fb27ae40913569e826858a8ebb07cf2ea01,dirty,126964f216a48d2164d136a490698301111aae7f050209ced21caf73f8c01fb8,NN_NO,nn-no-default,1.0.0,900cf2005605aea2a3d8d731ec0b0c1f47fb4469b4ba6b9134145d4d026a0398,2654435761,50,2344,4688,2344,16111,19651,10350,13562,5761,6089,6648,9788,3874,6742,2774,3046,6647,9118,3874,6168,2773,2950,670
radixor-generalization-v1,4.2.0-6-g84e57fb,84e57fb27ae40913569e826858a8ebb07cf2ea01,dirty,126964f216a48d2164d136a490698301111aae7f050209ced21caf73f8c01fb8,NN_NO,nn-no-default,1.0.0,900cf2005605aea2a3d8d731ec0b0c1f47fb4469b4ba6b9134145d4d026a0398,2654435761,40,1875,4688,2813,15464,19651,9785,13562,5679,6089,7849,11782,4579,8144,3270,3638,7849,11136,4579,7592,3270,3544,646
radixor-generalization-v1,4.2.0-6-g84e57fb,84e57fb27ae40913569e826858a8ebb07cf2ea01,dirty,126964f216a48d2164d136a490698301111aae7f050209ced21caf73f8c01fb8,NN_NO,nn-no-default,1.0.0,900cf2005605aea2a3d8d731ec0b0c1f47fb4469b4ba6b9134145d4d026a0398,2654435761,30,1406,4688,3282,14809,19651,9188,13562,5621,6089,9001,13700,5194,9444,3807,4256,9001,13142,5194,8983,3807,4159,558
radixor-generalization-v1,4.2.0-6-g84e57fb,84e57fb27ae40913569e826858a8ebb07cf2ea01,dirty,126964f216a48d2164d136a490698301111aae7f050209ced21caf73f8c01fb8,NN_NO,nn-no-default,1.0.0,900cf2005605aea2a3d8d731ec0b0c1f47fb4469b4ba6b9134145d4d026a0398,2654435761,20,938,4688,3750,13976,19651,8459,13562,5517,6089,10082,15682,5786,10822,4296,4860,10082,15304,5786,10513,4296,4791,378
radixor-generalization-v1,4.2.0-6-g84e57fb,84e57fb27ae40913569e826858a8ebb07cf2ea01,dirty,126964f216a48d2164d136a490698301111aae7f050209ced21caf73f8c01fb8,NN_NO,nn-no-default,1.0.0,900cf2005605aea2a3d8d731ec0b0c1f47fb4469b4ba6b9134145d4d026a0398,2654435761,10,469,4688,4219,12973,19651,7496,13562,5477,6089,11025,17676,6145,12187,4880,5489,11025,17446,6145,12004,4880,5442,230
radixor-generalization-v1,4.2.0-6-g84e57fb,84e57fb27ae40913569e826858a8ebb07cf2ea01,dirty,126964f216a48d2164d136a490698301111aae7f050209ced21caf73f8c01fb8,NN_NO,nn-no-default,1.0.0,900cf2005605aea2a3d8d731ec0b0c1f47fb4469b4ba6b9134145d4d026a0398,11400714819323198485,100,4688,4688,0,18293,19651,12395,13562,5898,6089,0,0,0,0,0,0,0,0,0,0,0,0,0
radixor-generalization-v1,4.2.0-6-g84e57fb,84e57fb27ae40913569e826858a8ebb07cf2ea01,dirty,126964f216a48d2164d136a490698301111aae7f050209ced21caf73f8c01fb8,NN_NO,nn-no-default,1.0.0,900cf2005605aea2a3d8d731ec0b0c1f47fb4469b4ba6b9134145d4d026a0398,11400714819323198485,90,4219,4688,469,17911,19651,12044,13562,5867,6089,1321,1989,774,1371,547,618,1321,1714,774,1135,547,579,275
radixor-generalization-v1,4.2.0-6-g84e57fb,84e57fb27ae40913569e826858a8ebb07cf2ea01,dirty,126964f216a48d2164d136a490698301111aae7f050209ced21caf73f8c01fb8,NN_NO,nn-no-default,1.0.0,900cf2005605aea2a3d8d731ec0b0c1f47fb4469b4ba6b9134145d4d026a0398,11400714819323198485,80,3750,4688,938,17542,19651,11696,13562,5846,6089,2710,3991,1612,2771,1098,1220,2709,3493,1612,2342,1097,1151,498
radixor-generalization-v1,4.2.0-6-g84e57fb,84e57fb27ae40913569e826858a8ebb07cf2ea01,dirty,126964f216a48d2164d136a490698301111aae7f050209ced21caf73f8c01fb8,NN_NO,nn-no-default,1.0.0,900cf2005605aea2a3d8d731ec0b0c1f47fb4469b4ba6b9134145d4d026a0398,11400714819323198485,70,3282,4688,1406,17123,19651,11319,13562,5804,6089,4091,5955,2467,4144,1624,1811,4090,5362,2467,3641,1623,1721,593
radixor-generalization-v1,4.2.0-6-g84e57fb,84e57fb27ae40913569e826858a8ebb07cf2ea01,dirty,126964f216a48d2164d136a490698301111aae7f050209ced21caf73f8c01fb8,NN_NO,nn-no-default,1.0.0,900cf2005605aea2a3d8d731ec0b0c1f47fb4469b4ba6b9134145d4d026a0398,11400714819323198485,60,2813,4688,1875,16703,19651,10948,13562,5755,6089,5473,7926,3303,5495,2170,2431,5473,7247,3303,4921,2170,2326,679
radixor-generalization-v1,4.2.0-6-g84e57fb,84e57fb27ae40913569e826858a8ebb07cf2ea01,dirty,126964f216a48d2164d136a490698301111aae7f050209ced21caf73f8c01fb8,NN_NO,nn-no-default,1.0.0,900cf2005605aea2a3d8d731ec0b0c1f47fb4469b4ba6b9134145d4d026a0398,11400714819323198485,50,2344,4688,2344,16197,19651,10490,13562,5707,6089,6742,9899,4032,6847,2710,3052,6742,9110,4032,6186,2710,2924,789
radixor-generalization-v1,4.2.0-6-g84e57fb,84e57fb27ae40913569e826858a8ebb07cf2ea01,dirty,126964f216a48d2164d136a490698301111aae7f050209ced21caf73f8c01fb8,NN_NO,nn-no-default,1.0.0,900cf2005605aea2a3d8d731ec0b0c1f47fb4469b4ba6b9134145d4d026a0398,11400714819323198485,40,1875,4688,2813,15601,19651,9947,13562,5654,6089,7978,11812,4719,8146,3259,3666,7978,11098,4719,7558,3259,3540,714
radixor-generalization-v1,4.2.0-6-g84e57fb,84e57fb27ae40913569e826858a8ebb07cf2ea01,dirty,126964f216a48d2164d136a490698301111aae7f050209ced21caf73f8c01fb8,NN_NO,nn-no-default,1.0.0,900cf2005605aea2a3d8d731ec0b0c1f47fb4469b4ba6b9134145d4d026a0398,11400714819323198485,30,1406,4688,3282,14914,19651,9295,13562,5619,6089,9117,13743,5310,9483,3807,4260,9117,13038,5310,8895,3807,4143,705
radixor-generalization-v1,4.2.0-6-g84e57fb,84e57fb27ae40913569e826858a8ebb07cf2ea01,dirty,126964f216a48d2164d136a490698301111aae7f050209ced21caf73f8c01fb8,NN_NO,nn-no-default,1.0.0,900cf2005605aea2a3d8d731ec0b0c1f47fb4469b4ba6b9134145d4d026a0398,11400714819323198485,20,938,4688,3750,14051,19651,8505,13562,5546,6089,10184,15743,5842,10866,4342,4877,10184,15253,5842,10459,4342,4794,490
radixor-generalization-v1,4.2.0-6-g84e57fb,84e57fb27ae40913569e826858a8ebb07cf2ea01,dirty,126964f216a48d2164d136a490698301111aae7f050209ced21caf73f8c01fb8,NN_NO,nn-no-default,1.0.0,900cf2005605aea2a3d8d731ec0b0c1f47fb4469b4ba6b9134145d4d026a0398,11400714819323198485,10,469,4688,4219,12880,19651,7367,13562,5513,6089,10934,17699,6027,12219,4907,5480,10934,17401,6027,11977,4907,5424,298
radixor-generalization-v1,4.2.0-6-g84e57fb,84e57fb27ae40913569e826858a8ebb07cf2ea01,dirty,126964f216a48d2164d136a490698301111aae7f050209ced21caf73f8c01fb8,NN_NO,nn-no-default,1.0.0,900cf2005605aea2a3d8d731ec0b0c1f47fb4469b4ba6b9134145d4d026a0398,7046029254386353131,100,4688,4688,0,18293,19651,12395,13562,5898,6089,0,0,0,0,0,0,0,0,0,0,0,0,0
radixor-generalization-v1,4.2.0-6-g84e57fb,84e57fb27ae40913569e826858a8ebb07cf2ea01,dirty,126964f216a48d2164d136a490698301111aae7f050209ced21caf73f8c01fb8,NN_NO,nn-no-default,1.0.0,900cf2005605aea2a3d8d731ec0b0c1f47fb4469b4ba6b9134145d4d026a0398,7046029254386353131,90,4219,4688,469,17937,19651,12066,13562,5871,6089,1341,1962,811,1368,530,594,1341,1710,811,1153,530,557,252
radixor-generalization-v1,4.2.0-6-g84e57fb,84e57fb27ae40913569e826858a8ebb07cf2ea01,dirty,126964f216a48d2164d136a490698301111aae7f050209ced21caf73f8c01fb8,NN_NO,nn-no-default,1.0.0,900cf2005605aea2a3d8d731ec0b0c1f47fb4469b4ba6b9134145d4d026a0398,7046029254386353131,80,3750,4688,938,17537,19651,11686,13562,5851,6089,2737,3917,1647,2714,1090,1203,2737,3546,1647,2400,1090,1146,371
radixor-generalization-v1,4.2.0-6-g84e57fb,84e57fb27ae40913569e826858a8ebb07cf2ea01,dirty,126964f216a48d2164d136a490698301111aae7f050209ced21caf73f8c01fb8,NN_NO,nn-no-default,1.0.0,900cf2005605aea2a3d8d731ec0b0c1f47fb4469b4ba6b9134145d4d026a0398,7046029254386353131,70,3282,4688,1406,17070,19651,11246,13562,5824,6089,4032,5860,2392,4052,1640,1808,4032,5355,2392,3627,1640,1728,505
radixor-generalization-v1,4.2.0-6-g84e57fb,84e57fb27ae40913569e826858a8ebb07cf2ea01,dirty,126964f216a48d2164d136a490698301111aae7f050209ced21caf73f8c01fb8,NN_NO,nn-no-default,1.0.0,900cf2005605aea2a3d8d731ec0b0c1f47fb4469b4ba6b9134145d4d026a0398,7046029254386353131,60,2813,4688,1875,16625,19651,10852,13562,5773,6089,5351,7852,3175,5430,2176,2422,5351,7179,3175,4856,2176,2323,673
radixor-generalization-v1,4.2.0-6-g84e57fb,84e57fb27ae40913569e826858a8ebb07cf2ea01,dirty,126964f216a48d2164d136a490698301111aae7f050209ced21caf73f8c01fb8,NN_NO,nn-no-default,1.0.0,900cf2005605aea2a3d8d731ec0b0c1f47fb4469b4ba6b9134145d4d026a0398,7046029254386353131,50,2344,4688,2344,16114,19651,10367,13562,5747,6089,6662,9843,3928,6811,2734,3032,6662,9131,3928,6195,2734,2936,712
radixor-generalization-v1,4.2.0-6-g84e57fb,84e57fb27ae40913569e826858a8ebb07cf2ea01,dirty,126964f216a48d2164d136a490698301111aae7f050209ced21caf73f8c01fb8,NN_NO,nn-no-default,1.0.0,900cf2005605aea2a3d8d731ec0b0c1f47fb4469b4ba6b9134145d4d026a0398,7046029254386353131,40,1875,4688,2813,15548,19651,9842,13562,5706,6089,7951,11830,4670,8187,3281,3643,7951,11139,4670,7600,3281,3539,691
radixor-generalization-v1,4.2.0-6-g84e57fb,84e57fb27ae40913569e826858a8ebb07cf2ea01,dirty,126964f216a48d2164d136a490698301111aae7f050209ced21caf73f8c01fb8,NN_NO,nn-no-default,1.0.0,900cf2005605aea2a3d8d731ec0b0c1f47fb4469b4ba6b9134145d4d026a0398,7046029254386353131,30,1406,4688,3282,14873,19651,9244,13562,5629,6089,9142,13775,5330,9515,3812,4260,9142,13143,5330,8980,3812,4163,632
radixor-generalization-v1,4.2.0-6-g84e57fb,84e57fb27ae40913569e826858a8ebb07cf2ea01,dirty,126964f216a48d2164d136a490698301111aae7f050209ced21caf73f8c01fb8,NN_NO,nn-no-default,1.0.0,900cf2005605aea2a3d8d731ec0b0c1f47fb4469b4ba6b9134145d4d026a0398,7046029254386353131,20,938,4688,3750,14192,19651,8603,13562,5589,6089,10362,15742,5984,10868,4378,4874,10362,15283,5984,10482,4378,4801,459
radixor-generalization-v1,4.2.0-6-g84e57fb,84e57fb27ae40913569e826858a8ebb07cf2ea01,dirty,126964f216a48d2164d136a490698301111aae7f050209ced21caf73f8c01fb8,NN_NO,nn-no-default,1.0.0,900cf2005605aea2a3d8d731ec0b0c1f47fb4469b4ba6b9134145d4d026a0398,7046029254386353131,10,469,4688,4219,13108,19651,7583,13562,5525,6089,11141,17660,6233,12188,4908,5472,11141,17361,6233,11936,4908,5425,299
radixor-generalization-v1,4.2.0-6-g84e57fb,84e57fb27ae40913569e826858a8ebb07cf2ea01,dirty,126964f216a48d2164d136a490698301111aae7f050209ced21caf73f8c01fb8,NN_NO,nn-no-default,1.0.0,900cf2005605aea2a3d8d731ec0b0c1f47fb4469b4ba6b9134145d4d026a0398,2611923443488327891,100,4688,4688,0,18293,19651,12395,13562,5898,6089,0,0,0,0,0,0,0,0,0,0,0,0,0
radixor-generalization-v1,4.2.0-6-g84e57fb,84e57fb27ae40913569e826858a8ebb07cf2ea01,dirty,126964f216a48d2164d136a490698301111aae7f050209ced21caf73f8c01fb8,NN_NO,nn-no-default,1.0.0,900cf2005605aea2a3d8d731ec0b0c1f47fb4469b4ba6b9134145d4d026a0398,2611923443488327891,90,4219,4688,469,17946,19651,12063,13562,5883,6089,1423,1964,863,1350,560,614,1423,1770,863,1193,560,577,194
radixor-generalization-v1,4.2.0-6-g84e57fb,84e57fb27ae40913569e826858a8ebb07cf2ea01,dirty,126964f216a48d2164d136a490698301111aae7f050209ced21caf73f8c01fb8,NN_NO,nn-no-default,1.0.0,900cf2005605aea2a3d8d731ec0b0c1f47fb4469b4ba6b9134145d4d026a0398,2611923443488327891,80,3750,4688,938,17526,19651,11680,13562,5846,6089,2775,3986,1671,2760,1104,1226,2775,3562,1671,2404,1104,1158,424
radixor-generalization-v1,4.2.0-6-g84e57fb,84e57fb27ae40913569e826858a8ebb07cf2ea01,dirty,126964f216a48d2164d136a490698301111aae7f050209ced21caf73f8c01fb8,NN_NO,nn-no-default,1.0.0,900cf2005605aea2a3d8d731ec0b0c1f47fb4469b4ba6b9134145d4d026a0398,2611923443488327891,70,3282,4688,1406,17107,19651,11302,13562,5805,6089,4074,5940,2439,4114,1635,1826,4074,5314,2439,3579,1635,1735,626
radixor-generalization-v1,4.2.0-6-g84e57fb,84e57fb27ae40913569e826858a8ebb07cf2ea01,dirty,126964f216a48d2164d136a490698301111aae7f050209ced21caf73f8c01fb8,NN_NO,nn-no-default,1.0.0,900cf2005605aea2a3d8d731ec0b0c1f47fb4469b4ba6b9134145d4d026a0398,2611923443488327891,60,2813,4688,1875,16622,19651,10844,13562,5778,6089,5431,7986,3230,5538,2201,2448,5430,7289,3230,4945,2200,2344,697
radixor-generalization-v1,4.2.0-6-g84e57fb,84e57fb27ae40913569e826858a8ebb07cf2ea01,dirty,126964f216a48d2164d136a490698301111aae7f050209ced21caf73f8c01fb8,NN_NO,nn-no-default,1.0.0,900cf2005605aea2a3d8d731ec0b0c1f47fb4469b4ba6b9134145d4d026a0398,2611923443488327891,50,2344,4688,2344,16051,19651,10308,13562,5743,6089,6661,9959,3902,6905,2759,3054,6660,9203,3902,6252,2758,2951,756
radixor-generalization-v1,4.2.0-6-g84e57fb,84e57fb27ae40913569e826858a8ebb07cf2ea01,dirty,126964f216a48d2164d136a490698301111aae7f050209ced21caf73f8c01fb8,NN_NO,nn-no-default,1.0.0,900cf2005605aea2a3d8d731ec0b0c1f47fb4469b4ba6b9134145d4d026a0398,2611923443488327891,40,1875,4688,2813,15463,19651,9776,13562,5687,6089,7939,11940,4638,8268,3301,3672,7939,11219,4638,7638,3301,3581,721
radixor-generalization-v1,4.2.0-6-g84e57fb,84e57fb27ae40913569e826858a8ebb07cf2ea01,dirty,126964f216a48d2164d136a490698301111aae7f050209ced21caf73f8c01fb8,NN_NO,nn-no-default,1.0.0,900cf2005605aea2a3d8d731ec0b0c1f47fb4469b4ba6b9134145d4d026a0398,2611923443488327891,30,1406,4688,3282,14747,19651,9124,13562,5623,6089,9068,13881,5262,9625,3806,4256,9068,13233,5262,9061,3806,4172,648
radixor-generalization-v1,4.2.0-6-g84e57fb,84e57fb27ae40913569e826858a8ebb07cf2ea01,dirty,126964f216a48d2164d136a490698301111aae7f050209ced21caf73f8c01fb8,NN_NO,nn-no-default,1.0.0,900cf2005605aea2a3d8d731ec0b0c1f47fb4469b4ba6b9134145d4d026a0398,2611923443488327891,20,938,4688,3750,13929,19651,8367,13562,5562,6089,10088,15786,5742,10916,4346,4870,10088,15278,5742,10487,4346,4791,508
radixor-generalization-v1,4.2.0-6-g84e57fb,84e57fb27ae40913569e826858a8ebb07cf2ea01,dirty,126964f216a48d2164d136a490698301111aae7f050209ced21caf73f8c01fb8,NN_NO,nn-no-default,1.0.0,900cf2005605aea2a3d8d731ec0b0c1f47fb4469b4ba6b9134145d4d026a0398,2611923443488327891,10,469,4688,4219,12431,19651,6889,13562,5542,6089,10504,17717,5561,12228,4943,5489,10504,17397,5561,11963,4943,5434,320
radixor-generalization-v1,4.2.0-6-g84e57fb,84e57fb27ae40913569e826858a8ebb07cf2ea01,dirty,126964f216a48d2164d136a490698301111aae7f050209ced21caf73f8c01fb8,NN_NO,nn-no-default,1.0.0,900cf2005605aea2a3d8d731ec0b0c1f47fb4469b4ba6b9134145d4d026a0398,15111065706836454659,100,4688,4688,0,18293,19651,12395,13562,5898,6089,0,0,0,0,0,0,0,0,0,0,0,0,0
radixor-generalization-v1,4.2.0-6-g84e57fb,84e57fb27ae40913569e826858a8ebb07cf2ea01,dirty,126964f216a48d2164d136a490698301111aae7f050209ced21caf73f8c01fb8,NN_NO,nn-no-default,1.0.0,900cf2005605aea2a3d8d731ec0b0c1f47fb4469b4ba6b9134145d4d026a0398,15111065706836454659,90,4219,4688,469,17928,19651,12048,13562,5880,6089,1378,1983,819,1368,559,615,1378,1753,819,1165,559,588,230
radixor-generalization-v1,4.2.0-6-g84e57fb,84e57fb27ae40913569e826858a8ebb07cf2ea01,dirty,126964f216a48d2164d136a490698301111aae7f050209ced21caf73f8c01fb8,NN_NO,nn-no-default,1.0.0,900cf2005605aea2a3d8d731ec0b0c1f47fb4469b4ba6b9134145d4d026a0398,15111065706836454659,80,3750,4688,938,17463,19651,11610,13562,5853,6089,2639,3951,1545,2731,1094,1220,2639,3536,1545,2382,1094,1154,415
radixor-generalization-v1,4.2.0-6-g84e57fb,84e57fb27ae40913569e826858a8ebb07cf2ea01,dirty,126964f216a48d2164d136a490698301111aae7f050209ced21caf73f8c01fb8,NN_NO,nn-no-default,1.0.0,900cf2005605aea2a3d8d731ec0b0c1f47fb4469b4ba6b9134145d4d026a0398,15111065706836454659,70,3282,4688,1406,16988,19651,11187,13562,5801,6089,3929,5893,2321,4077,1608,1816,3928,5324,2321,3602,1607,1722,569
radixor-generalization-v1,4.2.0-6-g84e57fb,84e57fb27ae40913569e826858a8ebb07cf2ea01,dirty,126964f216a48d2164d136a490698301111aae7f050209ced21caf73f8c01fb8,NN_NO,nn-no-default,1.0.0,900cf2005605aea2a3d8d731ec0b0c1f47fb4469b4ba6b9134145d4d026a0398,15111065706836454659,60,2813,4688,1875,16501,19651,10765,13562,5736,6089,5208,7859,3068,5432,2140,2427,5207,7174,3068,4866,2139,2308,685
radixor-generalization-v1,4.2.0-6-g84e57fb,84e57fb27ae40913569e826858a8ebb07cf2ea01,dirty,126964f216a48d2164d136a490698301111aae7f050209ced21caf73f8c01fb8,NN_NO,nn-no-default,1.0.0,900cf2005605aea2a3d8d731ec0b0c1f47fb4469b4ba6b9134145d4d026a0398,15111065706836454659,50,2344,4688,2344,16007,19651,10290,13562,5717,6089,6538,9795,3820,6752,2718,3043,6538,9082,3820,6161,2718,2921,713
radixor-generalization-v1,4.2.0-6-g84e57fb,84e57fb27ae40913569e826858a8ebb07cf2ea01,dirty,126964f216a48d2164d136a490698301111aae7f050209ced21caf73f8c01fb8,NN_NO,nn-no-default,1.0.0,900cf2005605aea2a3d8d731ec0b0c1f47fb4469b4ba6b9134145d4d026a0398,15111065706836454659,40,1875,4688,2813,15490,19651,9832,13562,5658,6089,7848,11803,4580,8135,3268,3668,7848,11089,4580,7533,3268,3556,714
radixor-generalization-v1,4.2.0-6-g84e57fb,84e57fb27ae40913569e826858a8ebb07cf2ea01,dirty,126964f216a48d2164d136a490698301111aae7f050209ced21caf73f8c01fb8,NN_NO,nn-no-default,1.0.0,900cf2005605aea2a3d8d731ec0b0c1f47fb4469b4ba6b9134145d4d026a0398,15111065706836454659,30,1406,4688,3282,14824,19651,9189,13562,5635,6089,9090,13787,5258,9517,3832,4270,9090,13232,5258,9042,3832,4190,555
radixor-generalization-v1,4.2.0-6-g84e57fb,84e57fb27ae40913569e826858a8ebb07cf2ea01,dirty,126964f216a48d2164d136a490698301111aae7f050209ced21caf73f8c01fb8,NN_NO,nn-no-default,1.0.0,900cf2005605aea2a3d8d731ec0b0c1f47fb4469b4ba6b9134145d4d026a0398,15111065706836454659,20,938,4688,3750,13955,19651,8398,13562,5557,6089,10104,15754,5769,10891,4335,4863,10104,15305,5769,10506,4335,4799,449
radixor-generalization-v1,4.2.0-6-g84e57fb,84e57fb27ae40913569e826858a8ebb07cf2ea01,dirty,126964f216a48d2164d136a490698301111aae7f050209ced21caf73f8c01fb8,NN_NO,nn-no-default,1.0.0,900cf2005605aea2a3d8d731ec0b0c1f47fb4469b4ba6b9134145d4d026a0398,15111065706836454659,10,469,4688,4219,13163,19651,7574,13562,5589,6089,11241,17724,6259,12243,4982,5481,11241,17448,6259,11997,4982,5451,276
radixor-generalization-v1,4.2.0-6-g84e57fb,84e57fb27ae40913569e826858a8ebb07cf2ea01,dirty,126964f216a48d2164d136a490698301111aae7f050209ced21caf73f8c01fb8,PL_PL,pl-pl-unimorph,1.0.0,8191ed727097839cc808cbc5c56a1bd78b3c851e7733ad226ad9a51519a54721,2654435761,100,9990,9990,0,130769,132308,110940,112351,19829,19957,0,0,0,0,0,0,0,0,0,0,0,0,0
radixor-generalization-v1,4.2.0-6-g84e57fb,84e57fb27ae40913569e826858a8ebb07cf2ea01,dirty,126964f216a48d2164d136a490698301111aae7f050209ced21caf73f8c01fb8,PL_PL,pl-pl-unimorph,1.0.0,8191ed727097839cc808cbc5c56a1bd78b3c851e7733ad226ad9a51519a54721,2654435761,90,8991,9990,999,127371,132308,107762,112351,19609,19957,9820,13531,8063,11534,1757,1997,9810,13184,8055,11261,1755,1923,347
radixor-generalization-v1,4.2.0-6-g84e57fb,84e57fb27ae40913569e826858a8ebb07cf2ea01,dirty,126964f216a48d2164d136a490698301111aae7f050209ced21caf73f8c01fb8,PL_PL,pl-pl-unimorph,1.0.0,8191ed727097839cc808cbc5c56a1bd78b3c851e7733ad226ad9a51519a54721,2654435761,80,7992,9990,1998,123865,132308,104488,112351,19377,19957,19179,26594,15671,22600,3508,3994,19169,26059,15663,22189,3506,3870,535
radixor-generalization-v1,4.2.0-6-g84e57fb,84e57fb27ae40913569e826858a8ebb07cf2ea01,dirty,126964f216a48d2164d136a490698301111aae7f050209ced21caf73f8c01fb8,PL_PL,pl-pl-unimorph,1.0.0,8191ed727097839cc808cbc5c56a1bd78b3c851e7733ad226ad9a51519a54721,2654435761,70,6993,9990,2997,119956,132308,100849,112351,19107,19957,28305,39856,23086,33865,5219,5991,28295,39130,23078,33305,5217,5825,726
radixor-generalization-v1,4.2.0-6-g84e57fb,84e57fb27ae40913569e826858a8ebb07cf2ea01,dirty,126964f216a48d2164d136a490698301111aae7f050209ced21caf73f8c01fb8,PL_PL,pl-pl-unimorph,1.0.0,8191ed727097839cc808cbc5c56a1bd78b3c851e7733ad226ad9a51519a54721,2654435761,60,5994,9990,3996,116208,132308,97397,112351,18811,19957,37540,53059,30639,45074,6901,7985,37530,52228,30631,44439,6899,7789,831
radixor-generalization-v1,4.2.0-6-g84e57fb,84e57fb27ae40913569e826858a8ebb07cf2ea01,dirty,126964f216a48d2164d136a490698301111aae7f050209ced21caf73f8c01fb8,PL_PL,pl-pl-unimorph,1.0.0,8191ed727097839cc808cbc5c56a1bd78b3c851e7733ad226ad9a51519a54721,2654435761,50,4995,9990,4995,112202,132308,93597,112351,18605,19957,46754,66434,38075,56453,8679,9981,46744,65578,38067,55789,8677,9789,856
radixor-generalization-v1,4.2.0-6-g84e57fb,84e57fb27ae40913569e826858a8ebb07cf2ea01,dirty,126964f216a48d2164d136a490698301111aae7f050209ced21caf73f8c01fb8,PL_PL,pl-pl-unimorph,1.0.0,8191ed727097839cc808cbc5c56a1bd78b3c851e7733ad226ad9a51519a54721,2654435761,40,3996,9990,5994,107880,132308,89569,112351,18311,19957,55364,79522,44998,67546,10366,11976,55354,78631,44990,66859,10364,11772,891
radixor-generalization-v1,4.2.0-6-g84e57fb,84e57fb27ae40913569e826858a8ebb07cf2ea01,dirty,126964f216a48d2164d136a490698301111aae7f050209ced21caf73f8c01fb8,PL_PL,pl-pl-unimorph,1.0.0,8191ed727097839cc808cbc5c56a1bd78b3c851e7733ad226ad9a51519a54721,2654435761,30,2997,9990,6993,103797,132308,85707,112351,18090,19957,64447,92792,52327,78825,12120,13967,64447,91985,52327,78206,12120,13779,807
radixor-generalization-v1,4.2.0-6-g84e57fb,84e57fb27ae40913569e826858a8ebb07cf2ea01,dirty,126964f216a48d2164d136a490698301111aae7f050209ced21caf73f8c01fb8,PL_PL,pl-pl-unimorph,1.0.0,8191ed727097839cc808cbc5c56a1bd78b3c851e7733ad226ad9a51519a54721,2654435761,20,1998,9990,7992,98399,132308,80518,112351,17881,19957,71891,105748,57995,89784,13896,15964,71891,105135,57995,89313,13896,15822,613
radixor-generalization-v1,4.2.0-6-g84e57fb,84e57fb27ae40913569e826858a8ebb07cf2ea01,dirty,126964f216a48d2164d136a490698301111aae7f050209ced21caf73f8c01fb8,PL_PL,pl-pl-unimorph,1.0.0,8191ed727097839cc808cbc5c56a1bd78b3c851e7733ad226ad9a51519a54721,2654435761,10,999,9990,8991,91459,132308,73905,112351,17554,19957,77890,118737,62332,100776,15558,17961,77890,118441,62332,100542,15558,17899,296
radixor-generalization-v1,4.2.0-6-g84e57fb,84e57fb27ae40913569e826858a8ebb07cf2ea01,dirty,126964f216a48d2164d136a490698301111aae7f050209ced21caf73f8c01fb8,PL_PL,pl-pl-unimorph,1.0.0,8191ed727097839cc808cbc5c56a1bd78b3c851e7733ad226ad9a51519a54721,11400714819323198485,100,9990,9990,0,130769,132308,110940,112351,19829,19957,0,0,0,0,0,0,0,0,0,0,0,0,0
radixor-generalization-v1,4.2.0-6-g84e57fb,84e57fb27ae40913569e826858a8ebb07cf2ea01,dirty,126964f216a48d2164d136a490698301111aae7f050209ced21caf73f8c01fb8,PL_PL,pl-pl-unimorph,1.0.0,8191ed727097839cc808cbc5c56a1bd78b3c851e7733ad226ad9a51519a54721,11400714819323198485,90,8991,9990,999,127292,132308,107690,112351,19602,19957,9510,13244,7766,11249,1744,1995,9510,12963,7766,11048,1744,1915,281
radixor-generalization-v1,4.2.0-6-g84e57fb,84e57fb27ae40913569e826858a8ebb07cf2ea01,dirty,126964f216a48d2164d136a490698301111aae7f050209ced21caf73f8c01fb8,PL_PL,pl-pl-unimorph,1.0.0,8191ed727097839cc808cbc5c56a1bd78b3c851e7733ad226ad9a51519a54721,11400714819323198485,80,7992,9990,1998,123927,132308,104571,112351,19356,19957,18864,26261,15396,22270,3468,3991,18864,25677,15396,21842,3468,3835,584
radixor-generalization-v1,4.2.0-6-g84e57fb,84e57fb27ae40913569e826858a8ebb07cf2ea01,dirty,126964f216a48d2164d136a490698301111aae7f050209ced21caf73f8c01fb8,PL_PL,pl-pl-unimorph,1.0.0,8191ed727097839cc808cbc5c56a1bd78b3c851e7733ad226ad9a51519a54721,11400714819323198485,70,6993,9990,2997,120227,132308,101147,112351,19080,19957,28364,39659,23192,33674,5172,5985,28364,38927,23192,33124,5172,5803,732
radixor-generalization-v1,4.2.0-6-g84e57fb,84e57fb27ae40913569e826858a8ebb07cf2ea01,dirty,126964f216a48d2164d136a490698301111aae7f050209ced21caf73f8c01fb8,PL_PL,pl-pl-unimorph,1.0.0,8191ed727097839cc808cbc5c56a1bd78b3c851e7733ad226ad9a51519a54721,11400714819323198485,60,5994,9990,3996,116591,132308,97711,112351,18880,19957,37582,52718,30637,44736,6945,7982,37572,51832,30629,44062,6943,7770,886
radixor-generalization-v1,4.2.0-6-g84e57fb,84e57fb27ae40913569e826858a8ebb07cf2ea01,dirty,126964f216a48d2164d136a490698301111aae7f050209ced21caf73f8c01fb8,PL_PL,pl-pl-unimorph,1.0.0,8191ed727097839cc808cbc5c56a1bd78b3c851e7733ad226ad9a51519a54721,11400714819323198485,50,4995,9990,4995,112388,132308,93808,112351,18580,19957,45835,65327,37209,55350,8626,9977,45825,64397,37201,54654,8624,9743,930
radixor-generalization-v1,4.2.0-6-g84e57fb,84e57fb27ae40913569e826858a8ebb07cf2ea01,dirty,126964f216a48d2164d136a490698301111aae7f050209ced21caf73f8c01fb8,PL_PL,pl-pl-unimorph,1.0.0,8191ed727097839cc808cbc5c56a1bd78b3c851e7733ad226ad9a51519a54721,11400714819323198485,40,3996,9990,5994,107652,132308,89275,112351,18377,19957,54313,78747,43909,66775,10404,11972,54303,77809,43901,66067,10402,11742,938
radixor-generalization-v1,4.2.0-6-g84e57fb,84e57fb27ae40913569e826858a8ebb07cf2ea01,dirty,126964f216a48d2164d136a490698301111aae7f050209ced21caf73f8c01fb8,PL_PL,pl-pl-unimorph,1.0.0,8191ed727097839cc808cbc5c56a1bd78b3c851e7733ad226ad9a51519a54721,11400714819323198485,30,2997,9990,6993,102446,132308,84275,112351,18171,19957,62454,92174,50262,78206,12192,13968,62444,91427,50254,77645,12190,13782,747
radixor-generalization-v1,4.2.0-6-g84e57fb,84e57fb27ae40913569e826858a8ebb07cf2ea01,dirty,126964f216a48d2164d136a490698301111aae7f050209ced21caf73f8c01fb8,PL_PL,pl-pl-unimorph,1.0.0,8191ed727097839cc808cbc5c56a1bd78b3c851e7733ad226ad9a51519a54721,11400714819323198485,20,1998,9990,7992,97387,132308,79596,112351,17791,19957,70744,105610,56946,89646,13798,15964,70734,105021,56938,89203,13796,15818,589
radixor-generalization-v1,4.2.0-6-g84e57fb,84e57fb27ae40913569e826858a8ebb07cf2ea01,dirty,126964f216a48d2164d136a490698301111aae7f050209ced21caf73f8c01fb8,PL_PL,pl-pl-unimorph,1.0.0,8191ed727097839cc808cbc5c56a1bd78b3c851e7733ad226ad9a51519a54721,11400714819323198485,10,999,9990,8991,91537,132308,74113,112351,17424,19957,78212,118963,62784,101002,15428,17961,78202,118711,62776,100814,15426,17897,252
radixor-generalization-v1,4.2.0-6-g84e57fb,84e57fb27ae40913569e826858a8ebb07cf2ea01,dirty,126964f216a48d2164d136a490698301111aae7f050209ced21caf73f8c01fb8,PL_PL,pl-pl-unimorph,1.0.0,8191ed727097839cc808cbc5c56a1bd78b3c851e7733ad226ad9a51519a54721,7046029254386353131,100,9990,9990,0,130769,132308,110940,112351,19829,19957,0,0,0,0,0,0,0,0,0,0,0,0,0
radixor-generalization-v1,4.2.0-6-g84e57fb,84e57fb27ae40913569e826858a8ebb07cf2ea01,dirty,126964f216a48d2164d136a490698301111aae7f050209ced21caf73f8c01fb8,PL_PL,pl-pl-unimorph,1.0.0,8191ed727097839cc808cbc5c56a1bd78b3c851e7733ad226ad9a51519a54721,7046029254386353131,90,8991,9990,999,127162,132308,107576,112351,19586,19957,9189,13102,7462,11108,1727,1994,9189,12784,7462,10864,1727,1920,318
radixor-generalization-v1,4.2.0-6-g84e57fb,84e57fb27ae40913569e826858a8ebb07cf2ea01,dirty,126964f216a48d2164d136a490698301111aae7f050209ced21caf73f8c01fb8,PL_PL,pl-pl-unimorph,1.0.0,8191ed727097839cc808cbc5c56a1bd78b3c851e7733ad226ad9a51519a54721,7046029254386353131,80,7992,9990,1998,123383,132308,104014,112351,19369,19957,18603,26558,15112,22569,3491,3989,18593,25981,15104,22114,3489,3867,577
radixor-generalization-v1,4.2.0-6-g84e57fb,84e57fb27ae40913569e826858a8ebb07cf2ea01,dirty,126964f216a48d2164d136a490698301111aae7f050209ced21caf73f8c01fb8,PL_PL,pl-pl-unimorph,1.0.0,8191ed727097839cc808cbc5c56a1bd78b3c851e7733ad226ad9a51519a54721,7046029254386353131,70,6993,9990,2997,119752,132308,100631,112351,19121,19957,27795,39650,22586,33663,5209,5987,27785,38824,22578,33021,5207,5803,826
radixor-generalization-v1,4.2.0-6-g84e57fb,84e57fb27ae40913569e826858a8ebb07cf2ea01,dirty,126964f216a48d2164d136a490698301111aae7f050209ced21caf73f8c01fb8,PL_PL,pl-pl-unimorph,1.0.0,8191ed727097839cc808cbc5c56a1bd78b3c851e7733ad226ad9a51519a54721,7046029254386353131,60,5994,9990,3996,115988,132308,97109,112351,18879,19957,36897,52692,29958,44711,6939,7981,36887,51794,29950,44023,6937,7771,898
radixor-generalization-v1,4.2.0-6-g84e57fb,84e57fb27ae40913569e826858a8ebb07cf2ea01,dirty,126964f216a48d2164d136a490698301111aae7f050209ced21caf73f8c01fb8,PL_PL,pl-pl-unimorph,1.0.0,8191ed727097839cc808cbc5c56a1bd78b3c851e7733ad226ad9a51519a54721,7046029254386353131,50,4995,9990,4995,112259,132308,93684,112351,18575,19957,46031,65724,37411,55748,8620,9976,46021,64738,37403,55002,8618,9736,986
radixor-generalization-v1,4.2.0-6-g84e57fb,84e57fb27ae40913569e826858a8ebb07cf2ea01,dirty,126964f216a48d2164d136a490698301111aae7f050209ced21caf73f8c01fb8,PL_PL,pl-pl-unimorph,1.0.0,8191ed727097839cc808cbc5c56a1bd78b3c851e7733ad226ad9a51519a54721,7046029254386353131,40,3996,9990,5994,108123,132308,89787,112351,18336,19957,54743,78679,44375,66708,10368,11971,54743,77822,44375,66069,10368,11753,857
radixor-generalization-v1,4.2.0-6-g84e57fb,84e57fb27ae40913569e826858a8ebb07cf2ea01,dirty,126964f216a48d2164d136a490698301111aae7f050209ced21caf73f8c01fb8,PL_PL,pl-pl-unimorph,1.0.0,8191ed727097839cc808cbc5c56a1bd78b3c851e7733ad226ad9a51519a54721,7046029254386353131,30,2997,9990,6993,103227,132308,85099,112351,18128,19957,62983,91920,50831,77951,12152,13969,62983,91164,50831,77395,12152,13769,756
radixor-generalization-v1,4.2.0-6-g84e57fb,84e57fb27ae40913569e826858a8ebb07cf2ea01,dirty,126964f216a48d2164d136a490698301111aae7f050209ced21caf73f8c01fb8,PL_PL,pl-pl-unimorph,1.0.0,8191ed727097839cc808cbc5c56a1bd78b3c851e7733ad226ad9a51519a54721,7046029254386353131,20,1998,9990,7992,98438,132308,80560,112351,17878,19957,71799,105612,57905,89647,13894,15965,71789,105047,57897,89242,13892,15805,565
radixor-generalization-v1,4.2.0-6-g84e57fb,84e57fb27ae40913569e826858a8ebb07cf2ea01,dirty,126964f216a48d2164d136a490698301111aae7f050209ced21caf73f8c01fb8,PL_PL,pl-pl-unimorph,1.0.0,8191ed727097839cc808cbc5c56a1bd78b3c851e7733ad226ad9a51519a54721,7046029254386353131,10,999,9990,8991,91293,132308,73812,112351,17481,19957,77923,118908,62433,100946,15490,17962,77923,118617,62433,100737,15490,17880,291
radixor-generalization-v1,4.2.0-6-g84e57fb,84e57fb27ae40913569e826858a8ebb07cf2ea01,dirty,126964f216a48d2164d136a490698301111aae7f050209ced21caf73f8c01fb8,PL_PL,pl-pl-unimorph,1.0.0,8191ed727097839cc808cbc5c56a1bd78b3c851e7733ad226ad9a51519a54721,2611923443488327891,100,9990,9990,0,130769,132308,110940,112351,19829,19957,0,0,0,0,0,0,0,0,0,0,0,0,0
radixor-generalization-v1,4.2.0-6-g84e57fb,84e57fb27ae40913569e826858a8ebb07cf2ea01,dirty,126964f216a48d2164d136a490698301111aae7f050209ced21caf73f8c01fb8,PL_PL,pl-pl-unimorph,1.0.0,8191ed727097839cc808cbc5c56a1bd78b3c851e7733ad226ad9a51519a54721,2611923443488327891,90,8991,9990,999,127253,132308,107672,112351,19581,19957,9456,13172,7720,11174,1736,1998,9456,12941,7720,11033,1736,1908,231
radixor-generalization-v1,4.2.0-6-g84e57fb,84e57fb27ae40913569e826858a8ebb07cf2ea01,dirty,126964f216a48d2164d136a490698301111aae7f050209ced21caf73f8c01fb8,PL_PL,pl-pl-unimorph,1.0.0,8191ed727097839cc808cbc5c56a1bd78b3c851e7733ad226ad9a51519a54721,2611923443488327891,80,7992,9990,1998,123871,132308,104543,112351,19328,19957,18875,26242,15411,22251,3464,3991,18875,25751,15411,21908,3464,3843,491
radixor-generalization-v1,4.2.0-6-g84e57fb,84e57fb27ae40913569e826858a8ebb07cf2ea01,dirty,126964f216a48d2164d136a490698301111aae7f050209ced21caf73f8c01fb8,PL_PL,pl-pl-unimorph,1.0.0,8191ed727097839cc808cbc5c56a1bd78b3c851e7733ad226ad9a51519a54721,2611923443488327891,70,6993,9990,2997,119950,132308,100867,112351,19083,19957,28371,39902,23177,33916,5194,5986,28371,39286,23177,33478,5194,5808,616
radixor-generalization-v1,4.2.0-6-g84e57fb,84e57fb27ae40913569e826858a8ebb07cf2ea01,dirty,126964f216a48d2164d136a490698301111aae7f050209ced21caf73f8c01fb8,PL_PL,pl-pl-unimorph,1.0.0,8191ed727097839cc808cbc5c56a1bd78b3c851e7733ad226ad9a51519a54721,2611923443488327891,60,5994,9990,3996,116022,132308,97227,112351,18795,19957,37430,53153,30552,45169,6878,7984,37430,52348,30552,44592,6878,7756,805
radixor-generalization-v1,4.2.0-6-g84e57fb,84e57fb27ae40913569e826858a8ebb07cf2ea01,dirty,126964f216a48d2164d136a490698301111aae7f050209ced21caf73f8c01fb8,PL_PL,pl-pl-unimorph,1.0.0,8191ed727097839cc808cbc5c56a1bd78b3c851e7733ad226ad9a51519a54721,2611923443488327891,50,4995,9990,4995,112074,132308,93448,112351,18626,19957,46452,66280,37764,56299,8688,9981,46442,65434,37756,55683,8686,9751,846
radixor-generalization-v1,4.2.0-6-g84e57fb,84e57fb27ae40913569e826858a8ebb07cf2ea01,dirty,126964f216a48d2164d136a490698301111aae7f050209ced21caf73f8c01fb8,PL_PL,pl-pl-unimorph,1.0.0,8191ed727097839cc808cbc5c56a1bd78b3c851e7733ad226ad9a51519a54721,2611923443488327891,40,3996,9990,5994,107946,132308,89619,112351,18327,19957,55072,79171,44698,67193,10374,11978,55062,78368,44690,66610,10372,11758,803
radixor-generalization-v1,4.2.0-6-g84e57fb,84e57fb27ae40913569e826858a8ebb07cf2ea01,dirty,126964f216a48d2164d136a490698301111aae7f050209ced21caf73f8c01fb8,PL_PL,pl-pl-unimorph,1.0.0,8191ed727097839cc808cbc5c56a1bd78b3c851e7733ad226ad9a51519a54721,2611923443488327891,30,2997,9990,6993,103405,132308,85306,112351,18099,19957,63470,92246,51340,78274,12130,13972,63460,91501,51332,77723,12128,13778,745
radixor-generalization-v1,4.2.0-6-g84e57fb,84e57fb27ae40913569e826858a8ebb07cf2ea01,dirty,126964f216a48d2164d136a490698301111aae7f050209ced21caf73f8c01fb8,PL_PL,pl-pl-unimorph,1.0.0,8191ed727097839cc808cbc5c56a1bd78b3c851e7733ad226ad9a51519a54721,2611923443488327891,20,1998,9990,7992,98253,132308,80457,112351,17796,19957,71634,105626,57823,89660,13811,15966,71624,105119,57815,89283,13809,15836,507
radixor-generalization-v1,4.2.0-6-g84e57fb,84e57fb27ae40913569e826858a8ebb07cf2ea01,dirty,126964f216a48d2164d136a490698301111aae7f050209ced21caf73f8c01fb8,PL_PL,pl-pl-unimorph,1.0.0,8191ed727097839cc808cbc5c56a1bd78b3c851e7733ad226ad9a51519a54721,2611923443488327891,10,999,9990,8991,90951,132308,73691,112351,17260,19957,77661,118995,62392,101033,15269,17962,77651,118741,62384,100845,15267,17896,254
radixor-generalization-v1,4.2.0-6-g84e57fb,84e57fb27ae40913569e826858a8ebb07cf2ea01,dirty,126964f216a48d2164d136a490698301111aae7f050209ced21caf73f8c01fb8,PL_PL,pl-pl-unimorph,1.0.0,8191ed727097839cc808cbc5c56a1bd78b3c851e7733ad226ad9a51519a54721,15111065706836454659,100,9990,9990,0,130769,132308,110940,112351,19829,19957,0,0,0,0,0,0,0,0,0,0,0,0,0
radixor-generalization-v1,4.2.0-6-g84e57fb,84e57fb27ae40913569e826858a8ebb07cf2ea01,dirty,126964f216a48d2164d136a490698301111aae7f050209ced21caf73f8c01fb8,PL_PL,pl-pl-unimorph,1.0.0,8191ed727097839cc808cbc5c56a1bd78b3c851e7733ad226ad9a51519a54721,15111065706836454659,90,8991,9990,999,127067,132308,107464,112351,19603,19957,9446,13432,7701,11437,1745,1995,9436,13136,7693,11199,1743,1937,296
radixor-generalization-v1,4.2.0-6-g84e57fb,84e57fb27ae40913569e826858a8ebb07cf2ea01,dirty,126964f216a48d2164d136a490698301111aae7f050209ced21caf73f8c01fb8,PL_PL,pl-pl-unimorph,1.0.0,8191ed727097839cc808cbc5c56a1bd78b3c851e7733ad226ad9a51519a54721,15111065706836454659,80,7992,9990,1998,123366,132308,104039,112351,19327,19957,18573,26507,15119,22515,3454,3992,18563,25947,15111,22087,3452,3860,560
radixor-generalization-v1,4.2.0-6-g84e57fb,84e57fb27ae40913569e826858a8ebb07cf2ea01,dirty,126964f216a48d2164d136a490698301111aae7f050209ced21caf73f8c01fb8,PL_PL,pl-pl-unimorph,1.0.0,8191ed727097839cc808cbc5c56a1bd78b3c851e7733ad226ad9a51519a54721,15111065706836454659,70,6993,9990,2997,119844,132308,100751,112351,19093,19957,28196,39868,23005,33881,5191,5987,28186,39183,22997,33352,5189,5831,685
radixor-generalization-v1,4.2.0-6-g84e57fb,84e57fb27ae40913569e826858a8ebb07cf2ea01,dirty,126964f216a48d2164d136a490698301111aae7f050209ced21caf73f8c01fb8,PL_PL,pl-pl-unimorph,1.0.0,8191ed727097839cc808cbc5c56a1bd78b3c851e7733ad226ad9a51519a54721,15111065706836454659,60,5994,9990,3996,116185,132308,97306,112351,18879,19957,37655,53183,30704,45202,6951,7981,37645,52357,30696,44572,6949,7785,826
radixor-generalization-v1,4.2.0-6-g84e57fb,84e57fb27ae40913569e826858a8ebb07cf2ea01,dirty,126964f216a48d2164d136a490698301111aae7f050209ced21caf73f8c01fb8,PL_PL,pl-pl-unimorph,1.0.0,8191ed727097839cc808cbc5c56a1bd78b3c851e7733ad226ad9a51519a54721,15111065706836454659,50,4995,9990,4995,112741,132308,94155,112351,18586,19957,47128,66325,38490,56348,8638,9977,47118,65507,38482,55730,8636,9777,818
radixor-generalization-v1,4.2.0-6-g84e57fb,84e57fb27ae40913569e826858a8ebb07cf2ea01,dirty,126964f216a48d2164d136a490698301111aae7f050209ced21caf73f8c01fb8,PL_PL,pl-pl-unimorph,1.0.0,8191ed727097839cc808cbc5c56a1bd78b3c851e7733ad226ad9a51519a54721,15111065706836454659,40,3996,9990,5994,108485,132308,90085,112351,18400,19957,56030,79632,45603,67658,10427,11974,56020,78874,45595,67080,10425,11794,758
radixor-generalization-v1,4.2.0-6-g84e57fb,84e57fb27ae40913569e826858a8ebb07cf2ea01,dirty,126964f216a48d2164d136a490698301111aae7f050209ced21caf73f8c01fb8,PL_PL,pl-pl-unimorph,1.0.0,8191ed727097839cc808cbc5c56a1bd78b3c851e7733ad226ad9a51519a54721,15111065706836454659,30,2997,9990,6993,102416,132308,84162,112351,18254,19957,63514,93259,51241,79291,12273,13968,63504,92629,51233,78803,12271,13826,630
radixor-generalization-v1,4.2.0-6-g84e57fb,84e57fb27ae40913569e826858a8ebb07cf2ea01,dirty,126964f216a48d2164d136a490698301111aae7f050209ced21caf73f8c01fb8,PL_PL,pl-pl-unimorph,1.0.0,8191ed727097839cc808cbc5c56a1bd78b3c851e7733ad226ad9a51519a54721,15111065706836454659,20,1998,9990,7992,98529,132308,80489,112351,18040,19957,72613,106314,58567,90353,14046,15961,72603,105806,58559,89957,14044,15849,508
radixor-generalization-v1,4.2.0-6-g84e57fb,84e57fb27ae40913569e826858a8ebb07cf2ea01,dirty,126964f216a48d2164d136a490698301111aae7f050209ced21caf73f8c01fb8,PL_PL,pl-pl-unimorph,1.0.0,8191ed727097839cc808cbc5c56a1bd78b3c851e7733ad226ad9a51519a54721,15111065706836454659,10,999,9990,8991,92761,132308,75029,112351,17732,19957,79569,119094,63833,101135,15736,17959,79569,118758,63833,100869,15736,17889,336
radixor-generalization-v1,4.2.0-6-g84e57fb,84e57fb27ae40913569e826858a8ebb07cf2ea01,dirty,126964f216a48d2164d136a490698301111aae7f050209ced21caf73f8c01fb8,PT_PT,pt-pt-default,1.0.0,7a035ff330a6f0548f446cd0d6617bc1cf4751292125a3564d3a255c5d6f516d,2654435761,100,4001,4001,0,215092,215490,207090,207488,8002,8002,0,0,0,0,0,0,0,0,0,0,0,0,0
radixor-generalization-v1,4.2.0-6-g84e57fb,84e57fb27ae40913569e826858a8ebb07cf2ea01,dirty,126964f216a48d2164d136a490698301111aae7f050209ced21caf73f8c01fb8,PT_PT,pt-pt-default,1.0.0,7a035ff330a6f0548f446cd0d6617bc1cf4751292125a3564d3a255c5d6f516d,2654435761,90,3601,4001,400,214038,215490,206036,207488,8002,8002,20469,21574,19669,20774,800,800,20469,21530,19669,20730,800,800,44
radixor-generalization-v1,4.2.0-6-g84e57fb,84e57fb27ae40913569e826858a8ebb07cf2ea01,dirty,126964f216a48d2164d136a490698301111aae7f050209ced21caf73f8c01fb8,PT_PT,pt-pt-default,1.0.0,7a035ff330a6f0548f446cd0d6617bc1cf4751292125a3564d3a255c5d6f516d,2654435761,80,3201,4001,800,212634,215490,204634,207488,8000,8002,40575,43187,38977,41587,1598,1600,40575,43040,38977,41440,1598,1600,147
radixor-generalization-v1,4.2.0-6-g84e57fb,84e57fb27ae40913569e826858a8ebb07cf2ea01,dirty,126964f216a48d2164d136a490698301111aae7f050209ced21caf73f8c01fb8,PT_PT,pt-pt-default,1.0.0,7a035ff330a6f0548f446cd0d6617bc1cf4751292125a3564d3a255c5d6f516d,2654435761,70,2801,4001,1200,211270,215490,203272,207488,7998,8002,60661,64705,58265,62305,2396,2400,60661,64499,58265,62101,2396,2398,206
radixor-generalization-v1,4.2.0-6-g84e57fb,84e57fb27ae40913569e826858a8ebb07cf2ea01,dirty,126964f216a48d2164d136a490698301111aae7f050209ced21caf73f8c01fb8,PT_PT,pt-pt-default,1.0.0,7a035ff330a6f0548f446cd0d6617bc1cf4751292125a3564d3a255c5d6f516d,2654435761,60,2401,4001,1600,210122,215490,202124,207488,7998,8002,81008,86260,77812,83060,3196,3200,81008,86015,77812,82817,3196,3198,245
radixor-generalization-v1,4.2.0-6-g84e57fb,84e57fb27ae40913569e826858a8ebb07cf2ea01,dirty,126964f216a48d2164d136a490698301111aae7f050209ced21caf73f8c01fb8,PT_PT,pt-pt-default,1.0.0,7a035ff330a6f0548f446cd0d6617bc1cf4751292125a3564d3a255c5d6f516d,2654435761,50,2001,4001,2000,208263,215490,200267,207488,7996,8002,100614,107765,96620,103765,3994,4000,100614,107492,96620,103494,3994,3998,273
radixor-generalization-v1,4.2.0-6-g84e57fb,84e57fb27ae40913569e826858a8ebb07cf2ea01,dirty,126964f216a48d2164d136a490698301111aae7f050209ced21caf73f8c01fb8,PT_PT,pt-pt-default,1.0.0,7a035ff330a6f0548f446cd0d6617bc1cf4751292125a3564d3a255c5d6f516d,2654435761,40,1600,4001,2401,206845,215490,198845,207488,8000,8002,120751,129366,115951,124564,4800,4802,120751,129124,115951,124322,4800,4802,242
radixor-generalization-v1,4.2.0-6-g84e57fb,84e57fb27ae40913569e826858a8ebb07cf2ea01,dirty,126964f216a48d2164d136a490698301111aae7f050209ced21caf73f8c01fb8,PT_PT,pt-pt-default,1.0.0,7a035ff330a6f0548f446cd0d6617bc1cf4751292125a3564d3a255c5d6f516d,2654435761,30,1200,4001,2801,204883,215490,196901,207488,7982,8002,140320,150911,134738,145309,5582,5602,140320,150710,134738,145108,5582,5602,201
radixor-generalization-v1,4.2.0-6-g84e57fb,84e57fb27ae40913569e826858a8ebb07cf2ea01,dirty,126964f216a48d2164d136a490698301111aae7f050209ced21caf73f8c01fb8,PT_PT,pt-pt-default,1.0.0,7a035ff330a6f0548f446cd0d6617bc1cf4751292125a3564d3a255c5d6f516d,2654435761,20,800,4001,3201,201390,215490,193404,207488,7986,8002,158325,172419,151939,166017,6386,6402,158325,172254,151939,165852,6386,6402,165
radixor-generalization-v1,4.2.0-6-g84e57fb,84e57fb27ae40913569e826858a8ebb07cf2ea01,dirty,126964f216a48d2164d136a490698301111aae7f050209ced21caf73f8c01fb8,PT_PT,pt-pt-default,1.0.0,7a035ff330a6f0548f446cd0d6617bc1cf4751292125a3564d3a255c5d6f516d,2654435761,10,400,4001,3601,197988,215490,190002,207488,7986,8002,176441,193943,169255,186741,7186,7202,176441,193881,169255,186679,7186,7202,62
radixor-generalization-v1,4.2.0-6-g84e57fb,84e57fb27ae40913569e826858a8ebb07cf2ea01,dirty,126964f216a48d2164d136a490698301111aae7f050209ced21caf73f8c01fb8,PT_PT,pt-pt-default,1.0.0,7a035ff330a6f0548f446cd0d6617bc1cf4751292125a3564d3a255c5d6f516d,11400714819323198485,100,4001,4001,0,215092,215490,207090,207488,8002,8002,0,0,0,0,0,0,0,0,0,0,0,0,0
radixor-generalization-v1,4.2.0-6-g84e57fb,84e57fb27ae40913569e826858a8ebb07cf2ea01,dirty,126964f216a48d2164d136a490698301111aae7f050209ced21caf73f8c01fb8,PT_PT,pt-pt-default,1.0.0,7a035ff330a6f0548f446cd0d6617bc1cf4751292125a3564d3a255c5d6f516d,11400714819323198485,90,3601,4001,400,213937,215490,205935,207488,8002,8002,20365,21574,19565,20774,800,800,20365,21523,19565,20723,800,800,51
radixor-generalization-v1,4.2.0-6-g84e57fb,84e57fb27ae40913569e826858a8ebb07cf2ea01,dirty,126964f216a48d2164d136a490698301111aae7f050209ced21caf73f8c01fb8,PT_PT,pt-pt-default,1.0.0,7a035ff330a6f0548f446cd0d6617bc1cf4751292125a3564d3a255c5d6f516d,11400714819323198485,80,3201,4001,800,212644,215490,204642,207488,8002,8002,40599,43128,38999,41528,1600,1600,40599,43059,38999,41459,1600,1600,69
radixor-generalization-v1,4.2.0-6-g84e57fb,84e57fb27ae40913569e826858a8ebb07cf2ea01,dirty,126964f216a48d2164d136a490698301111aae7f050209ced21caf73f8c01fb8,PT_PT,pt-pt-default,1.0.0,7a035ff330a6f0548f446cd0d6617bc1cf4751292125a3564d3a255c5d6f516d,11400714819323198485,70,2801,4001,1200,211286,215490,203284,207488,8002,8002,60682,64643,58282,62243,2400,2400,60682,64500,58282,62100,2400,2400,143
radixor-generalization-v1,4.2.0-6-g84e57fb,84e57fb27ae40913569e826858a8ebb07cf2ea01,dirty,126964f216a48d2164d136a490698301111aae7f050209ced21caf73f8c01fb8,PT_PT,pt-pt-default,1.0.0,7a035ff330a6f0548f446cd0d6617bc1cf4751292125a3564d3a255c5d6f516d,11400714819323198485,60,2401,4001,1600,209951,215490,201951,207488,8000,8002,80848,86193,77650,82993,3198,3200,80848,86020,77650,82820,3198,3200,173
radixor-generalization-v1,4.2.0-6-g84e57fb,84e57fb27ae40913569e826858a8ebb07cf2ea01,dirty,126964f216a48d2164d136a490698301111aae7f050209ced21caf73f8c01fb8,PT_PT,pt-pt-default,1.0.0,7a035ff330a6f0548f446cd0d6617bc1cf4751292125a3564d3a255c5d6f516d,11400714819323198485,50,2001,4001,2000,208213,215490,200219,207488,7994,8002,100562,107757,96570,103757,3992,4000,100562,107514,96570,103514,3992,4000,243
radixor-generalization-v1,4.2.0-6-g84e57fb,84e57fb27ae40913569e826858a8ebb07cf2ea01,dirty,126964f216a48d2164d136a490698301111aae7f050209ced21caf73f8c01fb8,PT_PT,pt-pt-default,1.0.0,7a035ff330a6f0548f446cd0d6617bc1cf4751292125a3564d3a255c5d6f516d,11400714819323198485,40,1600,4001,2401,205993,215490,197995,207488,7998,8002,119924,129397,115126,124595,4798,4802,119924,129138,115126,124336,4798,4802,259
radixor-generalization-v1,4.2.0-6-g84e57fb,84e57fb27ae40913569e826858a8ebb07cf2ea01,dirty,126964f216a48d2164d136a490698301111aae7f050209ced21caf73f8c01fb8,PT_PT,pt-pt-default,1.0.0,7a035ff330a6f0548f446cd0d6617bc1cf4751292125a3564d3a255c5d6f516d,11400714819323198485,30,1200,4001,2801,203371,215490,195375,207488,7996,8002,138815,150922,133219,145320,5596,5602,138815,150681,133219,145079,5596,5602,241
radixor-generalization-v1,4.2.0-6-g84e57fb,84e57fb27ae40913569e826858a8ebb07cf2ea01,dirty,126964f216a48d2164d136a490698301111aae7f050209ced21caf73f8c01fb8,PT_PT,pt-pt-default,1.0.0,7a035ff330a6f0548f446cd0d6617bc1cf4751292125a3564d3a255c5d6f516d,11400714819323198485,20,800,4001,3201,200473,215490,192475,207488,7998,8002,157451,172468,151053,166066,6398,6402,157451,172258,151053,165856,6398,6402,210
radixor-generalization-v1,4.2.0-6-g84e57fb,84e57fb27ae40913569e826858a8ebb07cf2ea01,dirty,126964f216a48d2164d136a490698301111aae7f050209ced21caf73f8c01fb8,PT_PT,pt-pt-default,1.0.0,7a035ff330a6f0548f446cd0d6617bc1cf4751292125a3564d3a255c5d6f516d,11400714819323198485,10,400,4001,3601,196770,215490,188768,207488,8002,8002,175282,194002,168080,186800,7202,7202,175282,193847,168080,186645,7202,7202,155
radixor-generalization-v1,4.2.0-6-g84e57fb,84e57fb27ae40913569e826858a8ebb07cf2ea01,dirty,126964f216a48d2164d136a490698301111aae7f050209ced21caf73f8c01fb8,PT_PT,pt-pt-default,1.0.0,7a035ff330a6f0548f446cd0d6617bc1cf4751292125a3564d3a255c5d6f516d,7046029254386353131,100,4001,4001,0,215092,215490,207090,207488,8002,8002,0,0,0,0,0,0,0,0,0,0,0,0,0
radixor-generalization-v1,4.2.0-6-g84e57fb,84e57fb27ae40913569e826858a8ebb07cf2ea01,dirty,126964f216a48d2164d136a490698301111aae7f050209ced21caf73f8c01fb8,PT_PT,pt-pt-default,1.0.0,7a035ff330a6f0548f446cd0d6617bc1cf4751292125a3564d3a255c5d6f516d,7046029254386353131,90,3601,4001,400,213912,215490,205914,207488,7998,8002,20239,21506,19443,20706,796,800,20239,21422,19443,20624,796,798,84
radixor-generalization-v1,4.2.0-6-g84e57fb,84e57fb27ae40913569e826858a8ebb07cf2ea01,dirty,126964f216a48d2164d136a490698301111aae7f050209ced21caf73f8c01fb8,PT_PT,pt-pt-default,1.0.0,7a035ff330a6f0548f446cd0d6617bc1cf4751292125a3564d3a255c5d6f516d,7046029254386353131,80,3201,4001,800,212822,215490,204824,207488,7998,8002,40613,43011,39017,41411,1596,1600,40613,42898,39017,41300,1596,1598,113
radixor-generalization-v1,4.2.0-6-g84e57fb,84e57fb27ae40913569e826858a8ebb07cf2ea01,dirty,126964f216a48d2164d136a490698301111aae7f050209ced21caf73f8c01fb8,PT_PT,pt-pt-default,1.0.0,7a035ff330a6f0548f446cd0d6617bc1cf4751292125a3564d3a255c5d6f516d,7046029254386353131,70,2801,4001,1200,211255,215490,203255,207488,8000,8002,60527,64539,58129,62139,2398,2400,60527,64403,58129,62003,2398,2400,136
radixor-generalization-v1,4.2.0-6-g84e57fb,84e57fb27ae40913569e826858a8ebb07cf2ea01,dirty,126964f216a48d2164d136a490698301111aae7f050209ced21caf73f8c01fb8,PT_PT,pt-pt-default,1.0.0,7a035ff330a6f0548f446cd0d6617bc1cf4751292125a3564d3a255c5d6f516d,7046029254386353131,60,2401,4001,1600,210089,215490,202089,207488,8000,8002,80841,86091,77643,82891,3198,3200,80841,85902,77643,82702,3198,3200,189
radixor-generalization-v1,4.2.0-6-g84e57fb,84e57fb27ae40913569e826858a8ebb07cf2ea01,dirty,126964f216a48d2164d136a490698301111aae7f050209ced21caf73f8c01fb8,PT_PT,pt-pt-default,1.0.0,7a035ff330a6f0548f446cd0d6617bc1cf4751292125a3564d3a255c5d6f516d,7046029254386353131,50,2001,4001,2000,209027,215490,201027,207488,8000,8002,101244,107600,97246,103600,3998,4000,101244,107386,97246,103386,3998,4000,214
radixor-generalization-v1,4.2.0-6-g84e57fb,84e57fb27ae40913569e826858a8ebb07cf2ea01,dirty,126964f216a48d2164d136a490698301111aae7f050209ced21caf73f8c01fb8,PT_PT,pt-pt-default,1.0.0,7a035ff330a6f0548f446cd0d6617bc1cf4751292125a3564d3a255c5d6f516d,7046029254386353131,40,1600,4001,2401,207477,215490,199481,207488,7996,8002,121326,129269,116530,124467,4796,4802,121326,129041,116530,124239,4796,4802,228
radixor-generalization-v1,4.2.0-6-g84e57fb,84e57fb27ae40913569e826858a8ebb07cf2ea01,dirty,126964f216a48d2164d136a490698301111aae7f050209ced21caf73f8c01fb8,PT_PT,pt-pt-default,1.0.0,7a035ff330a6f0548f446cd0d6617bc1cf4751292125a3564d3a255c5d6f516d,7046029254386353131,30,1200,4001,2801,204295,215490,196311,207488,7984,8002,139653,150812,134069,145210,5584,5602,139653,150645,134069,145043,5584,5602,167
radixor-generalization-v1,4.2.0-6-g84e57fb,84e57fb27ae40913569e826858a8ebb07cf2ea01,dirty,126964f216a48d2164d136a490698301111aae7f050209ced21caf73f8c01fb8,PT_PT,pt-pt-default,1.0.0,7a035ff330a6f0548f446cd0d6617bc1cf4751292125a3564d3a255c5d6f516d,7046029254386353131,20,800,4001,3201,201222,215490,193224,207488,7998,8002,158182,172425,151784,166023,6398,6402,158182,172359,151784,165957,6398,6402,66
radixor-generalization-v1,4.2.0-6-g84e57fb,84e57fb27ae40913569e826858a8ebb07cf2ea01,dirty,126964f216a48d2164d136a490698301111aae7f050209ced21caf73f8c01fb8,PT_PT,pt-pt-default,1.0.0,7a035ff330a6f0548f446cd0d6617bc1cf4751292125a3564d3a255c5d6f516d,7046029254386353131,10,400,4001,3601,197638,215490,189650,207488,7988,8002,176147,193981,168959,186779,7188,7202,176147,193931,168959,186729,7188,7202,50
radixor-generalization-v1,4.2.0-6-g84e57fb,84e57fb27ae40913569e826858a8ebb07cf2ea01,dirty,126964f216a48d2164d136a490698301111aae7f050209ced21caf73f8c01fb8,PT_PT,pt-pt-default,1.0.0,7a035ff330a6f0548f446cd0d6617bc1cf4751292125a3564d3a255c5d6f516d,2611923443488327891,100,4001,4001,0,215092,215490,207090,207488,8002,8002,0,0,0,0,0,0,0,0,0,0,0,0,0
radixor-generalization-v1,4.2.0-6-g84e57fb,84e57fb27ae40913569e826858a8ebb07cf2ea01,dirty,126964f216a48d2164d136a490698301111aae7f050209ced21caf73f8c01fb8,PT_PT,pt-pt-default,1.0.0,7a035ff330a6f0548f446cd0d6617bc1cf4751292125a3564d3a255c5d6f516d,2611923443488327891,90,3601,4001,400,213753,215490,205751,207488,8002,8002,20158,21563,19358,20763,800,800,20158,21497,19358,20697,800,800,66
radixor-generalization-v1,4.2.0-6-g84e57fb,84e57fb27ae40913569e826858a8ebb07cf2ea01,dirty,126964f216a48d2164d136a490698301111aae7f050209ced21caf73f8c01fb8,PT_PT,pt-pt-default,1.0.0,7a035ff330a6f0548f446cd0d6617bc1cf4751292125a3564d3a255c5d6f516d,2611923443488327891,80,3201,4001,800,212421,215490,204419,207488,8002,8002,40314,43100,38714,41500,1600,1600,40314,43015,38714,41415,1600,1600,85
radixor-generalization-v1,4.2.0-6-g84e57fb,84e57fb27ae40913569e826858a8ebb07cf2ea01,dirty,126964f216a48d2164d136a490698301111aae7f050209ced21caf73f8c01fb8,PT_PT,pt-pt-default,1.0.0,7a035ff330a6f0548f446cd0d6617bc1cf4751292125a3564d3a255c5d6f516d,2611923443488327891,70,2801,4001,1200,211155,215490,203153,207488,8002,8002,60507,64641,58107,62241,2400,2400,60507,64495,58107,62095,2400,2400,146
radixor-generalization-v1,4.2.0-6-g84e57fb,84e57fb27ae40913569e826858a8ebb07cf2ea01,dirty,126964f216a48d2164d136a490698301111aae7f050209ced21caf73f8c01fb8,PT_PT,pt-pt-default,1.0.0,7a035ff330a6f0548f446cd0d6617bc1cf4751292125a3564d3a255c5d6f516d,2611923443488327891,60,2401,4001,1600,209733,215490,201731,207488,8002,8002,80527,86186,77327,82986,3200,3200,80527,85970,77327,82770,3200,3200,216
radixor-generalization-v1,4.2.0-6-g84e57fb,84e57fb27ae40913569e826858a8ebb07cf2ea01,dirty,126964f216a48d2164d136a490698301111aae7f050209ced21caf73f8c01fb8,PT_PT,pt-pt-default,1.0.0,7a035ff330a6f0548f446cd0d6617bc1cf4751292125a3564d3a255c5d6f516d,2611923443488327891,50,2001,4001,2000,208400,215490,200398,207488,8002,8002,100713,107738,96713,103738,4000,4000,100713,107541,96713,103541,4000,4000,197
radixor-generalization-v1,4.2.0-6-g84e57fb,84e57fb27ae40913569e826858a8ebb07cf2ea01,dirty,126964f216a48d2164d136a490698301111aae7f050209ced21caf73f8c01fb8,PT_PT,pt-pt-default,1.0.0,7a035ff330a6f0548f446cd0d6617bc1cf4751292125a3564d3a255c5d6f516d,2611923443488327891,40,1600,4001,2401,206421,215490,198419,207488,8002,8002,120254,129289,115452,124487,4802,4802,120254,129092,115452,124290,4802,4802,197
radixor-generalization-v1,4.2.0-6-g84e57fb,84e57fb27ae40913569e826858a8ebb07cf2ea01,dirty,126964f216a48d2164d136a490698301111aae7f050209ced21caf73f8c01fb8,PT_PT,pt-pt-default,1.0.0,7a035ff330a6f0548f446cd0d6617bc1cf4751292125a3564d3a255c5d6f516d,2611923443488327891,30,1200,4001,2801,204105,215490,196103,207488,8002,8002,139444,150809,133842,145207,5602,5602,139444,150614,133842,145012,5602,5602,195
radixor-generalization-v1,4.2.0-6-g84e57fb,84e57fb27ae40913569e826858a8ebb07cf2ea01,dirty,126964f216a48d2164d136a490698301111aae7f050209ced21caf73f8c01fb8,PT_PT,pt-pt-default,1.0.0,7a035ff330a6f0548f446cd0d6617bc1cf4751292125a3564d3a255c5d6f516d,2611923443488327891,20,800,4001,3201,201733,215490,193731,207488,8002,8002,158673,172413,152271,166011,6402,6402,158673,172259,152271,165857,6402,6402,154
radixor-generalization-v1,4.2.0-6-g84e57fb,84e57fb27ae40913569e826858a8ebb07cf2ea01,dirty,126964f216a48d2164d136a490698301111aae7f050209ced21caf73f8c01fb8,PT_PT,pt-pt-default,1.0.0,7a035ff330a6f0548f446cd0d6617bc1cf4751292125a3564d3a255c5d6f516d,2611923443488327891,10,400,4001,3601,196630,215490,188628,207488,8002,8002,175132,193984,167930,186782,7202,7202,175132,193932,167930,186730,7202,7202,52
radixor-generalization-v1,4.2.0-6-g84e57fb,84e57fb27ae40913569e826858a8ebb07cf2ea01,dirty,126964f216a48d2164d136a490698301111aae7f050209ced21caf73f8c01fb8,PT_PT,pt-pt-default,1.0.0,7a035ff330a6f0548f446cd0d6617bc1cf4751292125a3564d3a255c5d6f516d,15111065706836454659,100,4001,4001,0,215092,215490,207090,207488,8002,8002,0,0,0,0,0,0,0,0,0,0,0,0,0
radixor-generalization-v1,4.2.0-6-g84e57fb,84e57fb27ae40913569e826858a8ebb07cf2ea01,dirty,126964f216a48d2164d136a490698301111aae7f050209ced21caf73f8c01fb8,PT_PT,pt-pt-default,1.0.0,7a035ff330a6f0548f446cd0d6617bc1cf4751292125a3564d3a255c5d6f516d,15111065706836454659,90,3601,4001,400,214001,215490,206001,207488,8000,8002,20421,21602,19623,20802,798,800,20421,21519,19623,20721,798,798,83
radixor-generalization-v1,4.2.0-6-g84e57fb,84e57fb27ae40913569e826858a8ebb07cf2ea01,dirty,126964f216a48d2164d136a490698301111aae7f050209ced21caf73f8c01fb8,PT_PT,pt-pt-default,1.0.0,7a035ff330a6f0548f446cd0d6617bc1cf4751292125a3564d3a255c5d6f516d,15111065706836454659,80,3201,4001,800,212585,215490,204583,207488,8002,8002,40502,43156,38902,41556,1600,1600,40502,43021,38902,41421,1600,1600,135
radixor-generalization-v1,4.2.0-6-g84e57fb,84e57fb27ae40913569e826858a8ebb07cf2ea01,dirty,126964f216a48d2164d136a490698301111aae7f050209ced21caf73f8c01fb8,PT_PT,pt-pt-default,1.0.0,7a035ff330a6f0548f446cd0d6617bc1cf4751292125a3564d3a255c5d6f516d,15111065706836454659,70,2801,4001,1200,211076,215490,203074,207488,8002,8002,60419,64682,58019,62282,2400,2400,60419,64460,58019,62060,2400,2400,222
radixor-generalization-v1,4.2.0-6-g84e57fb,84e57fb27ae40913569e826858a8ebb07cf2ea01,dirty,126964f216a48d2164d136a490698301111aae7f050209ced21caf73f8c01fb8,PT_PT,pt-pt-default,1.0.0,7a035ff330a6f0548f446cd0d6617bc1cf4751292125a3564d3a255c5d6f516d,15111065706836454659,60,2401,4001,1600,209465,215490,201463,207488,8002,8002,80278,86214,77078,83014,3200,3200,80278,85964,77078,82764,3200,3200,250
radixor-generalization-v1,4.2.0-6-g84e57fb,84e57fb27ae40913569e826858a8ebb07cf2ea01,dirty,126964f216a48d2164d136a490698301111aae7f050209ced21caf73f8c01fb8,PT_PT,pt-pt-default,1.0.0,7a035ff330a6f0548f446cd0d6617bc1cf4751292125a3564d3a255c5d6f516d,15111065706836454659,50,2001,4001,2000,207742,215490,199746,207488,7996,8002,100051,107739,96057,103739,3994,4000,100051,107485,96057,103485,3994,4000,254
radixor-generalization-v1,4.2.0-6-g84e57fb,84e57fb27ae40913569e826858a8ebb07cf2ea01,dirty,126964f216a48d2164d136a490698301111aae7f050209ced21caf73f8c01fb8,PT_PT,pt-pt-default,1.0.0,7a035ff330a6f0548f446cd0d6617bc1cf4751292125a3564d3a255c5d6f516d,15111065706836454659,40,1600,4001,2401,205849,215490,197849,207488,8000,8002,119718,129315,114918,124513,4800,4802,119718,129065,114918,124263,4800,4802,250
radixor-generalization-v1,4.2.0-6-g84e57fb,84e57fb27ae40913569e826858a8ebb07cf2ea01,dirty,126964f216a48d2164d136a490698301111aae7f050209ced21caf73f8c01fb8,PT_PT,pt-pt-default,1.0.0,7a035ff330a6f0548f446cd0d6617bc1cf4751292125a3564d3a255c5d6f516d,15111065706836454659,30,1200,4001,2801,202636,215490,194636,207488,8000,8002,138001,150828,132401,145226,5600,5602,138001,150610,132401,145008,5600,5602,218
radixor-generalization-v1,4.2.0-6-g84e57fb,84e57fb27ae40913569e826858a8ebb07cf2ea01,dirty,126964f216a48d2164d136a490698301111aae7f050209ced21caf73f8c01fb8,PT_PT,pt-pt-default,1.0.0,7a035ff330a6f0548f446cd0d6617bc1cf4751292125a3564d3a255c5d6f516d,15111065706836454659,20,800,4001,3201,199288,215490,191288,207488,8000,8002,156165,172362,149765,165960,6400,6402,156165,172227,149765,165825,6400,6402,135
radixor-generalization-v1,4.2.0-6-g84e57fb,84e57fb27ae40913569e826858a8ebb07cf2ea01,dirty,126964f216a48d2164d136a490698301111aae7f050209ced21caf73f8c01fb8,PT_PT,pt-pt-default,1.0.0,7a035ff330a6f0548f446cd0d6617bc1cf4751292125a3564d3a255c5d6f516d,15111065706836454659,10,400,4001,3601,193915,215490,185925,207488,7990,8002,172275,193845,165085,186643,7190,7202,172275,193789,165085,186587,7190,7202,56
radixor-generalization-v1,4.2.0-6-g84e57fb,84e57fb27ae40913569e826858a8ebb07cf2ea01,dirty,126964f216a48d2164d136a490698301111aae7f050209ced21caf73f8c01fb8,RU_RU,ru-ru-default,1.0.0,df7ea25e63a875eeec7a4185be685bd5372a3c568db85c34c44fdf5d8d980a40,2654435761,100,37410,37410,0,796661,806279,721931,731471,74730,74808,0,0,0,0,0,0,0,0,0,0,0,0,0
radixor-generalization-v1,4.2.0-6-g84e57fb,84e57fb27ae40913569e826858a8ebb07cf2ea01,dirty,126964f216a48d2164d136a490698301111aae7f050209ced21caf73f8c01fb8,RU_RU,ru-ru-default,1.0.0,df7ea25e63a875eeec7a4185be685bd5372a3c568db85c34c44fdf5d8d980a40,2654435761,90,33669,37410,3741,782469,806279,708287,731471,74182,74808,64231,80010,57309,72528,6922,7482,64223,78404,57303,71078,6920,7326,1606
radixor-generalization-v1,4.2.0-6-g84e57fb,84e57fb27ae40913569e826858a8ebb07cf2ea01,dirty,126964f216a48d2164d136a490698301111aae7f050209ced21caf73f8c01fb8,RU_RU,ru-ru-default,1.0.0,df7ea25e63a875eeec7a4185be685bd5372a3c568db85c34c44fdf5d8d980a40,2654435761,80,29928,37410,7482,768164,806279,694504,731471,73660,74808,128049,159846,114178,144883,13871,14963,128043,156791,114174,142108,13869,14683,3055
radixor-generalization-v1,4.2.0-6-g84e57fb,84e57fb27ae40913569e826858a8ebb07cf2ea01,dirty,126964f216a48d2164d136a490698301111aae7f050209ced21caf73f8c01fb8,RU_RU,ru-ru-default,1.0.0,df7ea25e63a875eeec7a4185be685bd5372a3c568db85c34c44fdf5d8d980a40,2654435761,70,26187,37410,11223,753610,806279,680520,731471,73090,74808,193228,241035,172462,218591,20766,22444,193220,236862,172456,214774,20764,22088,4173
radixor-generalization-v1,4.2.0-6-g84e57fb,84e57fb27ae40913569e826858a8ebb07cf2ea01,dirty,126964f216a48d2164d136a490698301111aae7f050209ced21caf73f8c01fb8,RU_RU,ru-ru-default,1.0.0,df7ea25e63a875eeec7a4185be685bd5372a3c568db85c34c44fdf5d8d980a40,2654435761,60,22446,37410,14964,737657,806279,665159,731471,72498,74808,256892,321903,229248,291979,27644,29924,256884,317194,229242,287672,27642,29522,4709
radixor-generalization-v1,4.2.0-6-g84e57fb,84e57fb27ae40913569e826858a8ebb07cf2ea01,dirty,126964f216a48d2164d136a490698301111aae7f050209ced21caf73f8c01fb8,RU_RU,ru-ru-default,1.0.0,df7ea25e63a875eeec7a4185be685bd5372a3c568db85c34c44fdf5d8d980a40,2654435761,50,18705,37410,18705,720577,806279,648708,731471,71869,74808,319226,402500,284741,365094,34485,37406,319220,397512,284737,360534,34483,36978,4988
radixor-generalization-v1,4.2.0-6-g84e57fb,84e57fb27ae40913569e826858a8ebb07cf2ea01,dirty,126964f216a48d2164d136a490698301111aae7f050209ced21caf73f8c01fb8,RU_RU,ru-ru-default,1.0.0,df7ea25e63a875eeec7a4185be685bd5372a3c568db85c34c44fdf5d8d980a40,2654435761,40,14964,37410,22446,702948,806279,631831,731471,71117,74808,380146,481851,338938,436964,41208,44887,380128,477153,338926,432682,41202,44471,4698
radixor-generalization-v1,4.2.0-6-g84e57fb,84e57fb27ae40913569e826858a8ebb07cf2ea01,dirty,126964f216a48d2164d136a490698301111aae7f050209ced21caf73f8c01fb8,RU_RU,ru-ru-default,1.0.0,df7ea25e63a875eeec7a4185be685bd5372a3c568db85c34c44fdf5d8d980a40,2654435761,30,11223,37410,26187,685270,806279,614713,731471,70557,74808,442018,562083,393894,509716,48124,52367,442012,557809,393890,505802,48122,52007,4274
radixor-generalization-v1,4.2.0-6-g84e57fb,84e57fb27ae40913569e826858a8ebb07cf2ea01,dirty,126964f216a48d2164d136a490698301111aae7f050209ced21caf73f8c01fb8,RU_RU,ru-ru-default,1.0.0,df7ea25e63a875eeec7a4185be685bd5372a3c568db85c34c44fdf5d8d980a40,2654435761,20,7482,37410,29928,664406,806279,594509,731471,69897,74808,502209,643649,447271,583802,54938,59847,502209,640647,447271,581044,54938,59603,3002
radixor-generalization-v1,4.2.0-6-g84e57fb,84e57fb27ae40913569e826858a8ebb07cf2ea01,dirty,126964f216a48d2164d136a490698301111aae7f050209ced21caf73f8c01fb8,RU_RU,ru-ru-default,1.0.0,df7ea25e63a875eeec7a4185be685bd5372a3c568db85c34c44fdf5d8d980a40,2654435761,10,3741,37410,33669,633419,806279,564398,731471,69021,74808,552201,724935,490660,657607,61541,67328,552201,723231,490660,656027,61541,67204,1704
radixor-generalization-v1,4.2.0-6-g84e57fb,84e57fb27ae40913569e826858a8ebb07cf2ea01,dirty,126964f216a48d2164d136a490698301111aae7f050209ced21caf73f8c01fb8,RU_RU,ru-ru-default,1.0.0,df7ea25e63a875eeec7a4185be685bd5372a3c568db85c34c44fdf5d8d980a40,11400714819323198485,100,37410,37410,0,796661,806279,721931,731471,74730,74808,0,0,0,0,0,0,0,0,0,0,0,0,0
radixor-generalization-v1,4.2.0-6-g84e57fb,84e57fb27ae40913569e826858a8ebb07cf2ea01,dirty,126964f216a48d2164d136a490698301111aae7f050209ced21caf73f8c01fb8,RU_RU,ru-ru-default,1.0.0,df7ea25e63a875eeec7a4185be685bd5372a3c568db85c34c44fdf5d8d980a40,11400714819323198485,90,33669,37410,3741,782803,806279,708589,731471,74214,74808,64889,80563,57936,73084,6953,7479,64889,78779,57936,71434,6953,7345,1784
radixor-generalization-v1,4.2.0-6-g84e57fb,84e57fb27ae40913569e826858a8ebb07cf2ea01,dirty,126964f216a48d2164d136a490698301111aae7f050209ced21caf73f8c01fb8,RU_RU,ru-ru-default,1.0.0,df7ea25e63a875eeec7a4185be685bd5372a3c568db85c34c44fdf5d8d980a40,11400714819323198485,80,29928,37410,7482,768518,806279,694836,731471,73682,74808,130419,162011,116532,147050,13887,14961,130413,158745,116528,144030,13885,14715,3266
radixor-generalization-v1,4.2.0-6-g84e57fb,84e57fb27ae40913569e826858a8ebb07cf2ea01,dirty,126964f216a48d2164d136a490698301111aae7f050209ced21caf73f8c01fb8,RU_RU,ru-ru-default,1.0.0,df7ea25e63a875eeec7a4185be685bd5372a3c568db85c34c44fdf5d8d980a40,11400714819323198485,70,26187,37410,11223,754475,806279,681323,731471,73152,74808,194844,242047,174023,219606,20821,22441,194823,237740,174008,215629,20815,22111,4307
radixor-generalization-v1,4.2.0-6-g84e57fb,84e57fb27ae40913569e826858a8ebb07cf2ea01,dirty,126964f216a48d2164d136a490698301111aae7f050209ced21caf73f8c01fb8,RU_RU,ru-ru-default,1.0.0,df7ea25e63a875eeec7a4185be685bd5372a3c568db85c34c44fdf5d8d980a40,11400714819323198485,60,22446,37410,14964,739494,806279,666922,731471,72572,74808,260060,323508,232347,293587,27713,29921,260033,318625,232328,289068,27705,29557,4883
radixor-generalization-v1,4.2.0-6-g84e57fb,84e57fb27ae40913569e826858a8ebb07cf2ea01,dirty,126964f216a48d2164d136a490698301111aae7f050209ced21caf73f8c01fb8,RU_RU,ru-ru-default,1.0.0,df7ea25e63a875eeec7a4185be685bd5372a3c568db85c34c44fdf5d8d980a40,11400714819323198485,50,18705,37410,18705,722536,806279,650578,731471,71958,74808,322414,403732,287840,366330,34574,37402,322387,398725,287821,361683,34566,37042,5007
radixor-generalization-v1,4.2.0-6-g84e57fb,84e57fb27ae40913569e826858a8ebb07cf2ea01,dirty,126964f216a48d2164d136a490698301111aae7f050209ced21caf73f8c01fb8,RU_RU,ru-ru-default,1.0.0,df7ea25e63a875eeec7a4185be685bd5372a3c568db85c34c44fdf5d8d980a40,11400714819323198485,40,14964,37410,22446,706208,806279,634865,731471,71343,74808,386158,484624,344726,439741,41432,44883,386124,480035,344702,435500,41422,44535,4589
radixor-generalization-v1,4.2.0-6-g84e57fb,84e57fb27ae40913569e826858a8ebb07cf2ea01,dirty,126964f216a48d2164d136a490698301111aae7f050209ced21caf73f8c01fb8,RU_RU,ru-ru-default,1.0.0,df7ea25e63a875eeec7a4185be685bd5372a3c568db85c34c44fdf5d8d980a40,11400714819323198485,30,11223,37410,26187,687798,806279,617136,731471,70662,74808,448655,566314,400428,513949,48227,52365,448622,562131,400405,510082,48217,52049,4183
radixor-generalization-v1,4.2.0-6-g84e57fb,84e57fb27ae40913569e826858a8ebb07cf2ea01,dirty,126964f216a48d2164d136a490698301111aae7f050209ced21caf73f8c01fb8,RU_RU,ru-ru-default,1.0.0,df7ea25e63a875eeec7a4185be685bd5372a3c568db85c34c44fdf5d8d980a40,11400714819323198485,20,7482,37410,29928,665536,806279,595585,731471,69951,74808,504806,645218,449818,585373,54988,59845,504773,641810,449795,582229,54978,59581,3408
radixor-generalization-v1,4.2.0-6-g84e57fb,84e57fb27ae40913569e826858a8ebb07cf2ea01,dirty,126964f216a48d2164d136a490698301111aae7f050209ced21caf73f8c01fb8,RU_RU,ru-ru-default,1.0.0,df7ea25e63a875eeec7a4185be685bd5372a3c568db85c34c44fdf5d8d980a40,11400714819323198485,10,3741,37410,33669,634587,806279,565310,731471,69277,74808,553343,724929,491548,657603,61795,67326,553332,723013,491541,655845,61791,67168,1916
radixor-generalization-v1,4.2.0-6-g84e57fb,84e57fb27ae40913569e826858a8ebb07cf2ea01,dirty,126964f216a48d2164d136a490698301111aae7f050209ced21caf73f8c01fb8,RU_RU,ru-ru-default,1.0.0,df7ea25e63a875eeec7a4185be685bd5372a3c568db85c34c44fdf5d8d980a40,7046029254386353131,100,37410,37410,0,796661,806279,721931,731471,74730,74808,0,0,0,0,0,0,0,0,0,0,0,0,0
radixor-generalization-v1,4.2.0-6-g84e57fb,84e57fb27ae40913569e826858a8ebb07cf2ea01,dirty,126964f216a48d2164d136a490698301111aae7f050209ced21caf73f8c01fb8,RU_RU,ru-ru-default,1.0.0,df7ea25e63a875eeec7a4185be685bd5372a3c568db85c34c44fdf5d8d980a40,7046029254386353131,90,33669,37410,3741,782188,806279,707984,731471,74204,74808,65183,81528,58239,74046,6944,7482,65183,79645,58239,72333,6944,7312,1883
radixor-generalization-v1,4.2.0-6-g84e57fb,84e57fb27ae40913569e826858a8ebb07cf2ea01,dirty,126964f216a48d2164d136a490698301111aae7f050209ced21caf73f8c01fb8,RU_RU,ru-ru-default,1.0.0,df7ea25e63a875eeec7a4185be685bd5372a3c568db85c34c44fdf5d8d980a40,7046029254386353131,80,29928,37410,7482,767349,806279,693673,731471,73676,74808,128753,161708,114864,146745,13889,14963,128732,158342,114849,143641,13883,14701,3366
radixor-generalization-v1,4.2.0-6-g84e57fb,84e57fb27ae40913569e826858a8ebb07cf2ea01,dirty,126964f216a48d2164d136a490698301111aae7f050209ced21caf73f8c01fb8,RU_RU,ru-ru-default,1.0.0,df7ea25e63a875eeec7a4185be685bd5372a3c568db85c34c44fdf5d8d980a40,7046029254386353131,70,26187,37410,11223,753042,806279,679888,731471,73154,74808,194828,243547,174005,221104,20823,22443,194802,239274,173987,217171,20815,22103,4273
radixor-generalization-v1,4.2.0-6-g84e57fb,84e57fb27ae40913569e826858a8ebb07cf2ea01,dirty,126964f216a48d2164d136a490698301111aae7f050209ced21caf73f8c01fb8,RU_RU,ru-ru-default,1.0.0,df7ea25e63a875eeec7a4185be685bd5372a3c568db85c34c44fdf5d8d980a40,7046029254386353131,60,22446,37410,14964,737886,806279,665364,731471,72522,74808,259755,324612,232091,294688,27664,29924,259729,319935,232073,290399,27656,29536,4677
radixor-generalization-v1,4.2.0-6-g84e57fb,84e57fb27ae40913569e826858a8ebb07cf2ea01,dirty,126964f216a48d2164d136a490698301111aae7f050209ced21caf73f8c01fb8,RU_RU,ru-ru-default,1.0.0,df7ea25e63a875eeec7a4185be685bd5372a3c568db85c34c44fdf5d8d980a40,7046029254386353131,50,18705,37410,18705,723149,806279,651264,731471,71885,74808,322665,403421,288167,366018,34498,37403,322639,398500,288149,361501,34490,36999,4921
radixor-generalization-v1,4.2.0-6-g84e57fb,84e57fb27ae40913569e826858a8ebb07cf2ea01,dirty,126964f216a48d2164d136a490698301111aae7f050209ced21caf73f8c01fb8,RU_RU,ru-ru-default,1.0.0,df7ea25e63a875eeec7a4185be685bd5372a3c568db85c34c44fdf5d8d980a40,7046029254386353131,40,14964,37410,22446,705599,806279,634296,731471,71303,74808,385454,484683,344062,439798,41392,44885,385435,479920,344049,435399,41386,44521,4763
radixor-generalization-v1,4.2.0-6-g84e57fb,84e57fb27ae40913569e826858a8ebb07cf2ea01,dirty,126964f216a48d2164d136a490698301111aae7f050209ced21caf73f8c01fb8,RU_RU,ru-ru-default,1.0.0,df7ea25e63a875eeec7a4185be685bd5372a3c568db85c34c44fdf5d8d980a40,7046029254386353131,30,11223,37410,26187,687801,806279,617172,731471,70629,74808,446444,564045,398251,511679,48193,52366,446427,559861,398240,507807,48187,52054,4184
radixor-generalization-v1,4.2.0-6-g84e57fb,84e57fb27ae40913569e826858a8ebb07cf2ea01,dirty,126964f216a48d2164d136a490698301111aae7f050209ced21caf73f8c01fb8,RU_RU,ru-ru-default,1.0.0,df7ea25e63a875eeec7a4185be685bd5372a3c568db85c34c44fdf5d8d980a40,7046029254386353131,20,7482,37410,29928,668145,806279,598389,731471,69756,74808,505837,643647,451044,583802,54793,59845,505820,640266,451033,580683,54787,59583,3381
radixor-generalization-v1,4.2.0-6-g84e57fb,84e57fb27ae40913569e826858a8ebb07cf2ea01,dirty,126964f216a48d2164d136a490698301111aae7f050209ced21caf73f8c01fb8,RU_RU,ru-ru-default,1.0.0,df7ea25e63a875eeec7a4185be685bd5372a3c568db85c34c44fdf5d8d980a40,7046029254386353131,10,3741,37410,33669,637886,806279,569118,731471,68768,74808,556852,725190,495566,657864,61286,67326,556847,723165,495563,655983,61284,67182,2025
radixor-generalization-v1,4.2.0-6-g84e57fb,84e57fb27ae40913569e826858a8ebb07cf2ea01,dirty,126964f216a48d2164d136a490698301111aae7f050209ced21caf73f8c01fb8,RU_RU,ru-ru-default,1.0.0,df7ea25e63a875eeec7a4185be685bd5372a3c568db85c34c44fdf5d8d980a40,2611923443488327891,100,37410,37410,0,796661,806279,721931,731471,74730,74808,0,0,0,0,0,0,0,0,0,0,0,0,0
radixor-generalization-v1,4.2.0-6-g84e57fb,84e57fb27ae40913569e826858a8ebb07cf2ea01,dirty,126964f216a48d2164d136a490698301111aae7f050209ced21caf73f8c01fb8,RU_RU,ru-ru-default,1.0.0,df7ea25e63a875eeec7a4185be685bd5372a3c568db85c34c44fdf5d8d980a40,2611923443488327891,90,33669,37410,3741,782776,806279,708606,731471,74170,74808,65983,81532,59066,74051,6917,7481,65977,79900,59062,72583,6915,7317,1632
radixor-generalization-v1,4.2.0-6-g84e57fb,84e57fb27ae40913569e826858a8ebb07cf2ea01,dirty,126964f216a48d2164d136a490698301111aae7f050209ced21caf73f8c01fb8,RU_RU,ru-ru-default,1.0.0,df7ea25e63a875eeec7a4185be685bd5372a3c568db85c34c44fdf5d8d980a40,2611923443488327891,80,29928,37410,7482,768647,806279,695037,731471,73610,74808,131202,162516,117375,147553,13827,14963,131190,159516,117367,144837,13823,14679,3000
radixor-generalization-v1,4.2.0-6-g84e57fb,84e57fb27ae40913569e826858a8ebb07cf2ea01,dirty,126964f216a48d2164d136a490698301111aae7f050209ced21caf73f8c01fb8,RU_RU,ru-ru-default,1.0.0,df7ea25e63a875eeec7a4185be685bd5372a3c568db85c34c44fdf5d8d980a40,2611923443488327891,70,26187,37410,11223,753930,806279,680904,731471,73026,74808,196911,244371,176202,221928,20709,22443,196884,240242,176183,218161,20701,22081,4129
radixor-generalization-v1,4.2.0-6-g84e57fb,84e57fb27ae40913569e826858a8ebb07cf2ea01,dirty,126964f216a48d2164d136a490698301111aae7f050209ced21caf73f8c01fb8,RU_RU,ru-ru-default,1.0.0,df7ea25e63a875eeec7a4185be685bd5372a3c568db85c34c44fdf5d8d980a40,2611923443488327891,60,22446,37410,14964,738678,806279,666182,731471,72496,74808,261108,325057,233462,295133,27646,29924,261075,320388,233439,290870,27636,29518,4669
radixor-generalization-v1,4.2.0-6-g84e57fb,84e57fb27ae40913569e826858a8ebb07cf2ea01,dirty,126964f216a48d2164d136a490698301111aae7f050209ced21caf73f8c01fb8,RU_RU,ru-ru-default,1.0.0,df7ea25e63a875eeec7a4185be685bd5372a3c568db85c34c44fdf5d8d980a40,2611923443488327891,50,18705,37410,18705,723653,806279,651717,731471,71936,74808,324516,404594,289968,367192,34548,37402,324475,399508,289939,362550,34536,36958,5086
radixor-generalization-v1,4.2.0-6-g84e57fb,84e57fb27ae40913569e826858a8ebb07cf2ea01,dirty,126964f216a48d2164d136a490698301111aae7f050209ced21caf73f8c01fb8,RU_RU,ru-ru-default,1.0.0,df7ea25e63a875eeec7a4185be685bd5372a3c568db85c34c44fdf5d8d980a40,2611923443488327891,40,14964,37410,22446,707070,806279,635744,731471,71326,74808,388445,486115,347035,441231,41410,44884,388404,481259,347006,436787,41398,44472,4856
radixor-generalization-v1,4.2.0-6-g84e57fb,84e57fb27ae40913569e826858a8ebb07cf2ea01,dirty,126964f216a48d2164d136a490698301111aae7f050209ced21caf73f8c01fb8,RU_RU,ru-ru-default,1.0.0,df7ea25e63a875eeec7a4185be685bd5372a3c568db85c34c44fdf5d8d980a40,2611923443488327891,30,11223,37410,26187,688683,806279,618147,731471,70536,74808,449019,565710,400919,513344,48100,52366,448985,561493,400895,509497,48090,51996,4217
radixor-generalization-v1,4.2.0-6-g84e57fb,84e57fb27ae40913569e826858a8ebb07cf2ea01,dirty,126964f216a48d2164d136a490698301111aae7f050209ced21caf73f8c01fb8,RU_RU,ru-ru-default,1.0.0,df7ea25e63a875eeec7a4185be685bd5372a3c568db85c34c44fdf5d8d980a40,2611923443488327891,20,7482,37410,29928,665917,806279,596204,731471,69713,74808,505912,645877,451159,586031,54753,59846,505879,642618,451136,583066,54743,59552,3259
radixor-generalization-v1,4.2.0-6-g84e57fb,84e57fb27ae40913569e826858a8ebb07cf2ea01,dirty,126964f216a48d2164d136a490698301111aae7f050209ced21caf73f8c01fb8,RU_RU,ru-ru-default,1.0.0,df7ea25e63a875eeec7a4185be685bd5372a3c568db85c34c44fdf5d8d980a40,2611923443488327891,10,3741,37410,33669,634294,806279,565776,731471,68518,74808,552386,724229,491350,656903,61036,67326,552364,722295,491334,655143,61030,67152,1934
radixor-generalization-v1,4.2.0-6-g84e57fb,84e57fb27ae40913569e826858a8ebb07cf2ea01,dirty,126964f216a48d2164d136a490698301111aae7f050209ced21caf73f8c01fb8,RU_RU,ru-ru-default,1.0.0,df7ea25e63a875eeec7a4185be685bd5372a3c568db85c34c44fdf5d8d980a40,15111065706836454659,100,37410,37410,0,796661,806279,721931,731471,74730,74808,0,0,0,0,0,0,0,0,0,0,0,0,0
radixor-generalization-v1,4.2.0-6-g84e57fb,84e57fb27ae40913569e826858a8ebb07cf2ea01,dirty,126964f216a48d2164d136a490698301111aae7f050209ced21caf73f8c01fb8,RU_RU,ru-ru-default,1.0.0,df7ea25e63a875eeec7a4185be685bd5372a3c568db85c34c44fdf5d8d980a40,15111065706836454659,90,33669,37410,3741,782343,806279,708161,731471,74182,74808,65191,81324,58271,73842,6920,7482,65177,79477,58261,72155,6916,7322,1847
radixor-generalization-v1,4.2.0-6-g84e57fb,84e57fb27ae40913569e826858a8ebb07cf2ea01,dirty,126964f216a48d2164d136a490698301111aae7f050209ced21caf73f8c01fb8,RU_RU,ru-ru-default,1.0.0,df7ea25e63a875eeec7a4185be685bd5372a3c568db85c34c44fdf5d8d980a40,15111065706836454659,80,29928,37410,7482,767526,806279,693908,731471,73618,74808,129821,162322,115995,147358,13826,14964,129801,159157,115981,144453,13820,14704,3165
radixor-generalization-v1,4.2.0-6-g84e57fb,84e57fb27ae40913569e826858a8ebb07cf2ea01,dirty,126964f216a48d2164d136a490698301111aae7f050209ced21caf73f8c01fb8,RU_RU,ru-ru-default,1.0.0,df7ea25e63a875eeec7a4185be685bd5372a3c568db85c34c44fdf5d8d980a40,15111065706836454659,70,26187,37410,11223,753056,806279,679990,731471,73066,74808,193857,242355,173114,219910,20743,22445,193829,238018,173094,215939,20735,22079,4337
radixor-generalization-v1,4.2.0-6-g84e57fb,84e57fb27ae40913569e826858a8ebb07cf2ea01,dirty,126964f216a48d2164d136a490698301111aae7f050209ced21caf73f8c01fb8,RU_RU,ru-ru-default,1.0.0,df7ea25e63a875eeec7a4185be685bd5372a3c568db85c34c44fdf5d8d980a40,15111065706836454659,60,22446,37410,14964,736891,806279,664439,731471,72452,74808,256528,322377,228928,292453,27600,29924,256488,317399,228900,287901,27588,29498,4978
radixor-generalization-v1,4.2.0-6-g84e57fb,84e57fb27ae40913569e826858a8ebb07cf2ea01,dirty,126964f216a48d2164d136a490698301111aae7f050209ced21caf73f8c01fb8,RU_RU,ru-ru-default,1.0.0,df7ea25e63a875eeec7a4185be685bd5372a3c568db85c34c44fdf5d8d980a40,15111065706836454659,50,18705,37410,18705,720673,806279,648729,731471,71944,74808,321232,404361,286671,366956,34561,37405,321206,399227,286653,362248,34553,36979,5134
radixor-generalization-v1,4.2.0-6-g84e57fb,84e57fb27ae40913569e826858a8ebb07cf2ea01,dirty,126964f216a48d2164d136a490698301111aae7f050209ced21caf73f8c01fb8,RU_RU,ru-ru-default,1.0.0,df7ea25e63a875eeec7a4185be685bd5372a3c568db85c34c44fdf5d8d980a40,15111065706836454659,40,14964,37410,22446,704138,806279,632844,731471,71294,74808,383234,483971,341848,439085,41386,44886,383209,478926,341831,434460,41378,44466,5045
radixor-generalization-v1,4.2.0-6-g84e57fb,84e57fb27ae40913569e826858a8ebb07cf2ea01,dirty,126964f216a48d2164d136a490698301111aae7f050209ced21caf73f8c01fb8,RU_RU,ru-ru-default,1.0.0,df7ea25e63a875eeec7a4185be685bd5372a3c568db85c34c44fdf5d8d980a40,15111065706836454659,30,11223,37410,26187,687175,806279,616549,731471,70626,74808,446242,564599,398049,512232,48193,52367,446223,560108,398036,508111,48187,51997,4491
radixor-generalization-v1,4.2.0-6-g84e57fb,84e57fb27ae40913569e826858a8ebb07cf2ea01,dirty,126964f216a48d2164d136a490698301111aae7f050209ced21caf73f8c01fb8,RU_RU,ru-ru-default,1.0.0,df7ea25e63a875eeec7a4185be685bd5372a3c568db85c34c44fdf5d8d980a40,15111065706836454659,20,7482,37410,29928,664564,806279,594851,731471,69713,74808,503015,644426,448262,584578,54753,59848,502996,640968,448249,581412,54747,59556,3458
radixor-generalization-v1,4.2.0-6-g84e57fb,84e57fb27ae40913569e826858a8ebb07cf2ea01,dirty,126964f216a48d2164d136a490698301111aae7f050209ced21caf73f8c01fb8,RU_RU,ru-ru-default,1.0.0,df7ea25e63a875eeec7a4185be685bd5372a3c568db85c34c44fdf5d8d980a40,15111065706836454659,10,3741,37410,33669,632599,806279,563814,731471,68785,74808,552162,725790,490857,658462,61305,67328,552151,723957,490850,656791,61301,67166,1833
radixor-generalization-v1,4.2.0-6-g84e57fb,84e57fb27ae40913569e826858a8ebb07cf2ea01,dirty,126964f216a48d2164d136a490698301111aae7f050209ced21caf73f8c01fb8,SV_SE,sv-se-default,1.0.0,d9be72e3d67c776622c4281e04e4063b9381e8f84a823d98ebf08888b82dff0c,2654435761,100,12371,12371,0,106837,110468,83514,85737,23323,24731,0,0,0,0,0,0,0,0,0,0,0,0,0
radixor-generalization-v1,4.2.0-6-g84e57fb,84e57fb27ae40913569e826858a8ebb07cf2ea01,dirty,126964f216a48d2164d136a490698301111aae7f050209ced21caf73f8c01fb8,SV_SE,sv-se-default,1.0.0,d9be72e3d67c776622c4281e04e4063b9381e8f84a823d98ebf08888b82dff0c,2654435761,90,11134,12371,1237,104972,110468,81695,85737,23277,24731,8441,11051,6290,8580,2151,2471,8441,10376,6290,8083,2151,2293,675
radixor-generalization-v1,4.2.0-6-g84e57fb,84e57fb27ae40913569e826858a8ebb07cf2ea01,dirty,126964f216a48d2164d136a490698301111aae7f050209ced21caf73f8c01fb8,SV_SE,sv-se-default,1.0.0,d9be72e3d67c776622c4281e04e4063b9381e8f84a823d98ebf08888b82dff0c,2654435761,80,9897,12371,2474,103190,110468,79981,85737,23209,24731,17011,21959,12704,17014,4307,4945,17011,20829,12704,16234,4307,4595,1130
radixor-generalization-v1,4.2.0-6-g84e57fb,84e57fb27ae40913569e826858a8ebb07cf2ea01,dirty,126964f216a48d2164d136a490698301111aae7f050209ced21caf73f8c01fb8,SV_SE,sv-se-default,1.0.0,d9be72e3d67c776622c4281e04e4063b9381e8f84a823d98ebf08888b82dff0c,2654435761,70,8660,12371,3711,101301,110468,78145,85737,23156,24731,25726,33106,19185,25688,6541,7418,25726,31613,19185,24609,6541,7004,1493
radixor-generalization-v1,4.2.0-6-g84e57fb,84e57fb27ae40913569e826858a8ebb07cf2ea01,dirty,126964f216a48d2164d136a490698301111aae7f050209ced21caf73f8c01fb8,SV_SE,sv-se-default,1.0.0,d9be72e3d67c776622c4281e04e4063b9381e8f84a823d98ebf08888b82dff0c,2654435761,60,7423,12371,4948,99250,110468,76168,85737,23082,24731,34213,44155,25454,34263,8759,9892,34213,42390,25454,32986,8759,9404,1765
radixor-generalization-v1,4.2.0-6-g84e57fb,84e57fb27ae40913569e826858a8ebb07cf2ea01,dirty,126964f216a48d2164d136a490698301111aae7f050209ced21caf73f8c01fb8,SV_SE,sv-se-default,1.0.0,d9be72e3d67c776622c4281e04e4063b9381e8f84a823d98ebf08888b82dff0c,2654435761,50,6186,12371,6185,97089,110468,74077,85737,23012,24731,42704,55225,31711,42859,10993,12366,42704,53431,31711,41573,10993,11858,1794
radixor-generalization-v1,4.2.0-6-g84e57fb,84e57fb27ae40913569e826858a8ebb07cf2ea01,dirty,126964f216a48d2164d136a490698301111aae7f050209ced21caf73f8c01fb8,SV_SE,sv-se-default,1.0.0,d9be72e3d67c776622c4281e04e4063b9381e8f84a823d98ebf08888b82dff0c,2654435761,40,4948,12371,7423,94600,110468,71718,85737,22882,24731,50922,66235,37697,51395,13225,14840,50922,64483,37697,50131,13225,14352,1752
radixor-generalization-v1,4.2.0-6-g84e57fb,84e57fb27ae40913569e826858a8ebb07cf2ea01,dirty,126964f216a48d2164d136a490698301111aae7f050209ced21caf73f8c01fb8,SV_SE,sv-se-default,1.0.0,d9be72e3d67c776622c4281e04e4063b9381e8f84a823d98ebf08888b82dff0c,2654435761,30,3711,12371,8660,91411,110468,68679,85737,22732,24731,58665,77396,43223,60083,15442,17313,58665,75916,43223,59009,15442,16907,1480
radixor-generalization-v1,4.2.0-6-g84e57fb,84e57fb27ae40913569e826858a8ebb07cf2ea01,dirty,126964f216a48d2164d136a490698301111aae7f050209ced21caf73f8c01fb8,SV_SE,sv-se-default,1.0.0,d9be72e3d67c776622c4281e04e4063b9381e8f84a823d98ebf08888b82dff0c,2654435761,20,2474,12371,9897,88079,110468,65759,85737,22320,24731,66179,88401,48743,68614,17436,19787,66179,87225,48743,67780,17436,19445,1176
radixor-generalization-v1,4.2.0-6-g84e57fb,84e57fb27ae40913569e826858a8ebb07cf2ea01,dirty,126964f216a48d2164d136a490698301111aae7f050209ced21caf73f8c01fb8,SV_SE,sv-se-default,1.0.0,d9be72e3d67c776622c4281e04e4063b9381e8f84a823d98ebf08888b82dff0c,2654435761,10,1237,12371,11134,82597,110468,60676,85737,21921,24731,71539,99373,52082,77114,19457,22259,71539,98668,52082,76601,19457,22067,705
radixor-generalization-v1,4.2.0-6-g84e57fb,84e57fb27ae40913569e826858a8ebb07cf2ea01,dirty,126964f216a48d2164d136a490698301111aae7f050209ced21caf73f8c01fb8,SV_SE,sv-se-default,1.0.0,d9be72e3d67c776622c4281e04e4063b9381e8f84a823d98ebf08888b82dff0c,11400714819323198485,100,12371,12371,0,106837,110468,83514,85737,23323,24731,0,0,0,0,0,0,0,0,0,0,0,0,0
radixor-generalization-v1,4.2.0-6-g84e57fb,84e57fb27ae40913569e826858a8ebb07cf2ea01,dirty,126964f216a48d2164d136a490698301111aae7f050209ced21caf73f8c01fb8,SV_SE,sv-se-default,1.0.0,d9be72e3d67c776622c4281e04e4063b9381e8f84a823d98ebf08888b82dff0c,11400714819323198485,90,11134,12371,1237,105023,110468,81730,85737,23293,24731,8514,11007,6344,8533,2170,2474,8514,10415,6344,8129,2170,2286,592
radixor-generalization-v1,4.2.0-6-g84e57fb,84e57fb27ae40913569e826858a8ebb07cf2ea01,dirty,126964f216a48d2164d136a490698301111aae7f050209ced21caf73f8c01fb8,SV_SE,sv-se-default,1.0.0,d9be72e3d67c776622c4281e04e4063b9381e8f84a823d98ebf08888b82dff0c,11400714819323198485,80,9897,12371,2474,103200,110468,79931,85737,23269,24731,17056,22043,12674,17097,4382,4946,17056,20899,12674,16285,4382,4614,1144
radixor-generalization-v1,4.2.0-6-g84e57fb,84e57fb27ae40913569e826858a8ebb07cf2ea01,dirty,126964f216a48d2164d136a490698301111aae7f050209ced21caf73f8c01fb8,SV_SE,sv-se-default,1.0.0,d9be72e3d67c776622c4281e04e4063b9381e8f84a823d98ebf08888b82dff0c,11400714819323198485,70,8660,12371,3711,101376,110468,78195,85737,23181,24731,25555,32897,18987,25477,6568,7420,25555,31397,18987,24419,6568,6978,1500
radixor-generalization-v1,4.2.0-6-g84e57fb,84e57fb27ae40913569e826858a8ebb07cf2ea01,dirty,126964f216a48d2164d136a490698301111aae7f050209ced21caf73f8c01fb8,SV_SE,sv-se-default,1.0.0,d9be72e3d67c776622c4281e04e4063b9381e8f84a823d98ebf08888b82dff0c,11400714819323198485,60,7423,12371,4948,99239,110468,76172,85737,23067,24731,33969,43913,25234,34020,8735,9893,33969,42163,25234,32782,8735,9381,1750
radixor-generalization-v1,4.2.0-6-g84e57fb,84e57fb27ae40913569e826858a8ebb07cf2ea01,dirty,126964f216a48d2164d136a490698301111aae7f050209ced21caf73f8c01fb8,SV_SE,sv-se-default,1.0.0,d9be72e3d67c776622c4281e04e4063b9381e8f84a823d98ebf08888b82dff0c,11400714819323198485,50,6186,12371,6185,96642,110468,73753,85737,22889,24731,42125,55054,31239,42688,10886,12366,42125,53268,31239,41444,10886,11824,1786
radixor-generalization-v1,4.2.0-6-g84e57fb,84e57fb27ae40913569e826858a8ebb07cf2ea01,dirty,126964f216a48d2164d136a490698301111aae7f050209ced21caf73f8c01fb8,SV_SE,sv-se-default,1.0.0,d9be72e3d67c776622c4281e04e4063b9381e8f84a823d98ebf08888b82dff0c,11400714819323198485,40,4948,12371,7423,94268,110468,71467,85737,22801,24731,50606,66260,37469,51419,13137,14841,50606,64615,37469,50264,13137,14351,1645
radixor-generalization-v1,4.2.0-6-g84e57fb,84e57fb27ae40913569e826858a8ebb07cf2ea01,dirty,126964f216a48d2164d136a490698301111aae7f050209ced21caf73f8c01fb8,SV_SE,sv-se-default,1.0.0,d9be72e3d67c776622c4281e04e4063b9381e8f84a823d98ebf08888b82dff0c,11400714819323198485,30,3711,12371,8660,91483,110468,68878,85737,22605,24731,58661,77329,43349,60017,15312,17312,58661,76025,43349,59103,15312,16922,1304
radixor-generalization-v1,4.2.0-6-g84e57fb,84e57fb27ae40913569e826858a8ebb07cf2ea01,dirty,126964f216a48d2164d136a490698301111aae7f050209ced21caf73f8c01fb8,SV_SE,sv-se-default,1.0.0,d9be72e3d67c776622c4281e04e4063b9381e8f84a823d98ebf08888b82dff0c,11400714819323198485,20,2474,12371,9897,88211,110468,65924,85737,22287,24731,66297,88359,48887,68573,17410,19786,66297,87359,48887,67873,17410,19486,1000
radixor-generalization-v1,4.2.0-6-g84e57fb,84e57fb27ae40913569e826858a8ebb07cf2ea01,dirty,126964f216a48d2164d136a490698301111aae7f050209ced21caf73f8c01fb8,SV_SE,sv-se-default,1.0.0,d9be72e3d67c776622c4281e04e4063b9381e8f84a823d98ebf08888b82dff0c,11400714819323198485,10,1237,12371,11134,82614,110468,60893,85737,21721,24731,71567,99400,52311,77142,19256,22258,71567,98793,52311,76713,19256,22080,607
radixor-generalization-v1,4.2.0-6-g84e57fb,84e57fb27ae40913569e826858a8ebb07cf2ea01,dirty,126964f216a48d2164d136a490698301111aae7f050209ced21caf73f8c01fb8,SV_SE,sv-se-default,1.0.0,d9be72e3d67c776622c4281e04e4063b9381e8f84a823d98ebf08888b82dff0c,7046029254386353131,100,12371,12371,0,106837,110468,83514,85737,23323,24731,0,0,0,0,0,0,0,0,0,0,0,0,0
radixor-generalization-v1,4.2.0-6-g84e57fb,84e57fb27ae40913569e826858a8ebb07cf2ea01,dirty,126964f216a48d2164d136a490698301111aae7f050209ced21caf73f8c01fb8,SV_SE,sv-se-default,1.0.0,d9be72e3d67c776622c4281e04e4063b9381e8f84a823d98ebf08888b82dff0c,7046029254386353131,90,11134,12371,1237,105072,110468,81741,85737,23331,24731,8536,11115,6371,8642,2165,2473,8536,10386,6371,8085,2165,2301,729
radixor-generalization-v1,4.2.0-6-g84e57fb,84e57fb27ae40913569e826858a8ebb07cf2ea01,dirty,126964f216a48d2164d136a490698301111aae7f050209ced21caf73f8c01fb8,SV_SE,sv-se-default,1.0.0,d9be72e3d67c776622c4281e04e4063b9381e8f84a823d98ebf08888b82dff0c,7046029254386353131,80,9897,12371,2474,103204,110468,79975,85737,23229,24731,17067,22127,12777,17181,4290,4946,17067,20958,12777,16352,4290,4606,1169
radixor-generalization-v1,4.2.0-6-g84e57fb,84e57fb27ae40913569e826858a8ebb07cf2ea01,dirty,126964f216a48d2164d136a490698301111aae7f050209ced21caf73f8c01fb8,SV_SE,sv-se-default,1.0.0,d9be72e3d67c776622c4281e04e4063b9381e8f84a823d98ebf08888b82dff0c,7046029254386353131,70,8660,12371,3711,101200,110468,78019,85737,23181,24731,25584,33210,19078,25790,6506,7420,25584,31688,19078,24726,6506,6962,1522
radixor-generalization-v1,4.2.0-6-g84e57fb,84e57fb27ae40913569e826858a8ebb07cf2ea01,dirty,126964f216a48d2164d136a490698301111aae7f050209ced21caf73f8c01fb8,SV_SE,sv-se-default,1.0.0,d9be72e3d67c776622c4281e04e4063b9381e8f84a823d98ebf08888b82dff0c,7046029254386353131,60,7423,12371,4948,99282,110468,76173,85737,23109,24731,34234,44249,25523,34358,8711,9891,34234,42558,25523,33173,8711,9385,1691
radixor-generalization-v1,4.2.0-6-g84e57fb,84e57fb27ae40913569e826858a8ebb07cf2ea01,dirty,126964f216a48d2164d136a490698301111aae7f050209ced21caf73f8c01fb8,SV_SE,sv-se-default,1.0.0,d9be72e3d67c776622c4281e04e4063b9381e8f84a823d98ebf08888b82dff0c,7046029254386353131,50,6186,12371,6185,96966,110468,73929,85737,23037,24731,42561,55213,31560,42850,11001,12363,42561,53500,31560,41629,11001,11871,1713
radixor-generalization-v1,4.2.0-6-g84e57fb,84e57fb27ae40913569e826858a8ebb07cf2ea01,dirty,126964f216a48d2164d136a490698301111aae7f050209ced21caf73f8c01fb8,SV_SE,sv-se-default,1.0.0,d9be72e3d67c776622c4281e04e4063b9381e8f84a823d98ebf08888b82dff0c,7046029254386353131,40,4948,12371,7423,94552,110468,71671,85737,22881,24731,50848,66206,37637,51369,13211,14837,50848,64619,37637,50254,13211,14365,1587
radixor-generalization-v1,4.2.0-6-g84e57fb,84e57fb27ae40913569e826858a8ebb07cf2ea01,dirty,126964f216a48d2164d136a490698301111aae7f050209ced21caf73f8c01fb8,SV_SE,sv-se-default,1.0.0,d9be72e3d67c776622c4281e04e4063b9381e8f84a823d98ebf08888b82dff0c,7046029254386353131,30,3711,12371,8660,91537,110468,68744,85737,22793,24731,58719,77341,43224,60030,15495,17311,58719,75883,43224,58980,15495,16903,1458
radixor-generalization-v1,4.2.0-6-g84e57fb,84e57fb27ae40913569e826858a8ebb07cf2ea01,dirty,126964f216a48d2164d136a490698301111aae7f050209ced21caf73f8c01fb8,SV_SE,sv-se-default,1.0.0,d9be72e3d67c776622c4281e04e4063b9381e8f84a823d98ebf08888b82dff0c,7046029254386353131,20,2474,12371,9897,87627,110468,65142,85737,22485,24731,65666,88394,48077,68609,17589,19785,65666,87316,48077,67847,17589,19469,1078
radixor-generalization-v1,4.2.0-6-g84e57fb,84e57fb27ae40913569e826858a8ebb07cf2ea01,dirty,126964f216a48d2164d136a490698301111aae7f050209ced21caf73f8c01fb8,SV_SE,sv-se-default,1.0.0,d9be72e3d67c776622c4281e04e4063b9381e8f84a823d98ebf08888b82dff0c,7046029254386353131,10,1237,12371,11134,82184,110468,60158,85737,22026,24731,71061,99316,51493,77057,19568,22259,71061,98682,51493,76611,19568,22071,634
radixor-generalization-v1,4.2.0-6-g84e57fb,84e57fb27ae40913569e826858a8ebb07cf2ea01,dirty,126964f216a48d2164d136a490698301111aae7f050209ced21caf73f8c01fb8,SV_SE,sv-se-default,1.0.0,d9be72e3d67c776622c4281e04e4063b9381e8f84a823d98ebf08888b82dff0c,2611923443488327891,100,12371,12371,0,106837,110468,83514,85737,23323,24731,0,0,0,0,0,0,0,0,0,0,0,0,0
radixor-generalization-v1,4.2.0-6-g84e57fb,84e57fb27ae40913569e826858a8ebb07cf2ea01,dirty,126964f216a48d2164d136a490698301111aae7f050209ced21caf73f8c01fb8,SV_SE,sv-se-default,1.0.0,d9be72e3d67c776622c4281e04e4063b9381e8f84a823d98ebf08888b82dff0c,2611923443488327891,90,11134,12371,1237,105117,110468,81802,85737,23315,24731,8557,11006,6370,8533,2187,2473,8557,10352,6370,8061,2187,2291,654
radixor-generalization-v1,4.2.0-6-g84e57fb,84e57fb27ae40913569e826858a8ebb07cf2ea01,dirty,126964f216a48d2164d136a490698301111aae7f050209ced21caf73f8c01fb8,SV_SE,sv-se-default,1.0.0,d9be72e3d67c776622c4281e04e4063b9381e8f84a823d98ebf08888b82dff0c,2611923443488327891,80,9897,12371,2474,103365,110468,80072,85737,23293,24731,17178,22004,12783,17059,4395,4945,17178,20874,12783,16227,4395,4647,1130
radixor-generalization-v1,4.2.0-6-g84e57fb,84e57fb27ae40913569e826858a8ebb07cf2ea01,dirty,126964f216a48d2164d136a490698301111aae7f050209ced21caf73f8c01fb8,SV_SE,sv-se-default,1.0.0,d9be72e3d67c776622c4281e04e4063b9381e8f84a823d98ebf08888b82dff0c,2611923443488327891,70,8660,12371,3711,101418,110468,78263,85737,23155,24731,25813,33066,19261,25648,6552,7418,25813,31597,19261,24577,6552,7020,1469
radixor-generalization-v1,4.2.0-6-g84e57fb,84e57fb27ae40913569e826858a8ebb07cf2ea01,dirty,126964f216a48d2164d136a490698301111aae7f050209ced21caf73f8c01fb8,SV_SE,sv-se-default,1.0.0,d9be72e3d67c776622c4281e04e4063b9381e8f84a823d98ebf08888b82dff0c,2611923443488327891,60,7423,12371,4948,99213,110468,76160,85737,23053,24731,34266,44179,25526,34287,8740,9892,34266,42522,25526,33098,8740,9424,1657
radixor-generalization-v1,4.2.0-6-g84e57fb,84e57fb27ae40913569e826858a8ebb07cf2ea01,dirty,126964f216a48d2164d136a490698301111aae7f050209ced21caf73f8c01fb8,SV_SE,sv-se-default,1.0.0,d9be72e3d67c776622c4281e04e4063b9381e8f84a823d98ebf08888b82dff0c,2611923443488327891,50,6186,12371,6185,96994,110468,74045,85737,22949,24731,42627,55157,31675,42793,10952,12364,42627,53439,31675,41561,10952,11878,1718
radixor-generalization-v1,4.2.0-6-g84e57fb,84e57fb27ae40913569e826858a8ebb07cf2ea01,dirty,126964f216a48d2164d136a490698301111aae7f050209ced21caf73f8c01fb8,SV_SE,sv-se-default,1.0.0,d9be72e3d67c776622c4281e04e4063b9381e8f84a823d98ebf08888b82dff0c,2611923443488327891,40,4948,12371,7423,94452,110468,71635,85737,22817,24731,50681,66162,37531,51322,13150,14840,50681,64399,37531,50071,13150,14328,1763
radixor-generalization-v1,4.2.0-6-g84e57fb,84e57fb27ae40913569e826858a8ebb07cf2ea01,dirty,126964f216a48d2164d136a490698301111aae7f050209ced21caf73f8c01fb8,SV_SE,sv-se-default,1.0.0,d9be72e3d67c776622c4281e04e4063b9381e8f84a823d98ebf08888b82dff0c,2611923443488327891,30,3711,12371,8660,91409,110468,68685,85737,22724,24731,58539,77287,43108,59973,15431,17314,58539,75780,43108,58898,15431,16882,1507
radixor-generalization-v1,4.2.0-6-g84e57fb,84e57fb27ae40913569e826858a8ebb07cf2ea01,dirty,126964f216a48d2164d136a490698301111aae7f050209ced21caf73f8c01fb8,SV_SE,sv-se-default,1.0.0,d9be72e3d67c776622c4281e04e4063b9381e8f84a823d98ebf08888b82dff0c,2611923443488327891,20,2474,12371,9897,87270,110468,64926,85737,22344,24731,65235,88303,47775,68516,17460,19787,65235,87126,47775,67665,17460,19461,1177
radixor-generalization-v1,4.2.0-6-g84e57fb,84e57fb27ae40913569e826858a8ebb07cf2ea01,dirty,126964f216a48d2164d136a490698301111aae7f050209ced21caf73f8c01fb8,SV_SE,sv-se-default,1.0.0,d9be72e3d67c776622c4281e04e4063b9381e8f84a823d98ebf08888b82dff0c,2611923443488327891,10,1237,12371,11134,81357,110468,59690,85737,21667,24731,70405,99487,51202,77230,19203,22257,70405,98851,51202,76772,19203,22079,636
radixor-generalization-v1,4.2.0-6-g84e57fb,84e57fb27ae40913569e826858a8ebb07cf2ea01,dirty,126964f216a48d2164d136a490698301111aae7f050209ced21caf73f8c01fb8,SV_SE,sv-se-default,1.0.0,d9be72e3d67c776622c4281e04e4063b9381e8f84a823d98ebf08888b82dff0c,15111065706836454659,100,12371,12371,0,106837,110468,83514,85737,23323,24731,0,0,0,0,0,0,0,0,0,0,0,0,0
radixor-generalization-v1,4.2.0-6-g84e57fb,84e57fb27ae40913569e826858a8ebb07cf2ea01,dirty,126964f216a48d2164d136a490698301111aae7f050209ced21caf73f8c01fb8,SV_SE,sv-se-default,1.0.0,d9be72e3d67c776622c4281e04e4063b9381e8f84a823d98ebf08888b82dff0c,15111065706836454659,90,11134,12371,1237,105038,110468,81731,85737,23307,24731,8608,11170,6410,8698,2198,2472,8608,10472,6410,8170,2198,2302,698
radixor-generalization-v1,4.2.0-6-g84e57fb,84e57fb27ae40913569e826858a8ebb07cf2ea01,dirty,126964f216a48d2164d136a490698301111aae7f050209ced21caf73f8c01fb8,SV_SE,sv-se-default,1.0.0,d9be72e3d67c776622c4281e04e4063b9381e8f84a823d98ebf08888b82dff0c,15111065706836454659,80,9897,12371,2474,103085,110468,79842,85737,23243,24731,17041,22177,12679,17231,4362,4946,17041,20988,12679,16384,4362,4604,1189
radixor-generalization-v1,4.2.0-6-g84e57fb,84e57fb27ae40913569e826858a8ebb07cf2ea01,dirty,126964f216a48d2164d136a490698301111aae7f050209ced21caf73f8c01fb8,SV_SE,sv-se-default,1.0.0,d9be72e3d67c776622c4281e04e4063b9381e8f84a823d98ebf08888b82dff0c,15111065706836454659,70,8660,12371,3711,101301,110468,78092,85737,23209,24731,25665,33155,19103,25735,6562,7420,25665,31634,19103,24654,6562,6980,1521
radixor-generalization-v1,4.2.0-6-g84e57fb,84e57fb27ae40913569e826858a8ebb07cf2ea01,dirty,126964f216a48d2164d136a490698301111aae7f050209ced21caf73f8c01fb8,SV_SE,sv-se-default,1.0.0,d9be72e3d67c776622c4281e04e4063b9381e8f84a823d98ebf08888b82dff0c,15111065706836454659,60,7423,12371,4948,99308,110468,76181,85737,23127,24731,34287,44229,25526,34336,8761,9893,34287,42503,25526,33102,8761,9401,1726
radixor-generalization-v1,4.2.0-6-g84e57fb,84e57fb27ae40913569e826858a8ebb07cf2ea01,dirty,126964f216a48d2164d136a490698301111aae7f050209ced21caf73f8c01fb8,SV_SE,sv-se-default,1.0.0,d9be72e3d67c776622c4281e04e4063b9381e8f84a823d98ebf08888b82dff0c,15111065706836454659,50,6186,12371,6185,96924,110468,73956,85737,22968,24731,42400,55132,31485,42766,10915,12366,42400,53396,31485,41542,10915,11854,1736
radixor-generalization-v1,4.2.0-6-g84e57fb,84e57fb27ae40913569e826858a8ebb07cf2ea01,dirty,126964f216a48d2164d136a490698301111aae7f050209ced21caf73f8c01fb8,SV_SE,sv-se-default,1.0.0,d9be72e3d67c776622c4281e04e4063b9381e8f84a823d98ebf08888b82dff0c,15111065706836454659,40,4948,12371,7423,94210,110468,71407,85737,22803,24731,50414,66217,37312,51375,13102,14842,50414,64540,37312,50186,13102,14354,1677
radixor-generalization-v1,4.2.0-6-g84e57fb,84e57fb27ae40913569e826858a8ebb07cf2ea01,dirty,126964f216a48d2164d136a490698301111aae7f050209ced21caf73f8c01fb8,SV_SE,sv-se-default,1.0.0,d9be72e3d67c776622c4281e04e4063b9381e8f84a823d98ebf08888b82dff0c,15111065706836454659,30,3711,12371,8660,91133,110468,68415,85737,22718,24731,58231,77298,42816,59984,15415,17314,58231,75957,42816,59043,15415,16914,1341
radixor-generalization-v1,4.2.0-6-g84e57fb,84e57fb27ae40913569e826858a8ebb07cf2ea01,dirty,126964f216a48d2164d136a490698301111aae7f050209ced21caf73f8c01fb8,SV_SE,sv-se-default,1.0.0,d9be72e3d67c776622c4281e04e4063b9381e8f84a823d98ebf08888b82dff0c,15111065706836454659,20,2474,12371,9897,86977,110468,64667,85737,22310,24731,65076,88459,47655,68673,17421,19786,65076,87364,47655,67874,17421,19490,1095
radixor-generalization-v1,4.2.0-6-g84e57fb,84e57fb27ae40913569e826858a8ebb07cf2ea01,dirty,126964f216a48d2164d136a490698301111aae7f050209ced21caf73f8c01fb8,SV_SE,sv-se-default,1.0.0,d9be72e3d67c776622c4281e04e4063b9381e8f84a823d98ebf08888b82dff0c,15111065706836454659,10,1237,12371,11134,81112,110468,59265,85737,21847,24731,70156,99472,50759,77213,19397,22259,70156,98835,50759,76740,19397,22095,637
radixor-generalization-v1,4.2.0-6-g84e57fb,84e57fb27ae40913569e826858a8ebb07cf2ea01,dirty,126964f216a48d2164d136a490698301111aae7f050209ced21caf73f8c01fb8,UK_UA,uk-ua-default,1.0.0,cf3f612cfff16cb7763f99c55851069489b883c3bdd1a6576cd8c57a97e07eae,2654435761,100,1493,1493,0,15628,15737,12671,12752,2957,2985,0,0,0,0,0,0,0,0,0,0,0,0,0
radixor-generalization-v1,4.2.0-6-g84e57fb,84e57fb27ae40913569e826858a8ebb07cf2ea01,dirty,126964f216a48d2164d136a490698301111aae7f050209ced21caf73f8c01fb8,UK_UA,uk-ua-default,1.0.0,cf3f612cfff16cb7763f99c55851069489b883c3bdd1a6576cd8c57a97e07eae,2654435761,90,1344,1493,149,15061,15737,12130,12752,2931,2985,993,1573,727,1275,266,298,993,1561,727,1267,266,294,12
radixor-generalization-v1,4.2.0-6-g84e57fb,84e57fb27ae40913569e826858a8ebb07cf2ea01,dirty,126964f216a48d2164d136a490698301111aae7f050209ced21caf73f8c01fb8,UK_UA,uk-ua-default,1.0.0,cf3f612cfff16cb7763f99c55851069489b883c3bdd1a6576cd8c57a97e07eae,2654435761,80,1194,1493,299,14412,15737,11525,12752,2887,2985,1966,3204,1444,2606,522,598,1966,3185,1444,2591,522,594,19
radixor-generalization-v1,4.2.0-6-g84e57fb,84e57fb27ae40913569e826858a8ebb07cf2ea01,dirty,126964f216a48d2164d136a490698301111aae7f050209ced21caf73f8c01fb8,UK_UA,uk-ua-default,1.0.0,cf3f612cfff16cb7763f99c55851069489b883c3bdd1a6576cd8c57a97e07eae,2654435761,70,1045,1493,448,13869,15737,10990,12752,2879,2985,2905,4711,2099,3815,806,896,2905,4675,2099,3785,806,890,36
radixor-generalization-v1,4.2.0-6-g84e57fb,84e57fb27ae40913569e826858a8ebb07cf2ea01,dirty,126964f216a48d2164d136a490698301111aae7f050209ced21caf73f8c01fb8,UK_UA,uk-ua-default,1.0.0,cf3f612cfff16cb7763f99c55851069489b883c3bdd1a6576cd8c57a97e07eae,2654435761,60,896,1493,597,13281,15737,10422,12752,2859,2985,3898,6315,2818,5121,1080,1194,3898,6256,2818,5076,1080,1180,59
radixor-generalization-v1,4.2.0-6-g84e57fb,84e57fb27ae40913569e826858a8ebb07cf2ea01,dirty,126964f216a48d2164d136a490698301111aae7f050209ced21caf73f8c01fb8,UK_UA,uk-ua-default,1.0.0,cf3f612cfff16cb7763f99c55851069489b883c3bdd1a6576cd8c57a97e07eae,2654435761,50,747,1493,746,12682,15737,9851,12752,2831,2985,4896,7936,3552,6444,1344,1492,4896,7857,3552,6383,1344,1474,79
radixor-generalization-v1,4.2.0-6-g84e57fb,84e57fb27ae40913569e826858a8ebb07cf2ea01,dirty,126964f216a48d2164d136a490698301111aae7f050209ced21caf73f8c01fb8,UK_UA,uk-ua-default,1.0.0,cf3f612cfff16cb7763f99c55851069489b883c3bdd1a6576cd8c57a97e07eae,2654435761,40,597,1493,896,11897,15737,9106,12752,2791,2985,5669,9500,4067,7708,1602,1792,5669,9430,4067,7652,1602,1778,70
radixor-generalization-v1,4.2.0-6-g84e57fb,84e57fb27ae40913569e826858a8ebb07cf2ea01,dirty,126964f216a48d2164d136a490698301111aae7f050209ced21caf73f8c01fb8,UK_UA,uk-ua-default,1.0.0,cf3f612cfff16cb7763f99c55851069489b883c3bdd1a6576cd8c57a97e07eae,2654435761,30,448,1493,1045,11211,15737,8464,12752,2747,2985,6518,11036,4662,8946,1856,2090,6518,10975,4662,8899,1856,2076,61
radixor-generalization-v1,4.2.0-6-g84e57fb,84e57fb27ae40913569e826858a8ebb07cf2ea01,dirty,126964f216a48d2164d136a490698301111aae7f050209ced21caf73f8c01fb8,UK_UA,uk-ua-default,1.0.0,cf3f612cfff16cb7763f99c55851069489b883c3bdd1a6576cd8c57a97e07eae,2654435761,20,299,1493,1194,10450,15737,7798,12752,2652,2985,7294,12581,5240,10194,2054,2387,7294,12522,5240,10149,2054,2373,59
radixor-generalization-v1,4.2.0-6-g84e57fb,84e57fb27ae40913569e826858a8ebb07cf2ea01,dirty,126964f216a48d2164d136a490698301111aae7f050209ced21caf73f8c01fb8,UK_UA,uk-ua-default,1.0.0,cf3f612cfff16cb7763f99c55851069489b883c3bdd1a6576cd8c57a97e07eae,2654435761,10,149,1493,1344,9057,15737,6406,12752,2651,2985,7501,14181,5148,11494,2353,2687,7501,14144,5148,11463,2353,2681,37
radixor-generalization-v1,4.2.0-6-g84e57fb,84e57fb27ae40913569e826858a8ebb07cf2ea01,dirty,126964f216a48d2164d136a490698301111aae7f050209ced21caf73f8c01fb8,UK_UA,uk-ua-default,1.0.0,cf3f612cfff16cb7763f99c55851069489b883c3bdd1a6576cd8c57a97e07eae,11400714819323198485,100,1493,1493,0,15628,15737,12671,12752,2957,2985,0,0,0,0,0,0,0,0,0,0,0,0,0
radixor-generalization-v1,4.2.0-6-g84e57fb,84e57fb27ae40913569e826858a8ebb07cf2ea01,dirty,126964f216a48d2164d136a490698301111aae7f050209ced21caf73f8c01fb8,UK_UA,uk-ua-default,1.0.0,cf3f612cfff16cb7763f99c55851069489b883c3bdd1a6576cd8c57a97e07eae,11400714819323198485,90,1344,1493,149,15088,15737,12153,12752,2935,2985,1036,1585,764,1287,272,298,1036,1576,764,1282,272,294,9
radixor-generalization-v1,4.2.0-6-g84e57fb,84e57fb27ae40913569e826858a8ebb07cf2ea01,dirty,126964f216a48d2164d136a490698301111aae7f050209ced21caf73f8c01fb8,UK_UA,uk-ua-default,1.0.0,cf3f612cfff16cb7763f99c55851069489b883c3bdd1a6576cd8c57a97e07eae,11400714819323198485,80,1194,1493,299,14559,15737,11670,12752,2889,2985,1984,3079,1462,2481,522,598,1984,3053,1462,2463,522,590,26
radixor-generalization-v1,4.2.0-6-g84e57fb,84e57fb27ae40913569e826858a8ebb07cf2ea01,dirty,126964f216a48d2164d136a490698301111aae7f050209ced21caf73f8c01fb8,UK_UA,uk-ua-default,1.0.0,cf3f612cfff16cb7763f99c55851069489b883c3bdd1a6576cd8c57a97e07eae,11400714819323198485,70,1045,1493,448,13939,15737,11074,12752,2865,2985,2887,4614,2097,3718,790,896,2887,4578,2097,3694,790,884,36
radixor-generalization-v1,4.2.0-6-g84e57fb,84e57fb27ae40913569e826858a8ebb07cf2ea01,dirty,126964f216a48d2164d136a490698301111aae7f050209ced21caf73f8c01fb8,UK_UA,uk-ua-default,1.0.0,cf3f612cfff16cb7763f99c55851069489b883c3bdd1a6576cd8c57a97e07eae,11400714819323198485,60,896,1493,597,13114,15737,10293,12752,2821,2985,3630,6208,2588,5014,1042,1194,3630,6155,2588,4973,1042,1182,53
radixor-generalization-v1,4.2.0-6-g84e57fb,84e57fb27ae40913569e826858a8ebb07cf2ea01,dirty,126964f216a48d2164d136a490698301111aae7f050209ced21caf73f8c01fb8,UK_UA,uk-ua-default,1.0.0,cf3f612cfff16cb7763f99c55851069489b883c3bdd1a6576cd8c57a97e07eae,11400714819323198485,50,747,1493,746,12493,15737,9676,12752,2817,2985,4584,7789,3250,6297,1334,1492,4584,7739,3250,6259,1334,1480,50
radixor-generalization-v1,4.2.0-6-g84e57fb,84e57fb27ae40913569e826858a8ebb07cf2ea01,dirty,126964f216a48d2164d136a490698301111aae7f050209ced21caf73f8c01fb8,UK_UA,uk-ua-default,1.0.0,cf3f612cfff16cb7763f99c55851069489b883c3bdd1a6576cd8c57a97e07eae,11400714819323198485,40,597,1493,896,11790,15737,9047,12752,2743,2985,5448,9388,3896,7596,1552,1792,5448,9308,3896,7534,1552,1774,80
radixor-generalization-v1,4.2.0-6-g84e57fb,84e57fb27ae40913569e826858a8ebb07cf2ea01,dirty,126964f216a48d2164d136a490698301111aae7f050209ced21caf73f8c01fb8,UK_UA,uk-ua-default,1.0.0,cf3f612cfff16cb7763f99c55851069489b883c3bdd1a6576cd8c57a97e07eae,11400714819323198485,30,448,1493,1045,11042,15737,8335,12752,2707,2985,6306,10994,4492,8904,1814,2090,6306,10932,4492,8856,1814,2076,62
radixor-generalization-v1,4.2.0-6-g84e57fb,84e57fb27ae40913569e826858a8ebb07cf2ea01,dirty,126964f216a48d2164d136a490698301111aae7f050209ced21caf73f8c01fb8,UK_UA,uk-ua-default,1.0.0,cf3f612cfff16cb7763f99c55851069489b883c3bdd1a6576cd8c57a97e07eae,11400714819323198485,20,299,1493,1194,10025,15737,7344,12752,2681,2985,6871,12583,4788,10196,2083,2387,6871,12556,4788,10177,2083,2379,27
radixor-generalization-v1,4.2.0-6-g84e57fb,84e57fb27ae40913569e826858a8ebb07cf2ea01,dirty,126964f216a48d2164d136a490698301111aae7f050209ced21caf73f8c01fb8,UK_UA,uk-ua-default,1.0.0,cf3f612cfff16cb7763f99c55851069489b883c3bdd1a6576cd8c57a97e07eae,11400714819323198485,10,149,1493,1344,8761,15737,6170,12752,2591,2985,7152,14128,4859,11441,2293,2687,7152,14108,4859,11425,2293,2683,20
radixor-generalization-v1,4.2.0-6-g84e57fb,84e57fb27ae40913569e826858a8ebb07cf2ea01,dirty,126964f216a48d2164d136a490698301111aae7f050209ced21caf73f8c01fb8,UK_UA,uk-ua-default,1.0.0,cf3f612cfff16cb7763f99c55851069489b883c3bdd1a6576cd8c57a97e07eae,7046029254386353131,100,1493,1493,0,15628,15737,12671,12752,2957,2985,0,0,0,0,0,0,0,0,0,0,0,0,0
radixor-generalization-v1,4.2.0-6-g84e57fb,84e57fb27ae40913569e826858a8ebb07cf2ea01,dirty,126964f216a48d2164d136a490698301111aae7f050209ced21caf73f8c01fb8,UK_UA,uk-ua-default,1.0.0,cf3f612cfff16cb7763f99c55851069489b883c3bdd1a6576cd8c57a97e07eae,7046029254386353131,90,1344,1493,149,15033,15737,12104,12752,2929,2985,1025,1628,757,1330,268,298,1025,1621,757,1323,268,298,7
radixor-generalization-v1,4.2.0-6-g84e57fb,84e57fb27ae40913569e826858a8ebb07cf2ea01,dirty,126964f216a48d2164d136a490698301111aae7f050209ced21caf73f8c01fb8,UK_UA,uk-ua-default,1.0.0,cf3f612cfff16cb7763f99c55851069489b883c3bdd1a6576cd8c57a97e07eae,7046029254386353131,80,1194,1493,299,14478,15737,11581,12752,2897,2985,2015,3206,1489,2608,526,598,2015,3166,1489,2578,526,588,40
radixor-generalization-v1,4.2.0-6-g84e57fb,84e57fb27ae40913569e826858a8ebb07cf2ea01,dirty,126964f216a48d2164d136a490698301111aae7f050209ced21caf73f8c01fb8,UK_UA,uk-ua-default,1.0.0,cf3f612cfff16cb7763f99c55851069489b883c3bdd1a6576cd8c57a97e07eae,7046029254386353131,70,1045,1493,448,13774,15737,10939,12752,2835,2985,2882,4779,2120,3883,762,896,2882,4747,2120,3859,762,888,32
radixor-generalization-v1,4.2.0-6-g84e57fb,84e57fb27ae40913569e826858a8ebb07cf2ea01,dirty,126964f216a48d2164d136a490698301111aae7f050209ced21caf73f8c01fb8,UK_UA,uk-ua-default,1.0.0,cf3f612cfff16cb7763f99c55851069489b883c3bdd1a6576cd8c57a97e07eae,7046029254386353131,60,896,1493,597,13248,15737,10431,12752,2817,2985,3898,6339,2860,5145,1038,1194,3898,6300,2860,5116,1038,1184,39
radixor-generalization-v1,4.2.0-6-g84e57fb,84e57fb27ae40913569e826858a8ebb07cf2ea01,dirty,126964f216a48d2164d136a490698301111aae7f050209ced21caf73f8c01fb8,UK_UA,uk-ua-default,1.0.0,cf3f612cfff16cb7763f99c55851069489b883c3bdd1a6576cd8c57a97e07eae,7046029254386353131,50,747,1493,746,12612,15737,9819,12752,2793,2985,4794,7881,3486,6389,1308,1492,4794,7848,3486,6364,1308,1484,33
radixor-generalization-v1,4.2.0-6-g84e57fb,84e57fb27ae40913569e826858a8ebb07cf2ea01,dirty,126964f216a48d2164d136a490698301111aae7f050209ced21caf73f8c01fb8,UK_UA,uk-ua-default,1.0.0,cf3f612cfff16cb7763f99c55851069489b883c3bdd1a6576cd8c57a97e07eae,7046029254386353131,40,597,1493,896,11818,15737,9045,12752,2773,2985,5535,9426,3947,7634,1588,1792,5535,9392,3947,7608,1588,1784,34
radixor-generalization-v1,4.2.0-6-g84e57fb,84e57fb27ae40913569e826858a8ebb07cf2ea01,dirty,126964f216a48d2164d136a490698301111aae7f050209ced21caf73f8c01fb8,UK_UA,uk-ua-default,1.0.0,cf3f612cfff16cb7763f99c55851069489b883c3bdd1a6576cd8c57a97e07eae,7046029254386353131,30,448,1493,1045,11105,15737,8366,12752,2739,2985,6380,10993,4532,8903,1848,2090,6380,10958,4532,8878,1848,2080,35
radixor-generalization-v1,4.2.0-6-g84e57fb,84e57fb27ae40913569e826858a8ebb07cf2ea01,dirty,126964f216a48d2164d136a490698301111aae7f050209ced21caf73f8c01fb8,UK_UA,uk-ua-default,1.0.0,cf3f612cfff16cb7763f99c55851069489b883c3bdd1a6576cd8c57a97e07eae,7046029254386353131,20,299,1493,1194,10359,15737,7666,12752,2693,2985,7191,12552,5091,10164,2100,2388,7191,12528,5091,10146,2100,2382,24
radixor-generalization-v1,4.2.0-6-g84e57fb,84e57fb27ae40913569e826858a8ebb07cf2ea01,dirty,126964f216a48d2164d136a490698301111aae7f050209ced21caf73f8c01fb8,UK_UA,uk-ua-default,1.0.0,cf3f612cfff16cb7763f99c55851069489b883c3bdd1a6576cd8c57a97e07eae,7046029254386353131,10,149,1493,1344,8774,15737,6109,12752,2665,2985,7217,14171,4849,11483,2368,2688,7217,14156,4849,11472,2368,2684,15
radixor-generalization-v1,4.2.0-6-g84e57fb,84e57fb27ae40913569e826858a8ebb07cf2ea01,dirty,126964f216a48d2164d136a490698301111aae7f050209ced21caf73f8c01fb8,UK_UA,uk-ua-default,1.0.0,cf3f612cfff16cb7763f99c55851069489b883c3bdd1a6576cd8c57a97e07eae,2611923443488327891,100,1493,1493,0,15628,15737,12671,12752,2957,2985,0,0,0,0,0,0,0,0,0,0,0,0,0
radixor-generalization-v1,4.2.0-6-g84e57fb,84e57fb27ae40913569e826858a8ebb07cf2ea01,dirty,126964f216a48d2164d136a490698301111aae7f050209ced21caf73f8c01fb8,UK_UA,uk-ua-default,1.0.0,cf3f612cfff16cb7763f99c55851069489b883c3bdd1a6576cd8c57a97e07eae,2611923443488327891,90,1344,1493,149,15016,15737,12093,12752,2923,2985,996,1625,734,1327,262,298,996,1608,734,1312,262,296,17
radixor-generalization-v1,4.2.0-6-g84e57fb,84e57fb27ae40913569e826858a8ebb07cf2ea01,dirty,126964f216a48d2164d136a490698301111aae7f050209ced21caf73f8c01fb8,UK_UA,uk-ua-default,1.0.0,cf3f612cfff16cb7763f99c55851069489b883c3bdd1a6576cd8c57a97e07eae,2611923443488327891,80,1194,1493,299,14432,15737,11543,12752,2889,2985,1976,3209,1454,2611,522,598,1976,3175,1454,2581,522,594,34
radixor-generalization-v1,4.2.0-6-g84e57fb,84e57fb27ae40913569e826858a8ebb07cf2ea01,dirty,126964f216a48d2164d136a490698301111aae7f050209ced21caf73f8c01fb8,UK_UA,uk-ua-default,1.0.0,cf3f612cfff16cb7763f99c55851069489b883c3bdd1a6576cd8c57a97e07eae,2611923443488327891,70,1045,1493,448,13847,15737,10990,12752,2857,2985,2940,4767,2155,3872,785,895,2940,4731,2155,3842,785,889,36
radixor-generalization-v1,4.2.0-6-g84e57fb,84e57fb27ae40913569e826858a8ebb07cf2ea01,dirty,126964f216a48d2164d136a490698301111aae7f050209ced21caf73f8c01fb8,UK_UA,uk-ua-default,1.0.0,cf3f612cfff16cb7763f99c55851069489b883c3bdd1a6576cd8c57a97e07eae,2611923443488327891,60,896,1493,597,13221,15737,10378,12752,2843,2985,3852,6312,2783,5119,1069,1193,3852,6272,2783,5087,1069,1185,40
radixor-generalization-v1,4.2.0-6-g84e57fb,84e57fb27ae40913569e826858a8ebb07cf2ea01,dirty,126964f216a48d2164d136a490698301111aae7f050209ced21caf73f8c01fb8,UK_UA,uk-ua-default,1.0.0,cf3f612cfff16cb7763f99c55851069489b883c3bdd1a6576cd8c57a97e07eae,2611923443488327891,50,747,1493,746,12454,15737,9633,12752,2821,2985,4649,7881,3306,6390,1343,1491,4649,7838,3306,6355,1343,1483,43
radixor-generalization-v1,4.2.0-6-g84e57fb,84e57fb27ae40913569e826858a8ebb07cf2ea01,dirty,126964f216a48d2164d136a490698301111aae7f050209ced21caf73f8c01fb8,UK_UA,uk-ua-default,1.0.0,cf3f612cfff16cb7763f99c55851069489b883c3bdd1a6576cd8c57a97e07eae,2611923443488327891,40,597,1493,896,11694,15737,8897,12752,2797,2985,5459,9463,3844,7672,1615,1791,5459,9413,3844,7630,1615,1783,50
radixor-generalization-v1,4.2.0-6-g84e57fb,84e57fb27ae40913569e826858a8ebb07cf2ea01,dirty,126964f216a48d2164d136a490698301111aae7f050209ced21caf73f8c01fb8,UK_UA,uk-ua-default,1.0.0,cf3f612cfff16cb7763f99c55851069489b883c3bdd1a6576cd8c57a97e07eae,2611923443488327891,30,448,1493,1045,11003,15737,8308,12752,2695,2985,6296,10992,4485,8903,1811,2089,6296,10951,4485,8870,1811,2081,41
radixor-generalization-v1,4.2.0-6-g84e57fb,84e57fb27ae40913569e826858a8ebb07cf2ea01,dirty,126964f216a48d2164d136a490698301111aae7f050209ced21caf73f8c01fb8,UK_UA,uk-ua-default,1.0.0,cf3f612cfff16cb7763f99c55851069489b883c3bdd1a6576cd8c57a97e07eae,2611923443488327891,20,299,1493,1194,10072,15737,7399,12752,2673,2985,6924,12566,4843,10179,2081,2387,6924,12525,4843,10144,2081,2381,41
radixor-generalization-v1,4.2.0-6-g84e57fb,84e57fb27ae40913569e826858a8ebb07cf2ea01,dirty,126964f216a48d2164d136a490698301111aae7f050209ced21caf73f8c01fb8,UK_UA,uk-ua-default,1.0.0,cf3f612cfff16cb7763f99c55851069489b883c3bdd1a6576cd8c57a97e07eae,2611923443488327891,10,149,1493,1344,8691,15737,6108,12752,2583,2985,7112,14158,4827,11471,2285,2687,7112,14121,4827,11442,2285,2679,37
radixor-generalization-v1,4.2.0-6-g84e57fb,84e57fb27ae40913569e826858a8ebb07cf2ea01,dirty,126964f216a48d2164d136a490698301111aae7f050209ced21caf73f8c01fb8,UK_UA,uk-ua-default,1.0.0,cf3f612cfff16cb7763f99c55851069489b883c3bdd1a6576cd8c57a97e07eae,15111065706836454659,100,1493,1493,0,15628,15737,12671,12752,2957,2985,0,0,0,0,0,0,0,0,0,0,0,0,0
radixor-generalization-v1,4.2.0-6-g84e57fb,84e57fb27ae40913569e826858a8ebb07cf2ea01,dirty,126964f216a48d2164d136a490698301111aae7f050209ced21caf73f8c01fb8,UK_UA,uk-ua-default,1.0.0,cf3f612cfff16cb7763f99c55851069489b883c3bdd1a6576cd8c57a97e07eae,15111065706836454659,90,1344,1493,149,15056,15737,12113,12752,2943,2985,967,1566,691,1268,276,298,967,1548,691,1252,276,296,18
radixor-generalization-v1,4.2.0-6-g84e57fb,84e57fb27ae40913569e826858a8ebb07cf2ea01,dirty,126964f216a48d2164d136a490698301111aae7f050209ced21caf73f8c01fb8,UK_UA,uk-ua-default,1.0.0,cf3f612cfff16cb7763f99c55851069489b883c3bdd1a6576cd8c57a97e07eae,15111065706836454659,80,1194,1493,299,14476,15737,11551,12752,2925,2985,1908,3105,1355,2508,553,597,1908,3070,1355,2477,553,593,35
radixor-generalization-v1,4.2.0-6-g84e57fb,84e57fb27ae40913569e826858a8ebb07cf2ea01,dirty,126964f216a48d2164d136a490698301111aae7f050209ced21caf73f8c01fb8,UK_UA,uk-ua-default,1.0.0,cf3f612cfff16cb7763f99c55851069489b883c3bdd1a6576cd8c57a97e07eae,15111065706836454659,70,1045,1493,448,13842,15737,10967,12752,2875,2985,2823,4673,2024,3778,799,895,2823,4624,2024,3731,799,893,49
radixor-generalization-v1,4.2.0-6-g84e57fb,84e57fb27ae40913569e826858a8ebb07cf2ea01,dirty,126964f216a48d2164d136a490698301111aae7f050209ced21caf73f8c01fb8,UK_UA,uk-ua-default,1.0.0,cf3f612cfff16cb7763f99c55851069489b883c3bdd1a6576cd8c57a97e07eae,15111065706836454659,60,896,1493,597,13231,15737,10368,12752,2863,2985,3744,6218,2667,5025,1077,1193,3744,6161,2667,4974,1077,1187,57
radixor-generalization-v1,4.2.0-6-g84e57fb,84e57fb27ae40913569e826858a8ebb07cf2ea01,dirty,126964f216a48d2164d136a490698301111aae7f050209ced21caf73f8c01fb8,UK_UA,uk-ua-default,1.0.0,cf3f612cfff16cb7763f99c55851069489b883c3bdd1a6576cd8c57a97e07eae,15111065706836454659,50,747,1493,746,12557,15737,9738,12752,2819,2985,4681,7831,3350,6340,1331,1491,4681,7774,3350,6289,1331,1485,57
radixor-generalization-v1,4.2.0-6-g84e57fb,84e57fb27ae40913569e826858a8ebb07cf2ea01,dirty,126964f216a48d2164d136a490698301111aae7f050209ced21caf73f8c01fb8,UK_UA,uk-ua-default,1.0.0,cf3f612cfff16cb7763f99c55851069489b883c3bdd1a6576cd8c57a97e07eae,15111065706836454659,40,597,1493,896,11868,15737,9105,12752,2763,2985,5538,9394,3967,7603,1571,1791,5538,9328,3967,7547,1571,1781,66
radixor-generalization-v1,4.2.0-6-g84e57fb,84e57fb27ae40913569e826858a8ebb07cf2ea01,dirty,126964f216a48d2164d136a490698301111aae7f050209ced21caf73f8c01fb8,UK_UA,uk-ua-default,1.0.0,cf3f612cfff16cb7763f99c55851069489b883c3bdd1a6576cd8c57a97e07eae,15111065706836454659,30,448,1493,1045,11113,15737,8412,12752,2701,2985,6371,10983,4564,8894,1807,2089,6371,10923,4564,8844,1807,2079,60
radixor-generalization-v1,4.2.0-6-g84e57fb,84e57fb27ae40913569e826858a8ebb07cf2ea01,dirty,126964f216a48d2164d136a490698301111aae7f050209ced21caf73f8c01fb8,UK_UA,uk-ua-default,1.0.0,cf3f612cfff16cb7763f99c55851069489b883c3bdd1a6576cd8c57a97e07eae,15111065706836454659,20,299,1493,1194,9949,15737,7320,12752,2629,2985,6810,12587,4777,10200,2033,2387,6810,12563,4777,10180,2033,2383,24
radixor-generalization-v1,4.2.0-6-g84e57fb,84e57fb27ae40913569e826858a8ebb07cf2ea01,dirty,126964f216a48d2164d136a490698301111aae7f050209ced21caf73f8c01fb8,UK_UA,uk-ua-default,1.0.0,cf3f612cfff16cb7763f99c55851069489b883c3bdd1a6576cd8c57a97e07eae,15111065706836454659,10,149,1493,1344,9261,15737,6690,12752,2571,2985,7689,14154,5414,11467,2275,2687,7689,14152,5414,11465,2275,2687,2
radixor-generalization-v1,4.2.0-6-g84e57fb,84e57fb27ae40913569e826858a8ebb07cf2ea01,dirty,126964f216a48d2164d136a490698301111aae7f050209ced21caf73f8c01fb8,US_UK,us-uk-default,1.0.1,0a3ec1fddd5ddb859f5ffa8003efe9200a5ef6203df1fddaf53a58003f33582c,2654435761,100,396939,396939,0,979039,1002414,204599,208540,774440,793874,0,0,0,0,0,0,0,0,0,0,0,0,0
radixor-generalization-v1,4.2.0-6-g84e57fb,84e57fb27ae40913569e826858a8ebb07cf2ea01,dirty,126964f216a48d2164d136a490698301111aae7f050209ced21caf73f8c01fb8,US_UK,us-uk-default,1.0.1,0a3ec1fddd5ddb859f5ffa8003efe9200a5ef6203df1fddaf53a58003f33582c,2654435761,90,357245,396939,39694,974718,1002414,199806,208540,774912,793874,91726,100351,15465,20964,76261,79387,91558,96703,15432,19609,76126,77094,3648
radixor-generalization-v1,4.2.0-6-g84e57fb,84e57fb27ae40913569e826858a8ebb07cf2ea01,dirty,126964f216a48d2164d136a490698301111aae7f050209ced21caf73f8c01fb8,US_UK,us-uk-default,1.0.1,0a3ec1fddd5ddb859f5ffa8003efe9200a5ef6203df1fddaf53a58003f33582c,2654435761,80,317551,396939,79388,970502,1002414,195272,208540,775230,793874,183645,200425,30936,41650,152709,158775,183338,193781,30886,39255,152452,154526,6644
radixor-generalization-v1,4.2.0-6-g84e57fb,84e57fb27ae40913569e826858a8ebb07cf2ea01,dirty,126964f216a48d2164d136a490698301111aae7f050209ced21caf73f8c01fb8,US_UK,us-uk-default,1.0.1,0a3ec1fddd5ddb859f5ffa8003efe9200a5ef6203df1fddaf53a58003f33582c,2654435761,70,277857,396939,119082,966162,1002414,190744,208540,775418,793874,275806,300292,46333,62129,229473,238163,275362,291579,46254,58983,229108,232596,8713
radixor-generalization-v1,4.2.0-6-g84e57fb,84e57fb27ae40913569e826858a8ebb07cf2ea01,dirty,126964f216a48d2164d136a490698301111aae7f050209ced21caf73f8c01fb8,US_UK,us-uk-default,1.0.1,0a3ec1fddd5ddb859f5ffa8003efe9200a5ef6203df1fddaf53a58003f33582c,2654435761,60,238163,396939,158776,961484,1002414,186010,208540,775474,793874,368247,400467,61897,82917,306350,317550,367721,390453,61789,79289,305932,311164,10014
radixor-generalization-v1,4.2.0-6-g84e57fb,84e57fb27ae40913569e826858a8ebb07cf2ea01,dirty,126964f216a48d2164d136a490698301111aae7f050209ced21caf73f8c01fb8,US_UK,us-uk-default,1.0.1,0a3ec1fddd5ddb859f5ffa8003efe9200a5ef6203df1fddaf53a58003f33582c,2654435761,50,198470,396939,198469,956646,1002414,181242,208540,775404,793874,461280,501034,77821,104099,383459,396935,460720,490470,77704,100260,383016,390210,10564
radixor-generalization-v1,4.2.0-6-g84e57fb,84e57fb27ae40913569e826858a8ebb07cf2ea01,dirty,126964f216a48d2164d136a490698301111aae7f050209ced21caf73f8c01fb8,US_UK,us-uk-default,1.0.1,0a3ec1fddd5ddb859f5ffa8003efe9200a5ef6203df1fddaf53a58003f33582c,2654435761,40,158776,396939,238163,951711,1002414,176910,208540,774801,793874,554633,601595,94283,125272,460350,476323,554118,591300,94174,121547,459944,469753,10295
radixor-generalization-v1,4.2.0-6-g84e57fb,84e57fb27ae40913569e826858a8ebb07cf2ea01,dirty,126964f216a48d2164d136a490698301111aae7f050209ced21caf73f8c01fb8,US_UK,us-uk-default,1.0.1,0a3ec1fddd5ddb859f5ffa8003efe9200a5ef6203df1fddaf53a58003f33582c,2654435761,30,119082,396939,277857,946315,1002414,171966,208540,774349,793874,647889,701879,109961,146168,537928,555711,647433,692890,109865,142913,537568,549977,8989
radixor-generalization-v1,4.2.0-6-g84e57fb,84e57fb27ae40913569e826858a8ebb07cf2ea01,dirty,126964f216a48d2164d136a490698301111aae7f050209ced21caf73f8c01fb8,US_UK,us-uk-default,1.0.1,0a3ec1fddd5ddb859f5ffa8003efe9200a5ef6203df1fddaf53a58003f33582c,2654435761,20,79388,396939,317551,940505,1002414,167430,208540,773075,793874,741064,802109,126069,167011,614995,635098,740742,795216,126015,164494,614727,630722,6893
radixor-generalization-v1,4.2.0-6-g84e57fb,84e57fb27ae40913569e826858a8ebb07cf2ea01,dirty,126964f216a48d2164d136a490698301111aae7f050209ced21caf73f8c01fb8,US_UK,us-uk-default,1.0.1,0a3ec1fddd5ddb859f5ffa8003efe9200a5ef6203df1fddaf53a58003f33582c,2654435761,10,39694,396939,357245,934359,1002414,163088,208540,771271,793874,834596,902443,142537,187957,692059,714486,834426,898754,142509,186584,691917,712170,3689
radixor-generalization-v1,4.2.0-6-g84e57fb,84e57fb27ae40913569e826858a8ebb07cf2ea01,dirty,126964f216a48d2164d136a490698301111aae7f050209ced21caf73f8c01fb8,US_UK,us-uk-default,1.0.1,0a3ec1fddd5ddb859f5ffa8003efe9200a5ef6203df1fddaf53a58003f33582c,11400714819323198485,100,396939,396939,0,979039,1002414,204599,208540,774440,793874,0,0,0,0,0,0,0,0,0,0,0,0,0
radixor-generalization-v1,4.2.0-6-g84e57fb,84e57fb27ae40913569e826858a8ebb07cf2ea01,dirty,126964f216a48d2164d136a490698301111aae7f050209ced21caf73f8c01fb8,US_UK,us-uk-default,1.0.1,0a3ec1fddd5ddb859f5ffa8003efe9200a5ef6203df1fddaf53a58003f33582c,11400714819323198485,90,357245,396939,39694,974908,1002414,200072,208540,774836,793874,91562,100085,15453,20698,76109,79387,91383,96354,15412,19361,75971,76993,3731
radixor-generalization-v1,4.2.0-6-g84e57fb,84e57fb27ae40913569e826858a8ebb07cf2ea01,dirty,126964f216a48d2164d136a490698301111aae7f050209ced21caf73f8c01fb8,US_UK,us-uk-default,1.0.1,0a3ec1fddd5ddb859f5ffa8003efe9200a5ef6203df1fddaf53a58003f33582c,11400714819323198485,80,317551,396939,79388,970652,1002414,195414,208540,775238,793874,183650,200306,30961,41531,152689,158775,183311,193699,30894,39090,152417,154609,6607
radixor-generalization-v1,4.2.0-6-g84e57fb,84e57fb27ae40913569e826858a8ebb07cf2ea01,dirty,126964f216a48d2164d136a490698301111aae7f050209ced21caf73f8c01fb8,US_UK,us-uk-default,1.0.1,0a3ec1fddd5ddb859f5ffa8003efe9200a5ef6203df1fddaf53a58003f33582c,11400714819323198485,70,277857,396939,119082,966262,1002414,190818,208540,775444,793874,275989,300494,46585,62332,229404,238162,275579,291831,46502,59152,229077,232679,8663
radixor-generalization-v1,4.2.0-6-g84e57fb,84e57fb27ae40913569e826858a8ebb07cf2ea01,dirty,126964f216a48d2164d136a490698301111aae7f050209ced21caf73f8c01fb8,US_UK,us-uk-default,1.0.1,0a3ec1fddd5ddb859f5ffa8003efe9200a5ef6203df1fddaf53a58003f33582c,11400714819323198485,60,238163,396939,158776,961844,1002414,186242,208540,775602,793874,368738,400815,62406,83265,306332,317550,368250,390750,62299,79553,305951,311197,10065
radixor-generalization-v1,4.2.0-6-g84e57fb,84e57fb27ae40913569e826858a8ebb07cf2ea01,dirty,126964f216a48d2164d136a490698301111aae7f050209ced21caf73f8c01fb8,US_UK,us-uk-default,1.0.1,0a3ec1fddd5ddb859f5ffa8003efe9200a5ef6203df1fddaf53a58003f33582c,11400714819323198485,50,198470,396939,198469,957145,1002414,181405,208540,775740,793874,461636,501034,77980,104098,383656,396936,461102,490475,77878,100195,383224,390280,10559
radixor-generalization-v1,4.2.0-6-g84e57fb,84e57fb27ae40913569e826858a8ebb07cf2ea01,dirty,126964f216a48d2164d136a490698301111aae7f050209ced21caf73f8c01fb8,US_UK,us-uk-default,1.0.1,0a3ec1fddd5ddb859f5ffa8003efe9200a5ef6203df1fddaf53a58003f33582c,11400714819323198485,40,158776,396939,238163,951757,1002414,176601,208540,775156,793874,554572,601516,93910,125192,460662,476324,554059,591318,93809,121426,460250,469892,10198
radixor-generalization-v1,4.2.0-6-g84e57fb,84e57fb27ae40913569e826858a8ebb07cf2ea01,dirty,126964f216a48d2164d136a490698301111aae7f050209ced21caf73f8c01fb8,US_UK,us-uk-default,1.0.1,0a3ec1fddd5ddb859f5ffa8003efe9200a5ef6203df1fddaf53a58003f33582c,11400714819323198485,30,119082,396939,277857,946538,1002414,172030,208540,774508,793874,648141,701943,110087,146231,538054,555712,647678,693033,110000,142929,537678,550104,8910
radixor-generalization-v1,4.2.0-6-g84e57fb,84e57fb27ae40913569e826858a8ebb07cf2ea01,dirty,126964f216a48d2164d136a490698301111aae7f050209ced21caf73f8c01fb8,US_UK,us-uk-default,1.0.1,0a3ec1fddd5ddb859f5ffa8003efe9200a5ef6203df1fddaf53a58003f33582c,11400714819323198485,20,79388,396939,317551,940330,1002414,166872,208540,773458,793874,741064,802248,125624,167148,615440,635100,740725,795432,125573,164564,615152,630868,6816
radixor-generalization-v1,4.2.0-6-g84e57fb,84e57fb27ae40913569e826858a8ebb07cf2ea01,dirty,126964f216a48d2164d136a490698301111aae7f050209ced21caf73f8c01fb8,US_UK,us-uk-default,1.0.1,0a3ec1fddd5ddb859f5ffa8003efe9200a5ef6203df1fddaf53a58003f33582c,11400714819323198485,10,39694,396939,357245,933702,1002414,161438,208540,772264,793874,833824,902313,140760,187825,693064,714488,833634,898572,140738,186396,692896,712176,3741
radixor-generalization-v1,4.2.0-6-g84e57fb,84e57fb27ae40913569e826858a8ebb07cf2ea01,dirty,126964f216a48d2164d136a490698301111aae7f050209ced21caf73f8c01fb8,US_UK,us-uk-default,1.0.1,0a3ec1fddd5ddb859f5ffa8003efe9200a5ef6203df1fddaf53a58003f33582c,7046029254386353131,100,396939,396939,0,979039,1002414,204599,208540,774440,793874,0,0,0,0,0,0,0,0,0,0,0,0,0
radixor-generalization-v1,4.2.0-6-g84e57fb,84e57fb27ae40913569e826858a8ebb07cf2ea01,dirty,126964f216a48d2164d136a490698301111aae7f050209ced21caf73f8c01fb8,US_UK,us-uk-default,1.0.1,0a3ec1fddd5ddb859f5ffa8003efe9200a5ef6203df1fddaf53a58003f33582c,7046029254386353131,90,357245,396939,39694,974856,1002414,200056,208540,774800,793874,91493,100020,15357,20632,76136,79388,91313,96274,15333,19336,75980,76938,3746
radixor-generalization-v1,4.2.0-6-g84e57fb,84e57fb27ae40913569e826858a8ebb07cf2ea01,dirty,126964f216a48d2164d136a490698301111aae7f050209ced21caf73f8c01fb8,US_UK,us-uk-default,1.0.1,0a3ec1fddd5ddb859f5ffa8003efe9200a5ef6203df1fddaf53a58003f33582c,7046029254386353131,80,317551,396939,79388,970521,1002414,195351,208540,775170,793874,183492,200389,30981,41614,152511,158775,183187,193709,30930,39254,152257,154455,6680
radixor-generalization-v1,4.2.0-6-g84e57fb,84e57fb27ae40913569e826858a8ebb07cf2ea01,dirty,126964f216a48d2164d136a490698301111aae7f050209ced21caf73f8c01fb8,US_UK,us-uk-default,1.0.1,0a3ec1fddd5ddb859f5ffa8003efe9200a5ef6203df1fddaf53a58003f33582c,7046029254386353131,70,277857,396939,119082,966189,1002414,190877,208540,775312,793874,275706,300335,46457,62172,229249,238163,275284,291537,46385,59044,228899,232493,8798
radixor-generalization-v1,4.2.0-6-g84e57fb,84e57fb27ae40913569e826858a8ebb07cf2ea01,dirty,126964f216a48d2164d136a490698301111aae7f050209ced21caf73f8c01fb8,US_UK,us-uk-default,1.0.1,0a3ec1fddd5ddb859f5ffa8003efe9200a5ef6203df1fddaf53a58003f33582c,7046029254386353131,60,238163,396939,158776,961508,1002414,186137,208540,775371,793874,368265,400744,62236,83194,306029,317550,367734,390440,62137,79494,305597,310946,10304
radixor-generalization-v1,4.2.0-6-g84e57fb,84e57fb27ae40913569e826858a8ebb07cf2ea01,dirty,126964f216a48d2164d136a490698301111aae7f050209ced21caf73f8c01fb8,US_UK,us-uk-default,1.0.1,0a3ec1fddd5ddb859f5ffa8003efe9200a5ef6203df1fddaf53a58003f33582c,7046029254386353131,50,198470,396939,198469,956518,1002414,181435,208540,775083,793874,460641,500716,77688,103780,382953,396936,460083,489868,77562,99896,382521,389972,10848
radixor-generalization-v1,4.2.0-6-g84e57fb,84e57fb27ae40913569e826858a8ebb07cf2ea01,dirty,126964f216a48d2164d136a490698301111aae7f050209ced21caf73f8c01fb8,US_UK,us-uk-default,1.0.1,0a3ec1fddd5ddb859f5ffa8003efe9200a5ef6203df1fddaf53a58003f33582c,7046029254386353131,40,158776,396939,238163,951453,1002414,176600,208540,774853,793874,553918,601059,93478,124736,460440,476323,553405,590730,93376,121034,460029,469696,10329
radixor-generalization-v1,4.2.0-6-g84e57fb,84e57fb27ae40913569e826858a8ebb07cf2ea01,dirty,126964f216a48d2164d136a490698301111aae7f050209ced21caf73f8c01fb8,US_UK,us-uk-default,1.0.1,0a3ec1fddd5ddb859f5ffa8003efe9200a5ef6203df1fddaf53a58003f33582c,7046029254386353131,30,119082,396939,277857,946003,1002414,171868,208540,774135,793874,646992,701220,109225,145510,537767,555710,646513,692135,109128,142251,537385,549884,9085
radixor-generalization-v1,4.2.0-6-g84e57fb,84e57fb27ae40913569e826858a8ebb07cf2ea01,dirty,126964f216a48d2164d136a490698301111aae7f050209ced21caf73f8c01fb8,US_UK,us-uk-default,1.0.1,0a3ec1fddd5ddb859f5ffa8003efe9200a5ef6203df1fddaf53a58003f33582c,7046029254386353131,20,79388,396939,317551,940445,1002414,167088,208540,773357,793874,740824,801844,125469,166746,615355,635098,740458,794868,125392,164233,615066,630635,6976
radixor-generalization-v1,4.2.0-6-g84e57fb,84e57fb27ae40913569e826858a8ebb07cf2ea01,dirty,126964f216a48d2164d136a490698301111aae7f050209ced21caf73f8c01fb8,US_UK,us-uk-default,1.0.1,0a3ec1fddd5ddb859f5ffa8003efe9200a5ef6203df1fddaf53a58003f33582c,7046029254386353131,10,39694,396939,357245,933816,1002414,162585,208540,771231,793874,833658,902038,141641,187552,692017,714486,833475,898076,141607,186163,691868,711913,3962
radixor-generalization-v1,4.2.0-6-g84e57fb,84e57fb27ae40913569e826858a8ebb07cf2ea01,dirty,126964f216a48d2164d136a490698301111aae7f050209ced21caf73f8c01fb8,US_UK,us-uk-default,1.0.1,0a3ec1fddd5ddb859f5ffa8003efe9200a5ef6203df1fddaf53a58003f33582c,2611923443488327891,100,396939,396939,0,979039,1002414,204599,208540,774440,793874,0,0,0,0,0,0,0,0,0,0,0,0,0
radixor-generalization-v1,4.2.0-6-g84e57fb,84e57fb27ae40913569e826858a8ebb07cf2ea01,dirty,126964f216a48d2164d136a490698301111aae7f050209ced21caf73f8c01fb8,US_UK,us-uk-default,1.0.1,0a3ec1fddd5ddb859f5ffa8003efe9200a5ef6203df1fddaf53a58003f33582c,2611923443488327891,90,357245,396939,39694,974759,1002414,199745,208540,775014,793874,91750,100450,15500,21062,76250,79388,91545,96702,15461,19686,76084,77016,3748
radixor-generalization-v1,4.2.0-6-g84e57fb,84e57fb27ae40913569e826858a8ebb07cf2ea01,dirty,126964f216a48d2164d136a490698301111aae7f050209ced21caf73f8c01fb8,US_UK,us-uk-default,1.0.1,0a3ec1fddd5ddb859f5ffa8003efe9200a5ef6203df1fddaf53a58003f33582c,2611923443488327891,80,317551,396939,79388,970631,1002414,195231,208540,775400,793874,183951,200721,31181,41945,152770,158776,183599,194062,31125,39454,152474,154608,6659
radixor-generalization-v1,4.2.0-6-g84e57fb,84e57fb27ae40913569e826858a8ebb07cf2ea01,dirty,126964f216a48d2164d136a490698301111aae7f050209ced21caf73f8c01fb8,US_UK,us-uk-default,1.0.1,0a3ec1fddd5ddb859f5ffa8003efe9200a5ef6203df1fddaf53a58003f33582c,2611923443488327891,70,277857,396939,119082,966201,1002414,190627,208540,775574,793874,276109,300790,46712,62627,229397,238163,275658,292064,46632,59400,229026,232664,8726
radixor-generalization-v1,4.2.0-6-g84e57fb,84e57fb27ae40913569e826858a8ebb07cf2ea01,dirty,126964f216a48d2164d136a490698301111aae7f050209ced21caf73f8c01fb8,US_UK,us-uk-default,1.0.1,0a3ec1fddd5ddb859f5ffa8003efe9200a5ef6203df1fddaf53a58003f33582c,2611923443488327891,60,238163,396939,158776,961476,1002414,185832,208540,775644,793874,368655,401192,62432,83641,306223,317551,368108,391102,62334,79940,305774,311162,10090
radixor-generalization-v1,4.2.0-6-g84e57fb,84e57fb27ae40913569e826858a8ebb07cf2ea01,dirty,126964f216a48d2164d136a490698301111aae7f050209ced21caf73f8c01fb8,US_UK,us-uk-default,1.0.1,0a3ec1fddd5ddb859f5ffa8003efe9200a5ef6203df1fddaf53a58003f33582c,2611923443488327891,50,198470,396939,198469,956874,1002414,181278,208540,775596,793874,461774,501509,78331,104572,383443,396937,461172,490902,78208,100634,382964,390268,10607
radixor-generalization-v1,4.2.0-6-g84e57fb,84e57fb27ae40913569e826858a8ebb07cf2ea01,dirty,126964f216a48d2164d136a490698301111aae7f050209ced21caf73f8c01fb8,US_UK,us-uk-default,1.0.1,0a3ec1fddd5ddb859f5ffa8003efe9200a5ef6203df1fddaf53a58003f33582c,2611923443488327891,40,158776,396939,238163,951895,1002414,176773,208540,775122,793874,555089,601892,94446,125567,460643,476325,554542,591753,94343,121826,460199,469927,10139
radixor-generalization-v1,4.2.0-6-g84e57fb,84e57fb27ae40913569e826858a8ebb07cf2ea01,dirty,126964f216a48d2164d136a490698301111aae7f050209ced21caf73f8c01fb8,US_UK,us-uk-default,1.0.1,0a3ec1fddd5ddb859f5ffa8003efe9200a5ef6203df1fddaf53a58003f33582c,2611923443488327891,30,119082,396939,277857,946408,1002414,172112,208540,774296,793874,647967,701870,110068,146157,537899,555713,647467,692940,109966,142885,537501,550055,8930
radixor-generalization-v1,4.2.0-6-g84e57fb,84e57fb27ae40913569e826858a8ebb07cf2ea01,dirty,126964f216a48d2164d136a490698301111aae7f050209ced21caf73f8c01fb8,US_UK,us-uk-default,1.0.1,0a3ec1fddd5ddb859f5ffa8003efe9200a5ef6203df1fddaf53a58003f33582c,2611923443488327891,20,79388,396939,317551,941244,1002414,167600,208540,773644,793874,741995,802248,126356,167147,615639,635101,741630,795570,126283,164711,615347,630859,6678
radixor-generalization-v1,4.2.0-6-g84e57fb,84e57fb27ae40913569e826858a8ebb07cf2ea01,dirty,126964f216a48d2164d136a490698301111aae7f050209ced21caf73f8c01fb8,US_UK,us-uk-default,1.0.1,0a3ec1fddd5ddb859f5ffa8003efe9200a5ef6203df1fddaf53a58003f33582c,2611923443488327891,10,39694,396939,357245,934013,1002414,162441,208540,771572,793874,834250,902440,141896,187952,692354,714488,834064,898730,141858,186630,692206,712100,3710
radixor-generalization-v1,4.2.0-6-g84e57fb,84e57fb27ae40913569e826858a8ebb07cf2ea01,dirty,126964f216a48d2164d136a490698301111aae7f050209ced21caf73f8c01fb8,US_UK,us-uk-default,1.0.1,0a3ec1fddd5ddb859f5ffa8003efe9200a5ef6203df1fddaf53a58003f33582c,15111065706836454659,100,396939,396939,0,979039,1002414,204599,208540,774440,793874,0,0,0,0,0,0,0,0,0,0,0,0,0
radixor-generalization-v1,4.2.0-6-g84e57fb,84e57fb27ae40913569e826858a8ebb07cf2ea01,dirty,126964f216a48d2164d136a490698301111aae7f050209ced21caf73f8c01fb8,US_UK,us-uk-default,1.0.1,0a3ec1fddd5ddb859f5ffa8003efe9200a5ef6203df1fddaf53a58003f33582c,15111065706836454659,90,357245,396939,39694,974731,1002414,199789,208540,774942,793874,91716,100560,15589,21173,76127,79387,91520,96735,15546,19715,75974,77020,3825
radixor-generalization-v1,4.2.0-6-g84e57fb,84e57fb27ae40913569e826858a8ebb07cf2ea01,dirty,126964f216a48d2164d136a490698301111aae7f050209ced21caf73f8c01fb8,US_UK,us-uk-default,1.0.1,0a3ec1fddd5ddb859f5ffa8003efe9200a5ef6203df1fddaf53a58003f33582c,15111065706836454659,80,317551,396939,79388,970520,1002414,195086,208540,775434,793874,183803,200839,31140,42064,152663,158775,183477,194126,31083,39556,152394,154570,6713
radixor-generalization-v1,4.2.0-6-g84e57fb,84e57fb27ae40913569e826858a8ebb07cf2ea01,dirty,126964f216a48d2164d136a490698301111aae7f050209ced21caf73f8c01fb8,US_UK,us-uk-default,1.0.1,0a3ec1fddd5ddb859f5ffa8003efe9200a5ef6203df1fddaf53a58003f33582c,15111065706836454659,70,277857,396939,119082,965994,1002414,190208,208540,775786,793874,276120,301290,46696,63128,229424,238162,275704,292400,46629,59803,229075,232597,8890
radixor-generalization-v1,4.2.0-6-g84e57fb,84e57fb27ae40913569e826858a8ebb07cf2ea01,dirty,126964f216a48d2164d136a490698301111aae7f050209ced21caf73f8c01fb8,US_UK,us-uk-default,1.0.1,0a3ec1fddd5ddb859f5ffa8003efe9200a5ef6203df1fddaf53a58003f33582c,15111065706836454659,60,238163,396939,158776,961565,1002414,185715,208540,775850,793874,368648,401292,62320,83742,306328,317550,368138,391117,62233,79966,305905,311151,10175
radixor-generalization-v1,4.2.0-6-g84e57fb,84e57fb27ae40913569e826858a8ebb07cf2ea01,dirty,126964f216a48d2164d136a490698301111aae7f050209ced21caf73f8c01fb8,US_UK,us-uk-default,1.0.1,0a3ec1fddd5ddb859f5ffa8003efe9200a5ef6203df1fddaf53a58003f33582c,15111065706836454659,50,198470,396939,198469,956627,1002414,180993,208540,775634,793874,461342,501402,77910,104466,383432,396936,460816,490812,77823,100533,382993,390279,10590
radixor-generalization-v1,4.2.0-6-g84e57fb,84e57fb27ae40913569e826858a8ebb07cf2ea01,dirty,126964f216a48d2164d136a490698301111aae7f050209ced21caf73f8c01fb8,US_UK,us-uk-default,1.0.1,0a3ec1fddd5ddb859f5ffa8003efe9200a5ef6203df1fddaf53a58003f33582c,15111065706836454659,40,158776,396939,238163,951888,1002414,176631,208540,775257,793874,554907,601780,94180,125458,460727,476322,554408,591708,94094,121713,460314,469995,10072
radixor-generalization-v1,4.2.0-6-g84e57fb,84e57fb27ae40913569e826858a8ebb07cf2ea01,dirty,126964f216a48d2164d136a490698301111aae7f050209ced21caf73f8c01fb8,US_UK,us-uk-default,1.0.1,0a3ec1fddd5ddb859f5ffa8003efe9200a5ef6203df1fddaf53a58003f33582c,15111065706836454659,30,119082,396939,277857,946611,1002414,171960,208540,774651,793874,648383,702120,110200,146410,538183,555710,647914,693258,110109,143102,537805,550156,8862
radixor-generalization-v1,4.2.0-6-g84e57fb,84e57fb27ae40913569e826858a8ebb07cf2ea01,dirty,126964f216a48d2164d136a490698301111aae7f050209ced21caf73f8c01fb8,US_UK,us-uk-default,1.0.1,0a3ec1fddd5ddb859f5ffa8003efe9200a5ef6203df1fddaf53a58003f33582c,15111065706836454659,20,79388,396939,317551,940929,1002414,167474,208540,773455,793874,741487,802095,126100,166997,615387,635098,741134,795287,126027,164463,615107,630824,6808
radixor-generalization-v1,4.2.0-6-g84e57fb,84e57fb27ae40913569e826858a8ebb07cf2ea01,dirty,126964f216a48d2164d136a490698301111aae7f050209ced21caf73f8c01fb8,US_UK,us-uk-default,1.0.1,0a3ec1fddd5ddb859f5ffa8003efe9200a5ef6203df1fddaf53a58003f33582c,15111065706836454659,10,39694,396939,357245,933477,1002414,162076,208540,771401,793874,833625,902336,141438,187850,692187,714486,833456,898536,141403,186432,692053,712104,3800
radixor-generalization-v1,4.2.0-6-g84e57fb,84e57fb27ae40913569e826858a8ebb07cf2ea01,dirty,126964f216a48d2164d136a490698301111aae7f050209ced21caf73f8c01fb8,YI,yi-default,1.0.0,f47de665c27dcd72833a82904e49c68a945bb5aca769a7ec5a0164e2c981a6d3,2654435761,100,802,802,0,4244,4300,2740,2776,1504,1524,0,0,0,0,0,0,0,0,0,0,0,0,0
radixor-generalization-v1,4.2.0-6-g84e57fb,84e57fb27ae40913569e826858a8ebb07cf2ea01,dirty,126964f216a48d2164d136a490698301111aae7f050209ced21caf73f8c01fb8,YI,yi-default,1.0.0,f47de665c27dcd72833a82904e49c68a945bb5aca769a7ec5a0164e2c981a6d3,2654435761,90,722,802,80,4070,4300,2584,2776,1486,1524,250,429,118,277,132,152,250,424,118,274,132,150,5
radixor-generalization-v1,4.2.0-6-g84e57fb,84e57fb27ae40913569e826858a8ebb07cf2ea01,dirty,126964f216a48d2164d136a490698301111aae7f050209ced21caf73f8c01fb8,YI,yi-default,1.0.0,f47de665c27dcd72833a82904e49c68a945bb5aca769a7ec5a0164e2c981a6d3,2654435761,80,642,802,160,3909,4300,2433,2776,1476,1524,511,858,244,557,267,301,511,846,244,551,267,295,12
radixor-generalization-v1,4.2.0-6-g84e57fb,84e57fb27ae40913569e826858a8ebb07cf2ea01,dirty,126964f216a48d2164d136a490698301111aae7f050209ced21caf73f8c01fb8,YI,yi-default,1.0.0,f47de665c27dcd72833a82904e49c68a945bb5aca769a7ec5a0164e2c981a6d3,2654435761,70,561,802,241,3744,4300,2275,2776,1469,1524,768,1294,358,839,410,455,768,1268,358,823,410,445,26
radixor-generalization-v1,4.2.0-6-g84e57fb,84e57fb27ae40913569e826858a8ebb07cf2ea01,dirty,126964f216a48d2164d136a490698301111aae7f050209ced21caf73f8c01fb8,YI,yi-default,1.0.0,f47de665c27dcd72833a82904e49c68a945bb5aca769a7ec5a0164e2c981a6d3,2654435761,60,481,802,321,3559,4300,2104,2776,1455,1524,1011,1726,463,1119,548,607,1011,1697,463,1100,548,597,29
radixor-generalization-v1,4.2.0-6-g84e57fb,84e57fb27ae40913569e826858a8ebb07cf2ea01,dirty,126964f216a48d2164d136a490698301111aae7f050209ced21caf73f8c01fb8,YI,yi-default,1.0.0,f47de665c27dcd72833a82904e49c68a945bb5aca769a7ec5a0164e2c981a6d3,2654435761,50,401,802,401,3352,4300,1913,2776,1439,1524,1225,2155,539,1394,686,761,1225,2122,539,1371,686,751,33
radixor-generalization-v1,4.2.0-6-g84e57fb,84e57fb27ae40913569e826858a8ebb07cf2ea01,dirty,126964f216a48d2164d136a490698301111aae7f050209ced21caf73f8c01fb8,YI,yi-default,1.0.0,f47de665c27dcd72833a82904e49c68a945bb5aca769a7ec5a0164e2c981a6d3,2654435761,40,321,802,481,3243,4300,1819,2776,1424,1524,1535,2579,718,1668,817,911,1535,2542,718,1645,817,897,37
radixor-generalization-v1,4.2.0-6-g84e57fb,84e57fb27ae40913569e826858a8ebb07cf2ea01,dirty,126964f216a48d2164d136a490698301111aae7f050209ced21caf73f8c01fb8,YI,yi-default,1.0.0,f47de665c27dcd72833a82904e49c68a945bb5aca769a7ec5a0164e2c981a6d3,2654435761,30,241,802,561,2986,4300,1593,2776,1393,1524,1709,3017,770,1949,939,1068,1709,2991,770,1933,939,1058,26
radixor-generalization-v1,4.2.0-6-g84e57fb,84e57fb27ae40913569e826858a8ebb07cf2ea01,dirty,126964f216a48d2164d136a490698301111aae7f050209ced21caf73f8c01fb8,YI,yi-default,1.0.0,f47de665c27dcd72833a82904e49c68a945bb5aca769a7ec5a0164e2c981a6d3,2654435761,20,160,802,642,2803,4300,1404,2776,1399,1524,1950,3442,855,2224,1095,1218,1950,3423,855,2215,1095,1208,19
radixor-generalization-v1,4.2.0-6-g84e57fb,84e57fb27ae40913569e826858a8ebb07cf2ea01,dirty,126964f216a48d2164d136a490698301111aae7f050209ced21caf73f8c01fb8,YI,yi-default,1.0.0,f47de665c27dcd72833a82904e49c68a945bb5aca769a7ec5a0164e2c981a6d3,2654435761,10,80,802,722,2517,4300,1118,2776,1399,1524,2091,3872,843,2501,1248,1371,2091,3869,843,2498,1248,1371,3
radixor-generalization-v1,4.2.0-6-g84e57fb,84e57fb27ae40913569e826858a8ebb07cf2ea01,dirty,126964f216a48d2164d136a490698301111aae7f050209ced21caf73f8c01fb8,YI,yi-default,1.0.0,f47de665c27dcd72833a82904e49c68a945bb5aca769a7ec5a0164e2c981a6d3,11400714819323198485,100,802,802,0,4244,4300,2740,2776,1504,1524,0,0,0,0,0,0,0,0,0,0,0,0,0
radixor-generalization-v1,4.2.0-6-g84e57fb,84e57fb27ae40913569e826858a8ebb07cf2ea01,dirty,126964f216a48d2164d136a490698301111aae7f050209ced21caf73f8c01fb8,YI,yi-default,1.0.0,f47de665c27dcd72833a82904e49c68a945bb5aca769a7ec5a0164e2c981a6d3,11400714819323198485,90,722,802,80,4078,4300,2596,2776,1482,1524,247,429,121,275,126,154,247,411,121,267,126,144,18
radixor-generalization-v1,4.2.0-6-g84e57fb,84e57fb27ae40913569e826858a8ebb07cf2ea01,dirty,126964f216a48d2164d136a490698301111aae7f050209ced21caf73f8c01fb8,YI,yi-default,1.0.0,f47de665c27dcd72833a82904e49c68a945bb5aca769a7ec5a0164e2c981a6d3,11400714819323198485,80,642,802,160,3910,4300,2460,2776,1450,1524,493,852,251,546,242,306,493,823,251,535,242,288,29
radixor-generalization-v1,4.2.0-6-g84e57fb,84e57fb27ae40913569e826858a8ebb07cf2ea01,dirty,126964f216a48d2164d136a490698301111aae7f050209ced21caf73f8c01fb8,YI,yi-default,1.0.0,f47de665c27dcd72833a82904e49c68a945bb5aca769a7ec5a0164e2c981a6d3,11400714819323198485,70,561,802,241,3763,4300,2327,2776,1436,1524,779,1285,392,820,387,465,779,1258,392,811,387,447,27
radixor-generalization-v1,4.2.0-6-g84e57fb,84e57fb27ae40913569e826858a8ebb07cf2ea01,dirty,126964f216a48d2164d136a490698301111aae7f050209ced21caf73f8c01fb8,YI,yi-default,1.0.0,f47de665c27dcd72833a82904e49c68a945bb5aca769a7ec5a0164e2c981a6d3,11400714819323198485,60,481,802,321,3564,4300,2152,2776,1412,1524,1006,1716,495,1103,511,613,1006,1687,495,1096,511,591,29
radixor-generalization-v1,4.2.0-6-g84e57fb,84e57fb27ae40913569e826858a8ebb07cf2ea01,dirty,126964f216a48d2164d136a490698301111aae7f050209ced21caf73f8c01fb8,YI,yi-default,1.0.0,f47de665c27dcd72833a82904e49c68a945bb5aca769a7ec5a0164e2c981a6d3,11400714819323198485,50,401,802,401,3408,4300,1990,2776,1418,1524,1276,2144,610,1382,666,762,1276,2120,610,1376,666,744,24
radixor-generalization-v1,4.2.0-6-g84e57fb,84e57fb27ae40913569e826858a8ebb07cf2ea01,dirty,126964f216a48d2164d136a490698301111aae7f050209ced21caf73f8c01fb8,YI,yi-default,1.0.0,f47de665c27dcd72833a82904e49c68a945bb5aca769a7ec5a0164e2c981a6d3,11400714819323198485,40,321,802,481,3255,4300,1861,2776,1394,1524,1548,2577,752,1661,796,916,1548,2550,752,1648,796,902,27
radixor-generalization-v1,4.2.0-6-g84e57fb,84e57fb27ae40913569e826858a8ebb07cf2ea01,dirty,126964f216a48d2164d136a490698301111aae7f050209ced21caf73f8c01fb8,YI,yi-default,1.0.0,f47de665c27dcd72833a82904e49c68a945bb5aca769a7ec5a0164e2c981a6d3,11400714819323198485,30,241,802,561,3061,4300,1692,2776,1369,1524,1778,3007,859,1937,919,1070,1778,2983,859,1927,919,1056,24
radixor-generalization-v1,4.2.0-6-g84e57fb,84e57fb27ae40913569e826858a8ebb07cf2ea01,dirty,126964f216a48d2164d136a490698301111aae7f050209ced21caf73f8c01fb8,YI,yi-default,1.0.0,f47de665c27dcd72833a82904e49c68a945bb5aca769a7ec5a0164e2c981a6d3,11400714819323198485,20,160,802,642,2887,4300,1512,2776,1375,1524,2036,3444,957,2216,1079,1228,2036,3425,957,2207,1079,1218,19
radixor-generalization-v1,4.2.0-6-g84e57fb,84e57fb27ae40913569e826858a8ebb07cf2ea01,dirty,126964f216a48d2164d136a490698301111aae7f050209ced21caf73f8c01fb8,YI,yi-default,1.0.0,f47de665c27dcd72833a82904e49c68a945bb5aca769a7ec5a0164e2c981a6d3,11400714819323198485,10,80,802,722,2590,4300,1220,2776,1370,1524,2160,3870,937,2493,1223,1377,2160,3848,937,2481,1223,1367,22
radixor-generalization-v1,4.2.0-6-g84e57fb,84e57fb27ae40913569e826858a8ebb07cf2ea01,dirty,126964f216a48d2164d136a490698301111aae7f050209ced21caf73f8c01fb8,YI,yi-default,1.0.0,f47de665c27dcd72833a82904e49c68a945bb5aca769a7ec5a0164e2c981a6d3,7046029254386353131,100,802,802,0,4244,4300,2740,2776,1504,1524,0,0,0,0,0,0,0,0,0,0,0,0,0
radixor-generalization-v1,4.2.0-6-g84e57fb,84e57fb27ae40913569e826858a8ebb07cf2ea01,dirty,126964f216a48d2164d136a490698301111aae7f050209ced21caf73f8c01fb8,YI,yi-default,1.0.0,f47de665c27dcd72833a82904e49c68a945bb5aca769a7ec5a0164e2c981a6d3,7046029254386353131,90,722,802,80,4081,4300,2583,2776,1498,1524,249,425,113,275,136,150,249,413,113,269,136,144,12
radixor-generalization-v1,4.2.0-6-g84e57fb,84e57fb27ae40913569e826858a8ebb07cf2ea01,dirty,126964f216a48d2164d136a490698301111aae7f050209ced21caf73f8c01fb8,YI,yi-default,1.0.0,f47de665c27dcd72833a82904e49c68a945bb5aca769a7ec5a0164e2c981a6d3,7046029254386353131,80,642,802,160,3910,4300,2436,2776,1474,1524,487,845,228,544,259,301,487,822,228,531,259,291,23
radixor-generalization-v1,4.2.0-6-g84e57fb,84e57fb27ae40913569e826858a8ebb07cf2ea01,dirty,126964f216a48d2164d136a490698301111aae7f050209ced21caf73f8c01fb8,YI,yi-default,1.0.0,f47de665c27dcd72833a82904e49c68a945bb5aca769a7ec5a0164e2c981a6d3,7046029254386353131,70,561,802,241,3777,4300,2315,2776,1462,1524,785,1277,382,820,403,457,785,1254,382,809,403,445,23
radixor-generalization-v1,4.2.0-6-g84e57fb,84e57fb27ae40913569e826858a8ebb07cf2ea01,dirty,126964f216a48d2164d136a490698301111aae7f050209ced21caf73f8c01fb8,YI,yi-default,1.0.0,f47de665c27dcd72833a82904e49c68a945bb5aca769a7ec5a0164e2c981a6d3,7046029254386353131,60,481,802,321,3606,4300,2162,2776,1444,1524,1031,1707,495,1095,536,612,1031,1671,495,1075,536,596,36
radixor-generalization-v1,4.2.0-6-g84e57fb,84e57fb27ae40913569e826858a8ebb07cf2ea01,dirty,126964f216a48d2164d136a490698301111aae7f050209ced21caf73f8c01fb8,YI,yi-default,1.0.0,f47de665c27dcd72833a82904e49c68a945bb5aca769a7ec5a0164e2c981a6d3,7046029254386353131,50,401,802,401,3497,4300,2063,2776,1434,1524,1342,2133,667,1370,675,763,1342,2091,667,1346,675,745,42
radixor-generalization-v1,4.2.0-6-g84e57fb,84e57fb27ae40913569e826858a8ebb07cf2ea01,dirty,126964f216a48d2164d136a490698301111aae7f050209ced21caf73f8c01fb8,YI,yi-default,1.0.0,f47de665c27dcd72833a82904e49c68a945bb5aca769a7ec5a0164e2c981a6d3,7046029254386353131,40,321,802,481,3332,4300,1911,2776,1421,1524,1604,2561,789,1645,815,916,1604,2519,789,1621,815,898,42
radixor-generalization-v1,4.2.0-6-g84e57fb,84e57fb27ae40913569e826858a8ebb07cf2ea01,dirty,126964f216a48d2164d136a490698301111aae7f050209ced21caf73f8c01fb8,YI,yi-default,1.0.0,f47de665c27dcd72833a82904e49c68a945bb5aca769a7ec5a0164e2c981a6d3,7046029254386353131,30,241,802,561,3136,4300,1734,2776,1402,1524,1842,3001,897,1934,945,1067,1842,2961,897,1914,945,1047,40
radixor-generalization-v1,4.2.0-6-g84e57fb,84e57fb27ae40913569e826858a8ebb07cf2ea01,dirty,126964f216a48d2164d136a490698301111aae7f050209ced21caf73f8c01fb8,YI,yi-default,1.0.0,f47de665c27dcd72833a82904e49c68a945bb5aca769a7ec5a0164e2c981a6d3,7046029254386353131,20,160,802,642,2847,4300,1471,2776,1376,1524,1985,3436,908,2211,1077,1225,1985,3400,908,2197,1077,1203,36
radixor-generalization-v1,4.2.0-6-g84e57fb,84e57fb27ae40913569e826858a8ebb07cf2ea01,dirty,126964f216a48d2164d136a490698301111aae7f050209ced21caf73f8c01fb8,YI,yi-default,1.0.0,f47de665c27dcd72833a82904e49c68a945bb5aca769a7ec5a0164e2c981a6d3,7046029254386353131,10,80,802,722,2727,4300,1393,2776,1334,1524,2288,3861,1104,2487,1184,1374,2288,3828,1104,2476,1184,1352,33
radixor-generalization-v1,4.2.0-6-g84e57fb,84e57fb27ae40913569e826858a8ebb07cf2ea01,dirty,126964f216a48d2164d136a490698301111aae7f050209ced21caf73f8c01fb8,YI,yi-default,1.0.0,f47de665c27dcd72833a82904e49c68a945bb5aca769a7ec5a0164e2c981a6d3,2611923443488327891,100,802,802,0,4244,4300,2740,2776,1504,1524,0,0,0,0,0,0,0,0,0,0,0,0,0
radixor-generalization-v1,4.2.0-6-g84e57fb,84e57fb27ae40913569e826858a8ebb07cf2ea01,dirty,126964f216a48d2164d136a490698301111aae7f050209ced21caf73f8c01fb8,YI,yi-default,1.0.0,f47de665c27dcd72833a82904e49c68a945bb5aca769a7ec5a0164e2c981a6d3,2611923443488327891,90,722,802,80,4109,4300,2609,2776,1500,1524,280,428,139,275,141,153,280,418,139,269,141,149,10
radixor-generalization-v1,4.2.0-6-g84e57fb,84e57fb27ae40913569e826858a8ebb07cf2ea01,dirty,126964f216a48d2164d136a490698301111aae7f050209ced21caf73f8c01fb8,YI,yi-default,1.0.0,f47de665c27dcd72833a82904e49c68a945bb5aca769a7ec5a0164e2c981a6d3,2611923443488327891,80,642,802,160,3946,4300,2468,2776,1478,1524,537,860,263,552,274,308,537,836,263,536,274,300,24
radixor-generalization-v1,4.2.0-6-g84e57fb,84e57fb27ae40913569e826858a8ebb07cf2ea01,dirty,126964f216a48d2164d136a490698301111aae7f050209ced21caf73f8c01fb8,YI,yi-default,1.0.0,f47de665c27dcd72833a82904e49c68a945bb5aca769a7ec5a0164e2c981a6d3,2611923443488327891,70,561,802,241,3778,4300,2308,2776,1470,1524,801,1294,381,832,420,462,801,1269,381,815,420,454,25
radixor-generalization-v1,4.2.0-6-g84e57fb,84e57fb27ae40913569e826858a8ebb07cf2ea01,dirty,126964f216a48d2164d136a490698301111aae7f050209ced21caf73f8c01fb8,YI,yi-default,1.0.0,f47de665c27dcd72833a82904e49c68a945bb5aca769a7ec5a0164e2c981a6d3,2611923443488327891,60,481,802,321,3609,4300,2162,2776,1447,1524,1053,1726,509,1109,544,617,1053,1692,509,1089,544,603,34
radixor-generalization-v1,4.2.0-6-g84e57fb,84e57fb27ae40913569e826858a8ebb07cf2ea01,dirty,126964f216a48d2164d136a490698301111aae7f050209ced21caf73f8c01fb8,YI,yi-default,1.0.0,f47de665c27dcd72833a82904e49c68a945bb5aca769a7ec5a0164e2c981a6d3,2611923443488327891,50,401,802,401,3427,4300,1996,2776,1431,1524,1291,2153,616,1385,675,768,1291,2115,616,1369,675,746,38
radixor-generalization-v1,4.2.0-6-g84e57fb,84e57fb27ae40913569e826858a8ebb07cf2ea01,dirty,126964f216a48d2164d136a490698301111aae7f050209ced21caf73f8c01fb8,YI,yi-default,1.0.0,f47de665c27dcd72833a82904e49c68a945bb5aca769a7ec5a0164e2c981a6d3,2611923443488327891,40,321,802,481,3234,4300,1827,2776,1407,1524,1527,2585,723,1664,804,921,1527,2559,723,1654,804,905,26
radixor-generalization-v1,4.2.0-6-g84e57fb,84e57fb27ae40913569e826858a8ebb07cf2ea01,dirty,126964f216a48d2164d136a490698301111aae7f050209ced21caf73f8c01fb8,YI,yi-default,1.0.0,f47de665c27dcd72833a82904e49c68a945bb5aca769a7ec5a0164e2c981a6d3,2611923443488327891,30,241,802,561,2990,4300,1600,2776,1390,1524,1710,3015,771,1942,939,1073,1710,2994,771,1933,939,1061,21
radixor-generalization-v1,4.2.0-6-g84e57fb,84e57fb27ae40913569e826858a8ebb07cf2ea01,dirty,126964f216a48d2164d136a490698301111aae7f050209ced21caf73f8c01fb8,YI,yi-default,1.0.0,f47de665c27dcd72833a82904e49c68a945bb5aca769a7ec5a0164e2c981a6d3,2611923443488327891,20,160,802,642,2769,4300,1414,2776,1355,1524,1911,3442,853,2215,1058,1227,1911,3426,853,2209,1058,1217,16
radixor-generalization-v1,4.2.0-6-g84e57fb,84e57fb27ae40913569e826858a8ebb07cf2ea01,dirty,126964f216a48d2164d136a490698301111aae7f050209ced21caf73f8c01fb8,YI,yi-default,1.0.0,f47de665c27dcd72833a82904e49c68a945bb5aca769a7ec5a0164e2c981a6d3,2611923443488327891,10,80,802,722,2489,4300,1094,2776,1395,1524,2065,3876,818,2500,1247,1376,2065,3867,818,2495,1247,1372,9
radixor-generalization-v1,4.2.0-6-g84e57fb,84e57fb27ae40913569e826858a8ebb07cf2ea01,dirty,126964f216a48d2164d136a490698301111aae7f050209ced21caf73f8c01fb8,YI,yi-default,1.0.0,f47de665c27dcd72833a82904e49c68a945bb5aca769a7ec5a0164e2c981a6d3,15111065706836454659,100,802,802,0,4244,4300,2740,2776,1504,1524,0,0,0,0,0,0,0,0,0,0,0,0,0
radixor-generalization-v1,4.2.0-6-g84e57fb,84e57fb27ae40913569e826858a8ebb07cf2ea01,dirty,126964f216a48d2164d136a490698301111aae7f050209ced21caf73f8c01fb8,YI,yi-default,1.0.0,f47de665c27dcd72833a82904e49c68a945bb5aca769a7ec5a0164e2c981a6d3,15111065706836454659,90,722,802,80,4097,4300,2609,2776,1488,1524,260,417,127,266,133,151,260,404,127,261,133,143,13
radixor-generalization-v1,4.2.0-6-g84e57fb,84e57fb27ae40913569e826858a8ebb07cf2ea01,dirty,126964f216a48d2164d136a490698301111aae7f050209ced21caf73f8c01fb8,YI,yi-default,1.0.0,f47de665c27dcd72833a82904e49c68a945bb5aca769a7ec5a0164e2c981a6d3,15111065706836454659,80,642,802,160,3930,4300,2452,2776,1478,1524,506,843,239,542,267,301,506,818,239,529,267,289,25
radixor-generalization-v1,4.2.0-6-g84e57fb,84e57fb27ae40913569e826858a8ebb07cf2ea01,dirty,126964f216a48d2164d136a490698301111aae7f050209ced21caf73f8c01fb8,YI,yi-default,1.0.0,f47de665c27dcd72833a82904e49c68a945bb5aca769a7ec5a0164e2c981a6d3,15111065706836454659,70,561,802,241,3745,4300,2297,2776,1448,1524,750,1278,359,819,391,459,750,1249,359,804,391,445,29
radixor-generalization-v1,4.2.0-6-g84e57fb,84e57fb27ae40913569e826858a8ebb07cf2ea01,dirty,126964f216a48d2164d136a490698301111aae7f050209ced21caf73f8c01fb8,YI,yi-default,1.0.0,f47de665c27dcd72833a82904e49c68a945bb5aca769a7ec5a0164e2c981a6d3,15111065706836454659,60,481,802,321,3572,4300,2142,2776,1430,1524,1004,1712,481,1099,523,613,1004,1678,481,1081,523,597,34
radixor-generalization-v1,4.2.0-6-g84e57fb,84e57fb27ae40913569e826858a8ebb07cf2ea01,dirty,126964f216a48d2164d136a490698301111aae7f050209ced21caf73f8c01fb8,YI,yi-default,1.0.0,f47de665c27dcd72833a82904e49c68a945bb5aca769a7ec5a0164e2c981a6d3,15111065706836454659,50,401,802,401,3400,4300,1988,2776,1412,1524,1258,2142,606,1382,652,760,1258,2104,606,1364,652,740,38
radixor-generalization-v1,4.2.0-6-g84e57fb,84e57fb27ae40913569e826858a8ebb07cf2ea01,dirty,126964f216a48d2164d136a490698301111aae7f050209ced21caf73f8c01fb8,YI,yi-default,1.0.0,f47de665c27dcd72833a82904e49c68a945bb5aca769a7ec5a0164e2c981a6d3,15111065706836454659,40,321,802,481,3220,4300,1828,2776,1392,1524,1502,2568,716,1654,786,914,1502,2534,716,1638,786,896,34
radixor-generalization-v1,4.2.0-6-g84e57fb,84e57fb27ae40913569e826858a8ebb07cf2ea01,dirty,126964f216a48d2164d136a490698301111aae7f050209ced21caf73f8c01fb8,YI,yi-default,1.0.0,f47de665c27dcd72833a82904e49c68a945bb5aca769a7ec5a0164e2c981a6d3,15111065706836454659,30,241,802,561,2947,4300,1555,2776,1392,1524,1658,3002,720,1932,938,1070,1658,2967,720,1915,938,1052,35
radixor-generalization-v1,4.2.0-6-g84e57fb,84e57fb27ae40913569e826858a8ebb07cf2ea01,dirty,126964f216a48d2164d136a490698301111aae7f050209ced21caf73f8c01fb8,YI,yi-default,1.0.0,f47de665c27dcd72833a82904e49c68a945bb5aca769a7ec5a0164e2c981a6d3,15111065706836454659,20,160,802,642,2730,4300,1372,2776,1358,1524,1867,3434,810,2211,1057,1223,1867,3403,810,2196,1057,1207,31
radixor-generalization-v1,4.2.0-6-g84e57fb,84e57fb27ae40913569e826858a8ebb07cf2ea01,dirty,126964f216a48d2164d136a490698301111aae7f050209ced21caf73f8c01fb8,YI,yi-default,1.0.0,f47de665c27dcd72833a82904e49c68a945bb5aca769a7ec5a0164e2c981a6d3,15111065706836454659,10,80,802,722,2619,4300,1312,2776,1307,1524,2188,3867,1034,2496,1154,1371,2188,3853,1034,2492,1154,1361,14
