language,language_name,predictor,outcome,strata,spearman_median,spearman_q025,spearman_q975,pearson_median
CS_CZ,Czech,delete_cost,unseen_changed_exact,39,0.322039,0.322039,0.322039,0.318705
CS_CZ,Czech,delete_cost,unseen_f05,42,0.322039,0.135605,0.322039,0.318705
CS_CZ,Czech,delete_cost,unseen_over_percent,17,0.258847,0.014634,0.340881,0.062133
CS_CZ,Czech,delete_cost,unseen_under_percent,42,-0.322039,-0.322039,-0.135605,-0.318705
CS_CZ,Czech,delete_cost,patch_command_ratio,45,-0.191819,-0.282827,0.213050,-0.165238
CS_CZ,Czech,delete_cost,trie_nodes,45,-0.254530,-0.278745,0.223249,-0.103947
CS_CZ,Czech,delete_cost,trie_edges,45,-0.192235,-0.271138,0.173873,-0.215284
CS_CZ,Czech,delete_cost,average_path_length,44,-0.322039,-0.322039,0.322039,-0.318705
CS_CZ,Czech,delete_cost,dense_table_slots,45,-0.182028,-0.297361,0.179931,-0.123350
CS_CZ,Czech,delete_cost,value_references,45,-0.175875,-0.241352,0.236133,-0.071981
CS_CZ,Czech,delete_cost,logical_leaf_paths,44,-0.322039,-0.322039,-0.322039,-0.318705
CS_CZ,Czech,insert_cost,unseen_changed_exact,39,0.322039,0.322039,0.322039,0.318705
CS_CZ,Czech,insert_cost,unseen_f05,42,0.322039,0.135605,0.322039,0.318705
CS_CZ,Czech,insert_cost,unseen_over_percent,17,0.258847,0.014634,0.340881,0.062133
CS_CZ,Czech,insert_cost,unseen_under_percent,42,-0.322039,-0.322039,-0.135605,-0.318705
CS_CZ,Czech,insert_cost,patch_command_ratio,45,-0.191819,-0.282827,0.213050,-0.165238
CS_CZ,Czech,insert_cost,trie_nodes,45,-0.254530,-0.278745,0.223249,-0.103947
CS_CZ,Czech,insert_cost,trie_edges,45,-0.192235,-0.271138,0.173873,-0.215284
CS_CZ,Czech,insert_cost,average_path_length,44,-0.322039,-0.322039,0.322039,-0.318705
CS_CZ,Czech,insert_cost,dense_table_slots,45,-0.182028,-0.297361,0.179931,-0.123350
CS_CZ,Czech,insert_cost,value_references,45,-0.175875,-0.241352,0.236133,-0.071981
CS_CZ,Czech,insert_cost,logical_leaf_paths,44,-0.322039,-0.322039,-0.322039,-0.318705
CS_CZ,Czech,replace_cost,unseen_changed_exact,39,-0.553950,-0.553950,-0.553950,-0.595132
CS_CZ,Czech,replace_cost,unseen_f05,42,-0.553950,-0.553950,-0.141337,-0.595132
CS_CZ,Czech,replace_cost,unseen_over_percent,17,-0.553950,-0.748743,-0.480839,-0.429867
CS_CZ,Czech,replace_cost,unseen_under_percent,42,0.553950,0.152729,0.553950,0.595132
CS_CZ,Czech,replace_cost,patch_command_ratio,45,0.516546,-0.111529,0.787008,0.557903
CS_CZ,Czech,replace_cost,trie_nodes,45,0.747841,-0.106081,0.811771,0.533926
CS_CZ,Czech,replace_cost,trie_edges,45,0.740760,0.134939,0.774853,0.680015
CS_CZ,Czech,replace_cost,average_path_length,44,0.553950,-0.553950,0.553950,0.595132
CS_CZ,Czech,replace_cost,dense_table_slots,45,0.730165,0.120908,0.774853,0.565945
CS_CZ,Czech,replace_cost,value_references,45,0.499600,-0.125315,0.695464,0.415417
CS_CZ,Czech,replace_cost,logical_leaf_paths,44,0.553950,0.553950,0.553950,0.595132
CS_CZ,Czech,match_cost,unseen_changed_exact,39,0.017205,0.017205,0.017205,0.017205
CS_CZ,Czech,match_cost,unseen_f05,42,0.017205,-0.142686,0.113596,0.017205
CS_CZ,Czech,match_cost,unseen_over_percent,17,0.172789,0.017205,0.322965,0.311490
CS_CZ,Czech,match_cost,unseen_under_percent,42,-0.017205,-0.113596,0.042622,-0.017205
CS_CZ,Czech,match_cost,patch_command_ratio,45,-0.150913,-0.217073,-0.130492,-0.236070
CS_CZ,Czech,match_cost,trie_nodes,45,-0.139527,-0.215433,-0.127885,-0.267699
CS_CZ,Czech,match_cost,trie_edges,45,-0.144547,-0.188650,-0.132270,-0.166160
CS_CZ,Czech,match_cost,average_path_length,44,-0.017205,-0.017205,0.017205,-0.017205
CS_CZ,Czech,match_cost,dense_table_slots,45,-0.145546,-0.204738,-0.132270,-0.233855
CS_CZ,Czech,match_cost,value_references,45,-0.155735,-0.217836,-0.129393,-0.229662
CS_CZ,Czech,match_cost,logical_leaf_paths,44,-0.017205,-0.017205,-0.017205,-0.017205
CS_CZ,Czech,delete_to_insert_ratio,unseen_changed_exact,39,0.000000,0.000000,0.000000,0.121468
CS_CZ,Czech,delete_to_insert_ratio,unseen_f05,42,0.000000,0.000000,0.000000,0.121468
CS_CZ,Czech,delete_to_insert_ratio,unseen_over_percent,17,0.000000,0.000000,0.000000,0.006224
CS_CZ,Czech,delete_to_insert_ratio,unseen_under_percent,42,0.000000,0.000000,0.000000,-0.121468
CS_CZ,Czech,delete_to_insert_ratio,patch_command_ratio,45,0.000000,0.000000,0.000000,-0.058133
CS_CZ,Czech,delete_to_insert_ratio,trie_nodes,45,0.000000,0.000000,0.000000,-0.032357
CS_CZ,Czech,delete_to_insert_ratio,trie_edges,45,0.000000,0.000000,0.000000,-0.049914
CS_CZ,Czech,delete_to_insert_ratio,average_path_length,44,0.000000,0.000000,0.000000,-0.121468
CS_CZ,Czech,delete_to_insert_ratio,dense_table_slots,45,0.000000,0.000000,0.000000,-0.012326
CS_CZ,Czech,delete_to_insert_ratio,value_references,45,0.000000,0.000000,0.000000,-0.037770
CS_CZ,Czech,delete_to_insert_ratio,logical_leaf_paths,44,0.000000,0.000000,0.000000,-0.121468
CS_CZ,Czech,replace_to_delete_insert,unseen_changed_exact,39,-0.730204,-0.730204,-0.730204,-0.783016
CS_CZ,Czech,replace_to_delete_insert,unseen_f05,42,-0.730204,-0.730204,-0.240687,-0.783016
CS_CZ,Czech,replace_to_delete_insert,unseen_over_percent,17,-0.730204,-0.875773,-0.396123,-0.338890
CS_CZ,Czech,replace_to_delete_insert,unseen_under_percent,42,0.730204,0.244913,0.730204,0.783016
CS_CZ,Czech,replace_to_delete_insert,patch_command_ratio,45,0.561220,-0.304891,0.872467,0.585914
CS_CZ,Czech,replace_to_delete_insert,trie_nodes,45,0.826190,-0.309607,0.892326,0.482149
CS_CZ,Czech,replace_to_delete_insert,trie_edges,45,0.782296,-0.006870,0.872134,0.601279
CS_CZ,Czech,replace_to_delete_insert,average_path_length,44,0.730204,-0.730204,0.730204,0.783016
CS_CZ,Czech,replace_to_delete_insert,dense_table_slots,45,0.782296,-0.053502,0.888652,0.406881
CS_CZ,Czech,replace_to_delete_insert,value_references,45,0.539112,-0.359319,0.761798,0.446071
CS_CZ,Czech,replace_to_delete_insert,logical_leaf_paths,44,0.730204,0.730204,0.730204,0.783016
CS_CZ,Czech,edit_cost_imbalance,unseen_changed_exact,39,-0.177010,-0.177010,-0.177010,-0.136647
CS_CZ,Czech,edit_cost_imbalance,unseen_f05,42,-0.177010,-0.382754,-0.143991,-0.136647
CS_CZ,Czech,edit_cost_imbalance,unseen_over_percent,17,0.053968,-0.177010,0.120088,0.119213
CS_CZ,Czech,edit_cost_imbalance,unseen_under_percent,42,0.177010,0.143991,0.380445,0.136647
CS_CZ,Czech,edit_cost_imbalance,patch_command_ratio,45,0.083057,-0.009299,0.171979,0.006149
CS_CZ,Czech,edit_cost_imbalance,trie_nodes,45,0.019779,-0.049186,0.170602,-0.045817
CS_CZ,Czech,edit_cost_imbalance,trie_edges,45,-0.098839,-0.297789,0.072732,-0.080364
CS_CZ,Czech,edit_cost_imbalance,average_path_length,44,0.177010,-0.177010,0.177010,0.136647
CS_CZ,Czech,edit_cost_imbalance,dense_table_slots,45,-0.098839,-0.308233,0.072732,-0.146060
CS_CZ,Czech,edit_cost_imbalance,value_references,45,0.088182,-0.027481,0.171979,0.039060
CS_CZ,Czech,edit_cost_imbalance,logical_leaf_paths,44,0.177010,0.177010,0.177010,0.136647
CS_CZ,Czech,patch_command_ratio,unseen_changed_exact,39,-0.749816,-0.778404,0.173316,-0.679719
CS_CZ,Czech,patch_command_ratio,unseen_f05,42,-0.740832,-0.971313,0.180285,-0.697114
CS_CZ,Czech,patch_command_ratio,unseen_over_percent,17,-0.549750,-0.845235,0.336482,-0.783910
CS_CZ,Czech,patch_command_ratio,unseen_under_percent,42,0.750318,-0.173155,0.969940,0.697114
CS_CZ,Czech,trie_nodes,unseen_changed_exact,39,-0.750198,-0.780003,0.189317,-0.505663
CS_CZ,Czech,trie_nodes,unseen_f05,42,-0.739597,-0.778404,-0.122874,-0.524046
CS_CZ,Czech,trie_nodes,unseen_over_percent,17,-0.569786,-0.845235,0.537388,-0.742266
CS_CZ,Czech,trie_nodes,unseen_under_percent,42,0.750007,-0.172979,0.809585,0.534529
CS_CZ,Czech,trie_edges,unseen_changed_exact,39,-0.467042,-0.874819,0.542351,-0.526527
CS_CZ,Czech,trie_edges,unseen_f05,42,-0.382223,-0.783325,0.542351,-0.526311
CS_CZ,Czech,trie_edges,unseen_over_percent,17,-0.646505,-0.952699,-0.570709,-0.664739
CS_CZ,Czech,trie_edges,unseen_under_percent,42,0.467042,-0.542351,0.872721,0.526311
CS_CZ,Czech,average_path_length,unseen_changed_exact,38,-1.000000,-1.000000,1.000000,-1.000000
CS_CZ,Czech,average_path_length,unseen_f05,41,-1.000000,-1.000000,0.874819,-1.000000
CS_CZ,Czech,average_path_length,unseen_over_percent,17,-0.189434,-1.000000,0.600665,-0.189434
CS_CZ,Czech,average_path_length,unseen_under_percent,41,1.000000,-1.000000,1.000000,1.000000
CS_CZ,Czech,dense_table_slots,unseen_changed_exact,39,-0.467042,-0.874819,0.571215,-0.236768
CS_CZ,Czech,dense_table_slots,unseen_f05,42,-0.234849,-0.771127,0.571215,-0.246192
CS_CZ,Czech,dense_table_slots,unseen_over_percent,17,-0.579881,-0.952699,0.114446,-0.679540
CS_CZ,Czech,dense_table_slots,unseen_under_percent,42,0.467042,-0.571215,0.872721,0.248449
CS_CZ,Czech,value_references,unseen_changed_exact,39,-0.745678,-0.778814,0.181480,-0.574647
CS_CZ,Czech,value_references,unseen_f05,42,-0.739963,-0.802704,0.449053,-0.598388
CS_CZ,Czech,value_references,unseen_over_percent,17,-0.549429,-0.570709,0.581019,-0.723350
CS_CZ,Czech,value_references,unseen_under_percent,42,0.747528,-0.173307,0.786404,0.621539
CS_CZ,Czech,logical_leaf_paths,unseen_changed_exact,38,-1.000000,-1.000000,-1.000000,-1.000000
CS_CZ,Czech,logical_leaf_paths,unseen_f05,41,-1.000000,-1.000000,-0.778171,-1.000000
CS_CZ,Czech,logical_leaf_paths,unseen_over_percent,17,-0.639602,-1.000000,-0.189434,-0.296298
CS_CZ,Czech,logical_leaf_paths,unseen_under_percent,41,1.000000,0.778171,1.000000,1.000000
CS_CZ,Czech,patch_command_ratio,trie_nodes,45,0.932201,0.478316,1.000000,0.955690
CS_CZ,Czech,patch_command_ratio,trie_edges,45,0.352389,-0.149129,0.874746,0.684418
CS_CZ,Czech,patch_command_ratio,average_path_length,44,0.743711,-0.775575,0.778404,0.697114
CS_CZ,Czech,patch_command_ratio,dense_table_slots,45,0.352389,-0.200221,0.874746,0.655880
CS_CZ,Czech,patch_command_ratio,value_references,45,0.964836,0.477307,1.000000,0.956864
CS_CZ,Czech,patch_command_ratio,logical_leaf_paths,44,0.749816,-0.172833,0.778404,0.697114
DA_DK,Danish,delete_cost,patch_command_ratio,45,0.353182,0.294740,0.362159,0.331137
DA_DK,Danish,delete_cost,trie_nodes,45,0.353182,0.294740,0.362159,0.334867
DA_DK,Danish,delete_cost,value_references,45,0.353182,0.294740,0.362159,0.334867
DA_DK,Danish,insert_cost,patch_command_ratio,45,0.353182,0.294740,0.362159,0.331137
DA_DK,Danish,insert_cost,trie_nodes,45,0.353182,0.294740,0.362159,0.334867
DA_DK,Danish,insert_cost,value_references,45,0.353182,0.294740,0.362159,0.334867
DA_DK,Danish,replace_cost,patch_command_ratio,45,-0.632957,-0.750011,-0.497205,-0.631679
DA_DK,Danish,replace_cost,trie_nodes,45,-0.677459,-0.750011,-0.497205,-0.633399
DA_DK,Danish,replace_cost,value_references,45,-0.677459,-0.750011,-0.497205,-0.633399
DA_DK,Danish,match_cost,patch_command_ratio,45,0.044250,-0.100827,0.169215,0.022616
DA_DK,Danish,match_cost,trie_nodes,45,0.044250,-0.100827,0.169215,0.024459
DA_DK,Danish,match_cost,value_references,45,0.044250,-0.100827,0.169215,0.024459
DA_DK,Danish,delete_to_insert_ratio,patch_command_ratio,45,0.000000,0.000000,0.000000,0.122301
DA_DK,Danish,delete_to_insert_ratio,trie_nodes,45,0.000000,0.000000,0.000000,0.122250
DA_DK,Danish,delete_to_insert_ratio,value_references,45,0.000000,0.000000,0.000000,0.122250
DA_DK,Danish,replace_to_delete_insert,patch_command_ratio,45,-0.793970,-0.888572,-0.735664,-0.798700
DA_DK,Danish,replace_to_delete_insert,trie_nodes,45,-0.880675,-0.888572,-0.735664,-0.801499
DA_DK,Danish,replace_to_delete_insert,value_references,45,-0.880675,-0.888572,-0.735664,-0.801499
DA_DK,Danish,edit_cost_imbalance,patch_command_ratio,45,-0.044491,-0.120931,0.017527,-0.110092
DA_DK,Danish,edit_cost_imbalance,trie_nodes,45,-0.017645,-0.120931,0.017527,-0.107928
DA_DK,Danish,edit_cost_imbalance,value_references,45,-0.017645,-0.120931,0.017527,-0.107928
DA_DK,Danish,patch_command_ratio,trie_nodes,45,1.000000,0.868510,1.000000,1.000000
DA_DK,Danish,patch_command_ratio,value_references,45,1.000000,0.868510,1.000000,1.000000
DE_DE,German,delete_cost,unseen_changed_exact,39,0.168059,-0.028188,0.322039,0.277375
DE_DE,German,delete_cost,unseen_f05,45,-0.042269,-0.315527,0.218603,-0.019838
DE_DE,German,delete_cost,unseen_over_percent,37,0.255429,-0.311665,0.344716,0.237550
DE_DE,German,delete_cost,unseen_under_percent,45,-0.031190,-0.153772,0.324332,-0.014650
DE_DE,German,delete_cost,patch_command_ratio,45,0.115829,0.088074,0.117902,0.124550
DE_DE,German,delete_cost,trie_nodes,45,0.083356,0.051953,0.093824,0.099213
DE_DE,German,delete_cost,trie_edges,45,-0.198368,-0.214638,-0.150147,-0.115689
DE_DE,German,delete_cost,average_path_length,45,-0.177787,-0.359392,0.357095,-0.253465
DE_DE,German,delete_cost,dense_table_slots,45,-0.186113,-0.279196,-0.161564,-0.096069
DE_DE,German,delete_cost,value_references,45,0.097850,0.091013,0.119628,0.119164
DE_DE,German,delete_cost,logical_leaf_paths,45,-0.236217,-0.353182,-0.052324,-0.313947
DE_DE,German,insert_cost,unseen_changed_exact,39,0.168059,-0.028188,0.322039,0.277375
DE_DE,German,insert_cost,unseen_f05,45,-0.042269,-0.315527,0.218603,-0.019838
DE_DE,German,insert_cost,unseen_over_percent,37,0.255429,-0.311665,0.344716,0.237550
DE_DE,German,insert_cost,unseen_under_percent,45,-0.031190,-0.153772,0.324332,-0.014650
DE_DE,German,insert_cost,patch_command_ratio,45,0.115829,0.088074,0.117902,0.124550
DE_DE,German,insert_cost,trie_nodes,45,0.083356,0.051953,0.093824,0.099213
DE_DE,German,insert_cost,trie_edges,45,-0.198368,-0.214638,-0.150147,-0.115689
DE_DE,German,insert_cost,average_path_length,45,-0.177787,-0.359392,0.357095,-0.253465
DE_DE,German,insert_cost,dense_table_slots,45,-0.186113,-0.279196,-0.161564,-0.096069
DE_DE,German,insert_cost,value_references,45,0.097850,0.091013,0.119628,0.119164
DE_DE,German,insert_cost,logical_leaf_paths,45,-0.236217,-0.353182,-0.052324,-0.313947
DE_DE,German,replace_cost,unseen_changed_exact,39,-0.083949,-0.553950,0.494479,-0.477152
DE_DE,German,replace_cost,unseen_f05,45,0.062705,-0.464913,0.727346,0.136022
DE_DE,German,replace_cost,unseen_over_percent,37,-0.553950,-0.803739,0.665455,-0.538886
DE_DE,German,replace_cost,unseen_under_percent,45,0.088070,-0.713775,0.315338,0.183267
DE_DE,German,replace_cost,patch_command_ratio,45,-0.473079,-0.478547,-0.442707,-0.447229
DE_DE,German,replace_cost,trie_nodes,45,-0.426520,-0.440598,-0.358283,-0.332190
DE_DE,German,replace_cost,trie_edges,45,0.596245,0.564806,0.629188,0.541558
DE_DE,German,replace_cost,average_path_length,45,0.166685,-0.671561,0.692566,0.480780
DE_DE,German,replace_cost,dense_table_slots,45,0.625526,0.600937,0.743726,0.506324
DE_DE,German,replace_cost,value_references,45,-0.468443,-0.477653,-0.461193,-0.437054
DE_DE,German,replace_cost,logical_leaf_paths,45,0.376113,0.024950,0.692566,0.589431
DE_DE,German,match_cost,unseen_changed_exact,39,-0.130889,-0.223570,0.017205,-0.072504
DE_DE,German,match_cost,unseen_f05,45,-0.079097,-0.195368,0.156008,-0.029420
DE_DE,German,match_cost,unseen_over_percent,37,0.140354,-0.208582,0.210023,0.198591
DE_DE,German,match_cost,unseen_under_percent,45,-0.010092,-0.131700,0.111895,-0.033846
DE_DE,German,match_cost,patch_command_ratio,45,0.183751,0.180675,0.191212,0.285612
DE_DE,German,match_cost,trie_nodes,45,0.195268,0.188370,0.197433,0.264369
DE_DE,German,match_cost,trie_edges,45,-0.136441,-0.150015,-0.131443,-0.218267
DE_DE,German,match_cost,average_path_length,45,0.064053,-0.117705,0.154808,0.013034
DE_DE,German,match_cost,dense_table_slots,45,-0.143671,-0.164873,-0.128546,-0.290191
DE_DE,German,match_cost,value_references,45,0.181211,0.178910,0.184730,0.289200
DE_DE,German,match_cost,logical_leaf_paths,45,-0.017205,-0.172789,0.140401,-0.017205
DE_DE,German,delete_to_insert_ratio,unseen_changed_exact,39,0.000000,0.000000,0.000000,0.119953
DE_DE,German,delete_to_insert_ratio,unseen_f05,45,0.000000,0.000000,0.000000,0.024343
DE_DE,German,delete_to_insert_ratio,unseen_over_percent,37,0.000000,0.000000,0.000000,0.042570
DE_DE,German,delete_to_insert_ratio,unseen_under_percent,45,0.000000,0.000000,0.000000,-0.068917
DE_DE,German,delete_to_insert_ratio,patch_command_ratio,45,0.000000,0.000000,0.000000,0.004378
DE_DE,German,delete_to_insert_ratio,trie_nodes,45,0.000000,0.000000,0.000000,-0.009095
DE_DE,German,delete_to_insert_ratio,trie_edges,45,0.000000,0.000000,0.000000,-0.041176
DE_DE,German,delete_to_insert_ratio,average_path_length,45,0.000000,0.000000,0.000000,-0.108269
DE_DE,German,delete_to_insert_ratio,dense_table_slots,45,0.000000,0.000000,0.000000,-0.022190
DE_DE,German,delete_to_insert_ratio,value_references,45,0.000000,0.000000,0.000000,0.003242
DE_DE,German,delete_to_insert_ratio,logical_leaf_paths,45,0.000000,0.000000,0.000000,-0.120875
DE_DE,German,replace_to_delete_insert,unseen_changed_exact,39,-0.216161,-0.730204,0.419439,-0.702090
DE_DE,German,replace_to_delete_insert,unseen_f05,45,0.184533,-0.582871,0.839343,0.035789
DE_DE,German,replace_to_delete_insert,unseen_over_percent,37,-0.730204,-0.953996,0.737385,-0.479576
DE_DE,German,replace_to_delete_insert,unseen_under_percent,45,0.060436,-0.866522,0.390352,0.351152
DE_DE,German,replace_to_delete_insert,patch_command_ratio,45,-0.482977,-0.483449,-0.431777,-0.316559
DE_DE,German,replace_to_delete_insert,trie_nodes,45,-0.414265,-0.424817,-0.323930,-0.192264
DE_DE,German,replace_to_delete_insert,trie_edges,45,0.665587,0.602435,0.711434,0.512763
DE_DE,German,replace_to_delete_insert,average_path_length,45,0.275434,-0.871997,0.886425,0.674545
DE_DE,German,replace_to_delete_insert,dense_table_slots,45,0.687216,0.649760,0.852420,0.425949
DE_DE,German,replace_to_delete_insert,value_references,45,-0.457603,-0.485597,-0.453540,-0.308206
DE_DE,German,replace_to_delete_insert,logical_leaf_paths,45,0.515808,0.086249,0.886425,0.777629
DE_DE,German,edit_cost_imbalance,unseen_changed_exact,39,-0.361415,-0.378878,-0.174164,-0.201619
DE_DE,German,edit_cost_imbalance,unseen_f05,45,-0.291900,-0.427242,0.072607,-0.196112
DE_DE,German,edit_cost_imbalance,unseen_over_percent,37,0.108853,-0.301635,0.364100,0.149323
DE_DE,German,edit_cost_imbalance,unseen_under_percent,45,0.276880,-0.077745,0.395081,0.171587
DE_DE,German,edit_cost_imbalance,patch_command_ratio,45,0.382531,0.377715,0.403548,0.246659
DE_DE,German,edit_cost_imbalance,trie_nodes,45,0.406017,0.400133,0.415984,0.296130
DE_DE,German,edit_cost_imbalance,trie_edges,45,0.158105,0.107736,0.202723,0.023780
DE_DE,German,edit_cost_imbalance,average_path_length,45,0.177010,-0.216891,0.366313,0.138259
DE_DE,German,edit_cost_imbalance,dense_table_slots,45,0.105822,-0.016294,0.139395,-0.093679
DE_DE,German,edit_cost_imbalance,value_references,45,0.396389,0.378937,0.399643,0.247809
DE_DE,German,edit_cost_imbalance,logical_leaf_paths,45,0.190107,0.021538,0.367638,0.142174
DE_DE,German,patch_command_ratio,unseen_changed_exact,39,-0.647562,-0.777499,-0.049000,-0.132663
DE_DE,German,patch_command_ratio,unseen_f05,45,-0.580951,-0.937683,0.058013,-0.203259
DE_DE,German,patch_command_ratio,unseen_over_percent,37,0.498761,-0.617511,0.883196,0.769584
DE_DE,German,patch_command_ratio,unseen_under_percent,45,0.503058,-0.055411,0.866534,-0.031799
DE_DE,German,trie_nodes,unseen_changed_exact,39,-0.664846,-0.781404,-0.159264,-0.237518
DE_DE,German,trie_nodes,unseen_f05,45,-0.610588,-0.963633,0.062725,-0.261699
DE_DE,German,trie_nodes,unseen_over_percent,37,0.480088,-0.554479,0.898421,0.706394
DE_DE,German,trie_nodes,unseen_under_percent,45,0.504056,-0.055876,0.841887,0.110712
DE_DE,German,trie_edges,unseen_changed_exact,39,-0.439222,-0.735151,0.463023,-0.344665
DE_DE,German,trie_edges,unseen_f05,45,-0.159943,-0.935114,0.555821,0.044443
DE_DE,German,trie_edges,unseen_over_percent,37,-0.406828,-0.846209,0.868147,-0.500438
DE_DE,German,trie_edges,unseen_under_percent,45,0.334496,-0.466960,0.745476,0.418229
DE_DE,German,average_path_length,unseen_changed_exact,39,-0.639768,-0.955921,0.662741,-0.865086
DE_DE,German,average_path_length,unseen_f05,45,-0.196231,-0.888347,0.428997,-0.263718
DE_DE,German,average_path_length,unseen_over_percent,37,-0.249623,-0.794416,0.755459,-0.300433
DE_DE,German,average_path_length,unseen_under_percent,45,0.350984,-0.804792,0.911053,0.339688
DE_DE,German,dense_table_slots,unseen_changed_exact,39,-0.261626,-0.633423,0.540755,-0.141272
DE_DE,German,dense_table_slots,unseen_f05,45,-0.098090,-0.883938,0.689191,0.000032
DE_DE,German,dense_table_slots,unseen_over_percent,37,-0.563704,-0.912982,0.918017,-0.741287
DE_DE,German,dense_table_slots,unseen_under_percent,45,0.217102,-0.530649,0.626698,0.254821
DE_DE,German,value_references,unseen_changed_exact,39,-0.664201,-0.778437,-0.080040,-0.129396
DE_DE,German,value_references,unseen_f05,45,-0.589821,-0.935547,0.060594,-0.172664
DE_DE,German,value_references,unseen_over_percent,37,0.513829,-0.617634,0.894673,0.788876
DE_DE,German,value_references,unseen_under_percent,45,0.501757,-0.057032,0.866667,-0.030297
DE_DE,German,logical_leaf_paths,unseen_changed_exact,39,-0.747536,-0.895104,-0.227038,-0.915953
DE_DE,German,logical_leaf_paths,unseen_f05,45,-0.253458,-0.834234,0.368851,-0.142106
DE_DE,German,logical_leaf_paths,unseen_over_percent,37,-0.417582,-0.849171,0.434621,-0.393913
DE_DE,German,logical_leaf_paths,unseen_under_percent,45,0.572714,-0.494216,0.899061,0.487639
DE_DE,German,patch_command_ratio,trie_nodes,45,0.971785,0.949276,0.997893,0.963622
DE_DE,German,patch_command_ratio,trie_edges,45,0.018452,-0.043035,0.126537,-0.604674
DE_DE,German,patch_command_ratio,average_path_length,45,0.220635,-0.177848,0.937500,0.047758
DE_DE,German,patch_command_ratio,dense_table_slots,45,-0.078704,-0.366173,0.030975,-0.844132
DE_DE,German,patch_command_ratio,value_references,45,0.995198,0.992516,0.999880,0.999322
DE_DE,German,patch_command_ratio,logical_leaf_paths,45,0.220635,-0.202085,0.656153,-0.180836
ES_ES,Spanish,delete_cost,unseen_changed_exact,45,0.322039,0.322039,0.322039,0.318705
ES_ES,Spanish,delete_cost,unseen_f05,45,0.322039,0.234811,0.322039,0.318705
ES_ES,Spanish,delete_cost,unseen_over_percent,10,0.317264,-0.300668,0.327873,0.300113
ES_ES,Spanish,delete_cost,unseen_under_percent,45,-0.322039,-0.342280,-0.322039,-0.318705
ES_ES,Spanish,delete_cost,patch_command_ratio,45,-0.246211,-0.296891,-0.243168,-0.306974
ES_ES,Spanish,delete_cost,trie_nodes,45,-0.267929,-0.311882,-0.264458,-0.265117
ES_ES,Spanish,delete_cost,trie_edges,45,-0.317947,-0.326811,-0.260685,-0.240477
ES_ES,Spanish,delete_cost,average_path_length,45,-0.322039,-0.322039,-0.322039,-0.318705
ES_ES,Spanish,delete_cost,dense_table_slots,45,-0.319517,-0.326811,-0.295398,-0.241549
ES_ES,Spanish,delete_cost,value_references,45,-0.246903,-0.311882,-0.238325,-0.294196
ES_ES,Spanish,delete_cost,logical_leaf_paths,45,-0.322039,-0.322039,-0.322039,-0.318705
ES_ES,Spanish,insert_cost,unseen_changed_exact,45,0.322039,0.322039,0.322039,0.318705
ES_ES,Spanish,insert_cost,unseen_f05,45,0.322039,0.234811,0.322039,0.318705
ES_ES,Spanish,insert_cost,unseen_over_percent,10,0.317264,-0.300668,0.327873,0.300113
ES_ES,Spanish,insert_cost,unseen_under_percent,45,-0.322039,-0.342280,-0.322039,-0.318705
ES_ES,Spanish,insert_cost,patch_command_ratio,45,-0.246211,-0.296891,-0.243168,-0.306974
ES_ES,Spanish,insert_cost,trie_nodes,45,-0.267929,-0.311882,-0.264458,-0.265117
ES_ES,Spanish,insert_cost,trie_edges,45,-0.317947,-0.326811,-0.260685,-0.240477
ES_ES,Spanish,insert_cost,average_path_length,45,-0.322039,-0.322039,-0.322039,-0.318705
ES_ES,Spanish,insert_cost,dense_table_slots,45,-0.319517,-0.326811,-0.295398,-0.241549
ES_ES,Spanish,insert_cost,value_references,45,-0.246903,-0.311882,-0.238325,-0.294196
ES_ES,Spanish,insert_cost,logical_leaf_paths,45,-0.322039,-0.322039,-0.322039,-0.318705
ES_ES,Spanish,replace_cost,unseen_changed_exact,45,-0.553950,-0.553950,-0.553950,-0.595132
ES_ES,Spanish,replace_cost,unseen_f05,45,-0.553950,-0.553950,-0.276405,-0.595132
ES_ES,Spanish,replace_cost,unseen_over_percent,10,-0.553950,-0.737603,0.490934,-0.595132
ES_ES,Spanish,replace_cost,unseen_under_percent,45,0.553950,0.553950,0.557213,0.595132
ES_ES,Spanish,replace_cost,patch_command_ratio,45,0.694830,0.685108,0.813396,0.722638
ES_ES,Spanish,replace_cost,trie_nodes,45,0.783322,0.782341,0.815826,0.731243
ES_ES,Spanish,replace_cost,trie_edges,45,0.818417,0.786517,0.822350,0.721442
ES_ES,Spanish,replace_cost,average_path_length,45,0.553950,0.553950,0.553950,0.595132
ES_ES,Spanish,replace_cost,dense_table_slots,45,0.819520,0.810879,0.821886,0.726414
ES_ES,Spanish,replace_cost,value_references,45,0.694830,0.675125,0.817783,0.726908
ES_ES,Spanish,replace_cost,logical_leaf_paths,45,0.553950,0.553950,0.553950,0.595132
ES_ES,Spanish,match_cost,unseen_changed_exact,45,0.017205,0.017205,0.017205,0.017205
ES_ES,Spanish,match_cost,unseen_f05,45,0.017205,-0.128507,0.017205,0.017205
ES_ES,Spanish,match_cost,unseen_over_percent,10,0.017205,-0.013131,0.322965,0.017205
ES_ES,Spanish,match_cost,unseen_under_percent,45,-0.017205,-0.017205,-0.014347,-0.017205
ES_ES,Spanish,match_cost,patch_command_ratio,45,-0.126292,-0.144155,-0.125901,-0.097734
ES_ES,Spanish,match_cost,trie_nodes,45,-0.133589,-0.149965,-0.131130,-0.163970
ES_ES,Spanish,match_cost,trie_edges,45,-0.142430,-0.151483,-0.136103,-0.186206
ES_ES,Spanish,match_cost,average_path_length,45,-0.017205,-0.017205,-0.017205,-0.017205
ES_ES,Spanish,match_cost,dense_table_slots,45,-0.140336,-0.149059,-0.135917,-0.177466
ES_ES,Spanish,match_cost,value_references,45,-0.130900,-0.147345,-0.126292,-0.121871
ES_ES,Spanish,match_cost,logical_leaf_paths,45,-0.017205,-0.017205,-0.017205,-0.017205
ES_ES,Spanish,delete_to_insert_ratio,unseen_changed_exact,45,0.000000,0.000000,0.000000,0.121468
ES_ES,Spanish,delete_to_insert_ratio,unseen_f05,45,0.000000,0.000000,0.000000,0.121468
ES_ES,Spanish,delete_to_insert_ratio,unseen_over_percent,10,0.000000,0.000000,0.000000,0.100922
ES_ES,Spanish,delete_to_insert_ratio,unseen_under_percent,45,0.000000,0.000000,0.000000,-0.121468
ES_ES,Spanish,delete_to_insert_ratio,patch_command_ratio,45,0.000000,0.000000,0.000000,-0.100187
ES_ES,Spanish,delete_to_insert_ratio,trie_nodes,45,0.000000,0.000000,0.000000,-0.078763
ES_ES,Spanish,delete_to_insert_ratio,trie_edges,45,0.000000,0.000000,0.000000,-0.064277
ES_ES,Spanish,delete_to_insert_ratio,average_path_length,45,0.000000,0.000000,0.000000,-0.121468
ES_ES,Spanish,delete_to_insert_ratio,dense_table_slots,45,0.000000,0.000000,0.000000,-0.062613
ES_ES,Spanish,delete_to_insert_ratio,value_references,45,0.000000,0.000000,0.000000,-0.094951
ES_ES,Spanish,delete_to_insert_ratio,logical_leaf_paths,45,0.000000,0.000000,0.000000,-0.121468
ES_ES,Spanish,replace_to_delete_insert,unseen_changed_exact,45,-0.730204,-0.730204,-0.730204,-0.783016
ES_ES,Spanish,replace_to_delete_insert,unseen_f05,45,-0.730204,-0.730204,-0.427004,-0.783016
ES_ES,Spanish,replace_to_delete_insert,unseen_over_percent,10,-0.730204,-0.875547,0.659869,-0.735360
ES_ES,Spanish,replace_to_delete_insert,unseen_under_percent,45,0.730204,0.730204,0.754789,0.783016
ES_ES,Spanish,replace_to_delete_insert,patch_command_ratio,45,0.781453,0.772377,0.918457,0.803820
ES_ES,Spanish,replace_to_delete_insert,trie_nodes,45,0.867307,0.866752,0.936992,0.737198
ES_ES,Spanish,replace_to_delete_insert,trie_edges,45,0.946250,0.866876,0.952449,0.683115
ES_ES,Spanish,replace_to_delete_insert,average_path_length,45,0.730204,0.730204,0.730204,0.783016
ES_ES,Spanish,replace_to_delete_insert,dense_table_slots,45,0.947002,0.919719,0.952449,0.679394
ES_ES,Spanish,replace_to_delete_insert,value_references,45,0.781453,0.761696,0.936992,0.787731
ES_ES,Spanish,replace_to_delete_insert,logical_leaf_paths,45,0.730204,0.730204,0.730204,0.783016
ES_ES,Spanish,edit_cost_imbalance,unseen_changed_exact,45,-0.177010,-0.177010,-0.177010,-0.136647
ES_ES,Spanish,edit_cost_imbalance,unseen_f05,45,-0.177010,-0.225282,-0.164309,-0.136647
ES_ES,Spanish,edit_cost_imbalance,unseen_over_percent,10,-0.027277,-0.177010,0.174152,-0.023551
ES_ES,Spanish,edit_cost_imbalance,unseen_under_percent,45,0.177010,0.111938,0.177010,0.136647
ES_ES,Spanish,edit_cost_imbalance,patch_command_ratio,45,0.074219,-0.039947,0.090837,0.060434
ES_ES,Spanish,edit_cost_imbalance,trie_nodes,45,0.030317,-0.062694,0.030517,-0.008129
ES_ES,Spanish,edit_cost_imbalance,trie_edges,45,-0.071578,-0.078151,0.029396,-0.047614
ES_ES,Spanish,edit_cost_imbalance,average_path_length,45,0.177010,0.177010,0.177010,0.136647
ES_ES,Spanish,edit_cost_imbalance,dense_table_slots,45,-0.074533,-0.078135,-0.008134,-0.050002
ES_ES,Spanish,edit_cost_imbalance,value_references,45,0.063765,-0.062694,0.074219,0.040566
ES_ES,Spanish,edit_cost_imbalance,logical_leaf_paths,45,0.177010,0.177010,0.177010,0.136647
ES_ES,Spanish,patch_command_ratio,unseen_changed_exact,45,-0.736967,-0.742483,-0.736629,-0.920420
ES_ES,Spanish,patch_command_ratio,unseen_f05,45,-0.736967,-0.744481,-0.426617,-0.920420
ES_ES,Spanish,patch_command_ratio,unseen_over_percent,10,-0.737370,-0.900754,0.668099,-0.849498
ES_ES,Spanish,patch_command_ratio,unseen_under_percent,45,0.736967,0.736629,0.767545,0.920420
ES_ES,Spanish,trie_nodes,unseen_changed_exact,45,-0.736629,-0.740742,-0.736629,-0.782954
ES_ES,Spanish,trie_nodes,unseen_f05,45,-0.736629,-0.740742,-0.426617,-0.782954
ES_ES,Spanish,trie_nodes,unseen_over_percent,10,-0.736629,-0.887693,0.668134,-0.748966
ES_ES,Spanish,trie_nodes,unseen_under_percent,45,0.736629,0.736629,0.767618,0.782954
ES_ES,Spanish,trie_edges,unseen_changed_exact,45,-0.738498,-0.756566,-0.738112,-0.681371
ES_ES,Spanish,trie_edges,unseen_f05,45,-0.738186,-0.756638,-0.438522,-0.681371
ES_ES,Spanish,trie_edges,unseen_over_percent,10,-0.738469,-0.884330,0.682868,-0.689192
ES_ES,Spanish,trie_edges,unseen_under_percent,45,0.738498,0.738112,0.774662,0.681371
ES_ES,Spanish,average_path_length,unseen_changed_exact,45,-1.000000,-1.000000,-1.000000,-1.000000
ES_ES,Spanish,average_path_length,unseen_f05,45,-1.000000,-1.000000,-0.864217,-1.000000
ES_ES,Spanish,average_path_length,unseen_over_percent,10,-0.821194,-1.000000,0.969449,-0.870906
ES_ES,Spanish,average_path_length,unseen_under_percent,45,1.000000,0.944155,1.000000,1.000000
ES_ES,Spanish,dense_table_slots,unseen_changed_exact,45,-0.738498,-0.756566,-0.738112,-0.667226
ES_ES,Spanish,dense_table_slots,unseen_f05,45,-0.738186,-0.756638,-0.438522,-0.667226
ES_ES,Spanish,dense_table_slots,unseen_over_percent,10,-0.738469,-0.884330,0.682868,-0.671947
ES_ES,Spanish,dense_table_slots,unseen_under_percent,45,0.738498,0.738112,0.774662,0.667226
ES_ES,Spanish,value_references,unseen_changed_exact,45,-0.736629,-0.740774,-0.736629,-0.887782
ES_ES,Spanish,value_references,unseen_f05,45,-0.736629,-0.740774,-0.426617,-0.887782
ES_ES,Spanish,value_references,unseen_over_percent,10,-0.736954,-0.887693,0.668107,-0.838243
ES_ES,Spanish,value_references,unseen_under_percent,45,0.736629,0.736629,0.767597,0.887782
ES_ES,Spanish,logical_leaf_paths,unseen_changed_exact,45,-1.000000,-1.000000,-1.000000,-1.000000
ES_ES,Spanish,logical_leaf_paths,unseen_f05,45,-1.000000,-1.000000,-0.864217,-1.000000
ES_ES,Spanish,logical_leaf_paths,unseen_over_percent,10,-0.821194,-1.000000,0.969449,-0.870906
ES_ES,Spanish,logical_leaf_paths,unseen_under_percent,45,1.000000,0.944155,1.000000,1.000000
ES_ES,Spanish,patch_command_ratio,trie_nodes,45,0.952706,0.945500,0.999877,0.963773
ES_ES,Spanish,patch_command_ratio,trie_edges,45,0.874647,0.829733,0.977591,0.910394
ES_ES,Spanish,patch_command_ratio,average_path_length,45,0.736967,0.736629,0.742483,0.920420
ES_ES,Spanish,patch_command_ratio,dense_table_slots,45,0.864247,0.827756,0.977591,0.902856
ES_ES,Spanish,patch_command_ratio,value_references,45,0.992503,0.966096,1.000000,0.997269
ES_ES,Spanish,patch_command_ratio,logical_leaf_paths,45,0.736967,0.736629,0.742483,0.920420
FA_IR,Persian,delete_cost,unseen_changed_exact,37,-0.306118,-0.337541,-0.290120,-0.307633
FA_IR,Persian,delete_cost,unseen_f05,39,-0.311045,-0.341564,-0.289602,-0.317721
FA_IR,Persian,delete_cost,unseen_over_percent,32,0.306118,0.269127,0.341073,0.307633
FA_IR,Persian,delete_cost,unseen_under_percent,39,0.311045,0.290120,0.341564,0.318472
FA_IR,Persian,delete_cost,patch_command_ratio,45,0.154712,-0.339948,0.286291,0.217196
FA_IR,Persian,delete_cost,trie_nodes,45,0.280189,-0.248440,0.346853,0.283968
FA_IR,Persian,delete_cost,trie_edges,45,0.285931,-0.198785,0.329669,0.269204
FA_IR,Persian,delete_cost,average_path_length,19,-0.306118,-0.308828,-0.290120,-0.307633
FA_IR,Persian,delete_cost,dense_table_slots,45,0.327840,0.117155,0.368497,0.320075
FA_IR,Persian,delete_cost,value_references,45,0.280189,-0.238926,0.321311,0.285609
FA_IR,Persian,delete_cost,logical_leaf_paths,19,0.306118,0.290120,0.308828,0.307633
FA_IR,Persian,insert_cost,unseen_changed_exact,37,-0.306118,-0.337541,-0.290120,-0.307633
FA_IR,Persian,insert_cost,unseen_f05,39,-0.311045,-0.341564,-0.289602,-0.317721
FA_IR,Persian,insert_cost,unseen_over_percent,32,0.306118,0.269127,0.341073,0.307633
FA_IR,Persian,insert_cost,unseen_under_percent,39,0.311045,0.290120,0.341564,0.318472
FA_IR,Persian,insert_cost,patch_command_ratio,45,0.154712,-0.339948,0.286291,0.217196
FA_IR,Persian,insert_cost,trie_nodes,45,0.280189,-0.248440,0.346853,0.283968
FA_IR,Persian,insert_cost,trie_edges,45,0.285931,-0.198785,0.329669,0.269204
FA_IR,Persian,insert_cost,average_path_length,19,-0.306118,-0.308828,-0.290120,-0.307633
FA_IR,Persian,insert_cost,dense_table_slots,45,0.327840,0.117155,0.368497,0.320075
FA_IR,Persian,insert_cost,value_references,45,0.280189,-0.238926,0.321311,0.285609
FA_IR,Persian,insert_cost,logical_leaf_paths,19,0.306118,0.290120,0.308828,0.307633
FA_IR,Persian,replace_cost,unseen_changed_exact,37,0.705093,0.673199,0.737703,0.619439
FA_IR,Persian,replace_cost,unseen_f05,39,0.718482,0.673199,0.772074,0.623556
FA_IR,Persian,replace_cost,unseen_over_percent,32,-0.705093,-0.745047,-0.673199,-0.623556
FA_IR,Persian,replace_cost,unseen_under_percent,39,-0.718482,-0.749922,-0.673199,-0.623556
FA_IR,Persian,replace_cost,patch_command_ratio,45,-0.127928,-0.682324,0.767610,-0.198565
FA_IR,Persian,replace_cost,trie_nodes,45,-0.776708,-0.811934,0.629700,-0.643128
FA_IR,Persian,replace_cost,trie_edges,45,-0.782852,-0.823832,0.442086,-0.667929
FA_IR,Persian,replace_cost,average_path_length,19,0.705093,0.673199,0.712457,0.623556
FA_IR,Persian,replace_cost,dense_table_slots,45,-0.788737,-0.823557,-0.557478,-0.698976
FA_IR,Persian,replace_cost,value_references,45,-0.777494,-0.813143,0.545157,-0.648328
FA_IR,Persian,replace_cost,logical_leaf_paths,19,-0.705093,-0.712457,-0.673199,-0.623556
FA_IR,Persian,match_cost,unseen_changed_exact,37,-0.108566,-0.145163,-0.066699,-0.115379
FA_IR,Persian,match_cost,unseen_f05,39,-0.108566,-0.148433,-0.068552,-0.111957
FA_IR,Persian,match_cost,unseen_over_percent,32,0.077967,0.077967,0.152651,0.077967
FA_IR,Persian,match_cost,unseen_under_percent,39,0.097633,0.067626,0.145163,0.110633
FA_IR,Persian,match_cost,patch_command_ratio,45,-0.148532,-0.207764,0.043576,-0.180936
FA_IR,Persian,match_cost,trie_nodes,45,0.146324,-0.153395,0.160745,0.144489
FA_IR,Persian,match_cost,trie_edges,45,0.138710,-0.031401,0.160883,0.176401
FA_IR,Persian,match_cost,average_path_length,19,-0.077967,-0.145163,-0.077967,-0.077967
FA_IR,Persian,match_cost,dense_table_slots,45,0.065735,0.041170,0.161472,0.103068
FA_IR,Persian,match_cost,value_references,45,0.146672,-0.073511,0.164260,0.158246
FA_IR,Persian,match_cost,logical_leaf_paths,19,0.077967,0.077967,0.145163,0.077967
FA_IR,Persian,delete_to_insert_ratio,unseen_changed_exact,37,0.000000,0.000000,0.000000,-0.052614
FA_IR,Persian,delete_to_insert_ratio,unseen_f05,39,0.000000,0.000000,0.000000,-0.053882
FA_IR,Persian,delete_to_insert_ratio,unseen_over_percent,32,0.000000,0.000000,0.000000,0.051180
FA_IR,Persian,delete_to_insert_ratio,unseen_under_percent,39,0.000000,0.000000,0.000000,0.053884
FA_IR,Persian,delete_to_insert_ratio,patch_command_ratio,45,0.000000,0.000000,0.000000,0.024219
FA_IR,Persian,delete_to_insert_ratio,trie_nodes,45,0.000000,0.000000,0.000000,0.044253
FA_IR,Persian,delete_to_insert_ratio,trie_edges,45,0.000000,0.000000,0.000000,0.041999
FA_IR,Persian,delete_to_insert_ratio,average_path_length,19,0.000000,0.000000,0.000000,-0.051180
FA_IR,Persian,delete_to_insert_ratio,dense_table_slots,45,0.000000,0.000000,0.000000,0.055953
FA_IR,Persian,delete_to_insert_ratio,value_references,45,0.000000,0.000000,0.000000,0.044776
FA_IR,Persian,delete_to_insert_ratio,logical_leaf_paths,19,0.000000,0.000000,0.000000,0.051180
FA_IR,Persian,replace_to_delete_insert,unseen_changed_exact,37,0.848555,0.804651,0.909712,0.560068
FA_IR,Persian,replace_to_delete_insert,unseen_f05,39,0.862395,0.804651,0.921849,0.570215
FA_IR,Persian,replace_to_delete_insert,unseen_over_percent,32,-0.848555,-0.917785,-0.804651,-0.570215
FA_IR,Persian,replace_to_delete_insert,unseen_under_percent,39,-0.862395,-0.921849,-0.804651,-0.570215
FA_IR,Persian,replace_to_delete_insert,patch_command_ratio,45,-0.250085,-0.793312,0.919284,-0.194843
FA_IR,Persian,replace_to_delete_insert,trie_nodes,45,-0.858452,-0.929945,0.744608,-0.570055
FA_IR,Persian,replace_to_delete_insert,trie_edges,45,-0.870639,-0.950908,0.555172,-0.588654
FA_IR,Persian,replace_to_delete_insert,average_path_length,19,0.848555,0.804651,0.856167,0.570215
FA_IR,Persian,replace_to_delete_insert,dense_table_slots,45,-0.947043,-0.957031,-0.549528,-0.641143
FA_IR,Persian,replace_to_delete_insert,value_references,45,-0.866297,-0.931450,0.660252,-0.569590
FA_IR,Persian,replace_to_delete_insert,logical_leaf_paths,19,-0.848555,-0.856167,-0.804651,-0.570215
FA_IR,Persian,edit_cost_imbalance,unseen_changed_exact,37,-0.205424,-0.262606,-0.106705,-0.190156
FA_IR,Persian,edit_cost_imbalance,unseen_f05,39,-0.166919,-0.262606,-0.112565,-0.180402
FA_IR,Persian,edit_cost_imbalance,unseen_over_percent,32,0.155464,0.155464,0.262606,0.143742
FA_IR,Persian,edit_cost_imbalance,unseen_under_percent,39,0.160659,0.109635,0.262606,0.179982
FA_IR,Persian,edit_cost_imbalance,patch_command_ratio,45,0.077315,-0.180563,0.238438,0.057766
FA_IR,Persian,edit_cost_imbalance,trie_nodes,45,0.090481,0.038101,0.307135,0.179337
FA_IR,Persian,edit_cost_imbalance,trie_edges,45,0.081498,0.065308,0.229601,0.162626
FA_IR,Persian,edit_cost_imbalance,average_path_length,19,-0.155464,-0.262606,-0.155464,-0.143742
FA_IR,Persian,edit_cost_imbalance,dense_table_slots,45,0.089397,0.069788,0.239188,0.139509
FA_IR,Persian,edit_cost_imbalance,value_references,45,0.090481,0.052157,0.284416,0.185199
FA_IR,Persian,edit_cost_imbalance,logical_leaf_paths,19,0.155464,0.155464,0.262606,0.143742
FA_IR,Persian,patch_command_ratio,unseen_changed_exact,37,-0.409087,-0.871824,0.874223,-0.445965
FA_IR,Persian,patch_command_ratio,unseen_f05,39,-0.334838,-0.875637,0.905836,-0.406842
FA_IR,Persian,patch_command_ratio,unseen_over_percent,32,0.330633,-0.846985,0.875980,0.219032
FA_IR,Persian,patch_command_ratio,unseen_under_percent,39,0.334838,-0.905836,0.871649,0.408206
FA_IR,Persian,trie_nodes,unseen_changed_exact,37,-0.838651,-0.888202,0.562792,-0.949070
FA_IR,Persian,trie_nodes,unseen_f05,39,-0.838104,-0.894860,0.688301,-0.945516
FA_IR,Persian,trie_nodes,unseen_over_percent,32,0.848110,-0.584486,0.887444,0.917778
FA_IR,Persian,trie_nodes,unseen_under_percent,39,0.838104,-0.688301,0.895267,0.946271
FA_IR,Persian,trie_edges,unseen_changed_exact,37,-0.858670,-0.890983,0.473868,-0.912272
FA_IR,Persian,trie_edges,unseen_f05,39,-0.870387,-0.928060,0.463498,-0.916198
FA_IR,Persian,trie_edges,unseen_over_percent,32,0.866909,-0.499792,0.898220,0.906655
FA_IR,Persian,trie_edges,unseen_under_percent,39,0.866864,-0.463498,0.927260,0.912255
FA_IR,Persian,average_path_length,unseen_changed_exact,13,0.976388,0.851297,1.000000,0.984224
FA_IR,Persian,average_path_length,unseen_f05,13,0.937871,0.866943,1.000000,0.963429
FA_IR,Persian,average_path_length,unseen_over_percent,10,-0.970224,-1.000000,-0.851297,-0.989776
FA_IR,Persian,average_path_length,unseen_under_percent,13,-0.937871,-1.000000,-0.871400,-0.963429
FA_IR,Persian,dense_table_slots,unseen_changed_exact,37,-0.866922,-0.903117,-0.580295,-0.934933
FA_IR,Persian,dense_table_slots,unseen_f05,39,-0.886937,-0.935063,-0.594435,-0.947958
FA_IR,Persian,dense_table_slots,unseen_over_percent,32,0.866909,0.529424,0.914282,0.937838
FA_IR,Persian,dense_table_slots,unseen_under_percent,39,0.868288,0.594435,0.935580,0.947958
FA_IR,Persian,value_references,unseen_changed_exact,37,-0.866349,-0.890945,0.531424,-0.950929
FA_IR,Persian,value_references,unseen_f05,39,-0.844311,-0.943815,0.684594,-0.950929
FA_IR,Persian,value_references,unseen_over_percent,32,0.866362,-0.552689,0.896826,0.931262
FA_IR,Persian,value_references,unseen_under_percent,39,0.838699,-0.684594,0.927997,0.950929
FA_IR,Persian,logical_leaf_paths,unseen_changed_exact,13,-0.976388,-1.000000,-0.851297,-0.984224
FA_IR,Persian,logical_leaf_paths,unseen_f05,13,-0.937871,-1.000000,-0.866943,-0.963377
FA_IR,Persian,logical_leaf_paths,unseen_over_percent,10,0.970224,0.851297,1.000000,0.989776
FA_IR,Persian,logical_leaf_paths,unseen_under_percent,13,0.937871,0.871400,1.000000,0.963377
FA_IR,Persian,patch_command_ratio,trie_nodes,45,0.428331,-0.124015,0.889781,0.519175
FA_IR,Persian,patch_command_ratio,trie_edges,45,0.250211,-0.412507,0.851046,0.362480
FA_IR,Persian,patch_command_ratio,average_path_length,19,-0.443560,-0.809892,0.227928,-0.543728
FA_IR,Persian,patch_command_ratio,dense_table_slots,45,0.378200,-0.789457,0.848129,0.489943
FA_IR,Persian,patch_command_ratio,value_references,45,0.329025,-0.410600,0.871086,0.478381
FA_IR,Persian,patch_command_ratio,logical_leaf_paths,19,0.443560,-0.227928,0.809892,0.543728
FI_FI,Finnish,delete_cost,unseen_changed_exact,44,0.153312,-0.277361,0.322039,0.090898
FI_FI,Finnish,delete_cost,unseen_f05,45,-0.136576,-0.291487,0.308223,0.014054
FI_FI,Finnish,delete_cost,unseen_over_percent,30,0.258847,-0.254213,0.350162,0.280544
FI_FI,Finnish,delete_cost,unseen_under_percent,45,-0.153312,-0.308223,0.261655,-0.042093
FI_FI,Finnish,delete_cost,patch_command_ratio,45,-0.185356,-0.236764,0.211894,-0.024483
FI_FI,Finnish,delete_cost,trie_nodes,45,0.142521,-0.228604,0.142521,-0.018886
FI_FI,Finnish,delete_cost,trie_edges,45,0.139602,0.139602,0.142521,-0.005901
FI_FI,Finnish,delete_cost,average_path_length,45,0.240074,0.240074,0.303292,0.129725
FI_FI,Finnish,delete_cost,dense_table_slots,45,0.139602,-0.189256,0.142521,-0.014664
FI_FI,Finnish,delete_cost,value_references,45,-0.223166,-0.237077,0.211631,-0.021865
FI_FI,Finnish,delete_cost,logical_leaf_paths,45,-0.258847,-0.258847,-0.163866,-0.273278
FI_FI,Finnish,insert_cost,unseen_changed_exact,44,0.153312,-0.277361,0.322039,0.090898
FI_FI,Finnish,insert_cost,unseen_f05,45,-0.136576,-0.291487,0.308223,0.014054
FI_FI,Finnish,insert_cost,unseen_over_percent,30,0.258847,-0.254213,0.350162,0.280544
FI_FI,Finnish,insert_cost,unseen_under_percent,45,-0.153312,-0.308223,0.261655,-0.042093
FI_FI,Finnish,insert_cost,patch_command_ratio,45,-0.185356,-0.236764,0.211894,-0.024483
FI_FI,Finnish,insert_cost,trie_nodes,45,0.142521,-0.228604,0.142521,-0.018886
FI_FI,Finnish,insert_cost,trie_edges,45,0.139602,0.139602,0.142521,-0.005901
FI_FI,Finnish,insert_cost,average_path_length,45,0.240074,0.240074,0.303292,0.129725
FI_FI,Finnish,insert_cost,dense_table_slots,45,0.139602,-0.189256,0.142521,-0.014664
FI_FI,Finnish,insert_cost,value_references,45,-0.223166,-0.237077,0.211631,-0.021865
FI_FI,Finnish,insert_cost,logical_leaf_paths,45,-0.258847,-0.258847,-0.163866,-0.273278
FI_FI,Finnish,replace_cost,unseen_changed_exact,44,-0.450781,-0.774853,0.179445,-0.456576
FI_FI,Finnish,replace_cost,unseen_f05,45,-0.120908,-0.763495,0.212637,-0.338830
FI_FI,Finnish,replace_cost,unseen_over_percent,30,-0.419321,-0.738089,0.480839,-0.414865
FI_FI,Finnish,replace_cost,unseen_under_percent,45,0.444752,-0.196600,0.761476,0.386868
FI_FI,Finnish,replace_cost,patch_command_ratio,45,0.740913,0.103283,0.767079,0.381759
FI_FI,Finnish,replace_cost,trie_nodes,45,0.122279,0.118168,0.684259,0.359029
FI_FI,Finnish,replace_cost,trie_edges,45,0.117711,0.117711,0.122279,0.333974
FI_FI,Finnish,replace_cost,average_path_length,45,-0.053250,-0.289238,-0.053250,0.060640
FI_FI,Finnish,replace_cost,dense_table_slots,45,0.117711,0.117711,0.624227,0.351294
FI_FI,Finnish,replace_cost,value_references,45,0.684259,0.122279,0.765077,0.365480
FI_FI,Finnish,replace_cost,logical_leaf_paths,45,0.670070,0.455672,0.670070,0.633211
FI_FI,Finnish,match_cost,unseen_changed_exact,44,0.172789,-0.012383,0.322965,0.230295
FI_FI,Finnish,match_cost,unseen_f05,45,0.203790,0.118085,0.314819,0.309766
FI_FI,Finnish,match_cost,unseen_over_percent,30,0.092792,-0.322965,0.263910,0.024679
FI_FI,Finnish,match_cost,unseen_under_percent,45,-0.172789,-0.314819,-0.141029,-0.297119
FI_FI,Finnish,match_cost,patch_command_ratio,45,-0.146069,-0.203875,-0.139803,-0.318104
FI_FI,Finnish,match_cost,trie_nodes,45,-0.204685,-0.204685,-0.150883,-0.318925
FI_FI,Finnish,match_cost,trie_edges,45,-0.201959,-0.204685,-0.201959,-0.320053
FI_FI,Finnish,match_cost,average_path_length,45,-0.241509,-0.241509,-0.145696,-0.307950
FI_FI,Finnish,match_cost,dense_table_slots,45,-0.201959,-0.204685,-0.158222,-0.318834
FI_FI,Finnish,match_cost,value_references,45,-0.153362,-0.204685,-0.139662,-0.318910
FI_FI,Finnish,match_cost,logical_leaf_paths,45,-0.172789,-0.172789,-0.165566,-0.147298
FI_FI,Finnish,delete_to_insert_ratio,unseen_changed_exact,44,0.000000,0.000000,0.000000,0.026788
FI_FI,Finnish,delete_to_insert_ratio,unseen_f05,45,0.000000,0.000000,0.000000,-0.005716
FI_FI,Finnish,delete_to_insert_ratio,unseen_over_percent,30,0.000000,0.000000,0.000000,0.110544
FI_FI,Finnish,delete_to_insert_ratio,unseen_under_percent,45,0.000000,0.000000,0.000000,-0.005677
FI_FI,Finnish,delete_to_insert_ratio,patch_command_ratio,45,0.000000,0.000000,0.000000,0.002390
FI_FI,Finnish,delete_to_insert_ratio,trie_nodes,45,0.000000,0.000000,0.000000,0.007414
FI_FI,Finnish,delete_to_insert_ratio,trie_edges,45,0.000000,0.000000,0.000000,0.012365
FI_FI,Finnish,delete_to_insert_ratio,average_path_length,45,0.000000,0.000000,0.000000,0.058913
FI_FI,Finnish,delete_to_insert_ratio,dense_table_slots,45,0.000000,0.000000,0.000000,0.009548
FI_FI,Finnish,delete_to_insert_ratio,value_references,45,0.000000,0.000000,0.000000,0.005921
FI_FI,Finnish,delete_to_insert_ratio,logical_leaf_paths,45,0.000000,0.000000,0.000000,-0.100180
FI_FI,Finnish,replace_to_delete_insert,unseen_changed_exact,44,-0.477220,-0.872134,0.391818,-0.411718
FI_FI,Finnish,replace_to_delete_insert,unseen_f05,45,0.020507,-0.890488,0.438346,-0.224564
FI_FI,Finnish,replace_to_delete_insert,unseen_over_percent,30,-0.586692,-0.887016,0.406965,-0.566349
FI_FI,Finnish,replace_to_delete_insert,unseen_under_percent,45,0.477220,-0.410190,0.890488,0.298124
FI_FI,Finnish,replace_to_delete_insert,patch_command_ratio,45,0.765856,-0.112028,0.827939,0.273464
FI_FI,Finnish,replace_to_delete_insert,trie_nodes,45,-0.017388,-0.018202,0.770877,0.233826
FI_FI,Finnish,replace_to_delete_insert,trie_edges,45,-0.018293,-0.018293,-0.017388,0.201732
FI_FI,Finnish,replace_to_delete_insert,average_path_length,45,-0.257844,-0.503998,-0.257844,-0.123370
FI_FI,Finnish,replace_to_delete_insert,dense_table_slots,45,-0.018293,-0.018293,0.691625,0.221850
FI_FI,Finnish,replace_to_delete_insert,value_references,45,0.770877,-0.048600,0.827895,0.243286
FI_FI,Finnish,replace_to_delete_insert,logical_leaf_paths,45,0.765989,0.502519,0.765989,0.753397
FI_FI,Finnish,edit_cost_imbalance,unseen_changed_exact,44,-0.047428,-0.263442,0.266427,0.063801
FI_FI,Finnish,edit_cost_imbalance,unseen_f05,45,0.123436,-0.154866,0.292204,0.141423
FI_FI,Finnish,edit_cost_imbalance,unseen_over_percent,30,-0.079058,-0.250963,0.175390,-0.130625
FI_FI,Finnish,edit_cost_imbalance,unseen_under_percent,45,-0.013903,-0.292204,0.154866,-0.127278
FI_FI,Finnish,edit_cost_imbalance,patch_command_ratio,45,0.002610,-0.177361,0.055269,-0.128592
FI_FI,Finnish,edit_cost_imbalance,trie_nodes,45,-0.273501,-0.278128,-0.135287,-0.155035
FI_FI,Finnish,edit_cost_imbalance,trie_edges,45,-0.278642,-0.278642,-0.273501,-0.162846
FI_FI,Finnish,edit_cost_imbalance,average_path_length,45,-0.233107,-0.233107,-0.123436,-0.196377
FI_FI,Finnish,edit_cost_imbalance,dense_table_slots,45,-0.278642,-0.278642,-0.153668,-0.160050
FI_FI,Finnish,edit_cost_imbalance,value_references,45,-0.135287,-0.273501,0.050307,-0.148562
FI_FI,Finnish,edit_cost_imbalance,logical_leaf_paths,45,0.079058,0.079058,0.154866,0.057798
FI_FI,Finnish,patch_command_ratio,unseen_changed_exact,44,-0.354537,-0.900779,0.309397,-0.751368
FI_FI,Finnish,patch_command_ratio,unseen_f05,45,-0.305157,-0.935594,0.191381,-0.958048
FI_FI,Finnish,patch_command_ratio,unseen_over_percent,30,-0.318260,-0.862465,0.791049,-0.233813
FI_FI,Finnish,patch_command_ratio,unseen_under_percent,45,0.412242,-0.160152,0.912682,0.939656
FI_FI,Finnish,trie_nodes,unseen_changed_exact,44,-0.146184,-0.888348,0.777418,-0.747533
FI_FI,Finnish,trie_nodes,unseen_f05,45,-0.477247,-0.998188,0.344980,-0.956425
FI_FI,Finnish,trie_nodes,unseen_over_percent,30,0.133135,-0.670483,0.902584,-0.186455
FI_FI,Finnish,trie_nodes,unseen_under_percent,45,0.477247,-0.344980,0.998188,0.933859
FI_FI,Finnish,trie_edges,unseen_changed_exact,44,0.060157,-0.982590,0.784335,-0.711375
FI_FI,Finnish,trie_edges,unseen_f05,45,-0.582822,-0.998242,0.344999,-0.956087
FI_FI,Finnish,trie_edges,unseen_over_percent,30,0.157515,-0.670616,0.902936,-0.138674
FI_FI,Finnish,trie_edges,unseen_under_percent,45,0.067898,-0.344999,0.998242,0.925159
FI_FI,Finnish,average_path_length,unseen_changed_exact,44,0.157684,-1.000000,0.631814,-0.639687
FI_FI,Finnish,average_path_length,unseen_f05,45,-0.827537,-0.991845,0.719649,-0.852964
FI_FI,Finnish,average_path_length,unseen_over_percent,30,0.297010,-0.740014,1.000000,0.502055
FI_FI,Finnish,average_path_length,unseen_under_percent,45,0.064337,-0.443472,0.917016,0.776170
FI_FI,Finnish,dense_table_slots,unseen_changed_exact,44,0.065707,-0.982590,0.784335,-0.714489
FI_FI,Finnish,dense_table_slots,unseen_f05,45,-0.570097,-0.998242,0.344999,-0.955811
FI_FI,Finnish,dense_table_slots,unseen_over_percent,30,0.157515,-0.670616,0.902936,-0.135986
FI_FI,Finnish,dense_table_slots,unseen_under_percent,45,0.067898,-0.344999,0.998242,0.922682
FI_FI,Finnish,value_references,unseen_changed_exact,44,-0.366314,-0.982590,0.561271,-0.772299
FI_FI,Finnish,value_references,unseen_f05,45,-0.610270,-0.996441,0.251116,-0.967073
FI_FI,Finnish,value_references,unseen_over_percent,30,-0.233128,-0.890219,0.655929,-0.217288
FI_FI,Finnish,value_references,unseen_under_percent,45,0.582503,-0.226150,0.995056,0.948167
FI_FI,Finnish,logical_leaf_paths,unseen_changed_exact,44,-0.874819,-1.000000,0.360442,-0.710654
FI_FI,Finnish,logical_leaf_paths,unseen_f05,45,0.157684,-0.989152,0.442644,-0.567691
FI_FI,Finnish,logical_leaf_paths,unseen_over_percent,30,-0.558720,-1.000000,0.641399,-0.695189
FI_FI,Finnish,logical_leaf_paths,unseen_under_percent,45,0.889789,-0.162509,1.000000,0.609216
FI_FI,Finnish,patch_command_ratio,trie_nodes,45,0.347047,0.026157,0.864393,0.993306
FI_FI,Finnish,patch_command_ratio,trie_edges,45,0.278220,0.007331,0.857478,0.989009
FI_FI,Finnish,patch_command_ratio,average_path_length,45,0.031486,-0.181961,0.827626,0.870212
FI_FI,Finnish,patch_command_ratio,dense_table_slots,45,0.278220,0.007332,0.861999,0.990692
FI_FI,Finnish,patch_command_ratio,value_references,45,0.839076,0.239368,0.998578,0.995999
FI_FI,Finnish,patch_command_ratio,logical_leaf_paths,45,0.699434,-0.096706,0.888348,0.599111
FR_FR,French,delete_cost,unseen_changed_exact,38,0.322039,0.167987,0.322039,0.318705
FR_FR,French,delete_cost,unseen_f05,39,0.270678,-0.330172,0.322039,0.318705
FR_FR,French,delete_cost,unseen_over_percent,18,0.322039,0.239231,0.357020,0.318705
FR_FR,French,delete_cost,unseen_under_percent,39,-0.322039,-0.333408,-0.115411,-0.318705
FR_FR,French,delete_cost,patch_command_ratio,45,-0.334868,-0.339805,-0.323797,-0.280372
FR_FR,French,delete_cost,trie_nodes,45,-0.306767,-0.336472,-0.292752,-0.230450
FR_FR,French,delete_cost,trie_edges,45,-0.225664,-0.261400,-0.220801,-0.152137
FR_FR,French,delete_cost,average_path_length,45,0.322039,-0.322039,0.353182,0.318705
FR_FR,French,delete_cost,dense_table_slots,45,-0.226011,-0.284526,-0.173234,-0.162853
FR_FR,French,delete_cost,value_references,45,-0.315605,-0.340140,-0.294727,-0.274838
FR_FR,French,delete_cost,logical_leaf_paths,45,-0.322039,-0.322039,-0.176109,-0.318705
FR_FR,French,insert_cost,unseen_changed_exact,38,0.322039,0.167987,0.322039,0.318705
FR_FR,French,insert_cost,unseen_f05,39,0.270678,-0.330172,0.322039,0.318705
FR_FR,French,insert_cost,unseen_over_percent,18,0.322039,0.239231,0.357020,0.318705
FR_FR,French,insert_cost,unseen_under_percent,39,-0.322039,-0.333408,-0.115411,-0.318705
FR_FR,French,insert_cost,patch_command_ratio,45,-0.334868,-0.339805,-0.323797,-0.280372
FR_FR,French,insert_cost,trie_nodes,45,-0.306767,-0.336472,-0.292752,-0.230450
FR_FR,French,insert_cost,trie_edges,45,-0.225664,-0.261400,-0.220801,-0.152137
FR_FR,French,insert_cost,average_path_length,45,0.322039,-0.322039,0.353182,0.318705
FR_FR,French,insert_cost,dense_table_slots,45,-0.226011,-0.284526,-0.173234,-0.162853
FR_FR,French,insert_cost,value_references,45,-0.315605,-0.340140,-0.294727,-0.274838
FR_FR,French,insert_cost,logical_leaf_paths,45,-0.322039,-0.322039,-0.176109,-0.318705
FR_FR,French,replace_cost,unseen_changed_exact,38,-0.553950,-0.553950,-0.210098,-0.595132
FR_FR,French,replace_cost,unseen_f05,39,-0.494033,-0.553950,0.791115,-0.595095
FR_FR,French,replace_cost,unseen_over_percent,18,-0.675978,-0.789485,-0.553950,-0.613520
FR_FR,French,replace_cost,unseen_under_percent,39,0.553950,0.101799,0.680287,0.595132
FR_FR,French,replace_cost,patch_command_ratio,45,0.817204,0.805516,0.821429,0.711407
FR_FR,French,replace_cost,trie_nodes,45,0.768107,0.759467,0.818821,0.660213
FR_FR,French,replace_cost,trie_edges,45,0.679999,0.676121,0.775914,0.558011
FR_FR,French,replace_cost,average_path_length,45,-0.553950,-0.692566,0.553950,-0.595132
FR_FR,French,replace_cost,dense_table_slots,45,0.721076,0.600255,0.796328,0.577011
FR_FR,French,replace_cost,value_references,45,0.791140,0.757753,0.819056,0.705306
FR_FR,French,replace_cost,logical_leaf_paths,45,0.553950,0.217885,0.553950,0.595132
FR_FR,French,match_cost,unseen_changed_exact,38,0.017205,-0.023506,0.017205,0.017205
FR_FR,French,match_cost,unseen_f05,39,0.017205,-0.128975,0.087334,0.017205
FR_FR,French,match_cost,unseen_over_percent,18,0.038537,0.017205,0.191892,0.026818
FR_FR,French,match_cost,unseen_under_percent,39,-0.017205,-0.137379,0.021015,-0.017205
FR_FR,French,match_cost,patch_command_ratio,45,-0.136356,-0.142430,-0.131431,-0.183526
FR_FR,French,match_cost,trie_nodes,45,-0.123655,-0.145194,-0.117689,-0.227162
FR_FR,French,match_cost,trie_edges,45,-0.134328,-0.142364,-0.130728,-0.266543
FR_FR,French,match_cost,average_path_length,45,0.017205,-0.017205,0.043060,0.017205
FR_FR,French,match_cost,dense_table_slots,45,-0.133926,-0.144711,-0.125930,-0.262649
FR_FR,French,match_cost,value_references,45,-0.129297,-0.143627,-0.120341,-0.187720
FR_FR,French,match_cost,logical_leaf_paths,45,-0.017205,-0.017205,0.014782,-0.017205
FR_FR,French,delete_to_insert_ratio,unseen_changed_exact,38,0.000000,0.000000,0.000000,0.121468
FR_FR,French,delete_to_insert_ratio,unseen_f05,39,0.000000,0.000000,0.000000,0.121468
FR_FR,French,delete_to_insert_ratio,unseen_over_percent,18,0.000000,0.000000,0.000000,0.119647
FR_FR,French,delete_to_insert_ratio,unseen_under_percent,39,0.000000,0.000000,0.000000,-0.121468
FR_FR,French,delete_to_insert_ratio,patch_command_ratio,45,0.000000,0.000000,0.000000,-0.076398
FR_FR,French,delete_to_insert_ratio,trie_nodes,45,0.000000,0.000000,0.000000,-0.057237
FR_FR,French,delete_to_insert_ratio,trie_edges,45,0.000000,0.000000,0.000000,-0.026336
FR_FR,French,delete_to_insert_ratio,average_path_length,45,0.000000,0.000000,0.000000,0.121468
FR_FR,French,delete_to_insert_ratio,dense_table_slots,45,0.000000,0.000000,0.000000,-0.032784
FR_FR,French,delete_to_insert_ratio,value_references,45,0.000000,0.000000,0.000000,-0.076025
FR_FR,French,delete_to_insert_ratio,logical_leaf_paths,45,0.000000,0.000000,0.000000,-0.121468
FR_FR,French,replace_to_delete_insert,unseen_changed_exact,38,-0.730204,-0.730204,-0.308965,-0.783016
FR_FR,French,replace_to_delete_insert,unseen_f05,39,-0.595754,-0.730204,0.933563,-0.782950
FR_FR,French,replace_to_delete_insert,unseen_over_percent,18,-0.828603,-0.944752,-0.730204,-0.783016
FR_FR,French,replace_to_delete_insert,unseen_under_percent,39,0.730204,0.206790,0.846092,0.783016
FR_FR,French,replace_to_delete_insert,patch_command_ratio,45,0.956204,0.943281,0.958926,0.715870
FR_FR,French,replace_to_delete_insert,trie_nodes,45,0.899215,0.882187,0.956070,0.619926
FR_FR,French,replace_to_delete_insert,trie_edges,45,0.766534,0.765204,0.865434,0.456232
FR_FR,French,replace_to_delete_insert,average_path_length,45,-0.730204,-0.886425,0.730204,-0.783016
FR_FR,French,replace_to_delete_insert,dense_table_slots,45,0.796462,0.659772,0.893577,0.489386
FR_FR,French,replace_to_delete_insert,value_references,45,0.923814,0.882226,0.956927,0.709010
FR_FR,French,replace_to_delete_insert,logical_leaf_paths,45,0.730204,0.313711,0.730204,0.783016
FR_FR,French,edit_cost_imbalance,unseen_changed_exact,38,-0.177010,-0.273956,-0.177010,-0.136647
FR_FR,French,edit_cost_imbalance,unseen_f05,39,-0.177010,-0.359798,-0.029807,-0.136647
FR_FR,French,edit_cost_imbalance,unseen_over_percent,18,-0.106931,-0.185799,0.212634,-0.128611
FR_FR,French,edit_cost_imbalance,unseen_under_percent,39,0.177010,0.015300,0.273522,0.136647
FR_FR,French,edit_cost_imbalance,patch_command_ratio,45,-0.086134,-0.091395,-0.066926,-0.053540
FR_FR,French,edit_cost_imbalance,trie_nodes,45,0.005040,-0.085899,0.032450,-0.096600
FR_FR,French,edit_cost_imbalance,trie_edges,45,-0.108021,-0.171518,-0.102220,-0.147837
FR_FR,French,edit_cost_imbalance,average_path_length,45,-0.177010,-0.177010,0.177010,-0.136647
FR_FR,French,edit_cost_imbalance,dense_table_slots,45,-0.081055,-0.130439,0.014279,-0.130887
FR_FR,French,edit_cost_imbalance,value_references,45,-0.032828,-0.086133,0.031572,-0.053170
FR_FR,French,edit_cost_imbalance,logical_leaf_paths,45,0.177010,0.177010,0.269388,0.136647
FR_FR,French,patch_command_ratio,unseen_changed_exact,38,-0.735407,-0.737215,-0.305520,-0.730418
FR_FR,French,patch_command_ratio,unseen_f05,39,-0.616177,-0.736205,0.976351,-0.727159
FR_FR,French,patch_command_ratio,unseen_over_percent,18,-0.846270,-0.987018,-0.735248,-0.768122
FR_FR,French,patch_command_ratio,unseen_under_percent,39,0.735250,0.184851,0.854640,0.728492
FR_FR,French,trie_nodes,unseen_changed_exact,38,-0.735494,-0.738012,-0.305697,-0.592194
FR_FR,French,trie_nodes,unseen_f05,39,-0.564320,-0.737053,0.936636,-0.591200
FR_FR,French,trie_nodes,unseen_over_percent,18,-0.835982,-0.948603,-0.683520,-0.637037
FR_FR,French,trie_nodes,unseen_under_percent,39,0.735398,0.163219,0.855229,0.591940
FR_FR,French,trie_edges,unseen_changed_exact,38,-0.368289,-0.378381,0.169647,-0.367585
FR_FR,French,trie_edges,unseen_f05,39,-0.115302,-0.368934,0.775989,-0.360658
FR_FR,French,trie_edges,unseen_over_percent,18,-0.632624,-0.853260,-0.368647,-0.437614
FR_FR,French,trie_edges,unseen_under_percent,39,0.367951,-0.258958,0.771147,0.366564
FR_FR,French,average_path_length,unseen_changed_exact,38,1.000000,-1.000000,1.000000,1.000000
FR_FR,French,average_path_length,unseen_f05,39,0.821781,-0.902408,1.000000,0.999739
FR_FR,French,average_path_length,unseen_over_percent,18,0.775989,-0.956341,1.000000,0.942368
FR_FR,French,average_path_length,unseen_under_percent,39,-0.821781,-1.000000,0.902408,-0.999945
FR_FR,French,dense_table_slots,unseen_changed_exact,38,-0.369130,-0.587162,0.169614,-0.413726
FR_FR,French,dense_table_slots,unseen_f05,39,-0.180471,-0.564710,0.781773,-0.397083
FR_FR,French,dense_table_slots,unseen_over_percent,18,-0.628170,-0.889048,-0.368647,-0.467748
FR_FR,French,dense_table_slots,unseen_under_percent,39,0.368796,-0.258958,0.816182,0.413499
FR_FR,French,value_references,unseen_changed_exact,38,-0.735549,-0.738573,-0.305733,-0.726053
FR_FR,French,value_references,unseen_f05,39,-0.575969,-0.737053,0.941520,-0.723421
FR_FR,French,value_references,unseen_over_percent,18,-0.846490,-0.983962,-0.723106,-0.764398
FR_FR,French,value_references,unseen_under_percent,39,0.735372,0.172407,0.855229,0.725163
FR_FR,French,logical_leaf_paths,unseen_changed_exact,38,-1.000000,-1.000000,-0.779920,-1.000000
FR_FR,French,logical_leaf_paths,unseen_f05,39,-0.821781,-1.000000,0.740721,-0.999901
FR_FR,French,logical_leaf_paths,unseen_over_percent,18,-0.820895,-1.000000,-0.474637,-0.998240
FR_FR,French,logical_leaf_paths,unseen_under_percent,39,0.852864,0.691901,1.000000,0.999949
FR_FR,French,patch_command_ratio,trie_nodes,45,0.948030,0.931304,0.998972,0.979294
FR_FR,French,patch_command_ratio,trie_edges,45,0.821243,0.813952,0.912994,0.893704
FR_FR,French,patch_command_ratio,average_path_length,45,-0.735485,-0.894759,0.736929,-0.733360
FR_FR,French,patch_command_ratio,dense_table_slots,45,0.846516,0.720139,0.941725,0.910812
FR_FR,French,patch_command_ratio,value_references,45,0.971863,0.933767,0.999964,0.999081
FR_FR,French,patch_command_ratio,logical_leaf_paths,45,0.735436,0.313726,0.737184,0.732878
HE_IL,Hebrew,delete_cost,unseen_changed_exact,45,-0.222620,-0.236249,0.200243,-0.061948
HE_IL,Hebrew,delete_cost,unseen_f05,45,-0.221109,-0.294899,0.193176,-0.101464
HE_IL,Hebrew,delete_cost,unseen_over_percent,45,0.290347,0.224875,0.320998,0.209916
HE_IL,Hebrew,delete_cost,unseen_under_percent,45,0.218478,-0.273945,0.264733,0.077198
HE_IL,Hebrew,delete_cost,patch_command_ratio,45,0.253711,0.250978,0.263466,0.063442
HE_IL,Hebrew,delete_cost,trie_nodes,45,0.261744,0.231686,0.268795,0.047640
HE_IL,Hebrew,delete_cost,trie_edges,45,-0.073987,-0.109913,0.275965,0.020743
HE_IL,Hebrew,delete_cost,average_path_length,45,0.222620,-0.303292,0.303522,0.149794
HE_IL,Hebrew,delete_cost,dense_table_slots,45,0.198334,-0.109913,0.273025,0.026019
HE_IL,Hebrew,delete_cost,value_references,45,0.253711,0.233746,0.261744,0.063331
HE_IL,Hebrew,delete_cost,logical_leaf_paths,45,-0.143660,-0.304604,-0.137284,-0.223902
HE_IL,Hebrew,insert_cost,unseen_changed_exact,45,-0.222620,-0.236249,0.200243,-0.061948
HE_IL,Hebrew,insert_cost,unseen_f05,45,-0.221109,-0.294899,0.193176,-0.101464
HE_IL,Hebrew,insert_cost,unseen_over_percent,45,0.290347,0.224875,0.320998,0.209916
HE_IL,Hebrew,insert_cost,unseen_under_percent,45,0.218478,-0.273945,0.264733,0.077198
HE_IL,Hebrew,insert_cost,patch_command_ratio,45,0.253711,0.250978,0.263466,0.063442
HE_IL,Hebrew,insert_cost,trie_nodes,45,0.261744,0.231686,0.268795,0.047640
HE_IL,Hebrew,insert_cost,trie_edges,45,-0.073987,-0.109913,0.275965,0.020743
HE_IL,Hebrew,insert_cost,average_path_length,45,0.222620,-0.303292,0.303522,0.149794
HE_IL,Hebrew,insert_cost,dense_table_slots,45,0.198334,-0.109913,0.273025,0.026019
HE_IL,Hebrew,insert_cost,value_references,45,0.253711,0.233746,0.261744,0.063331
HE_IL,Hebrew,insert_cost,logical_leaf_paths,45,-0.143660,-0.304604,-0.137284,-0.223902
HE_IL,Hebrew,replace_cost,unseen_changed_exact,45,0.680765,-0.036138,0.770145,0.424783
HE_IL,Hebrew,replace_cost,unseen_f05,45,0.727177,0.061008,0.781085,0.492464
HE_IL,Hebrew,replace_cost,unseen_over_percent,45,-0.770974,-0.805303,-0.676420,-0.647734
HE_IL,Hebrew,replace_cost,unseen_under_percent,45,-0.725058,-0.773158,0.103292,-0.453322
HE_IL,Hebrew,replace_cost,patch_command_ratio,45,-0.722294,-0.727076,-0.708536,-0.419776
HE_IL,Hebrew,replace_cost,trie_nodes,45,-0.708464,-0.713239,-0.577629,-0.393437
HE_IL,Hebrew,replace_cost,trie_edges,45,-0.152056,-0.683241,-0.016539,-0.340593
HE_IL,Hebrew,replace_cost,average_path_length,45,-0.680765,-0.760139,0.289238,-0.534854
HE_IL,Hebrew,replace_cost,dense_table_slots,45,-0.586009,-0.688604,-0.032660,-0.350885
HE_IL,Hebrew,replace_cost,value_references,45,-0.722224,-0.726598,-0.689704,-0.420127
HE_IL,Hebrew,replace_cost,logical_leaf_paths,45,-0.117874,-0.117874,0.299141,0.181033
HE_IL,Hebrew,match_cost,unseen_changed_exact,45,-0.148943,-0.211406,-0.145899,-0.300279
HE_IL,Hebrew,match_cost,unseen_f05,45,-0.145899,-0.201959,-0.128627,-0.293095
HE_IL,Hebrew,match_cost,unseen_over_percent,45,0.142524,0.129118,0.170919,0.220936
HE_IL,Hebrew,match_cost,unseen_under_percent,45,0.145899,0.134472,0.204148,0.294109
HE_IL,Hebrew,match_cost,patch_command_ratio,45,0.146026,0.140317,0.148807,0.311768
HE_IL,Hebrew,match_cost,trie_nodes,45,0.141000,0.125180,0.143778,0.315989
HE_IL,Hebrew,match_cost,trie_edges,45,0.175757,0.140683,0.195271,0.321609
HE_IL,Hebrew,match_cost,average_path_length,45,0.150770,-0.129827,0.240042,0.225485
HE_IL,Hebrew,match_cost,dense_table_slots,45,0.153836,0.140683,0.195271,0.320161
HE_IL,Hebrew,match_cost,value_references,45,0.146026,0.125180,0.148529,0.312190
HE_IL,Hebrew,match_cost,logical_leaf_paths,45,0.202176,0.114244,0.203628,0.203673
HE_IL,Hebrew,delete_to_insert_ratio,unseen_changed_exact,45,0.000000,0.000000,0.000000,-0.003793
HE_IL,Hebrew,delete_to_insert_ratio,unseen_f05,45,0.000000,0.000000,0.000000,-0.017825
HE_IL,Hebrew,delete_to_insert_ratio,unseen_over_percent,45,0.000000,0.000000,0.000000,0.055687
HE_IL,Hebrew,delete_to_insert_ratio,unseen_under_percent,45,0.000000,0.000000,0.000000,0.011663
HE_IL,Hebrew,delete_to_insert_ratio,patch_command_ratio,45,0.000000,0.000000,0.000000,0.005901
HE_IL,Hebrew,delete_to_insert_ratio,trie_nodes,45,0.000000,0.000000,0.000000,0.003127
HE_IL,Hebrew,delete_to_insert_ratio,trie_edges,45,0.000000,0.000000,0.000000,-0.004960
HE_IL,Hebrew,delete_to_insert_ratio,average_path_length,45,0.000000,0.000000,0.000000,0.025392
HE_IL,Hebrew,delete_to_insert_ratio,dense_table_slots,45,0.000000,0.000000,0.000000,-0.004633
HE_IL,Hebrew,delete_to_insert_ratio,value_references,45,0.000000,0.000000,0.000000,0.007425
HE_IL,Hebrew,delete_to_insert_ratio,logical_leaf_paths,45,0.000000,0.000000,0.000000,-0.099859
HE_IL,Hebrew,replace_to_delete_insert,unseen_changed_exact,45,0.769036,-0.237410,0.846307,0.313143
HE_IL,Hebrew,replace_to_delete_insert,unseen_f05,45,0.799018,-0.044398,0.886270,0.388783
HE_IL,Hebrew,replace_to_delete_insert,unseen_over_percent,45,-0.890488,-0.933658,-0.772618,-0.595160
HE_IL,Hebrew,replace_to_delete_insert,unseen_under_percent,45,-0.769670,-0.864833,0.344603,-0.340567
HE_IL,Hebrew,replace_to_delete_insert,patch_command_ratio,45,-0.824599,-0.827440,-0.822616,-0.312713
HE_IL,Hebrew,replace_to_delete_insert,trie_nodes,45,-0.822579,-0.826470,-0.708733,-0.288413
HE_IL,Hebrew,replace_to_delete_insert,trie_edges,45,-0.064305,-0.814007,0.073545,-0.230073
HE_IL,Hebrew,replace_to_delete_insert,average_path_length,45,-0.769036,-0.823779,0.503998,-0.413898
HE_IL,Hebrew,replace_to_delete_insert,dense_table_slots,45,-0.663415,-0.816897,0.052880,-0.235536
HE_IL,Hebrew,replace_to_delete_insert,value_references,45,-0.824599,-0.827440,-0.783309,-0.317696
HE_IL,Hebrew,replace_to_delete_insert,logical_leaf_paths,45,0.020507,0.020507,0.511603,0.434515
HE_IL,Hebrew,edit_cost_imbalance,unseen_changed_exact,45,-0.149546,-0.287984,-0.065606,-0.153074
HE_IL,Hebrew,edit_cost_imbalance,unseen_f05,45,-0.121829,-0.296709,-0.012930,-0.142488
HE_IL,Hebrew,edit_cost_imbalance,unseen_over_percent,45,0.037283,0.001770,0.118204,0.102991
HE_IL,Hebrew,edit_cost_imbalance,unseen_under_percent,45,0.121829,0.039692,0.296709,0.143384
HE_IL,Hebrew,edit_cost_imbalance,patch_command_ratio,45,0.225259,0.208823,0.231158,0.150659
HE_IL,Hebrew,edit_cost_imbalance,trie_nodes,45,0.232174,0.160037,0.232174,0.148664
HE_IL,Hebrew,edit_cost_imbalance,trie_edges,45,0.298958,0.229174,0.370114,0.152900
HE_IL,Hebrew,edit_cost_imbalance,average_path_length,45,0.149546,-0.151504,0.236442,0.161153
HE_IL,Hebrew,edit_cost_imbalance,dense_table_slots,45,0.312518,0.234488,0.372236,0.158350
HE_IL,Hebrew,edit_cost_imbalance,value_references,45,0.225259,0.160037,0.231851,0.146719
HE_IL,Hebrew,edit_cost_imbalance,logical_leaf_paths,45,0.287984,0.230645,0.290949,0.225758
HE_IL,Hebrew,patch_command_ratio,unseen_changed_exact,45,-0.905244,-0.953152,-0.229658,-0.976277
HE_IL,Hebrew,patch_command_ratio,unseen_f05,45,-0.937183,-0.973109,-0.382379,-0.974359
HE_IL,Hebrew,patch_command_ratio,unseen_over_percent,45,0.861122,0.585048,0.940858,0.872396
HE_IL,Hebrew,patch_command_ratio,unseen_under_percent,45,0.890998,-0.114443,0.964711,0.974118
HE_IL,Hebrew,trie_nodes,unseen_changed_exact,45,-0.905244,-0.956535,-0.231559,-0.974315
HE_IL,Hebrew,trie_nodes,unseen_f05,45,-0.934500,-0.974260,-0.302781,-0.968151
HE_IL,Hebrew,trie_nodes,unseen_over_percent,45,0.861122,0.545155,0.939608,0.849440
HE_IL,Hebrew,trie_nodes,unseen_under_percent,45,0.894285,-0.116445,0.966917,0.964739
HE_IL,Hebrew,trie_edges,unseen_changed_exact,45,-0.747764,-0.956248,-0.309086,-0.961754
HE_IL,Hebrew,trie_edges,unseen_f05,45,-0.512387,-0.937152,-0.080595,-0.946077
HE_IL,Hebrew,trie_edges,unseen_over_percent,45,0.247434,0.008583,0.849820,0.792147
HE_IL,Hebrew,trie_edges,unseen_under_percent,45,0.647466,0.082691,0.956574,0.953738
HE_IL,Hebrew,average_path_length,unseen_changed_exact,45,-0.820039,-1.000000,0.601478,-0.813162
HE_IL,Hebrew,average_path_length,unseen_f05,45,-0.937232,-0.983687,0.523731,-0.848085
HE_IL,Hebrew,average_path_length,unseen_over_percent,45,0.871826,-0.345369,0.965417,0.794755
HE_IL,Hebrew,average_path_length,unseen_under_percent,45,0.912575,-0.523731,0.983687,0.814124
HE_IL,Hebrew,dense_table_slots,unseen_changed_exact,45,-0.797374,-0.956248,-0.312754,-0.958203
HE_IL,Hebrew,dense_table_slots,unseen_f05,45,-0.694861,-0.927344,-0.046055,-0.942964
HE_IL,Hebrew,dense_table_slots,unseen_over_percent,45,0.576494,0.024879,0.916255,0.796524
HE_IL,Hebrew,dense_table_slots,unseen_under_percent,45,0.647789,0.051138,0.952568,0.950965
HE_IL,Hebrew,value_references,unseen_changed_exact,45,-0.905244,-0.952725,-0.231559,-0.974912
HE_IL,Hebrew,value_references,unseen_f05,45,-0.937183,-0.974411,-0.302781,-0.974620
HE_IL,Hebrew,value_references,unseen_over_percent,45,0.861122,0.578867,0.940858,0.873973
HE_IL,Hebrew,value_references,unseen_under_percent,45,0.894291,-0.116445,0.973427,0.973926
HE_IL,Hebrew,logical_leaf_paths,unseen_changed_exact,45,-0.407696,-0.982944,-0.153587,-0.565551
HE_IL,Hebrew,logical_leaf_paths,unseen_f05,45,-0.396567,-0.986062,0.076698,-0.378235
HE_IL,Hebrew,logical_leaf_paths,unseen_over_percent,45,0.067971,-0.320090,0.519488,0.082080
HE_IL,Hebrew,logical_leaf_paths,unseen_under_percent,45,0.396970,0.152885,0.998152,0.422977
HE_IL,Hebrew,patch_command_ratio,trie_nodes,45,0.995978,0.906889,0.998994,0.998849
HE_IL,Hebrew,patch_command_ratio,trie_edges,45,0.519873,0.405582,0.984150,0.991801
HE_IL,Hebrew,patch_command_ratio,average_path_length,45,0.937183,-0.206784,0.953199,0.818996
HE_IL,Hebrew,patch_command_ratio,dense_table_slots,45,0.913411,0.427389,0.988424,0.993525
HE_IL,Hebrew,patch_command_ratio,value_references,45,1.000000,0.960414,1.000000,0.999771
HE_IL,Hebrew,patch_command_ratio,logical_leaf_paths,45,0.458237,-0.090909,0.458679,0.517722
HU_HU,Hungarian,delete_cost,unseen_changed_exact,1,-0.306118,-0.306118,-0.306118,-0.307633
HU_HU,Hungarian,delete_cost,unseen_f05,24,0.062185,-0.353778,0.351189,0.066158
HU_HU,Hungarian,delete_cost,unseen_over_percent,9,0.240424,-0.322039,0.349628,0.231781
HU_HU,Hungarian,delete_cost,unseen_under_percent,24,-0.062185,-0.351189,0.233028,-0.066158
HU_HU,Hungarian,delete_cost,patch_command_ratio,45,0.399000,0.337884,0.406836,0.369680
HU_HU,Hungarian,delete_cost,trie_nodes,45,0.192274,-0.179754,0.333970,0.001835
HU_HU,Hungarian,delete_cost,trie_edges,45,-0.155971,-0.224924,0.174129,-0.028782
HU_HU,Hungarian,delete_cost,dense_table_slots,45,0.099353,-0.180264,0.287022,-0.019643
HU_HU,Hungarian,delete_cost,value_references,45,0.339017,0.283515,0.339017,0.191027
HU_HU,Hungarian,insert_cost,unseen_changed_exact,1,-0.306118,-0.306118,-0.306118,-0.307633
HU_HU,Hungarian,insert_cost,unseen_f05,24,0.062185,-0.353778,0.351189,0.066158
HU_HU,Hungarian,insert_cost,unseen_over_percent,9,0.240424,-0.322039,0.349628,0.231781
HU_HU,Hungarian,insert_cost,unseen_under_percent,24,-0.062185,-0.351189,0.233028,-0.066158
HU_HU,Hungarian,insert_cost,patch_command_ratio,45,0.399000,0.337884,0.406836,0.369680
HU_HU,Hungarian,insert_cost,trie_nodes,45,0.192274,-0.179754,0.333970,0.001835
HU_HU,Hungarian,insert_cost,trie_edges,45,-0.155971,-0.224924,0.174129,-0.028782
HU_HU,Hungarian,insert_cost,dense_table_slots,45,0.099353,-0.180264,0.287022,-0.019643
HU_HU,Hungarian,insert_cost,value_references,45,0.339017,0.283515,0.339017,0.191027
HU_HU,Hungarian,replace_cost,unseen_changed_exact,1,0.705093,0.705093,0.705093,0.623556
HU_HU,Hungarian,replace_cost,unseen_f05,24,-0.265645,-0.700904,0.736380,-0.212504
HU_HU,Hungarian,replace_cost,unseen_over_percent,9,-0.553950,-0.732957,0.553950,-0.472326
HU_HU,Hungarian,replace_cost,unseen_under_percent,24,0.265645,-0.377638,0.700904,0.219063
HU_HU,Hungarian,replace_cost,patch_command_ratio,45,-0.508824,-0.592968,-0.327726,-0.572104
HU_HU,Hungarian,replace_cost,trie_nodes,45,0.064791,-0.252939,0.603337,0.319272
HU_HU,Hungarian,replace_cost,trie_edges,45,0.577038,0.049798,0.729733,0.364530
HU_HU,Hungarian,replace_cost,dense_table_slots,45,0.182454,-0.163649,0.678389,0.350152
HU_HU,Hungarian,replace_cost,value_references,45,-0.247724,-0.320440,-0.121723,-0.052732
HU_HU,Hungarian,match_cost,unseen_changed_exact,1,-0.077967,-0.077967,-0.077967,-0.077967
HU_HU,Hungarian,match_cost,unseen_f05,24,0.042781,-0.161828,0.042781,0.040254
HU_HU,Hungarian,match_cost,unseen_over_percent,9,0.017205,-0.017205,0.176844,0.017205
HU_HU,Hungarian,match_cost,unseen_under_percent,24,-0.042781,-0.054513,0.002221,-0.041406
HU_HU,Hungarian,match_cost,patch_command_ratio,45,-0.105575,-0.142663,-0.066959,-0.104208
HU_HU,Hungarian,match_cost,trie_nodes,45,-0.202546,-0.227272,-0.153627,-0.324109
HU_HU,Hungarian,match_cost,trie_edges,45,-0.153906,-0.202941,-0.151570,-0.320009
HU_HU,Hungarian,match_cost,dense_table_slots,45,-0.194999,-0.220494,-0.151936,-0.321460
HU_HU,Hungarian,match_cost,value_references,45,-0.224245,-0.227272,-0.150593,-0.301990
HU_HU,Hungarian,delete_to_insert_ratio,unseen_changed_exact,1,0.000000,0.000000,0.000000,-0.051180
HU_HU,Hungarian,delete_to_insert_ratio,unseen_f05,24,0.000000,0.000000,0.000000,-0.028003
HU_HU,Hungarian,delete_to_insert_ratio,unseen_over_percent,9,0.000000,0.000000,0.000000,0.029890
HU_HU,Hungarian,delete_to_insert_ratio,unseen_under_percent,24,0.000000,0.000000,0.000000,0.028003
HU_HU,Hungarian,delete_to_insert_ratio,patch_command_ratio,45,0.000000,0.000000,0.000000,0.113502
HU_HU,Hungarian,delete_to_insert_ratio,trie_nodes,45,0.000000,0.000000,0.000000,0.012066
HU_HU,Hungarian,delete_to_insert_ratio,trie_edges,45,0.000000,0.000000,0.000000,0.001670
HU_HU,Hungarian,delete_to_insert_ratio,dense_table_slots,45,0.000000,0.000000,0.000000,0.005541
HU_HU,Hungarian,delete_to_insert_ratio,value_references,45,0.000000,0.000000,0.000000,0.065346
HU_HU,Hungarian,replace_to_delete_insert,unseen_changed_exact,1,0.848555,0.848555,0.848555,0.570215
HU_HU,Hungarian,replace_to_delete_insert,unseen_f05,24,-0.295195,-0.889490,0.912828,-0.014681
HU_HU,Hungarian,replace_to_delete_insert,unseen_over_percent,9,-0.709145,-0.888776,0.730204,-0.383123
HU_HU,Hungarian,replace_to_delete_insert,unseen_under_percent,24,0.295195,-0.507786,0.889490,0.017646
HU_HU,Hungarian,replace_to_delete_insert,patch_command_ratio,45,-0.778116,-0.848724,-0.584039,-0.695799
HU_HU,Hungarian,replace_to_delete_insert,trie_nodes,45,-0.119538,-0.508280,0.665894,0.198518
HU_HU,Hungarian,replace_to_delete_insert,trie_edges,45,0.629574,-0.092998,0.801851,0.255009
HU_HU,Hungarian,replace_to_delete_insert,dense_table_slots,45,0.064782,-0.397940,0.702004,0.235627
HU_HU,Hungarian,replace_to_delete_insert,value_references,45,-0.509200,-0.576707,-0.370785,-0.195156
HU_HU,Hungarian,edit_cost_imbalance,unseen_changed_exact,1,-0.155464,-0.155464,-0.155464,-0.143742
HU_HU,Hungarian,edit_cost_imbalance,unseen_f05,24,0.236191,-0.224929,0.243612,0.178174
HU_HU,Hungarian,edit_cost_imbalance,unseen_over_percent,9,0.177010,-0.177010,0.301341,0.136647
HU_HU,Hungarian,edit_cost_imbalance,unseen_under_percent,24,-0.236191,-0.236191,0.036355,-0.178174
HU_HU,Hungarian,edit_cost_imbalance,patch_command_ratio,45,0.008638,-0.112862,0.050059,-0.060448
HU_HU,Hungarian,edit_cost_imbalance,trie_nodes,45,-0.097146,-0.266936,-0.018435,-0.147506
HU_HU,Hungarian,edit_cost_imbalance,trie_edges,45,-0.087249,-0.279218,-0.013417,-0.145280
HU_HU,Hungarian,edit_cost_imbalance,dense_table_slots,45,-0.103441,-0.279867,-0.044517,-0.149135
HU_HU,Hungarian,edit_cost_imbalance,value_references,45,-0.014972,-0.114778,-0.014972,-0.136390
HU_HU,Hungarian,patch_command_ratio,unseen_changed_exact,1,-0.618272,-0.618272,-0.618272,-0.497175
HU_HU,Hungarian,patch_command_ratio,unseen_f05,24,0.226513,-0.737071,0.890476,0.231883
HU_HU,Hungarian,patch_command_ratio,unseen_over_percent,9,0.428597,-0.746948,0.792679,0.122794
HU_HU,Hungarian,patch_command_ratio,unseen_under_percent,24,-0.289179,-0.801674,0.504521,-0.242168
HU_HU,Hungarian,trie_nodes,unseen_changed_exact,1,-0.443728,-0.443728,-0.443728,0.177789
HU_HU,Hungarian,trie_nodes,unseen_f05,24,-0.485764,-0.707454,0.290591,-0.208870
HU_HU,Hungarian,trie_nodes,unseen_over_percent,9,0.086761,-0.539609,0.586400,-0.023430
HU_HU,Hungarian,trie_nodes,unseen_under_percent,24,0.470780,-0.467333,0.707454,0.217832
HU_HU,Hungarian,trie_edges,unseen_changed_exact,1,0.097599,0.097599,0.097599,0.377656
HU_HU,Hungarian,trie_edges,unseen_f05,24,-0.694121,-0.748163,-0.009968,-0.231523
HU_HU,Hungarian,trie_edges,unseen_over_percent,9,0.090311,-0.364150,0.348832,-0.163713
HU_HU,Hungarian,trie_edges,unseen_under_percent,24,0.706964,0.042014,0.850558,0.231523
HU_HU,Hungarian,dense_table_slots,unseen_changed_exact,1,-0.357864,-0.357864,-0.357864,0.341795
HU_HU,Hungarian,dense_table_slots,unseen_f05,24,-0.693775,-0.761722,0.119469,-0.232656
HU_HU,Hungarian,dense_table_slots,unseen_over_percent,9,-0.131435,-0.533655,0.557252,-0.135064
HU_HU,Hungarian,dense_table_slots,unseen_under_percent,24,0.693775,-0.114626,0.729730,0.234092
HU_HU,Hungarian,value_references,unseen_changed_exact,1,-0.443728,-0.443728,-0.443728,-0.380298
HU_HU,Hungarian,value_references,unseen_f05,24,0.106801,-0.598375,0.590296,0.010019
HU_HU,Hungarian,value_references,unseen_over_percent,9,0.086761,-0.539462,0.750640,-0.169968
HU_HU,Hungarian,value_references,unseen_under_percent,24,-0.106801,-0.683627,0.416965,-0.010019
HU_HU,Hungarian,patch_command_ratio,trie_nodes,45,0.398758,-0.393820,0.948568,0.185687
HU_HU,Hungarian,patch_command_ratio,trie_edges,45,-0.362799,-0.655750,0.552861,0.111675
HU_HU,Hungarian,patch_command_ratio,dense_table_slots,45,0.171251,-0.538905,0.877788,0.136460
HU_HU,Hungarian,patch_command_ratio,value_references,45,0.909548,0.848612,0.999906,0.668584
IT_IT,Italian,delete_cost,unseen_changed_exact,43,0.322039,0.262007,0.322039,0.318705
IT_IT,Italian,delete_cost,unseen_f05,44,0.322039,0.304604,0.322039,0.318705
IT_IT,Italian,delete_cost,unseen_over_percent,12,0.322039,0.081793,0.322039,0.318705
IT_IT,Italian,delete_cost,unseen_under_percent,44,-0.322039,-0.322039,-0.263586,-0.318705
IT_IT,Italian,delete_cost,patch_command_ratio,45,-0.296785,-0.340838,-0.240212,-0.250966
IT_IT,Italian,delete_cost,trie_nodes,45,-0.109222,-0.172968,-0.100167,-0.059313
IT_IT,Italian,delete_cost,trie_edges,45,0.320209,0.247235,0.326471,0.111812
IT_IT,Italian,delete_cost,average_path_length,45,0.322039,0.322039,0.322039,0.318705
IT_IT,Italian,delete_cost,dense_table_slots,45,0.319030,0.247235,0.326227,0.101417
IT_IT,Italian,delete_cost,value_references,45,-0.236022,-0.338196,-0.125006,-0.194895
IT_IT,Italian,delete_cost,logical_leaf_paths,45,-0.322039,-0.322039,-0.322039,-0.318705
IT_IT,Italian,insert_cost,unseen_changed_exact,43,0.322039,0.262007,0.322039,0.318705
IT_IT,Italian,insert_cost,unseen_f05,44,0.322039,0.304604,0.322039,0.318705
IT_IT,Italian,insert_cost,unseen_over_percent,12,0.322039,0.081793,0.322039,0.318705
IT_IT,Italian,insert_cost,unseen_under_percent,44,-0.322039,-0.322039,-0.263586,-0.318705
IT_IT,Italian,insert_cost,patch_command_ratio,45,-0.296785,-0.340838,-0.240212,-0.250966
IT_IT,Italian,insert_cost,trie_nodes,45,-0.109222,-0.172968,-0.100167,-0.059313
IT_IT,Italian,insert_cost,trie_edges,45,0.320209,0.247235,0.326471,0.111812
IT_IT,Italian,insert_cost,average_path_length,45,0.322039,0.322039,0.322039,0.318705
IT_IT,Italian,insert_cost,dense_table_slots,45,0.319030,0.247235,0.326227,0.101417
IT_IT,Italian,insert_cost,value_references,45,-0.236022,-0.338196,-0.125006,-0.194895
IT_IT,Italian,insert_cost,logical_leaf_paths,45,-0.322039,-0.322039,-0.322039,-0.318705
IT_IT,Italian,replace_cost,unseen_changed_exact,43,-0.553950,-0.664264,-0.553950,-0.595132
IT_IT,Italian,replace_cost,unseen_f05,44,-0.553950,-0.553950,-0.299141,-0.595132
IT_IT,Italian,replace_cost,unseen_over_percent,12,-0.553950,-0.670070,-0.500945,-0.595132
IT_IT,Italian,replace_cost,unseen_under_percent,44,0.553950,0.553950,0.661361,0.595132
IT_IT,Italian,replace_cost,patch_command_ratio,45,0.753890,0.667282,0.818289,0.654904
IT_IT,Italian,replace_cost,trie_nodes,45,0.383127,0.370335,0.497636,0.405174
IT_IT,Italian,replace_cost,trie_edges,45,-0.250367,-0.267084,-0.139513,0.104397
IT_IT,Italian,replace_cost,average_path_length,45,-0.553950,-0.553950,-0.553950,-0.595132
IT_IT,Italian,replace_cost,dense_table_slots,45,-0.245166,-0.267297,-0.163196,0.121316
IT_IT,Italian,replace_cost,value_references,45,0.657326,0.442889,0.815274,0.596412
IT_IT,Italian,replace_cost,logical_leaf_paths,45,0.553950,0.553950,0.553950,0.595132
IT_IT,Italian,match_cost,unseen_changed_exact,43,0.017205,0.017205,0.165010,0.017205
IT_IT,Italian,match_cost,unseen_f05,44,0.017205,-0.142686,0.017205,0.017205
IT_IT,Italian,match_cost,unseen_over_percent,12,0.017205,0.017205,0.281666,0.017205
IT_IT,Italian,match_cost,unseen_under_percent,44,-0.017205,-0.161120,-0.017205,-0.017205
IT_IT,Italian,match_cost,patch_command_ratio,45,-0.118793,-0.130525,-0.108059,-0.194835
IT_IT,Italian,match_cost,trie_nodes,45,-0.143216,-0.149077,-0.134788,-0.304852
IT_IT,Italian,match_cost,trie_edges,45,-0.210605,-0.216998,-0.197682,-0.318633
IT_IT,Italian,match_cost,average_path_length,45,0.017205,0.017205,0.017205,0.017205
IT_IT,Italian,match_cost,dense_table_slots,45,-0.209216,-0.224348,-0.195359,-0.320129
IT_IT,Italian,match_cost,value_references,45,-0.122572,-0.136074,-0.108397,-0.241209
IT_IT,Italian,match_cost,logical_leaf_paths,45,-0.017205,-0.017205,-0.017205,-0.017205
IT_IT,Italian,delete_to_insert_ratio,unseen_changed_exact,43,0.000000,0.000000,0.000000,0.121468
IT_IT,Italian,delete_to_insert_ratio,unseen_f05,44,0.000000,0.000000,0.000000,0.121468
IT_IT,Italian,delete_to_insert_ratio,unseen_over_percent,12,0.000000,0.000000,0.000000,0.121468
IT_IT,Italian,delete_to_insert_ratio,unseen_under_percent,44,0.000000,0.000000,0.000000,-0.121468
IT_IT,Italian,delete_to_insert_ratio,patch_command_ratio,45,0.000000,0.000000,0.000000,-0.081758
IT_IT,Italian,delete_to_insert_ratio,trie_nodes,45,0.000000,0.000000,0.000000,-0.019684
IT_IT,Italian,delete_to_insert_ratio,trie_edges,45,0.000000,0.000000,0.000000,0.037502
IT_IT,Italian,delete_to_insert_ratio,average_path_length,45,0.000000,0.000000,0.000000,0.121468
IT_IT,Italian,delete_to_insert_ratio,dense_table_slots,45,0.000000,0.000000,0.000000,0.033998
IT_IT,Italian,delete_to_insert_ratio,value_references,45,0.000000,0.000000,0.000000,-0.063773
IT_IT,Italian,delete_to_insert_ratio,logical_leaf_paths,45,0.000000,0.000000,0.000000,-0.121468
IT_IT,Italian,replace_to_delete_insert,unseen_changed_exact,43,-0.730204,-0.764200,-0.730204,-0.783016
IT_IT,Italian,replace_to_delete_insert,unseen_f05,44,-0.730204,-0.730204,-0.511603,-0.783016
IT_IT,Italian,replace_to_delete_insert,unseen_over_percent,12,-0.730204,-0.765989,-0.487995,-0.783016
IT_IT,Italian,replace_to_delete_insert,unseen_under_percent,44,0.730204,0.730204,0.763305,0.783016
IT_IT,Italian,replace_to_delete_insert,patch_command_ratio,45,0.866559,0.767314,0.954245,0.714594
IT_IT,Italian,replace_to_delete_insert,trie_nodes,45,0.387093,0.377150,0.526046,0.369585
IT_IT,Italian,replace_to_delete_insert,trie_edges,45,-0.503478,-0.511234,-0.373215,-0.005555
IT_IT,Italian,replace_to_delete_insert,average_path_length,45,-0.730204,-0.730204,-0.730204,-0.783016
IT_IT,Italian,replace_to_delete_insert,dense_table_slots,45,-0.502006,-0.511352,-0.378242,0.015701
IT_IT,Italian,replace_to_delete_insert,value_references,45,0.738195,0.457936,0.954159,0.626768
IT_IT,Italian,replace_to_delete_insert,logical_leaf_paths,45,0.730204,0.730204,0.730204,0.783016
IT_IT,Italian,edit_cost_imbalance,unseen_changed_exact,43,-0.177010,-0.177010,-0.083955,-0.136647
IT_IT,Italian,edit_cost_imbalance,unseen_f05,44,-0.177010,-0.230645,-0.177010,-0.136647
IT_IT,Italian,edit_cost_imbalance,unseen_over_percent,12,-0.177010,-0.177010,0.065323,-0.136647
IT_IT,Italian,edit_cost_imbalance,unseen_under_percent,44,0.177010,0.086404,0.177010,0.136647
IT_IT,Italian,edit_cost_imbalance,patch_command_ratio,45,-0.003882,-0.087571,0.081393,0.006461
IT_IT,Italian,edit_cost_imbalance,trie_nodes,45,0.215909,0.135079,0.228209,-0.071839
IT_IT,Italian,edit_cost_imbalance,trie_edges,45,-0.033643,-0.059806,0.105259,-0.113468
IT_IT,Italian,edit_cost_imbalance,average_path_length,45,-0.177010,-0.177010,-0.177010,-0.136647
IT_IT,Italian,edit_cost_imbalance,dense_table_slots,45,-0.028509,-0.102782,0.112341,-0.116096
IT_IT,Italian,edit_cost_imbalance,value_references,45,0.103199,-0.087435,0.240750,-0.026609
IT_IT,Italian,edit_cost_imbalance,logical_leaf_paths,45,0.177010,0.177010,0.177010,0.136647
IT_IT,Italian,patch_command_ratio,unseen_changed_exact,43,-0.738123,-0.838958,-0.736752,-0.814472
IT_IT,Italian,patch_command_ratio,unseen_f05,44,-0.738046,-0.749751,-0.448454,-0.814552
IT_IT,Italian,patch_command_ratio,unseen_over_percent,12,-0.739435,-0.844756,-0.596887,-0.840127
IT_IT,Italian,patch_command_ratio,unseen_under_percent,44,0.738142,0.736752,0.836625,0.814552
IT_IT,Italian,trie_nodes,unseen_changed_exact,43,-0.737280,-0.838953,-0.736818,-0.394648
IT_IT,Italian,trie_nodes,unseen_f05,44,-0.737215,-0.750272,-0.447354,-0.395917
IT_IT,Italian,trie_nodes,unseen_over_percent,12,-0.740425,-0.844195,-0.594714,-0.392592
IT_IT,Italian,trie_nodes,unseen_under_percent,44,0.737276,0.736821,0.836621,0.395917
IT_IT,Italian,trie_edges,unseen_changed_exact,43,0.535949,0.152102,0.539794,0.046292
IT_IT,Italian,trie_edges,unseen_f05,44,0.536559,0.164856,0.770461,0.046282
IT_IT,Italian,trie_edges,unseen_over_percent,12,0.169430,-0.354640,0.555679,0.056455
IT_IT,Italian,trie_edges,unseen_under_percent,44,-0.535949,-0.539747,-0.152438,-0.046282
IT_IT,Italian,average_path_length,unseen_changed_exact,43,1.000000,0.881078,1.000000,1.000000
IT_IT,Italian,average_path_length,unseen_f05,44,1.000000,0.874819,1.000000,1.000000
IT_IT,Italian,average_path_length,unseen_over_percent,12,1.000000,0.377915,1.000000,1.000000
IT_IT,Italian,average_path_length,unseen_under_percent,44,-1.000000,-1.000000,-0.884207,-1.000000
IT_IT,Italian,dense_table_slots,unseen_changed_exact,43,0.535949,0.152102,0.560486,0.022839
IT_IT,Italian,dense_table_slots,unseen_f05,44,0.535949,0.164856,0.563155,0.022201
IT_IT,Italian,dense_table_slots,unseen_over_percent,12,0.165831,-0.434367,0.562834,0.033798
IT_IT,Italian,dense_table_slots,unseen_under_percent,44,-0.535862,-0.559895,-0.152438,-0.022201
IT_IT,Italian,value_references,unseen_changed_exact,43,-0.737974,-0.839076,-0.737014,-0.698475
IT_IT,Italian,value_references,unseen_f05,44,-0.737569,-0.750218,-0.448073,-0.696419
IT_IT,Italian,value_references,unseen_over_percent,12,-0.740041,-0.844197,-0.596915,-0.789323
IT_IT,Italian,value_references,unseen_under_percent,44,0.737785,0.736940,0.836740,0.696419
IT_IT,Italian,logical_leaf_paths,unseen_changed_exact,43,-1.000000,-1.000000,-0.881078,-1.000000
IT_IT,Italian,logical_leaf_paths,unseen_f05,44,-1.000000,-1.000000,-0.874819,-1.000000
IT_IT,Italian,logical_leaf_paths,unseen_over_percent,12,-1.000000,-1.000000,-0.377915,-1.000000
IT_IT,Italian,logical_leaf_paths,unseen_under_percent,44,1.000000,0.884207,1.000000,1.000000
IT_IT,Italian,patch_command_ratio,trie_nodes,45,0.601316,0.527753,0.659014,0.832481
IT_IT,Italian,patch_command_ratio,trie_edges,45,-0.248571,-0.387545,-0.073248,0.482925
IT_IT,Italian,patch_command_ratio,average_path_length,45,-0.738073,-0.742690,-0.736752,-0.814472
IT_IT,Italian,patch_command_ratio,dense_table_slots,45,-0.236159,-0.385366,-0.073436,0.504964
IT_IT,Italian,patch_command_ratio,value_references,45,0.963540,0.688032,1.000000,0.982683
IT_IT,Italian,patch_command_ratio,logical_leaf_paths,45,0.738073,0.736752,0.742690,0.814472
NB_NO,Norwegian Bokmål,delete_cost,unseen_changed_exact,7,0.322039,0.322039,0.322039,0.318705
NB_NO,Norwegian Bokmål,delete_cost,unseen_f05,17,0.024784,-0.145843,0.323500,0.055008
NB_NO,Norwegian Bokmål,delete_cost,unseen_over_percent,5,0.322039,0.145843,0.322039,0.318705
NB_NO,Norwegian Bokmål,delete_cost,unseen_under_percent,15,-0.024784,-0.323500,-0.024784,-0.055008
NB_NO,Norwegian Bokmål,delete_cost,patch_command_ratio,45,0.378447,0.349204,0.382575,0.373061
NB_NO,Norwegian Bokmål,delete_cost,trie_nodes,45,0.380001,0.329123,0.383678,0.373622
NB_NO,Norwegian Bokmål,delete_cost,trie_edges,14,0.322039,-0.322039,0.344159,0.318705
NB_NO,Norwegian Bokmål,delete_cost,average_path_length,5,0.322039,0.322039,0.322039,0.318705
NB_NO,Norwegian Bokmål,delete_cost,dense_table_slots,14,0.322039,-0.322039,0.344159,0.318705
NB_NO,Norwegian Bokmål,delete_cost,value_references,45,0.380001,0.329123,0.383678,0.373175
NB_NO,Norwegian Bokmål,delete_cost,logical_leaf_paths,5,-0.322039,-0.322039,-0.322039,-0.318705
NB_NO,Norwegian Bokmål,insert_cost,unseen_changed_exact,7,0.322039,0.322039,0.322039,0.318705
NB_NO,Norwegian Bokmål,insert_cost,unseen_f05,17,0.024784,-0.145843,0.323500,0.055008
NB_NO,Norwegian Bokmål,insert_cost,unseen_over_percent,5,0.322039,0.145843,0.322039,0.318705
NB_NO,Norwegian Bokmål,insert_cost,unseen_under_percent,15,-0.024784,-0.323500,-0.024784,-0.055008
NB_NO,Norwegian Bokmål,insert_cost,patch_command_ratio,45,0.378447,0.349204,0.382575,0.373061
NB_NO,Norwegian Bokmål,insert_cost,trie_nodes,45,0.380001,0.329123,0.383678,0.373622
NB_NO,Norwegian Bokmål,insert_cost,trie_edges,14,0.322039,-0.322039,0.344159,0.318705
NB_NO,Norwegian Bokmål,insert_cost,average_path_length,5,0.322039,0.322039,0.322039,0.318705
NB_NO,Norwegian Bokmål,insert_cost,dense_table_slots,14,0.322039,-0.322039,0.344159,0.318705
NB_NO,Norwegian Bokmål,insert_cost,value_references,45,0.380001,0.329123,0.383678,0.373175
NB_NO,Norwegian Bokmål,insert_cost,logical_leaf_paths,5,-0.322039,-0.322039,-0.322039,-0.318705
NB_NO,Norwegian Bokmål,replace_cost,unseen_changed_exact,7,-0.553950,-0.553950,-0.553950,-0.595132
NB_NO,Norwegian Bokmål,replace_cost,unseen_f05,17,-0.112452,-0.585014,0.583711,-0.045685
NB_NO,Norwegian Bokmål,replace_cost,unseen_over_percent,5,-0.553950,-0.583711,-0.553950,-0.595132
NB_NO,Norwegian Bokmål,replace_cost,unseen_under_percent,15,0.112452,0.112452,0.585014,0.045685
NB_NO,Norwegian Bokmål,replace_cost,patch_command_ratio,45,-0.685066,-0.741118,-0.647102,-0.693338
NB_NO,Norwegian Bokmål,replace_cost,trie_nodes,45,-0.685918,-0.780710,-0.564563,-0.699027
NB_NO,Norwegian Bokmål,replace_cost,trie_edges,14,-0.553950,-0.686694,0.553950,-0.595132
NB_NO,Norwegian Bokmål,replace_cost,average_path_length,5,-0.553950,-0.553950,-0.553950,-0.595132
NB_NO,Norwegian Bokmål,replace_cost,dense_table_slots,14,-0.553950,-0.686694,0.553950,-0.595132
NB_NO,Norwegian Bokmål,replace_cost,value_references,45,-0.685918,-0.779847,-0.564563,-0.699878
NB_NO,Norwegian Bokmål,replace_cost,logical_leaf_paths,5,0.553950,0.553950,0.553950,0.595132
NB_NO,Norwegian Bokmål,match_cost,unseen_changed_exact,7,0.017205,0.017205,0.017205,0.017205
NB_NO,Norwegian Bokmål,match_cost,unseen_f05,17,0.031228,-0.227575,0.035425,0.019196
NB_NO,Norwegian Bokmål,match_cost,unseen_over_percent,5,0.017205,0.017205,0.227575,0.017205
NB_NO,Norwegian Bokmål,match_cost,unseen_under_percent,15,-0.035425,-0.035425,-0.017205,-0.035425
NB_NO,Norwegian Bokmål,match_cost,patch_command_ratio,45,-0.010263,-0.038179,0.056589,0.015014
NB_NO,Norwegian Bokmål,match_cost,trie_nodes,45,-0.010263,-0.065326,0.123412,0.020039
NB_NO,Norwegian Bokmål,match_cost,trie_edges,14,0.017205,-0.017205,0.050021,0.017205
NB_NO,Norwegian Bokmål,match_cost,average_path_length,5,0.017205,0.017205,0.017205,0.017205
NB_NO,Norwegian Bokmål,match_cost,dense_table_slots,14,0.017205,-0.017205,0.050021,0.017205
NB_NO,Norwegian Bokmål,match_cost,value_references,45,-0.010263,-0.065326,0.123548,0.020874
NB_NO,Norwegian Bokmål,match_cost,logical_leaf_paths,5,-0.017205,-0.017205,-0.017205,-0.017205
NB_NO,Norwegian Bokmål,delete_to_insert_ratio,unseen_changed_exact,7,0.000000,0.000000,0.000000,0.121468
NB_NO,Norwegian Bokmål,delete_to_insert_ratio,unseen_f05,17,0.000000,0.000000,0.000000,0.060899
NB_NO,Norwegian Bokmål,delete_to_insert_ratio,unseen_over_percent,5,0.000000,0.000000,0.000000,0.121468
NB_NO,Norwegian Bokmål,delete_to_insert_ratio,unseen_under_percent,15,0.000000,0.000000,0.000000,-0.060899
NB_NO,Norwegian Bokmål,delete_to_insert_ratio,patch_command_ratio,45,0.000000,0.000000,0.000000,0.105032
NB_NO,Norwegian Bokmål,delete_to_insert_ratio,trie_nodes,45,0.000000,0.000000,0.000000,0.099115
NB_NO,Norwegian Bokmål,delete_to_insert_ratio,trie_edges,14,0.000000,0.000000,0.000000,0.088674
NB_NO,Norwegian Bokmål,delete_to_insert_ratio,average_path_length,5,0.000000,0.000000,0.000000,0.121468
NB_NO,Norwegian Bokmål,delete_to_insert_ratio,dense_table_slots,14,0.000000,0.000000,0.000000,0.088674
NB_NO,Norwegian Bokmål,delete_to_insert_ratio,value_references,45,0.000000,0.000000,0.000000,0.101609
NB_NO,Norwegian Bokmål,delete_to_insert_ratio,logical_leaf_paths,5,0.000000,0.000000,0.000000,-0.121468
NB_NO,Norwegian Bokmål,replace_to_delete_insert,unseen_changed_exact,7,-0.730204,-0.730204,-0.730204,-0.783016
NB_NO,Norwegian Bokmål,replace_to_delete_insert,unseen_f05,17,-0.137494,-0.766761,0.581244,0.006426
NB_NO,Norwegian Bokmål,replace_to_delete_insert,unseen_over_percent,5,-0.730204,-0.730204,-0.581244,-0.783016
NB_NO,Norwegian Bokmål,replace_to_delete_insert,unseen_under_percent,15,0.137494,0.137494,0.766761,-0.006426
NB_NO,Norwegian Bokmål,replace_to_delete_insert,patch_command_ratio,45,-0.898765,-0.904813,-0.865742,-0.791786
NB_NO,Norwegian Bokmål,replace_to_delete_insert,trie_nodes,45,-0.901834,-0.931774,-0.785439,-0.764942
NB_NO,Norwegian Bokmål,replace_to_delete_insert,trie_edges,14,-0.730204,-0.875678,0.730204,-0.674545
NB_NO,Norwegian Bokmål,replace_to_delete_insert,average_path_length,5,-0.730204,-0.730204,-0.730204,-0.783016
NB_NO,Norwegian Bokmål,replace_to_delete_insert,dense_table_slots,14,-0.730204,-0.875678,0.730204,-0.674545
NB_NO,Norwegian Bokmål,replace_to_delete_insert,value_references,45,-0.901834,-0.931043,-0.785439,-0.769803
NB_NO,Norwegian Bokmål,replace_to_delete_insert,logical_leaf_paths,5,0.730204,0.730204,0.730204,0.783016
NB_NO,Norwegian Bokmål,edit_cost_imbalance,unseen_changed_exact,7,-0.177010,-0.177010,-0.177010,-0.136647
NB_NO,Norwegian Bokmål,edit_cost_imbalance,unseen_f05,17,-0.053213,-0.282076,0.291073,-0.125279
NB_NO,Norwegian Bokmål,edit_cost_imbalance,unseen_over_percent,5,-0.177010,-0.177010,0.282076,-0.136647
NB_NO,Norwegian Bokmål,edit_cost_imbalance,unseen_under_percent,15,-0.291073,-0.291073,0.177010,-0.229815
NB_NO,Norwegian Bokmål,edit_cost_imbalance,patch_command_ratio,45,0.005771,-0.013186,0.048549,-0.022953
NB_NO,Norwegian Bokmål,edit_cost_imbalance,trie_nodes,45,0.024777,-0.053871,0.090802,0.021289
NB_NO,Norwegian Bokmål,edit_cost_imbalance,trie_edges,14,0.053968,-0.177010,0.239365,0.055481
NB_NO,Norwegian Bokmål,edit_cost_imbalance,average_path_length,5,-0.177010,-0.177010,-0.177010,-0.136647
NB_NO,Norwegian Bokmål,edit_cost_imbalance,dense_table_slots,14,0.053968,-0.177010,0.239365,0.055481
NB_NO,Norwegian Bokmål,edit_cost_imbalance,value_references,45,0.024777,-0.053871,0.090802,0.020118
NB_NO,Norwegian Bokmål,edit_cost_imbalance,logical_leaf_paths,5,0.177010,0.177010,0.177010,0.136647
NB_NO,Norwegian Bokmål,patch_command_ratio,unseen_changed_exact,7,0.752309,0.750547,0.754357,0.870040
NB_NO,Norwegian Bokmål,patch_command_ratio,unseen_f05,17,0.099621,-0.339703,0.783319,0.104696
NB_NO,Norwegian Bokmål,patch_command_ratio,unseen_over_percent,5,0.752309,0.334477,0.752309,0.672790
NB_NO,Norwegian Bokmål,patch_command_ratio,unseen_under_percent,15,-0.123475,-0.783552,-0.033959,-0.129804
NB_NO,Norwegian Bokmål,trie_nodes,unseen_changed_exact,7,0.752309,0.752309,0.758668,0.818836
NB_NO,Norwegian Bokmål,trie_nodes,unseen_f05,17,0.161760,-0.337406,0.793121,0.142207
NB_NO,Norwegian Bokmål,trie_nodes,unseen_over_percent,5,0.752309,0.334094,0.752309,0.586110
NB_NO,Norwegian Bokmål,trie_nodes,unseen_under_percent,15,-0.161760,-0.793755,-0.161760,-0.197034
NB_NO,Norwegian Bokmål,trie_edges,unseen_changed_exact,5,-1.000000,-1.000000,-0.839603,-1.000000
NB_NO,Norwegian Bokmål,trie_edges,unseen_f05,6,-1.000000,-1.000000,0.164689,-1.000000
NB_NO,Norwegian Bokmål,trie_edges,unseen_over_percent,3,-1.000000,-1.000000,-1.000000,-1.000000
NB_NO,Norwegian Bokmål,trie_edges,unseen_under_percent,6,1.000000,-0.164689,1.000000,1.000000
NB_NO,Norwegian Bokmål,average_path_length,unseen_changed_exact,5,1.000000,1.000000,1.000000,1.000000
NB_NO,Norwegian Bokmål,average_path_length,unseen_f05,5,1.000000,1.000000,1.000000,1.000000
NB_NO,Norwegian Bokmål,average_path_length,unseen_over_percent,3,1.000000,1.000000,1.000000,1.000000
NB_NO,Norwegian Bokmål,average_path_length,unseen_under_percent,5,-1.000000,-1.000000,-1.000000,-1.000000
NB_NO,Norwegian Bokmål,dense_table_slots,unseen_changed_exact,5,-1.000000,-1.000000,-0.839603,-1.000000
NB_NO,Norwegian Bokmål,dense_table_slots,unseen_f05,6,-1.000000,-1.000000,0.164689,-1.000000
NB_NO,Norwegian Bokmål,dense_table_slots,unseen_over_percent,3,-1.000000,-1.000000,-1.000000,-1.000000
NB_NO,Norwegian Bokmål,dense_table_slots,unseen_under_percent,6,1.000000,-0.164689,1.000000,1.000000
NB_NO,Norwegian Bokmål,value_references,unseen_changed_exact,7,0.752309,0.752309,0.758668,0.830883
NB_NO,Norwegian Bokmål,value_references,unseen_f05,17,0.161760,-0.337406,0.793121,0.169202
NB_NO,Norwegian Bokmål,value_references,unseen_over_percent,5,0.752309,0.334094,0.752309,0.640965
NB_NO,Norwegian Bokmål,value_references,unseen_under_percent,15,-0.161760,-0.793755,-0.161760,-0.180255
NB_NO,Norwegian Bokmål,logical_leaf_paths,unseen_changed_exact,5,-1.000000,-1.000000,-1.000000,-1.000000
NB_NO,Norwegian Bokmål,logical_leaf_paths,unseen_f05,5,-1.000000,-1.000000,-1.000000,-1.000000
NB_NO,Norwegian Bokmål,logical_leaf_paths,unseen_over_percent,3,-1.000000,-1.000000,-1.000000,-1.000000
NB_NO,Norwegian Bokmål,logical_leaf_paths,unseen_under_percent,5,1.000000,1.000000,1.000000,1.000000
NB_NO,Norwegian Bokmål,patch_command_ratio,trie_nodes,45,0.991641,0.909147,1.000000,0.987981
NB_NO,Norwegian Bokmål,patch_command_ratio,trie_edges,14,0.750401,-0.752309,0.863007,0.753335
NB_NO,Norwegian Bokmål,patch_command_ratio,average_path_length,5,0.752309,0.752309,0.752309,0.889034
NB_NO,Norwegian Bokmål,patch_command_ratio,dense_table_slots,14,0.750401,-0.752309,0.863007,0.753335
NB_NO,Norwegian Bokmål,patch_command_ratio,value_references,45,0.991641,0.909147,1.000000,0.986774
NB_NO,Norwegian Bokmål,patch_command_ratio,logical_leaf_paths,5,-0.752309,-0.752309,-0.752309,-0.889034
NL_NL,Dutch,delete_cost,unseen_changed_exact,45,-0.282821,-0.296459,-0.224897,-0.206438
NL_NL,Dutch,delete_cost,unseen_f05,45,-0.282821,-0.298307,-0.167385,-0.196573
NL_NL,Dutch,delete_cost,unseen_over_percent,35,0.246714,-0.232158,0.336531,0.202505
NL_NL,Dutch,delete_cost,unseen_under_percent,45,0.282821,0.226302,0.296459,0.198917
NL_NL,Dutch,delete_cost,patch_command_ratio,45,0.263431,0.260008,0.265898,0.252893
NL_NL,Dutch,delete_cost,trie_nodes,45,0.264108,0.259963,0.265918,0.263684
NL_NL,Dutch,delete_cost,trie_edges,45,0.261799,0.258138,0.316809,0.292534
NL_NL,Dutch,delete_cost,average_path_length,45,0.269947,0.174076,0.291812,0.147647
NL_NL,Dutch,delete_cost,dense_table_slots,45,0.261799,0.190796,0.316809,0.281352
NL_NL,Dutch,delete_cost,value_references,45,0.264129,0.259963,0.265920,0.262838
NL_NL,Dutch,delete_cost,logical_leaf_paths,45,0.273879,0.221939,0.292315,0.225043
NL_NL,Dutch,insert_cost,unseen_changed_exact,45,-0.282821,-0.296459,-0.224897,-0.206438
NL_NL,Dutch,insert_cost,unseen_f05,45,-0.282821,-0.298307,-0.167385,-0.196573
NL_NL,Dutch,insert_cost,unseen_over_percent,35,0.246714,-0.232158,0.336531,0.202505
NL_NL,Dutch,insert_cost,unseen_under_percent,45,0.282821,0.226302,0.296459,0.198917
NL_NL,Dutch,insert_cost,patch_command_ratio,45,0.263431,0.260008,0.265898,0.252893
NL_NL,Dutch,insert_cost,trie_nodes,45,0.264108,0.259963,0.265918,0.263684
NL_NL,Dutch,insert_cost,trie_edges,45,0.261799,0.258138,0.316809,0.292534
NL_NL,Dutch,insert_cost,average_path_length,45,0.269947,0.174076,0.291812,0.147647
NL_NL,Dutch,insert_cost,dense_table_slots,45,0.261799,0.190796,0.316809,0.281352
NL_NL,Dutch,insert_cost,value_references,45,0.264129,0.259963,0.265920,0.262838
NL_NL,Dutch,insert_cost,logical_leaf_paths,45,0.273879,0.221939,0.292315,0.225043
NL_NL,Dutch,replace_cost,unseen_changed_exact,45,0.792458,0.679981,0.827368,0.555169
NL_NL,Dutch,replace_cost,unseen_f05,45,0.792458,0.509440,0.828019,0.540825
NL_NL,Dutch,replace_cost,unseen_over_percent,35,-0.715594,-0.798827,0.270106,-0.513398
NL_NL,Dutch,replace_cost,unseen_under_percent,45,-0.792458,-0.827368,-0.683394,-0.546686
NL_NL,Dutch,replace_cost,patch_command_ratio,45,-0.741708,-0.786014,-0.740591,-0.631914
NL_NL,Dutch,replace_cost,trie_nodes,45,-0.741422,-0.786707,-0.740591,-0.639629
NL_NL,Dutch,replace_cost,trie_edges,45,-0.785656,-0.820762,-0.743744,-0.657550
NL_NL,Dutch,replace_cost,average_path_length,45,-0.755721,-0.804926,-0.560659,-0.489244
NL_NL,Dutch,replace_cost,dense_table_slots,45,-0.785646,-0.820762,-0.646567,-0.644901
NL_NL,Dutch,replace_cost,value_references,45,-0.741422,-0.786707,-0.740591,-0.640577
NL_NL,Dutch,replace_cost,logical_leaf_paths,45,-0.757484,-0.816736,-0.637773,-0.567037
NL_NL,Dutch,match_cost,unseen_changed_exact,45,-0.158047,-0.209118,-0.139159,-0.252606
NL_NL,Dutch,match_cost,unseen_f05,45,-0.158047,-0.209118,-0.135898,-0.259465
NL_NL,Dutch,match_cost,unseen_over_percent,35,0.166733,0.104575,0.261874,0.245884
NL_NL,Dutch,match_cost,unseen_under_percent,45,0.158047,0.139159,0.209118,0.258593
NL_NL,Dutch,match_cost,patch_command_ratio,45,0.143096,0.138215,0.145095,0.214981
NL_NL,Dutch,match_cost,trie_nodes,45,0.143087,0.138394,0.145095,0.201002
NL_NL,Dutch,match_cost,trie_edges,45,0.139874,0.137775,0.150201,0.157612
NL_NL,Dutch,match_cost,average_path_length,45,0.164004,0.138396,0.202405,0.288542
NL_NL,Dutch,match_cost,dense_table_slots,45,0.140706,0.137775,0.157629,0.173660
NL_NL,Dutch,match_cost,value_references,45,0.143087,0.138771,0.145095,0.201647
NL_NL,Dutch,match_cost,logical_leaf_paths,45,0.164004,0.134139,0.202405,0.238030
NL_NL,Dutch,delete_to_insert_ratio,unseen_changed_exact,45,0.000000,0.000000,0.000000,-0.022159
NL_NL,Dutch,delete_to_insert_ratio,unseen_f05,45,0.000000,0.000000,0.000000,-0.020172
NL_NL,Dutch,delete_to_insert_ratio,unseen_over_percent,35,0.000000,0.000000,0.000000,0.019665
NL_NL,Dutch,delete_to_insert_ratio,unseen_under_percent,45,0.000000,0.000000,0.000000,0.021060
NL_NL,Dutch,delete_to_insert_ratio,patch_command_ratio,45,0.000000,0.000000,0.000000,0.037381
NL_NL,Dutch,delete_to_insert_ratio,trie_nodes,45,0.000000,0.000000,0.000000,0.039169
NL_NL,Dutch,delete_to_insert_ratio,trie_edges,45,0.000000,0.000000,0.000000,0.046284
NL_NL,Dutch,delete_to_insert_ratio,average_path_length,45,0.000000,0.000000,0.000000,0.011731
NL_NL,Dutch,delete_to_insert_ratio,dense_table_slots,45,0.000000,0.000000,0.000000,0.041796
NL_NL,Dutch,delete_to_insert_ratio,value_references,45,0.000000,0.000000,0.000000,0.039502
NL_NL,Dutch,delete_to_insert_ratio,logical_leaf_paths,45,0.000000,0.000000,0.000000,0.022005
NL_NL,Dutch,replace_to_delete_insert,unseen_changed_exact,45,0.883664,0.729931,0.931498,0.453665
NL_NL,Dutch,replace_to_delete_insert,unseen_f05,45,0.883664,0.554715,0.931767,0.439855
NL_NL,Dutch,replace_to_delete_insert,unseen_over_percent,35,-0.787785,-0.930329,0.432028,-0.424984
NL_NL,Dutch,replace_to_delete_insert,unseen_under_percent,45,-0.883664,-0.931498,-0.735482,-0.443121
NL_NL,Dutch,replace_to_delete_insert,patch_command_ratio,45,-0.842904,-0.874347,-0.840725,-0.535164
NL_NL,Dutch,replace_to_delete_insert,trie_nodes,45,-0.842904,-0.874287,-0.840725,-0.544213
NL_NL,Dutch,replace_to_delete_insert,trie_edges,45,-0.873592,-0.941362,-0.843944,-0.574882
NL_NL,Dutch,replace_to_delete_insert,average_path_length,45,-0.861343,-0.914684,-0.610516,-0.389082
NL_NL,Dutch,replace_to_delete_insert,dense_table_slots,45,-0.873454,-0.941362,-0.693266,-0.554517
NL_NL,Dutch,replace_to_delete_insert,value_references,45,-0.842904,-0.874158,-0.840725,-0.546701
NL_NL,Dutch,replace_to_delete_insert,logical_leaf_paths,45,-0.861831,-0.925514,-0.689517,-0.466284
NL_NL,Dutch,edit_cost_imbalance,unseen_changed_exact,45,-0.187668,-0.296507,-0.145179,-0.227747
NL_NL,Dutch,edit_cost_imbalance,unseen_f05,45,-0.187668,-0.347183,-0.145179,-0.229047
NL_NL,Dutch,edit_cost_imbalance,unseen_over_percent,35,0.245230,-0.140461,0.337105,0.229486
NL_NL,Dutch,edit_cost_imbalance,unseen_under_percent,45,0.187668,0.145179,0.296507,0.229919
NL_NL,Dutch,edit_cost_imbalance,patch_command_ratio,45,0.229345,0.194812,0.238122,0.214038
NL_NL,Dutch,edit_cost_imbalance,trie_nodes,45,0.229434,0.193851,0.238035,0.215059
NL_NL,Dutch,edit_cost_imbalance,trie_edges,45,0.187496,0.114523,0.224436,0.203327
NL_NL,Dutch,edit_cost_imbalance,average_path_length,45,0.219671,0.149622,0.297518,0.218016
NL_NL,Dutch,edit_cost_imbalance,dense_table_slots,45,0.192224,0.114523,0.302423,0.214813
NL_NL,Dutch,edit_cost_imbalance,value_references,45,0.229434,0.193851,0.238035,0.213290
NL_NL,Dutch,edit_cost_imbalance,logical_leaf_paths,45,0.219671,0.149211,0.292873,0.232031
NL_NL,Dutch,patch_command_ratio,unseen_changed_exact,45,-0.935182,-0.951308,-0.802896,-0.963251
NL_NL,Dutch,patch_command_ratio,unseen_f05,45,-0.933487,-0.978076,-0.614746,-0.957812
NL_NL,Dutch,patch_command_ratio,unseen_over_percent,35,0.844095,-0.340776,0.948295,0.933163
NL_NL,Dutch,patch_command_ratio,unseen_under_percent,45,0.935182,0.802896,0.978121,0.961359
NL_NL,Dutch,trie_nodes,unseen_changed_exact,45,-0.935182,-0.976993,-0.802896,-0.955942
NL_NL,Dutch,trie_nodes,unseen_f05,45,-0.933487,-0.980696,-0.614746,-0.946842
NL_NL,Dutch,trie_nodes,unseen_over_percent,35,0.844095,-0.340776,0.948295,0.913422
NL_NL,Dutch,trie_nodes,unseen_under_percent,45,0.935182,0.802896,0.980696,0.950303
NL_NL,Dutch,trie_edges,unseen_changed_exact,45,-0.935491,-0.997980,-0.803233,-0.910645
NL_NL,Dutch,trie_edges,unseen_f05,45,-0.936127,-0.998482,-0.615000,-0.894667
NL_NL,Dutch,trie_edges,unseen_over_percent,35,0.851469,-0.340915,0.971316,0.852550
NL_NL,Dutch,trie_edges,unseen_under_percent,45,0.936127,0.803233,0.998482,0.897634
NL_NL,Dutch,average_path_length,unseen_changed_exact,45,-0.923649,-0.975498,-0.765992,-0.969697
NL_NL,Dutch,average_path_length,unseen_f05,45,-0.923308,-0.975498,-0.643451,-0.978297
NL_NL,Dutch,average_path_length,unseen_over_percent,35,0.875030,-0.431395,0.999371,0.944476
NL_NL,Dutch,average_path_length,unseen_under_percent,45,0.923649,0.654924,0.975498,0.974354
NL_NL,Dutch,dense_table_slots,unseen_changed_exact,45,-0.932229,-0.997980,-0.802809,-0.928859
NL_NL,Dutch,dense_table_slots,unseen_f05,45,-0.911990,-0.997980,-0.615000,-0.916955
NL_NL,Dutch,dense_table_slots,unseen_over_percent,35,0.844913,-0.340915,0.971316,0.876518
NL_NL,Dutch,dense_table_slots,unseen_under_percent,45,0.911990,0.802809,0.997980,0.916108
NL_NL,Dutch,value_references,unseen_changed_exact,45,-0.935182,-0.976993,-0.805526,-0.953432
NL_NL,Dutch,value_references,unseen_f05,45,-0.933487,-0.980696,-0.614746,-0.946521
NL_NL,Dutch,value_references,unseen_over_percent,35,0.844095,-0.340776,0.948295,0.912624
NL_NL,Dutch,value_references,unseen_under_percent,45,0.935182,0.805526,0.980696,0.948817
NL_NL,Dutch,logical_leaf_paths,unseen_changed_exact,45,-0.933278,-0.998867,-0.808161,-0.981693
NL_NL,Dutch,logical_leaf_paths,unseen_f05,45,-0.931354,-0.998867,-0.649101,-0.976947
NL_NL,Dutch,logical_leaf_paths,unseen_over_percent,35,0.877489,-0.431395,0.999371,0.895997
NL_NL,Dutch,logical_leaf_paths,unseen_under_percent,45,0.933278,0.767200,0.998867,0.979286
NL_NL,Dutch,patch_command_ratio,trie_nodes,45,1.000000,0.985426,1.000000,0.998384
NL_NL,Dutch,patch_command_ratio,trie_edges,45,0.984944,0.940005,0.999599,0.975233
NL_NL,Dutch,patch_command_ratio,average_path_length,45,0.910781,0.690381,0.935403,0.919277
NL_NL,Dutch,patch_command_ratio,dense_table_slots,45,0.972979,0.920099,0.999603,0.982629
NL_NL,Dutch,patch_command_ratio,value_references,45,1.000000,0.985422,1.000000,0.998559
NL_NL,Dutch,patch_command_ratio,logical_leaf_paths,45,0.910925,0.759781,0.935424,0.967399
NN_NO,Norwegian Nynorsk,delete_cost,unseen_f05,4,-0.286034,-0.319338,-0.286034,-0.269294
NN_NO,Norwegian Nynorsk,delete_cost,unseen_over_percent,4,0.286034,0.286034,0.319338,0.269294
NN_NO,Norwegian Nynorsk,delete_cost,patch_command_ratio,45,0.249266,0.034324,0.362958,0.222101
NN_NO,Norwegian Nynorsk,delete_cost,trie_nodes,45,0.349097,0.058287,0.382249,0.346366
NN_NO,Norwegian Nynorsk,delete_cost,trie_edges,23,-0.014634,-0.322039,0.317308,-0.016017
NN_NO,Norwegian Nynorsk,delete_cost,dense_table_slots,23,-0.014634,-0.322039,0.317308,-0.016017
NN_NO,Norwegian Nynorsk,delete_cost,value_references,45,0.316726,0.036953,0.381149,0.317797
NN_NO,Norwegian Nynorsk,insert_cost,unseen_f05,4,-0.286034,-0.319338,-0.286034,-0.269294
NN_NO,Norwegian Nynorsk,insert_cost,unseen_over_percent,4,0.286034,0.286034,0.319338,0.269294
NN_NO,Norwegian Nynorsk,insert_cost,patch_command_ratio,45,0.249266,0.034324,0.362958,0.222101
NN_NO,Norwegian Nynorsk,insert_cost,trie_nodes,45,0.349097,0.058287,0.382249,0.346366
NN_NO,Norwegian Nynorsk,insert_cost,trie_edges,23,-0.014634,-0.322039,0.317308,-0.016017
NN_NO,Norwegian Nynorsk,insert_cost,dense_table_slots,23,-0.014634,-0.322039,0.317308,-0.016017
NN_NO,Norwegian Nynorsk,insert_cost,value_references,45,0.316726,0.036953,0.381149,0.317797
NN_NO,Norwegian Nynorsk,replace_cost,unseen_f05,4,0.681004,0.563479,0.681004,0.724417
NN_NO,Norwegian Nynorsk,replace_cost,unseen_over_percent,4,-0.681004,-0.681004,-0.563479,-0.724417
NN_NO,Norwegian Nynorsk,replace_cost,patch_command_ratio,45,-0.496361,-0.607913,0.070012,-0.367618
NN_NO,Norwegian Nynorsk,replace_cost,trie_nodes,45,-0.457266,-0.604854,0.157093,-0.500326
NN_NO,Norwegian Nynorsk,replace_cost,trie_edges,23,0.480839,-0.621964,0.553950,0.338830
NN_NO,Norwegian Nynorsk,replace_cost,dense_table_slots,23,0.480839,-0.621964,0.553950,0.338830
NN_NO,Norwegian Nynorsk,replace_cost,value_references,45,-0.314226,-0.604854,0.171271,-0.410584
NN_NO,Norwegian Nynorsk,match_cost,unseen_f05,4,-0.036904,-0.036904,-0.018683,-0.036904
NN_NO,Norwegian Nynorsk,match_cost,unseen_over_percent,4,0.036904,0.018683,0.036904,0.036904
NN_NO,Norwegian Nynorsk,match_cost,patch_command_ratio,45,-0.060791,-0.226629,0.006995,-0.044099
NN_NO,Norwegian Nynorsk,match_cost,trie_nodes,45,-0.141008,-0.238684,-0.058101,-0.144468
NN_NO,Norwegian Nynorsk,match_cost,trie_edges,23,-0.322965,-0.322965,0.071735,-0.322965
NN_NO,Norwegian Nynorsk,match_cost,dense_table_slots,23,-0.322965,-0.322965,0.071735,-0.322965
NN_NO,Norwegian Nynorsk,match_cost,value_references,45,-0.143410,-0.232527,-0.059094,-0.147061
NN_NO,Norwegian Nynorsk,delete_to_insert_ratio,unseen_f05,4,0.000000,0.000000,0.000000,-0.047665
NN_NO,Norwegian Nynorsk,delete_to_insert_ratio,unseen_over_percent,4,0.000000,0.000000,0.000000,0.047665
NN_NO,Norwegian Nynorsk,delete_to_insert_ratio,patch_command_ratio,45,0.000000,0.000000,0.000000,0.022039
NN_NO,Norwegian Nynorsk,delete_to_insert_ratio,trie_nodes,45,0.000000,0.000000,0.000000,0.100235
NN_NO,Norwegian Nynorsk,delete_to_insert_ratio,trie_edges,23,0.000000,0.000000,0.000000,0.003555
NN_NO,Norwegian Nynorsk,delete_to_insert_ratio,dense_table_slots,23,0.000000,0.000000,0.000000,0.003555
NN_NO,Norwegian Nynorsk,delete_to_insert_ratio,value_references,45,0.000000,0.000000,0.000000,0.089215
NN_NO,Norwegian Nynorsk,replace_to_delete_insert,unseen_f05,4,0.802330,0.735614,0.802330,0.739645
NN_NO,Norwegian Nynorsk,replace_to_delete_insert,unseen_over_percent,4,-0.802330,-0.802330,-0.735614,-0.739645
NN_NO,Norwegian Nynorsk,replace_to_delete_insert,patch_command_ratio,45,-0.627161,-0.806339,0.006432,-0.259518
NN_NO,Norwegian Nynorsk,replace_to_delete_insert,trie_nodes,45,-0.711252,-0.840522,0.048221,-0.580217
NN_NO,Norwegian Nynorsk,replace_to_delete_insert,trie_edges,23,0.396123,-0.783462,0.730204,0.238595
NN_NO,Norwegian Nynorsk,replace_to_delete_insert,dense_table_slots,23,0.396123,-0.783462,0.730204,0.238595
NN_NO,Norwegian Nynorsk,replace_to_delete_insert,value_references,45,-0.504919,-0.840522,0.080585,-0.489056
NN_NO,Norwegian Nynorsk,edit_cost_imbalance,unseen_f05,4,0.188081,0.177840,0.188081,0.138945
NN_NO,Norwegian Nynorsk,edit_cost_imbalance,unseen_over_percent,4,-0.188081,-0.188081,-0.177840,-0.138945
NN_NO,Norwegian Nynorsk,edit_cost_imbalance,patch_command_ratio,45,0.198508,-0.123101,0.282812,0.172001
NN_NO,Norwegian Nynorsk,edit_cost_imbalance,trie_nodes,45,-0.054785,-0.133875,0.122079,-0.049502
NN_NO,Norwegian Nynorsk,edit_cost_imbalance,trie_edges,23,-0.120088,-0.145703,0.245746,-0.137414
NN_NO,Norwegian Nynorsk,edit_cost_imbalance,dense_table_slots,23,-0.120088,-0.145703,0.245746,-0.137414
NN_NO,Norwegian Nynorsk,edit_cost_imbalance,value_references,45,-0.013145,-0.133875,0.194868,-0.034452
NN_NO,Norwegian Nynorsk,patch_command_ratio,unseen_f05,4,-0.381038,-0.767036,0.203875,-0.401534
NN_NO,Norwegian Nynorsk,patch_command_ratio,unseen_over_percent,4,0.381038,-0.203875,0.767036,0.401534
NN_NO,Norwegian Nynorsk,trie_nodes,unseen_f05,4,-0.493004,-0.769313,0.181638,-0.542502
NN_NO,Norwegian Nynorsk,trie_nodes,unseen_over_percent,4,0.493004,-0.181638,0.769313,0.542502
NN_NO,Norwegian Nynorsk,trie_edges,unseen_f05,2,0.813415,0.813415,0.813415,0.813415
NN_NO,Norwegian Nynorsk,trie_edges,unseen_over_percent,2,-0.813415,-0.813415,-0.813415,-0.813415
NN_NO,Norwegian Nynorsk,dense_table_slots,unseen_f05,2,0.813415,0.813415,0.813415,0.813415
NN_NO,Norwegian Nynorsk,dense_table_slots,unseen_over_percent,2,-0.813415,-0.813415,-0.813415,-0.813415
NN_NO,Norwegian Nynorsk,value_references,unseen_f05,4,-0.394181,-0.762928,0.190076,-0.386065
NN_NO,Norwegian Nynorsk,value_references,unseen_over_percent,4,0.394181,-0.190076,0.762928,0.386065
NN_NO,Norwegian Nynorsk,patch_command_ratio,trie_nodes,45,0.762070,0.265887,0.998941,0.720545
NN_NO,Norwegian Nynorsk,patch_command_ratio,trie_edges,23,-0.002672,-0.533932,0.869306,-0.044508
NN_NO,Norwegian Nynorsk,patch_command_ratio,dense_table_slots,23,-0.002672,-0.533932,0.869306,-0.044508
NN_NO,Norwegian Nynorsk,patch_command_ratio,value_references,45,0.839699,0.504479,0.998941,0.831708
PL_PL,Polish,delete_cost,unseen_changed_exact,44,0.322039,0.322039,0.322039,0.318705
PL_PL,Polish,delete_cost,unseen_f05,44,0.322039,0.124724,0.322039,0.318705
PL_PL,Polish,delete_cost,unseen_over_percent,12,0.287622,0.014634,0.322039,0.241039
PL_PL,Polish,delete_cost,unseen_under_percent,44,-0.322039,-0.322039,-0.124724,-0.318705
PL_PL,Polish,delete_cost,patch_command_ratio,45,-0.211828,-0.254217,0.250549,-0.093480
PL_PL,Polish,delete_cost,trie_nodes,45,-0.166564,-0.233838,-0.122592,-0.168997
PL_PL,Polish,delete_cost,trie_edges,45,-0.190280,-0.271050,-0.142006,-0.192041
PL_PL,Polish,delete_cost,average_path_length,42,-0.322039,-0.322039,0.305937,-0.318705
PL_PL,Polish,delete_cost,dense_table_slots,45,-0.181703,-0.246851,-0.142061,-0.183240
PL_PL,Polish,delete_cost,value_references,45,-0.176349,-0.252122,0.249146,-0.061417
PL_PL,Polish,delete_cost,logical_leaf_paths,42,-0.322039,-0.322039,-0.322039,-0.318705
PL_PL,Polish,insert_cost,unseen_changed_exact,44,0.322039,0.322039,0.322039,0.318705
PL_PL,Polish,insert_cost,unseen_f05,44,0.322039,0.124724,0.322039,0.318705
PL_PL,Polish,insert_cost,unseen_over_percent,12,0.287622,0.014634,0.322039,0.241039
PL_PL,Polish,insert_cost,unseen_under_percent,44,-0.322039,-0.322039,-0.124724,-0.318705
PL_PL,Polish,insert_cost,patch_command_ratio,45,-0.211828,-0.254217,0.250549,-0.093480
PL_PL,Polish,insert_cost,trie_nodes,45,-0.166564,-0.233838,-0.122592,-0.168997
PL_PL,Polish,insert_cost,trie_edges,45,-0.190280,-0.271050,-0.142006,-0.192041
PL_PL,Polish,insert_cost,average_path_length,42,-0.322039,-0.322039,0.305937,-0.318705
PL_PL,Polish,insert_cost,dense_table_slots,45,-0.181703,-0.246851,-0.142061,-0.183240
PL_PL,Polish,insert_cost,value_references,45,-0.176349,-0.252122,0.249146,-0.061417
PL_PL,Polish,insert_cost,logical_leaf_paths,42,-0.322039,-0.322039,-0.322039,-0.318705
PL_PL,Polish,replace_cost,unseen_changed_exact,44,-0.553950,-0.553950,-0.553950,-0.595132
PL_PL,Polish,replace_cost,unseen_f05,44,-0.553950,-0.553950,-0.074231,-0.595132
PL_PL,Polish,replace_cost,unseen_over_percent,12,-0.553950,-0.745601,-0.480839,-0.554895
PL_PL,Polish,replace_cost,unseen_under_percent,44,0.553950,0.289287,0.553950,0.595132
PL_PL,Polish,replace_cost,patch_command_ratio,45,0.751245,0.006321,0.828639,0.530629
PL_PL,Polish,replace_cost,trie_nodes,45,0.776627,0.693731,0.820751,0.672875
PL_PL,Polish,replace_cost,trie_edges,45,0.686600,0.632467,0.796217,0.684905
PL_PL,Polish,replace_cost,average_path_length,42,0.553950,-0.526252,0.553950,0.595132
PL_PL,Polish,replace_cost,dense_table_slots,45,0.686600,0.630856,0.782636,0.670604
PL_PL,Polish,replace_cost,value_references,45,0.783133,-0.023596,0.826336,0.507705
PL_PL,Polish,replace_cost,logical_leaf_paths,42,0.553950,0.553950,0.553950,0.595132
PL_PL,Polish,match_cost,unseen_changed_exact,44,0.017205,0.017205,0.017205,0.017205
PL_PL,Polish,match_cost,unseen_f05,44,0.017205,-0.142620,0.105368,0.017205
PL_PL,Polish,match_cost,unseen_over_percent,12,0.079417,0.017205,0.322965,0.078696
PL_PL,Polish,match_cost,unseen_under_percent,44,-0.017205,-0.105368,-0.017205,-0.017205
PL_PL,Polish,match_cost,patch_command_ratio,45,-0.142656,-0.212807,-0.119740,-0.274450
PL_PL,Polish,match_cost,trie_nodes,45,-0.125861,-0.146023,-0.115387,-0.216503
PL_PL,Polish,match_cost,trie_edges,45,-0.130937,-0.150470,-0.121637,-0.197132
PL_PL,Polish,match_cost,average_path_length,42,-0.017205,-0.017205,0.016345,-0.017205
PL_PL,Polish,match_cost,dense_table_slots,45,-0.135036,-0.149210,-0.122499,-0.211387
PL_PL,Polish,match_cost,value_references,45,-0.137724,-0.213755,-0.118451,-0.285353
PL_PL,Polish,match_cost,logical_leaf_paths,42,-0.017205,-0.017205,-0.017205,-0.017205
PL_PL,Polish,delete_to_insert_ratio,unseen_changed_exact,44,0.000000,0.000000,0.000000,0.121468
PL_PL,Polish,delete_to_insert_ratio,unseen_f05,44,0.000000,0.000000,0.000000,0.121468
PL_PL,Polish,delete_to_insert_ratio,unseen_over_percent,12,0.000000,0.000000,0.000000,0.034709
PL_PL,Polish,delete_to_insert_ratio,unseen_under_percent,44,0.000000,0.000000,0.000000,-0.121468
PL_PL,Polish,delete_to_insert_ratio,patch_command_ratio,45,0.000000,0.000000,0.000000,-0.016462
PL_PL,Polish,delete_to_insert_ratio,trie_nodes,45,0.000000,0.000000,0.000000,-0.033677
PL_PL,Polish,delete_to_insert_ratio,trie_edges,45,0.000000,0.000000,0.000000,-0.040889
PL_PL,Polish,delete_to_insert_ratio,average_path_length,42,0.000000,0.000000,0.000000,-0.121468
PL_PL,Polish,delete_to_insert_ratio,dense_table_slots,45,0.000000,0.000000,0.000000,-0.038123
PL_PL,Polish,delete_to_insert_ratio,value_references,45,0.000000,0.000000,0.000000,-0.006022
PL_PL,Polish,delete_to_insert_ratio,logical_leaf_paths,42,0.000000,0.000000,0.000000,-0.121468
PL_PL,Polish,replace_to_delete_insert,unseen_changed_exact,44,-0.730204,-0.730204,-0.730204,-0.783016
PL_PL,Polish,replace_to_delete_insert,unseen_f05,44,-0.730204,-0.730204,-0.219549,-0.783016
PL_PL,Polish,replace_to_delete_insert,unseen_over_percent,12,-0.730204,-0.846117,-0.396123,-0.493160
PL_PL,Polish,replace_to_delete_insert,unseen_under_percent,44,0.730204,0.333646,0.730204,0.783016
PL_PL,Polish,replace_to_delete_insert,patch_command_ratio,45,0.792273,-0.228832,0.882072,0.449769
PL_PL,Polish,replace_to_delete_insert,trie_nodes,45,0.779380,0.680341,0.858100,0.569340
PL_PL,Polish,replace_to_delete_insert,trie_edges,45,0.732261,0.654452,0.889064,0.596441
PL_PL,Polish,replace_to_delete_insert,average_path_length,42,0.730204,-0.693694,0.730204,0.783016
PL_PL,Polish,replace_to_delete_insert,dense_table_slots,45,0.732614,0.654206,0.874297,0.576057
PL_PL,Polish,replace_to_delete_insert,value_references,45,0.795143,-0.263838,0.884982,0.381273
PL_PL,Polish,replace_to_delete_insert,logical_leaf_paths,42,0.730204,0.730204,0.730204,0.783016
PL_PL,Polish,edit_cost_imbalance,unseen_changed_exact,44,-0.177010,-0.177010,-0.177010,-0.136647
PL_PL,Polish,edit_cost_imbalance,unseen_f05,44,-0.177010,-0.315363,-0.177010,-0.136647
PL_PL,Polish,edit_cost_imbalance,unseen_over_percent,12,0.038876,-0.177010,0.230352,0.136355
PL_PL,Polish,edit_cost_imbalance,unseen_under_percent,44,0.177010,0.177010,0.241634,0.136647
PL_PL,Polish,edit_cost_imbalance,patch_command_ratio,45,-0.045764,-0.239362,0.073318,-0.094717
PL_PL,Polish,edit_cost_imbalance,trie_nodes,45,-0.001537,-0.159273,0.059230,-0.073242
PL_PL,Polish,edit_cost_imbalance,trie_edges,45,0.038043,-0.134451,0.127540,-0.033933
PL_PL,Polish,edit_cost_imbalance,average_path_length,42,0.177010,-0.168159,0.177010,0.136647
PL_PL,Polish,edit_cost_imbalance,dense_table_slots,45,0.030265,-0.135549,0.118205,-0.056936
PL_PL,Polish,edit_cost_imbalance,value_references,45,-0.044253,-0.236678,0.036773,-0.112036
PL_PL,Polish,edit_cost_imbalance,logical_leaf_paths,42,0.177010,0.177010,0.177010,0.136647
PL_PL,Polish,patch_command_ratio,unseen_changed_exact,44,-0.736120,-0.739179,0.474557,-0.443194
PL_PL,Polish,patch_command_ratio,unseen_f05,44,-0.688316,-0.739179,0.716817,-0.431303
PL_PL,Polish,patch_command_ratio,unseen_over_percent,12,-0.553896,-0.818751,0.025885,-0.426824
PL_PL,Polish,patch_command_ratio,unseen_under_percent,44,0.707746,-0.474557,0.739179,0.431303
PL_PL,Polish,trie_nodes,unseen_changed_exact,44,-0.444631,-0.621884,-0.441499,-0.515753
PL_PL,Polish,trie_nodes,unseen_f05,44,-0.442253,-0.621884,0.078424,-0.509744
PL_PL,Polish,trie_nodes,unseen_over_percent,12,-0.544403,-0.879859,-0.441977,-0.629665
PL_PL,Polish,trie_nodes,unseen_under_percent,44,0.442842,0.208649,0.623488,0.511783
PL_PL,Polish,trie_edges,unseen_changed_exact,44,-0.537684,-0.628905,-0.441643,-0.548840
PL_PL,Polish,trie_edges,unseen_f05,44,-0.444893,-0.628905,0.079211,-0.535432
PL_PL,Polish,trie_edges,unseen_over_percent,12,-0.561785,-0.910382,-0.442361,-0.549688
PL_PL,Polish,trie_edges,unseen_under_percent,44,0.507845,0.264725,0.631054,0.537743
PL_PL,Polish,average_path_length,unseen_changed_exact,42,-1.000000,-1.000000,0.950000,-1.000000
PL_PL,Polish,average_path_length,unseen_f05,42,-1.000000,-1.000000,0.744681,-1.000000
PL_PL,Polish,average_path_length,unseen_over_percent,10,-0.845379,-1.000000,0.396644,-0.671071
PL_PL,Polish,average_path_length,unseen_under_percent,42,1.000000,-0.955404,1.000000,1.000000
PL_PL,Polish,dense_table_slots,unseen_changed_exact,44,-0.449854,-0.630870,-0.441643,-0.528167
PL_PL,Polish,dense_table_slots,unseen_f05,44,-0.442361,-0.623503,0.109691,-0.519922
PL_PL,Polish,dense_table_slots,unseen_over_percent,12,-0.546912,-0.910382,-0.442361,-0.522339
PL_PL,Polish,dense_table_slots,unseen_under_percent,44,0.444893,0.159293,0.766279,0.523243
PL_PL,Polish,value_references,unseen_changed_exact,44,-0.538577,-0.738109,0.460282,-0.339594
PL_PL,Polish,value_references,unseen_f05,44,-0.507430,-0.736862,0.460249,-0.335725
PL_PL,Polish,value_references,unseen_over_percent,12,-0.554853,-0.842547,-0.059231,-0.401994
PL_PL,Polish,value_references,unseen_under_percent,44,0.522953,-0.460282,0.736862,0.343254
PL_PL,Polish,logical_leaf_paths,unseen_changed_exact,42,-1.000000,-1.000000,-1.000000,-1.000000
PL_PL,Polish,logical_leaf_paths,unseen_f05,42,-1.000000,-1.000000,-0.783349,-1.000000
PL_PL,Polish,logical_leaf_paths,unseen_over_percent,10,-0.845379,-1.000000,-0.123569,-0.740738
PL_PL,Polish,logical_leaf_paths,unseen_under_percent,42,1.000000,0.783825,1.000000,1.000000
PL_PL,Polish,patch_command_ratio,trie_nodes,45,0.818870,0.103726,0.935104,0.893844
PL_PL,Polish,patch_command_ratio,trie_edges,45,0.667895,-0.126055,0.884038,0.838939
PL_PL,Polish,patch_command_ratio,average_path_length,42,0.736165,-0.463349,0.739187,0.473812
PL_PL,Polish,patch_command_ratio,dense_table_slots,45,0.696058,-0.124246,0.851085,0.860277
PL_PL,Polish,patch_command_ratio,value_references,45,0.954367,0.686836,1.000000,0.987356
PL_PL,Polish,patch_command_ratio,logical_leaf_paths,42,0.736165,-0.475159,0.739187,0.462352
PT_PT,Portuguese,delete_cost,unseen_changed_exact,43,0.322039,0.322039,0.322039,0.318705
PT_PT,Portuguese,delete_cost,unseen_f05,43,0.322039,0.322039,0.322039,0.318705
PT_PT,Portuguese,delete_cost,unseen_over_percent,8,0.322039,0.322039,0.322039,0.318705
PT_PT,Portuguese,delete_cost,unseen_under_percent,43,-0.322039,-0.322039,-0.322039,-0.318705
PT_PT,Portuguese,delete_cost,patch_command_ratio,45,-0.324882,-0.324882,-0.261438,-0.299123
PT_PT,Portuguese,delete_cost,trie_nodes,45,-0.324882,-0.324882,-0.303856,-0.272617
PT_PT,Portuguese,delete_cost,trie_edges,45,-0.258847,-0.329123,0.106839,-0.118987
PT_PT,Portuguese,delete_cost,average_path_length,45,-0.322039,-0.322039,-0.322039,-0.318705
PT_PT,Portuguese,delete_cost,dense_table_slots,45,-0.249063,-0.329123,0.106839,-0.039352
PT_PT,Portuguese,delete_cost,value_references,45,-0.324882,-0.324882,-0.303856,-0.289683
PT_PT,Portuguese,delete_cost,logical_leaf_paths,45,-0.322039,-0.322039,-0.322039,-0.318705
PT_PT,Portuguese,insert_cost,unseen_changed_exact,43,0.322039,0.322039,0.322039,0.318705
PT_PT,Portuguese,insert_cost,unseen_f05,43,0.322039,0.322039,0.322039,0.318705
PT_PT,Portuguese,insert_cost,unseen_over_percent,8,0.322039,0.322039,0.322039,0.318705
PT_PT,Portuguese,insert_cost,unseen_under_percent,43,-0.322039,-0.322039,-0.322039,-0.318705
PT_PT,Portuguese,insert_cost,patch_command_ratio,45,-0.324882,-0.324882,-0.261438,-0.299123
PT_PT,Portuguese,insert_cost,trie_nodes,45,-0.324882,-0.324882,-0.303856,-0.272617
PT_PT,Portuguese,insert_cost,trie_edges,45,-0.258847,-0.329123,0.106839,-0.118987
PT_PT,Portuguese,insert_cost,average_path_length,45,-0.322039,-0.322039,-0.322039,-0.318705
PT_PT,Portuguese,insert_cost,dense_table_slots,45,-0.249063,-0.329123,0.106839,-0.039352
PT_PT,Portuguese,insert_cost,value_references,45,-0.324882,-0.324882,-0.303856,-0.289683
PT_PT,Portuguese,insert_cost,logical_leaf_paths,45,-0.322039,-0.322039,-0.322039,-0.318705
PT_PT,Portuguese,replace_cost,unseen_changed_exact,43,-0.553950,-0.553950,-0.553950,-0.595132
PT_PT,Portuguese,replace_cost,unseen_f05,43,-0.553950,-0.553950,-0.553950,-0.595132
PT_PT,Portuguese,replace_cost,unseen_over_percent,8,-0.553950,-0.553950,-0.553950,-0.595132
PT_PT,Portuguese,replace_cost,unseen_under_percent,43,0.553950,0.553950,0.553950,0.595132
PT_PT,Portuguese,replace_cost,patch_command_ratio,45,0.793957,0.673739,0.793957,0.662019
PT_PT,Portuguese,replace_cost,trie_nodes,45,0.793957,0.758143,0.793957,0.664361
PT_PT,Portuguese,replace_cost,trie_edges,45,0.670070,0.161711,0.800625,0.503231
PT_PT,Portuguese,replace_cost,average_path_length,45,0.553950,0.553950,0.553950,0.595132
PT_PT,Portuguese,replace_cost,dense_table_slots,45,0.670070,0.161711,0.800625,0.377805
PT_PT,Portuguese,replace_cost,value_references,45,0.793957,0.758143,0.793957,0.667977
PT_PT,Portuguese,replace_cost,logical_leaf_paths,45,0.553950,0.553950,0.553950,0.595132
PT_PT,Portuguese,match_cost,unseen_changed_exact,43,0.017205,0.017205,0.017205,0.017205
PT_PT,Portuguese,match_cost,unseen_f05,43,0.017205,0.017205,0.017205,0.017205
PT_PT,Portuguese,match_cost,unseen_over_percent,8,0.017205,0.017205,0.017205,0.017205
PT_PT,Portuguese,match_cost,unseen_under_percent,43,-0.017205,-0.017205,-0.017205,-0.017205
PT_PT,Portuguese,match_cost,patch_command_ratio,45,-0.128748,-0.143090,-0.128748,-0.115532
PT_PT,Portuguese,match_cost,trie_nodes,45,-0.128748,-0.141142,-0.128748,-0.167796
PT_PT,Portuguese,match_cost,trie_edges,45,-0.146104,-0.189384,-0.128351,-0.276032
PT_PT,Portuguese,match_cost,average_path_length,45,-0.017205,-0.017205,-0.017205,-0.017205
PT_PT,Portuguese,match_cost,dense_table_slots,45,-0.172789,-0.189384,-0.128351,-0.301044
PT_PT,Portuguese,match_cost,value_references,45,-0.128748,-0.141142,-0.128748,-0.136039
PT_PT,Portuguese,match_cost,logical_leaf_paths,45,-0.017205,-0.017205,-0.017205,-0.017205
PT_PT,Portuguese,delete_to_insert_ratio,unseen_changed_exact,43,0.000000,0.000000,0.000000,0.121468
PT_PT,Portuguese,delete_to_insert_ratio,unseen_f05,43,0.000000,0.000000,0.000000,0.121468
PT_PT,Portuguese,delete_to_insert_ratio,unseen_over_percent,8,0.000000,0.000000,0.000000,0.121468
PT_PT,Portuguese,delete_to_insert_ratio,unseen_under_percent,43,0.000000,0.000000,0.000000,-0.121468
PT_PT,Portuguese,delete_to_insert_ratio,patch_command_ratio,45,0.000000,0.000000,0.000000,-0.106366
PT_PT,Portuguese,delete_to_insert_ratio,trie_nodes,45,0.000000,0.000000,0.000000,-0.093000
PT_PT,Portuguese,delete_to_insert_ratio,trie_edges,45,0.000000,0.000000,0.000000,-0.024213
PT_PT,Portuguese,delete_to_insert_ratio,average_path_length,45,0.000000,0.000000,0.000000,-0.121468
PT_PT,Portuguese,delete_to_insert_ratio,dense_table_slots,45,0.000000,0.000000,0.000000,0.000738
PT_PT,Portuguese,delete_to_insert_ratio,value_references,45,0.000000,0.000000,0.000000,-0.101734
PT_PT,Portuguese,delete_to_insert_ratio,logical_leaf_paths,45,0.000000,0.000000,0.000000,-0.121468
PT_PT,Portuguese,replace_to_delete_insert,unseen_changed_exact,43,-0.730204,-0.730204,-0.730204,-0.783016
PT_PT,Portuguese,replace_to_delete_insert,unseen_f05,43,-0.730204,-0.730204,-0.730204,-0.783016
PT_PT,Portuguese,replace_to_delete_insert,unseen_over_percent,8,-0.730204,-0.730204,-0.730204,-0.783016
PT_PT,Portuguese,replace_to_delete_insert,unseen_under_percent,43,0.730204,0.730204,0.730204,0.783016
PT_PT,Portuguese,replace_to_delete_insert,patch_command_ratio,45,0.934787,0.785886,0.934787,0.786933
PT_PT,Portuguese,replace_to_delete_insert,trie_nodes,45,0.934787,0.891622,0.934787,0.748331
PT_PT,Portuguese,replace_to_delete_insert,trie_edges,45,0.765989,0.051319,0.933603,0.421201
PT_PT,Portuguese,replace_to_delete_insert,average_path_length,45,0.730204,0.730204,0.730204,0.783016
PT_PT,Portuguese,replace_to_delete_insert,dense_table_slots,45,0.765989,0.051319,0.933603,0.280769
PT_PT,Portuguese,replace_to_delete_insert,value_references,45,0.934787,0.891622,0.934787,0.774816
PT_PT,Portuguese,replace_to_delete_insert,logical_leaf_paths,45,0.730204,0.730204,0.730204,0.783016
PT_PT,Portuguese,edit_cost_imbalance,unseen_changed_exact,43,-0.177010,-0.177010,-0.177010,-0.136647
PT_PT,Portuguese,edit_cost_imbalance,unseen_f05,43,-0.177010,-0.177010,-0.177010,-0.136647
PT_PT,Portuguese,edit_cost_imbalance,unseen_over_percent,8,-0.177010,-0.177010,-0.177010,-0.136647
PT_PT,Portuguese,edit_cost_imbalance,unseen_under_percent,43,0.177010,0.177010,0.177010,0.136647
PT_PT,Portuguese,edit_cost_imbalance,patch_command_ratio,45,-0.040727,-0.040727,0.038451,0.068938
PT_PT,Portuguese,edit_cost_imbalance,trie_nodes,45,-0.040727,-0.040727,0.000123,0.023621
PT_PT,Portuguese,edit_cost_imbalance,trie_edges,45,-0.053111,-0.321560,0.079058,-0.132012
PT_PT,Portuguese,edit_cost_imbalance,average_path_length,45,0.177010,0.177010,0.177010,0.136647
PT_PT,Portuguese,edit_cost_imbalance,dense_table_slots,45,-0.187763,-0.321560,0.079058,-0.150880
PT_PT,Portuguese,edit_cost_imbalance,value_references,45,-0.040727,-0.040727,0.000123,0.052463
PT_PT,Portuguese,edit_cost_imbalance,logical_leaf_paths,45,0.177010,0.177010,0.177010,0.136647
PT_PT,Portuguese,patch_command_ratio,unseen_changed_exact,43,-0.750198,-0.777569,-0.750198,-0.946012
PT_PT,Portuguese,patch_command_ratio,unseen_f05,43,-0.750198,-0.777569,-0.750198,-0.946012
PT_PT,Portuguese,patch_command_ratio,unseen_over_percent,8,-0.763884,-0.777569,-0.750198,-0.951728
PT_PT,Portuguese,patch_command_ratio,unseen_under_percent,43,0.750198,0.750198,0.777569,0.946012
PT_PT,Portuguese,trie_nodes,unseen_changed_exact,43,-0.750198,-0.777569,-0.750198,-0.871253
PT_PT,Portuguese,trie_nodes,unseen_f05,43,-0.750198,-0.777569,-0.750198,-0.871253
PT_PT,Portuguese,trie_nodes,unseen_over_percent,8,-0.763940,-0.777673,-0.750198,-0.937489
PT_PT,Portuguese,trie_nodes,unseen_under_percent,43,0.750198,0.750198,0.777569,0.871253
PT_PT,Portuguese,trie_edges,unseen_changed_exact,43,-0.750948,-0.874819,0.543334,-0.407799
PT_PT,Portuguese,trie_edges,unseen_f05,43,-0.750948,-0.874819,0.543334,-0.407799
PT_PT,Portuguese,trie_edges,unseen_over_percent,8,-0.827369,-0.874819,-0.752309,-0.963734
PT_PT,Portuguese,trie_edges,unseen_under_percent,43,0.750948,-0.543334,0.874819,0.407799
PT_PT,Portuguese,average_path_length,unseen_changed_exact,43,-1.000000,-1.000000,-1.000000,-1.000000
PT_PT,Portuguese,average_path_length,unseen_f05,43,-1.000000,-1.000000,-1.000000,-1.000000
PT_PT,Portuguese,average_path_length,unseen_over_percent,8,-1.000000,-1.000000,-1.000000,-1.000000
PT_PT,Portuguese,average_path_length,unseen_under_percent,43,1.000000,1.000000,1.000000,1.000000
PT_PT,Portuguese,dense_table_slots,unseen_changed_exact,43,-0.376154,-0.874819,0.543334,-0.231904
PT_PT,Portuguese,dense_table_slots,unseen_f05,43,-0.376154,-0.874819,0.543334,-0.231904
PT_PT,Portuguese,dense_table_slots,unseen_over_percent,8,-0.827369,-0.874819,0.316597,-0.904254
PT_PT,Portuguese,dense_table_slots,unseen_under_percent,43,0.376154,-0.543334,0.874819,0.231904
PT_PT,Portuguese,value_references,unseen_changed_exact,43,-0.750198,-0.777569,-0.750198,-0.922908
PT_PT,Portuguese,value_references,unseen_f05,43,-0.750198,-0.777569,-0.750198,-0.922908
PT_PT,Portuguese,value_references,unseen_over_percent,8,-0.777569,-0.777673,-0.750198,-0.949021
PT_PT,Portuguese,value_references,unseen_under_percent,43,0.750198,0.750198,0.777569,0.922908
PT_PT,Portuguese,logical_leaf_paths,unseen_changed_exact,43,-1.000000,-1.000000,-1.000000,-1.000000
PT_PT,Portuguese,logical_leaf_paths,unseen_f05,43,-1.000000,-1.000000,-1.000000,-1.000000
PT_PT,Portuguese,logical_leaf_paths,unseen_over_percent,8,-1.000000,-1.000000,-1.000000,-1.000000
PT_PT,Portuguese,logical_leaf_paths,unseen_under_percent,43,1.000000,1.000000,1.000000,1.000000
PT_PT,Portuguese,patch_command_ratio,trie_nodes,45,1.000000,0.964799,1.000000,0.983772
PT_PT,Portuguese,patch_command_ratio,trie_edges,45,0.888834,0.068590,0.999002,0.667339
PT_PT,Portuguese,patch_command_ratio,average_path_length,45,0.750198,0.750198,0.777569,0.946812
PT_PT,Portuguese,patch_command_ratio,dense_table_slots,45,0.837946,0.061872,0.999002,0.483744
PT_PT,Portuguese,patch_command_ratio,value_references,45,1.000000,0.964799,1.000000,0.997664
PT_PT,Portuguese,patch_command_ratio,logical_leaf_paths,45,0.750198,0.750198,0.777569,0.946812
RU_RU,Russian,delete_cost,unseen_changed_exact,45,0.304604,0.194106,0.304604,0.305853
RU_RU,Russian,delete_cost,unseen_f05,45,0.240074,-0.258847,0.360792,0.298501
RU_RU,Russian,delete_cost,unseen_over_percent,29,0.258847,-0.228070,0.327885,0.270018
RU_RU,Russian,delete_cost,unseen_under_percent,45,-0.304604,-0.326459,-0.163701,-0.312165
RU_RU,Russian,delete_cost,patch_command_ratio,45,-0.330545,-0.375485,-0.278037,-0.328281
RU_RU,Russian,delete_cost,trie_nodes,45,-0.331973,-0.339492,-0.303244,-0.318165
RU_RU,Russian,delete_cost,trie_edges,45,-0.349657,-0.373290,-0.285054,-0.312638
RU_RU,Russian,delete_cost,average_path_length,45,-0.304604,-0.346319,0.258847,-0.310842
RU_RU,Russian,delete_cost,dense_table_slots,45,-0.301840,-0.353840,-0.283881,-0.289898
RU_RU,Russian,delete_cost,value_references,45,-0.331973,-0.339492,-0.308472,-0.323276
RU_RU,Russian,delete_cost,logical_leaf_paths,45,-0.304604,-0.304604,-0.194106,-0.321108
RU_RU,Russian,insert_cost,unseen_changed_exact,45,0.304604,0.194106,0.304604,0.305853
RU_RU,Russian,insert_cost,unseen_f05,45,0.240074,-0.258847,0.360792,0.298501
RU_RU,Russian,insert_cost,unseen_over_percent,29,0.258847,-0.228070,0.327885,0.270018
RU_RU,Russian,insert_cost,unseen_under_percent,45,-0.304604,-0.326459,-0.163701,-0.312165
RU_RU,Russian,insert_cost,patch_command_ratio,45,-0.330545,-0.375485,-0.278037,-0.328281
RU_RU,Russian,insert_cost,trie_nodes,45,-0.331973,-0.339492,-0.303244,-0.318165
RU_RU,Russian,insert_cost,trie_edges,45,-0.349657,-0.373290,-0.285054,-0.312638
RU_RU,Russian,insert_cost,average_path_length,45,-0.304604,-0.346319,0.258847,-0.310842
RU_RU,Russian,insert_cost,dense_table_slots,45,-0.301840,-0.353840,-0.283881,-0.289898
RU_RU,Russian,insert_cost,value_references,45,-0.331973,-0.339492,-0.308472,-0.323276
RU_RU,Russian,insert_cost,logical_leaf_paths,45,-0.304604,-0.304604,-0.194106,-0.321108
RU_RU,Russian,replace_cost,unseen_changed_exact,45,-0.299141,-0.299141,-0.053250,-0.432080
RU_RU,Russian,replace_cost,unseen_f05,45,-0.141337,-0.427796,0.670070,-0.399890
RU_RU,Russian,replace_cost,unseen_over_percent,29,-0.488022,-0.760129,0.147979,-0.513484
RU_RU,Russian,replace_cost,unseen_under_percent,45,0.299141,0.053250,0.408157,0.522324
RU_RU,Russian,replace_cost,patch_command_ratio,45,0.810115,0.600373,0.817153,0.711790
RU_RU,Russian,replace_cost,trie_nodes,45,0.810415,0.781933,0.813384,0.752580
RU_RU,Russian,replace_cost,trie_edges,45,0.627746,0.601375,0.797810,0.743491
RU_RU,Russian,replace_cost,average_path_length,45,0.299141,-0.670070,0.670070,0.490660
RU_RU,Russian,replace_cost,dense_table_slots,45,0.785720,0.627760,0.806110,0.754824
RU_RU,Russian,replace_cost,value_references,45,0.810501,0.785636,0.813384,0.732977
RU_RU,Russian,replace_cost,logical_leaf_paths,45,0.299141,0.059331,0.299141,0.552781
RU_RU,Russian,match_cost,unseen_changed_exact,45,-0.142686,-0.241509,-0.115686,-0.128474
RU_RU,Russian,match_cost,unseen_f05,45,-0.142686,-0.241509,-0.115918,-0.143676
RU_RU,Russian,match_cost,unseen_over_percent,29,0.172789,-0.142686,0.322965,0.164932
RU_RU,Russian,match_cost,unseen_under_percent,45,0.142686,0.115686,0.241509,0.058218
RU_RU,Russian,match_cost,patch_command_ratio,45,-0.127768,-0.139858,0.090706,-0.053950
RU_RU,Russian,match_cost,trie_nodes,45,-0.128300,-0.140264,-0.122739,-0.071300
RU_RU,Russian,match_cost,trie_edges,45,0.060509,-0.135253,0.066050,-0.045232
RU_RU,Russian,match_cost,average_path_length,45,0.142686,-0.172789,0.241509,0.064116
RU_RU,Russian,match_cost,dense_table_slots,45,-0.133980,-0.135253,0.060861,-0.110194
RU_RU,Russian,match_cost,value_references,45,-0.128043,-0.140159,-0.122739,-0.070648
RU_RU,Russian,match_cost,logical_leaf_paths,45,0.142686,0.115686,0.200601,0.032930
RU_RU,Russian,delete_to_insert_ratio,unseen_changed_exact,45,0.000000,0.000000,0.000000,0.120918
RU_RU,Russian,delete_to_insert_ratio,unseen_f05,45,0.000000,0.000000,0.000000,0.118693
RU_RU,Russian,delete_to_insert_ratio,unseen_over_percent,29,0.000000,0.000000,0.000000,0.084889
RU_RU,Russian,delete_to_insert_ratio,unseen_under_percent,45,0.000000,0.000000,0.000000,-0.122024
RU_RU,Russian,delete_to_insert_ratio,patch_command_ratio,45,0.000000,0.000000,0.000000,-0.103525
RU_RU,Russian,delete_to_insert_ratio,trie_nodes,45,0.000000,0.000000,0.000000,-0.082160
RU_RU,Russian,delete_to_insert_ratio,trie_edges,45,0.000000,0.000000,0.000000,-0.071386
RU_RU,Russian,delete_to_insert_ratio,average_path_length,45,0.000000,0.000000,0.000000,-0.117785
RU_RU,Russian,delete_to_insert_ratio,dense_table_slots,45,0.000000,0.000000,0.000000,-0.064199
RU_RU,Russian,delete_to_insert_ratio,value_references,45,0.000000,0.000000,0.000000,-0.095246
RU_RU,Russian,delete_to_insert_ratio,logical_leaf_paths,45,0.000000,0.000000,0.000000,-0.123873
RU_RU,Russian,replace_to_delete_insert,unseen_changed_exact,45,-0.511603,-0.511603,-0.250430,-0.661756
RU_RU,Russian,replace_to_delete_insert,unseen_f05,45,-0.318210,-0.665386,0.765989,-0.631787
RU_RU,Russian,replace_to_delete_insert,unseen_over_percent,29,-0.538008,-0.901532,0.324051,-0.549218
RU_RU,Russian,replace_to_delete_insert,unseen_under_percent,45,0.511603,0.195133,0.621556,0.738889
RU_RU,Russian,replace_to_delete_insert,patch_command_ratio,45,0.935566,0.764839,0.956789,0.813594
RU_RU,Russian,replace_to_delete_insert,trie_nodes,45,0.948230,0.913491,0.956789,0.788041
RU_RU,Russian,replace_to_delete_insert,trie_edges,45,0.829528,0.796250,0.918969,0.751039
RU_RU,Russian,replace_to_delete_insert,average_path_length,45,0.511603,-0.765989,0.765989,0.712843
RU_RU,Russian,replace_to_delete_insert,dense_table_slots,45,0.896071,0.829521,0.935571,0.736895
RU_RU,Russian,replace_to_delete_insert,value_references,45,0.948560,0.921646,0.956789,0.812892
RU_RU,Russian,replace_to_delete_insert,logical_leaf_paths,45,0.511603,0.250430,0.511603,0.759656
RU_RU,Russian,edit_cost_imbalance,unseen_changed_exact,45,-0.230645,-0.290009,-0.230645,-0.181511
RU_RU,Russian,edit_cost_imbalance,unseen_f05,45,-0.230645,-0.355575,0.079058,-0.178828
RU_RU,Russian,edit_cost_imbalance,unseen_over_percent,29,-0.071386,-0.239563,0.120088,-0.035960
RU_RU,Russian,edit_cost_imbalance,unseen_under_percent,45,0.230645,0.208032,0.353745,0.173654
RU_RU,Russian,edit_cost_imbalance,patch_command_ratio,45,-0.050271,-0.089675,0.066245,0.090024
RU_RU,Russian,edit_cost_imbalance,trie_nodes,45,-0.066896,-0.089675,-0.011897,0.053821
RU_RU,Russian,edit_cost_imbalance,trie_edges,45,0.046997,-0.017551,0.089445,0.049940
RU_RU,Russian,edit_cost_imbalance,average_path_length,45,0.230645,-0.079058,0.233107,0.148295
RU_RU,Russian,edit_cost_imbalance,dense_table_slots,45,0.008712,-0.031307,0.046978,0.011145
RU_RU,Russian,edit_cost_imbalance,value_references,45,-0.066968,-0.089675,-0.024607,0.075775
RU_RU,Russian,edit_cost_imbalance,logical_leaf_paths,45,0.230645,0.230645,0.286924,0.159114
RU_RU,Russian,patch_command_ratio,unseen_changed_exact,45,-0.450422,-0.754419,-0.149343,-0.767503
RU_RU,Russian,patch_command_ratio,unseen_f05,45,-0.449520,-0.754446,0.845154,-0.773431
RU_RU,Russian,patch_command_ratio,unseen_over_percent,29,-0.598029,-0.965502,0.199100,-0.692574
RU_RU,Russian,patch_command_ratio,unseen_under_percent,45,0.450478,0.149343,0.754446,0.813503
RU_RU,Russian,trie_nodes,unseen_changed_exact,45,-0.447431,-0.450481,-0.149343,-0.694056
RU_RU,Russian,trie_nodes,unseen_f05,45,-0.274567,-0.552017,0.845065,-0.615094
RU_RU,Russian,trie_nodes,unseen_over_percent,29,-0.628340,-0.965502,0.182194,-0.680223
RU_RU,Russian,trie_nodes,unseen_under_percent,45,0.447591,0.149343,0.558283,0.737123
RU_RU,Russian,trie_edges,unseen_changed_exact,45,-0.549939,-0.667479,-0.310267,-0.653209
RU_RU,Russian,trie_edges,unseen_f05,45,-0.543986,-0.667479,0.512286,-0.617146
RU_RU,Russian,trie_edges,unseen_over_percent,29,-0.512833,-0.878149,0.362914,-0.596886
RU_RU,Russian,trie_edges,unseen_under_percent,45,0.567710,0.217960,0.831323,0.712240
RU_RU,Russian,average_path_length,unseen_changed_exact,45,-0.891522,-1.000000,0.530616,-0.911038
RU_RU,Russian,average_path_length,unseen_f05,45,-0.686342,-1.000000,0.530616,-0.644603
RU_RU,Russian,average_path_length,unseen_over_percent,29,-0.473056,-1.000000,0.641399,-0.408241
RU_RU,Russian,average_path_length,unseen_under_percent,45,0.891522,-0.530616,1.000000,0.887106
RU_RU,Russian,dense_table_slots,unseen_changed_exact,45,-0.377987,-0.454640,-0.092264,-0.520049
RU_RU,Russian,dense_table_slots,unseen_f05,45,-0.306774,-0.472877,0.797397,-0.512973
RU_RU,Russian,dense_table_slots,unseen_over_percent,29,-0.571626,-0.951929,0.112713,-0.656542
RU_RU,Russian,dense_table_slots,unseen_under_percent,45,0.378564,0.075603,0.525763,0.625911
RU_RU,Russian,value_references,unseen_changed_exact,45,-0.447506,-0.450481,-0.149343,-0.764942
RU_RU,Russian,value_references,unseen_f05,45,-0.274567,-0.558351,0.845065,-0.718724
RU_RU,Russian,value_references,unseen_over_percent,29,-0.598029,-0.965502,0.196571,-0.700820
RU_RU,Russian,value_references,unseen_under_percent,45,0.447520,0.149343,0.558283,0.784360
RU_RU,Russian,logical_leaf_paths,unseen_changed_exact,45,-1.000000,-1.000000,-0.784682,-0.979696
RU_RU,Russian,logical_leaf_paths,unseen_f05,45,-0.928230,-1.000000,0.524860,-0.923337
RU_RU,Russian,logical_leaf_paths,unseen_over_percent,29,-0.473056,-0.949761,0.425659,-0.408241
RU_RU,Russian,logical_leaf_paths,unseen_under_percent,45,1.000000,0.783472,1.000000,0.990612
RU_RU,Russian,patch_command_ratio,trie_nodes,45,0.993951,0.713610,1.000000,0.967295
RU_RU,Russian,patch_command_ratio,trie_edges,45,0.832795,0.724251,0.973161,0.917156
RU_RU,Russian,patch_command_ratio,average_path_length,45,0.449520,-0.838638,0.738464,0.826352
RU_RU,Russian,patch_command_ratio,dense_table_slots,45,0.948898,0.654771,0.999085,0.911156
RU_RU,Russian,patch_command_ratio,value_references,45,0.999854,0.713905,1.000000,0.995447
RU_RU,Russian,patch_command_ratio,logical_leaf_paths,45,0.450482,0.155429,0.770050,0.899351
SV_SE,Swedish,delete_cost,unseen_f05,6,-0.306118,-0.369307,-0.025460,-0.307633
SV_SE,Swedish,delete_cost,unseen_over_percent,6,0.306118,0.025460,0.369307,0.307633
SV_SE,Swedish,delete_cost,unseen_under_percent,1,-0.322039,-0.322039,-0.322039,-0.318705
SV_SE,Swedish,delete_cost,patch_command_ratio,45,0.291487,-0.134318,0.349017,0.221970
SV_SE,Swedish,delete_cost,trie_nodes,45,0.291487,-0.153312,0.291487,0.093627
SV_SE,Swedish,delete_cost,trie_edges,45,-0.258847,-0.258847,0.240074,-0.055608
SV_SE,Swedish,delete_cost,dense_table_slots,45,-0.258847,-0.258847,0.240074,-0.024884
SV_SE,Swedish,delete_cost,value_references,45,0.291487,0.291487,0.349017,0.230487
SV_SE,Swedish,insert_cost,unseen_f05,6,-0.306118,-0.369307,-0.025460,-0.307633
SV_SE,Swedish,insert_cost,unseen_over_percent,6,0.306118,0.025460,0.369307,0.307633
SV_SE,Swedish,insert_cost,unseen_under_percent,1,-0.322039,-0.322039,-0.322039,-0.318705
SV_SE,Swedish,insert_cost,patch_command_ratio,45,0.291487,-0.134318,0.349017,0.221970
SV_SE,Swedish,insert_cost,trie_nodes,45,0.291487,-0.153312,0.291487,0.093627
SV_SE,Swedish,insert_cost,trie_edges,45,-0.258847,-0.258847,0.240074,-0.055608
SV_SE,Swedish,insert_cost,dense_table_slots,45,-0.258847,-0.258847,0.240074,-0.024884
SV_SE,Swedish,insert_cost,value_references,45,0.291487,0.291487,0.349017,0.230487
SV_SE,Swedish,replace_cost,unseen_f05,6,0.690660,-0.351491,0.705093,0.617425
SV_SE,Swedish,replace_cost,unseen_over_percent,6,-0.690660,-0.705093,0.351491,-0.617424
SV_SE,Swedish,replace_cost,unseen_under_percent,1,0.553950,0.553950,0.553950,0.595132
SV_SE,Swedish,replace_cost,patch_command_ratio,45,-0.200103,-0.419321,0.419204,-0.144281
SV_SE,Swedish,replace_cost,trie_nodes,45,-0.200103,-0.200103,0.444752,0.134520
SV_SE,Swedish,replace_cost,trie_edges,45,0.670070,-0.053250,0.670070,0.403032
SV_SE,Swedish,replace_cost,dense_table_slots,45,0.670070,-0.053250,0.670070,0.353624
SV_SE,Swedish,replace_cost,value_references,45,-0.200103,-0.419321,-0.200103,-0.161188
SV_SE,Swedish,match_cost,unseen_f05,6,-0.047586,-0.077967,0.283846,-0.054477
SV_SE,Swedish,match_cost,unseen_over_percent,6,0.047586,-0.283846,0.077967,0.054475
SV_SE,Swedish,match_cost,unseen_under_percent,1,-0.017205,-0.017205,-0.017205,-0.017205
SV_SE,Swedish,match_cost,patch_command_ratio,45,-0.226832,-0.226832,-0.138729,-0.280185
SV_SE,Swedish,match_cost,trie_nodes,45,-0.226832,-0.229194,-0.165566,-0.320616
SV_SE,Swedish,match_cost,trie_edges,45,-0.172789,-0.322965,-0.165566,-0.314229
SV_SE,Swedish,match_cost,dense_table_slots,45,-0.172789,-0.322965,-0.165566,-0.321306
SV_SE,Swedish,match_cost,value_references,45,-0.226832,-0.226832,-0.138729,-0.274809
SV_SE,Swedish,delete_to_insert_ratio,unseen_f05,6,0.000000,0.000000,0.000000,-0.051180
SV_SE,Swedish,delete_to_insert_ratio,unseen_over_percent,6,0.000000,0.000000,0.000000,0.051180
SV_SE,Swedish,delete_to_insert_ratio,unseen_under_percent,1,0.000000,0.000000,0.000000,-0.121468
SV_SE,Swedish,delete_to_insert_ratio,patch_command_ratio,45,0.000000,0.000000,0.000000,0.080943
SV_SE,Swedish,delete_to_insert_ratio,trie_nodes,45,0.000000,0.000000,0.000000,0.034803
SV_SE,Swedish,delete_to_insert_ratio,trie_edges,45,0.000000,0.000000,0.000000,-0.012894
SV_SE,Swedish,delete_to_insert_ratio,dense_table_slots,45,0.000000,0.000000,0.000000,0.000120
SV_SE,Swedish,delete_to_insert_ratio,value_references,45,0.000000,0.000000,0.000000,0.080565
SV_SE,Swedish,replace_to_delete_insert,unseen_f05,6,0.848555,-0.255332,0.881071,0.570215
SV_SE,Swedish,replace_to_delete_insert,unseen_over_percent,6,-0.848555,-0.881071,0.255332,-0.570215
SV_SE,Swedish,replace_to_delete_insert,unseen_under_percent,1,0.730204,0.730204,0.730204,0.783016
SV_SE,Swedish,replace_to_delete_insert,patch_command_ratio,45,-0.435549,-0.661781,0.438997,-0.307592
SV_SE,Swedish,replace_to_delete_insert,trie_nodes,45,-0.435549,-0.435549,0.477220,0.018391
SV_SE,Swedish,replace_to_delete_insert,trie_edges,45,0.765989,-0.257844,0.765989,0.332523
SV_SE,Swedish,replace_to_delete_insert,dense_table_slots,45,0.765989,-0.257844,0.765989,0.259241
SV_SE,Swedish,replace_to_delete_insert,value_references,45,-0.435549,-0.661781,-0.435549,-0.325652
SV_SE,Swedish,edit_cost_imbalance,unseen_f05,6,-0.086154,-0.155464,0.169895,-0.133553
SV_SE,Swedish,edit_cost_imbalance,unseen_over_percent,6,0.086154,-0.169895,0.155464,0.133553
SV_SE,Swedish,edit_cost_imbalance,unseen_under_percent,1,0.177010,0.177010,0.177010,0.136647
SV_SE,Swedish,edit_cost_imbalance,patch_command_ratio,45,-0.123436,-0.124053,0.149324,-0.145175
SV_SE,Swedish,edit_cost_imbalance,trie_nodes,45,-0.123436,-0.123436,0.154866,-0.138548
SV_SE,Swedish,edit_cost_imbalance,trie_edges,45,0.079058,-0.233107,0.154866,-0.113612
SV_SE,Swedish,edit_cost_imbalance,dense_table_slots,45,0.079058,-0.233107,0.154866,-0.131858
SV_SE,Swedish,edit_cost_imbalance,value_references,45,-0.123436,-0.123436,-0.121241,-0.144545
SV_SE,Swedish,patch_command_ratio,unseen_f05,6,-0.435598,-0.607707,-0.278633,-0.386912
SV_SE,Swedish,patch_command_ratio,unseen_over_percent,6,0.435598,0.278633,0.607707,0.386912
SV_SE,Swedish,patch_command_ratio,unseen_under_percent,1,-0.563275,-0.563275,-0.563275,-0.666891
SV_SE,Swedish,trie_nodes,unseen_f05,6,-0.429000,-0.608775,-0.294724,-0.279154
SV_SE,Swedish,trie_nodes,unseen_over_percent,6,0.429000,0.294724,0.608775,0.279158
SV_SE,Swedish,trie_nodes,unseen_under_percent,1,-0.563275,-0.563275,-0.563275,-0.427262
SV_SE,Swedish,trie_edges,unseen_f05,6,0.393445,-0.851321,0.656796,0.378198
SV_SE,Swedish,trie_edges,unseen_over_percent,6,-0.393445,-0.656796,0.851321,-0.378192
SV_SE,Swedish,trie_edges,unseen_under_percent,1,0.189434,0.189434,0.189434,0.189434
SV_SE,Swedish,dense_table_slots,unseen_f05,6,0.393445,-0.851321,0.656796,0.386693
SV_SE,Swedish,dense_table_slots,unseen_over_percent,6,-0.393445,-0.656796,0.851321,-0.386687
SV_SE,Swedish,dense_table_slots,unseen_under_percent,1,0.189434,0.189434,0.189434,0.189434
SV_SE,Swedish,value_references,unseen_f05,6,-0.435598,-0.607707,-0.278633,-0.362304
SV_SE,Swedish,value_references,unseen_over_percent,6,0.435598,0.278633,0.607707,0.362304
SV_SE,Swedish,value_references,unseen_under_percent,1,-0.563275,-0.563275,-0.563275,-0.611719
SV_SE,Swedish,patch_command_ratio,trie_nodes,45,0.985636,0.575625,1.000000,0.955767
SV_SE,Swedish,patch_command_ratio,trie_edges,45,-0.005833,-0.157991,0.891522,0.712527
SV_SE,Swedish,patch_command_ratio,dense_table_slots,45,0.146706,-0.157991,0.891522,0.752323
SV_SE,Swedish,patch_command_ratio,value_references,45,1.000000,0.112307,1.000000,0.989079
UK_UA,Ukrainian,delete_cost,unseen_changed_exact,17,0.322039,-0.064408,0.322039,0.318705
UK_UA,Ukrainian,delete_cost,unseen_f05,31,0.322039,-0.091485,0.322039,0.318705
UK_UA,Ukrainian,delete_cost,unseen_over_percent,2,0.014634,0.014634,0.014634,0.016017
UK_UA,Ukrainian,delete_cost,unseen_under_percent,29,-0.322039,-0.322039,-0.128816,-0.318705
UK_UA,Ukrainian,delete_cost,patch_command_ratio,45,0.216320,-0.153312,0.291487,0.129562
UK_UA,Ukrainian,delete_cost,trie_nodes,45,0.216320,-0.153312,0.291487,0.065070
UK_UA,Ukrainian,delete_cost,trie_edges,44,0.240074,-0.258847,0.240074,0.066960
UK_UA,Ukrainian,delete_cost,average_path_length,19,0.322039,-0.032204,0.322039,0.318705
UK_UA,Ukrainian,delete_cost,dense_table_slots,44,0.240074,-0.258847,0.240074,0.132342
UK_UA,Ukrainian,delete_cost,value_references,45,0.216320,-0.153312,0.291487,0.066659
UK_UA,Ukrainian,delete_cost,logical_leaf_paths,19,-0.322039,-0.322039,0.032204,-0.318705
UK_UA,Ukrainian,insert_cost,unseen_changed_exact,17,0.322039,-0.064408,0.322039,0.318705
UK_UA,Ukrainian,insert_cost,unseen_f05,31,0.322039,-0.091485,0.322039,0.318705
UK_UA,Ukrainian,insert_cost,unseen_over_percent,2,0.014634,0.014634,0.014634,0.016017
UK_UA,Ukrainian,insert_cost,unseen_under_percent,29,-0.322039,-0.322039,-0.128816,-0.318705
UK_UA,Ukrainian,insert_cost,patch_command_ratio,45,0.216320,-0.153312,0.291487,0.129562
UK_UA,Ukrainian,insert_cost,trie_nodes,45,0.216320,-0.153312,0.291487,0.065070
UK_UA,Ukrainian,insert_cost,trie_edges,44,0.240074,-0.258847,0.240074,0.066960
UK_UA,Ukrainian,insert_cost,average_path_length,19,0.322039,-0.032204,0.322039,0.318705
UK_UA,Ukrainian,insert_cost,dense_table_slots,44,0.240074,-0.258847,0.240074,0.132342
UK_UA,Ukrainian,insert_cost,value_references,45,0.216320,-0.153312,0.291487,0.066659
UK_UA,Ukrainian,insert_cost,logical_leaf_paths,19,-0.322039,-0.322039,0.032204,-0.318705
UK_UA,Ukrainian,replace_cost,unseen_changed_exact,17,-0.553950,-0.553950,0.110790,-0.595132
UK_UA,Ukrainian,replace_cost,unseen_f05,31,-0.553950,-0.553950,0.499117,-0.595132
UK_UA,Ukrainian,replace_cost,unseen_over_percent,2,-0.480839,-0.480839,-0.480839,-0.338830
UK_UA,Ukrainian,replace_cost,unseen_under_percent,29,0.553950,0.221580,0.553950,0.595132
UK_UA,Ukrainian,replace_cost,patch_command_ratio,45,-0.119236,-0.200103,0.444752,0.012267
UK_UA,Ukrainian,replace_cost,trie_nodes,45,-0.119236,-0.200103,0.444752,0.167773
UK_UA,Ukrainian,replace_cost,trie_edges,44,-0.053250,-0.053250,0.670070,0.188822
UK_UA,Ukrainian,replace_cost,average_path_length,19,-0.553950,-0.553950,0.055395,-0.595132
UK_UA,Ukrainian,replace_cost,dense_table_slots,44,-0.053250,-0.053250,0.670070,0.054665
UK_UA,Ukrainian,replace_cost,value_references,45,-0.119236,-0.200103,0.444752,0.160072
UK_UA,Ukrainian,replace_cost,logical_leaf_paths,19,0.553950,-0.055395,0.553950,0.595132
UK_UA,Ukrainian,match_cost,unseen_changed_exact,17,0.017205,-0.003441,0.017205,0.017205
UK_UA,Ukrainian,match_cost,unseen_f05,31,0.017205,-0.322965,0.017205,0.017205
UK_UA,Ukrainian,match_cost,unseen_over_percent,2,0.322965,0.322965,0.322965,0.322965
UK_UA,Ukrainian,match_cost,unseen_under_percent,29,-0.017205,-0.017205,-0.006882,-0.017205
UK_UA,Ukrainian,match_cost,patch_command_ratio,45,-0.217073,-0.226832,-0.165566,-0.273384
UK_UA,Ukrainian,match_cost,trie_nodes,45,-0.217073,-0.226832,-0.165566,-0.308549
UK_UA,Ukrainian,match_cost,trie_edges,44,-0.241509,-0.322965,-0.172789,-0.309664
UK_UA,Ukrainian,match_cost,average_path_length,19,0.017205,-0.001721,0.017205,0.017205
UK_UA,Ukrainian,match_cost,dense_table_slots,44,-0.241509,-0.322965,-0.172789,-0.299388
UK_UA,Ukrainian,match_cost,value_references,45,-0.217073,-0.226832,-0.165566,-0.289581
UK_UA,Ukrainian,match_cost,logical_leaf_paths,19,-0.017205,-0.017205,0.001721,-0.017205
UK_UA,Ukrainian,delete_to_insert_ratio,unseen_changed_exact,17,0.000000,0.000000,0.000000,0.121468
UK_UA,Ukrainian,delete_to_insert_ratio,unseen_f05,31,0.000000,0.000000,0.000000,0.121468
UK_UA,Ukrainian,delete_to_insert_ratio,unseen_over_percent,2,0.000000,0.000000,0.000000,-0.003555
UK_UA,Ukrainian,delete_to_insert_ratio,unseen_under_percent,29,0.000000,0.000000,0.000000,-0.121468
UK_UA,Ukrainian,delete_to_insert_ratio,patch_command_ratio,45,0.000000,0.000000,0.000000,0.030588
UK_UA,Ukrainian,delete_to_insert_ratio,trie_nodes,45,0.000000,0.000000,0.000000,0.018405
UK_UA,Ukrainian,delete_to_insert_ratio,trie_edges,44,0.000000,0.000000,0.000000,0.035335
UK_UA,Ukrainian,delete_to_insert_ratio,average_path_length,19,0.000000,0.000000,0.000000,0.121468
UK_UA,Ukrainian,delete_to_insert_ratio,dense_table_slots,44,0.000000,0.000000,0.000000,0.059876
UK_UA,Ukrainian,delete_to_insert_ratio,value_references,45,0.000000,0.000000,0.000000,0.012661
UK_UA,Ukrainian,delete_to_insert_ratio,logical_leaf_paths,19,0.000000,0.000000,0.000000,-0.121468
UK_UA,Ukrainian,replace_to_delete_insert,unseen_changed_exact,17,-0.730204,-0.730204,0.146041,-0.783016
UK_UA,Ukrainian,replace_to_delete_insert,unseen_f05,31,-0.730204,-0.730204,0.479643,-0.783016
UK_UA,Ukrainian,replace_to_delete_insert,unseen_over_percent,2,-0.396123,-0.396123,-0.396123,-0.238595
UK_UA,Ukrainian,replace_to_delete_insert,unseen_under_percent,29,0.730204,0.292082,0.730204,0.783016
UK_UA,Ukrainian,replace_to_delete_insert,patch_command_ratio,45,-0.313861,-0.435549,0.477220,-0.020488
UK_UA,Ukrainian,replace_to_delete_insert,trie_nodes,45,-0.313861,-0.435549,0.477220,0.105607
UK_UA,Ukrainian,replace_to_delete_insert,trie_edges,44,-0.257844,-0.257844,0.765989,0.037915
UK_UA,Ukrainian,replace_to_delete_insert,average_path_length,19,-0.730204,-0.730204,0.073020,-0.783016
UK_UA,Ukrainian,replace_to_delete_insert,dense_table_slots,44,-0.257844,-0.257844,0.765989,-0.130501
UK_UA,Ukrainian,replace_to_delete_insert,value_references,45,-0.313861,-0.435549,0.477220,0.115475
UK_UA,Ukrainian,replace_to_delete_insert,logical_leaf_paths,19,0.730204,-0.073020,0.730204,0.783016
UK_UA,Ukrainian,edit_cost_imbalance,unseen_changed_exact,17,-0.177010,-0.177010,0.035402,-0.136647
UK_UA,Ukrainian,edit_cost_imbalance,unseen_f05,31,-0.177010,-0.177010,-0.045814,-0.136647
UK_UA,Ukrainian,edit_cost_imbalance,unseen_over_percent,2,0.120088,0.120088,0.120088,0.137414
UK_UA,Ukrainian,edit_cost_imbalance,unseen_under_percent,29,0.177010,0.070804,0.177010,0.136647
UK_UA,Ukrainian,edit_cost_imbalance,patch_command_ratio,45,0.016159,-0.123436,0.154866,-0.038406
UK_UA,Ukrainian,edit_cost_imbalance,trie_nodes,45,0.016159,-0.123436,0.154866,-0.086944
UK_UA,Ukrainian,edit_cost_imbalance,trie_edges,44,-0.233107,-0.233107,0.079058,-0.175299
UK_UA,Ukrainian,edit_cost_imbalance,average_path_length,19,-0.177010,-0.177010,0.017701,-0.136647
UK_UA,Ukrainian,edit_cost_imbalance,dense_table_slots,44,-0.233107,-0.233107,0.079058,-0.197696
UK_UA,Ukrainian,edit_cost_imbalance,value_references,45,0.016159,-0.123436,0.154866,-0.036024
UK_UA,Ukrainian,edit_cost_imbalance,logical_leaf_paths,19,0.177010,-0.017701,0.177010,0.136647
UK_UA,Ukrainian,patch_command_ratio,unseen_changed_exact,17,0.173316,-0.609035,0.537278,-0.143772
UK_UA,Ukrainian,patch_command_ratio,unseen_f05,31,0.173316,-0.779920,0.638345,-0.079969
UK_UA,Ukrainian,patch_command_ratio,unseen_over_percent,2,-0.581487,-0.590670,-0.572304,-0.900500
UK_UA,Ukrainian,patch_command_ratio,unseen_under_percent,29,-0.173316,-0.355297,0.779920,0.084254
UK_UA,Ukrainian,trie_nodes,unseen_changed_exact,17,0.173316,-0.779920,0.537278,-0.247452
UK_UA,Ukrainian,trie_nodes,unseen_f05,31,0.173316,-0.779920,0.623846,-0.148254
UK_UA,Ukrainian,trie_nodes,unseen_over_percent,2,-0.571821,-0.571821,-0.571821,-0.910944
UK_UA,Ukrainian,trie_nodes,unseen_under_percent,29,-0.173316,-0.500499,0.779920,0.153998
UK_UA,Ukrainian,trie_edges,unseen_changed_exact,17,-0.874819,-0.874819,0.631814,-0.465739
UK_UA,Ukrainian,trie_edges,unseen_f05,30,-0.189434,-0.874819,0.634450,-0.189434
UK_UA,Ukrainian,trie_edges,unseen_over_percent,1,-0.641399,-0.641399,-0.641399,-0.858463
UK_UA,Ukrainian,trie_edges,unseen_under_percent,29,0.189434,-0.631814,0.874819,0.189434
UK_UA,Ukrainian,average_path_length,unseen_changed_exact,17,1.000000,-1.000000,1.000000,1.000000
UK_UA,Ukrainian,average_path_length,unseen_f05,19,1.000000,-1.000000,1.000000,1.000000
UK_UA,Ukrainian,average_path_length,unseen_under_percent,19,-1.000000,-1.000000,1.000000,-1.000000
UK_UA,Ukrainian,dense_table_slots,unseen_changed_exact,17,0.173316,-0.874819,0.631814,-0.170103
UK_UA,Ukrainian,dense_table_slots,unseen_f05,30,0.631814,-0.874819,0.634450,0.040223
UK_UA,Ukrainian,dense_table_slots,unseen_over_percent,1,-0.641399,-0.641399,-0.641399,-0.954710
UK_UA,Ukrainian,dense_table_slots,unseen_under_percent,29,-0.631814,-0.631814,0.874819,-0.016269
UK_UA,Ukrainian,value_references,unseen_changed_exact,17,-0.352707,-0.779920,0.537278,-0.319508
UK_UA,Ukrainian,value_references,unseen_f05,31,0.173316,-0.779920,0.638345,-0.196365
UK_UA,Ukrainian,value_references,unseen_over_percent,2,-0.581487,-0.590670,-0.572304,-0.913400
UK_UA,Ukrainian,value_references,unseen_under_percent,29,-0.173316,-0.355297,0.779920,0.245818
UK_UA,Ukrainian,logical_leaf_paths,unseen_changed_exact,17,-1.000000,-1.000000,-1.000000,-1.000000
UK_UA,Ukrainian,logical_leaf_paths,unseen_f05,19,-1.000000,-1.000000,-1.000000,-1.000000
UK_UA,Ukrainian,logical_leaf_paths,unseen_under_percent,19,1.000000,1.000000,1.000000,1.000000
UK_UA,Ukrainian,patch_command_ratio,trie_nodes,45,1.000000,0.478952,1.000000,0.956283
UK_UA,Ukrainian,patch_command_ratio,trie_edges,44,0.586824,0.146706,0.889152,0.766771
UK_UA,Ukrainian,patch_command_ratio,average_path_length,19,0.173316,-0.587674,0.506948,-0.102920
UK_UA,Ukrainian,patch_command_ratio,dense_table_slots,44,0.586824,-0.135139,0.852745,0.715117
UK_UA,Ukrainian,patch_command_ratio,value_references,45,1.000000,0.478952,1.000000,0.974094
UK_UA,Ukrainian,patch_command_ratio,logical_leaf_paths,19,-0.173316,-0.506948,0.587674,0.102920
US_UK,English,delete_cost,unseen_f05,6,-0.014634,-0.283613,-0.014634,-0.016017
US_UK,English,delete_cost,unseen_over_percent,6,0.014634,0.014634,0.283613,0.016017
US_UK,English,delete_cost,patch_command_ratio,45,0.266728,0.232710,0.355685,0.308272
US_UK,English,delete_cost,trie_nodes,45,0.286993,0.215996,0.361514,0.317842
US_UK,English,delete_cost,trie_edges,41,-0.014634,-0.014634,0.262488,-0.016017
US_UK,English,delete_cost,dense_table_slots,41,-0.014634,-0.014634,0.262488,-0.016017
US_UK,English,delete_cost,value_references,45,0.308644,0.210017,0.362159,0.326606
US_UK,English,insert_cost,unseen_f05,6,-0.014634,-0.283613,-0.014634,-0.016017
US_UK,English,insert_cost,unseen_over_percent,6,0.014634,0.014634,0.283613,0.016017
US_UK,English,insert_cost,patch_command_ratio,45,0.266728,0.232710,0.355685,0.308272
US_UK,English,insert_cost,trie_nodes,45,0.286993,0.215996,0.361514,0.317842
US_UK,English,insert_cost,trie_edges,41,-0.014634,-0.014634,0.262488,-0.016017
US_UK,English,insert_cost,dense_table_slots,41,-0.014634,-0.014634,0.262488,-0.016017
US_UK,English,insert_cost,value_references,45,0.308644,0.210017,0.362159,0.326606
US_UK,English,replace_cost,unseen_f05,6,0.480839,0.480839,0.544811,0.338830
US_UK,English,replace_cost,unseen_over_percent,6,-0.480839,-0.544811,-0.480839,-0.338830
US_UK,English,replace_cost,patch_command_ratio,45,-0.686848,-0.736696,-0.436815,-0.653521
US_UK,English,replace_cost,trie_nodes,45,-0.475318,-0.564563,-0.125011,-0.493672
US_UK,English,replace_cost,trie_edges,41,0.480839,-0.165068,0.480839,0.338830
US_UK,English,replace_cost,dense_table_slots,41,0.480839,-0.165068,0.480839,0.338830
US_UK,English,replace_cost,value_references,45,-0.526442,-0.580868,-0.130954,-0.607557
US_UK,English,match_cost,unseen_f05,6,-0.322965,-0.322965,-0.055425,-0.322965
US_UK,English,match_cost,unseen_over_percent,6,0.322965,0.055425,0.322965,0.322965
US_UK,English,match_cost,patch_command_ratio,45,0.128593,-0.060492,0.151856,0.071961
US_UK,English,match_cost,trie_nodes,45,-0.057802,-0.201939,-0.034602,-0.104391
US_UK,English,match_cost,trie_edges,41,-0.322965,-0.322965,-0.229456,-0.322965
US_UK,English,match_cost,dense_table_slots,41,-0.322965,-0.322965,-0.229456,-0.322965
US_UK,English,match_cost,value_references,45,-0.051032,-0.211545,-0.031906,-0.007976
US_UK,English,delete_to_insert_ratio,unseen_f05,6,0.000000,0.000000,0.000000,0.003555
US_UK,English,delete_to_insert_ratio,unseen_over_percent,6,0.000000,0.000000,0.000000,-0.003555
US_UK,English,delete_to_insert_ratio,patch_command_ratio,45,0.000000,0.000000,0.000000,0.072369
US_UK,English,delete_to_insert_ratio,trie_nodes,45,0.000000,0.000000,0.000000,0.084155
US_UK,English,delete_to_insert_ratio,trie_edges,41,0.000000,0.000000,0.000000,0.003555
US_UK,English,delete_to_insert_ratio,dense_table_slots,41,0.000000,0.000000,0.000000,0.003555
US_UK,English,delete_to_insert_ratio,value_references,45,0.000000,0.000000,0.000000,0.086203
US_UK,English,replace_to_delete_insert,unseen_f05,6,0.396123,0.396123,0.688444,0.238595
US_UK,English,replace_to_delete_insert,unseen_over_percent,6,-0.396123,-0.688444,-0.396123,-0.238595
US_UK,English,replace_to_delete_insert,patch_command_ratio,45,-0.793970,-0.885286,-0.599129,-0.615678
US_UK,English,replace_to_delete_insert,trie_nodes,45,-0.668531,-0.793970,-0.324121,-0.526449
US_UK,English,replace_to_delete_insert,trie_edges,41,0.396123,-0.387373,0.396123,0.238595
US_UK,English,replace_to_delete_insert,dense_table_slots,41,0.396123,-0.387373,0.396123,0.238595
US_UK,English,replace_to_delete_insert,value_references,45,-0.723142,-0.805102,-0.312737,-0.624138
US_UK,English,edit_cost_imbalance,unseen_f05,6,-0.120088,-0.120088,0.139873,-0.137414
US_UK,English,edit_cost_imbalance,unseen_over_percent,6,0.120088,-0.139873,0.120088,0.137414
US_UK,English,edit_cost_imbalance,patch_command_ratio,45,0.152010,0.003634,0.219753,0.095208
US_UK,English,edit_cost_imbalance,trie_nodes,45,0.084809,-0.051907,0.160082,0.016322
US_UK,English,edit_cost_imbalance,trie_edges,41,-0.120088,-0.120088,-0.055452,-0.137414
US_UK,English,edit_cost_imbalance,dense_table_slots,41,-0.120088,-0.120088,-0.055452,-0.137414
US_UK,English,edit_cost_imbalance,value_references,45,0.084809,-0.051907,0.160082,0.044019
US_UK,English,patch_command_ratio,unseen_f05,6,-0.014157,-0.378237,0.081747,-0.197635
US_UK,English,patch_command_ratio,unseen_over_percent,6,0.014157,-0.081747,0.378237,0.197635
US_UK,English,trie_nodes,unseen_f05,6,0.031113,-0.337453,0.538378,-0.051926
US_UK,English,trie_nodes,unseen_over_percent,6,-0.031113,-0.538378,0.337453,0.051926
US_UK,English,trie_edges,unseen_f05,4,1.000000,0.250226,1.000000,1.000000
US_UK,English,trie_edges,unseen_over_percent,4,-1.000000,-1.000000,-0.250226,-1.000000
US_UK,English,dense_table_slots,unseen_f05,4,1.000000,0.250226,1.000000,1.000000
US_UK,English,dense_table_slots,unseen_over_percent,4,-1.000000,-1.000000,-0.250226,-1.000000
US_UK,English,value_references,unseen_f05,6,0.031113,-0.337453,0.546858,-0.163141
US_UK,English,value_references,unseen_over_percent,6,-0.031113,-0.546858,0.337453,0.163141
US_UK,English,patch_command_ratio,trie_nodes,45,0.807071,0.350800,1.000000,0.821720
US_UK,English,patch_command_ratio,trie_edges,41,0.030096,-0.571821,0.693173,-0.271945
US_UK,English,patch_command_ratio,dense_table_slots,41,0.030096,-0.571821,0.693173,-0.337540
US_UK,English,patch_command_ratio,value_references,45,0.814552,0.682596,1.000000,0.937205
YI,Yiddish,delete_cost,unseen_changed_exact,3,-0.014634,-0.231699,-0.014634,-0.016017
YI,Yiddish,delete_cost,unseen_f05,16,-0.025791,-0.329721,0.149088,-0.028214
YI,Yiddish,delete_cost,unseen_over_percent,8,0.312205,0.061246,0.338701,0.303952
YI,Yiddish,delete_cost,unseen_under_percent,12,0.025791,-0.181215,0.241609,0.028214
YI,Yiddish,delete_cost,patch_command_ratio,45,0.253625,0.070329,0.311847,0.140208
YI,Yiddish,delete_cost,trie_nodes,45,0.267870,0.147970,0.303617,0.136095
YI,Yiddish,delete_cost,trie_edges,45,0.304880,0.221239,0.316438,0.183002
YI,Yiddish,delete_cost,average_path_length,6,0.014634,0.014634,0.014634,0.016017
YI,Yiddish,delete_cost,dense_table_slots,45,0.304880,0.221239,0.316438,0.273110
YI,Yiddish,delete_cost,value_references,45,0.253625,0.071593,0.303617,0.131235
YI,Yiddish,delete_cost,logical_leaf_paths,6,0.014634,0.014634,0.014634,0.016017
YI,Yiddish,insert_cost,unseen_changed_exact,3,-0.014634,-0.231699,-0.014634,-0.016017
YI,Yiddish,insert_cost,unseen_f05,16,-0.025791,-0.329721,0.149088,-0.028214
YI,Yiddish,insert_cost,unseen_over_percent,8,0.312205,0.061246,0.338701,0.303952
YI,Yiddish,insert_cost,unseen_under_percent,12,0.025791,-0.181215,0.241609,0.028214
YI,Yiddish,insert_cost,patch_command_ratio,45,0.253625,0.070329,0.311847,0.140208
YI,Yiddish,insert_cost,trie_nodes,45,0.267870,0.147970,0.303617,0.136095
YI,Yiddish,insert_cost,trie_edges,45,0.304880,0.221239,0.316438,0.183002
YI,Yiddish,insert_cost,average_path_length,6,0.014634,0.014634,0.014634,0.016017
YI,Yiddish,insert_cost,dense_table_slots,45,0.304880,0.221239,0.316438,0.273110
YI,Yiddish,insert_cost,value_references,45,0.253625,0.071593,0.303617,0.131235
YI,Yiddish,insert_cost,logical_leaf_paths,6,0.014634,0.014634,0.014634,0.016017
YI,Yiddish,replace_cost,unseen_changed_exact,3,0.480839,0.480839,0.763534,0.338830
YI,Yiddish,replace_cost,unseen_f05,16,0.216855,-0.415315,0.795645,0.196645
YI,Yiddish,replace_cost,unseen_over_percent,8,-0.691756,-0.789538,-0.493634,-0.667658
YI,Yiddish,replace_cost,unseen_under_percent,12,0.047130,-0.718387,0.478681,-0.054459
YI,Yiddish,replace_cost,patch_command_ratio,45,-0.717319,-0.818919,-0.379036,-0.494800
YI,Yiddish,replace_cost,trie_nodes,45,-0.728751,-0.786378,-0.498616,-0.494222
YI,Yiddish,replace_cost,trie_edges,45,-0.786757,-0.816088,-0.647809,-0.564534
YI,Yiddish,replace_cost,average_path_length,6,-0.480839,-0.480839,-0.480839,-0.338830
YI,Yiddish,replace_cost,dense_table_slots,45,-0.786757,-0.816088,-0.647809,-0.651836
YI,Yiddish,replace_cost,value_references,45,-0.717319,-0.786378,-0.454265,-0.483470
YI,Yiddish,replace_cost,logical_leaf_paths,6,-0.480839,-0.480839,-0.480839,-0.338830
YI,Yiddish,match_cost,unseen_changed_exact,3,-0.322965,-0.322965,-0.176502,-0.322965
YI,Yiddish,match_cost,unseen_f05,16,0.003847,-0.266649,0.119628,0.003847
YI,Yiddish,match_cost,unseen_over_percent,8,0.066597,0.019861,0.290781,0.064133
YI,Yiddish,match_cost,unseen_under_percent,12,-0.040078,-0.136907,0.280567,-0.040078
YI,Yiddish,match_cost,patch_command_ratio,45,0.150409,0.140144,0.200257,0.290487
YI,Yiddish,match_cost,trie_nodes,45,0.143125,0.139388,0.198232,0.293752
YI,Yiddish,match_cost,trie_edges,45,0.144571,0.139101,0.209063,0.270140
YI,Yiddish,match_cost,average_path_length,6,0.322965,0.322965,0.322965,0.322965
YI,Yiddish,match_cost,dense_table_slots,45,0.144571,0.139101,0.209063,0.199135
YI,Yiddish,match_cost,value_references,45,0.150103,0.139388,0.203383,0.296050
YI,Yiddish,match_cost,logical_leaf_paths,6,0.322965,0.322965,0.322965,0.322965
YI,Yiddish,delete_to_insert_ratio,unseen_changed_exact,3,0.000000,0.000000,0.000000,0.003555
YI,Yiddish,delete_to_insert_ratio,unseen_f05,16,0.000000,0.000000,0.000000,-0.052954
YI,Yiddish,delete_to_insert_ratio,unseen_over_percent,8,0.000000,0.000000,0.000000,0.061394
YI,Yiddish,delete_to_insert_ratio,unseen_under_percent,12,0.000000,0.000000,0.000000,0.052954
YI,Yiddish,delete_to_insert_ratio,patch_command_ratio,45,0.000000,0.000000,0.000000,0.013536
YI,Yiddish,delete_to_insert_ratio,trie_nodes,45,0.000000,0.000000,0.000000,0.013881
YI,Yiddish,delete_to_insert_ratio,trie_edges,45,0.000000,0.000000,0.000000,0.029189
YI,Yiddish,delete_to_insert_ratio,average_path_length,6,0.000000,0.000000,0.000000,-0.003555
YI,Yiddish,delete_to_insert_ratio,dense_table_slots,45,0.000000,0.000000,0.000000,0.055674
YI,Yiddish,delete_to_insert_ratio,value_references,45,0.000000,0.000000,0.000000,0.011704
YI,Yiddish,delete_to_insert_ratio,logical_leaf_paths,6,0.000000,0.000000,0.000000,-0.003555
YI,Yiddish,replace_to_delete_insert,unseen_changed_exact,3,0.396123,0.396123,0.823582,0.238595
YI,Yiddish,replace_to_delete_insert,unseen_f05,16,0.199244,-0.442100,0.917137,0.191848
YI,Yiddish,replace_to_delete_insert,unseen_over_percent,8,-0.837449,-0.921324,-0.454587,-0.677621
YI,Yiddish,replace_to_delete_insert,unseen_under_percent,12,-0.002364,-0.801292,0.531660,-0.145102
YI,Yiddish,replace_to_delete_insert,patch_command_ratio,45,-0.812700,-0.933744,-0.337107,-0.389322
YI,Yiddish,replace_to_delete_insert,trie_nodes,45,-0.839100,-0.916584,-0.525914,-0.390129
YI,Yiddish,replace_to_delete_insert,trie_edges,45,-0.921397,-0.932690,-0.696909,-0.471926
YI,Yiddish,replace_to_delete_insert,average_path_length,6,-0.396123,-0.396123,-0.396123,-0.238595
YI,Yiddish,replace_to_delete_insert,dense_table_slots,45,-0.921397,-0.932690,-0.696909,-0.590531
YI,Yiddish,replace_to_delete_insert,value_references,45,-0.812630,-0.916584,-0.440388,-0.377810
YI,Yiddish,replace_to_delete_insert,logical_leaf_paths,6,-0.396123,-0.396123,-0.396123,-0.238595
YI,Yiddish,edit_cost_imbalance,unseen_changed_exact,3,-0.120088,-0.120088,-0.112314,-0.137414
YI,Yiddish,edit_cost_imbalance,unseen_f05,16,0.126303,-0.125560,0.236757,0.098735
YI,Yiddish,edit_cost_imbalance,unseen_over_percent,8,0.016103,-0.164884,0.150805,0.030186
YI,Yiddish,edit_cost_imbalance,unseen_under_percent,12,-0.144887,-0.307519,0.117838,-0.126039
YI,Yiddish,edit_cost_imbalance,patch_command_ratio,45,0.244830,0.156068,0.342234,0.200767
YI,Yiddish,edit_cost_imbalance,trie_nodes,45,0.238317,0.159783,0.304183,0.194375
YI,Yiddish,edit_cost_imbalance,trie_edges,45,0.175803,0.123114,0.278209,0.187479
YI,Yiddish,edit_cost_imbalance,average_path_length,6,0.120088,0.120088,0.120088,0.137414
YI,Yiddish,edit_cost_imbalance,dense_table_slots,45,0.175803,0.123114,0.278209,0.174337
YI,Yiddish,edit_cost_imbalance,value_references,45,0.251810,0.167296,0.315255,0.196017
YI,Yiddish,edit_cost_imbalance,logical_leaf_paths,6,0.120088,0.120088,0.120088,0.137414
YI,Yiddish,patch_command_ratio,unseen_changed_exact,3,-0.568650,-0.834678,-0.558540,-0.955190
YI,Yiddish,patch_command_ratio,unseen_f05,16,-0.154556,-0.818297,0.614319,-0.069506
YI,Yiddish,patch_command_ratio,unseen_over_percent,8,0.592692,0.194328,0.874949,0.498895
YI,Yiddish,patch_command_ratio,unseen_under_percent,12,-0.009342,-0.682541,0.774693,-0.211952
YI,Yiddish,trie_nodes,unseen_changed_exact,3,-0.571821,-0.872877,-0.544586,-0.938594
YI,Yiddish,trie_nodes,unseen_f05,16,-0.168246,-0.859161,0.604095,-0.071661
YI,Yiddish,trie_nodes,unseen_over_percent,8,0.590113,0.318364,0.876526,0.549320
YI,Yiddish,trie_nodes,unseen_under_percent,12,-0.009105,-0.670681,0.847036,-0.200666
YI,Yiddish,trie_edges,unseen_changed_exact,3,-0.591153,-0.899525,-0.561246,-0.866715
YI,Yiddish,trie_edges,unseen_f05,16,-0.220466,-0.883117,0.537766,-0.137513
YI,Yiddish,trie_edges,unseen_over_percent,8,0.617114,0.427586,0.876338,0.565687
YI,Yiddish,trie_edges,unseen_under_percent,12,0.004759,-0.645235,0.872800,-0.146140
YI,Yiddish,average_path_length,unseen_f05,1,0.140138,0.140138,0.140138,0.140138
YI,Yiddish,average_path_length,unseen_under_percent,1,-0.140138,-0.140138,-0.140138,-0.140138
YI,Yiddish,dense_table_slots,unseen_changed_exact,3,-0.591153,-0.899525,-0.561246,-0.633729
YI,Yiddish,dense_table_slots,unseen_f05,16,-0.220466,-0.883117,0.537766,-0.270443
YI,Yiddish,dense_table_slots,unseen_over_percent,8,0.617114,0.427586,0.876338,0.666509
YI,Yiddish,dense_table_slots,unseen_under_percent,12,0.004759,-0.645235,0.872800,-0.089639
YI,Yiddish,value_references,unseen_changed_exact,3,-0.664964,-0.839494,-0.563356,-0.973215
YI,Yiddish,value_references,unseen_f05,16,-0.120129,-0.818297,0.604095,-0.072772
YI,Yiddish,value_references,unseen_over_percent,8,0.590113,-0.027448,0.874949,0.494862
YI,Yiddish,value_references,unseen_under_percent,12,-0.009342,-0.670681,0.798158,-0.205073
YI,Yiddish,logical_leaf_paths,unseen_f05,1,0.140138,0.140138,0.140138,0.140138
YI,Yiddish,logical_leaf_paths,unseen_under_percent,1,-0.140138,-0.140138,-0.140138,-0.140138
YI,Yiddish,patch_command_ratio,trie_nodes,45,0.983527,0.870836,1.000000,0.998576
YI,Yiddish,patch_command_ratio,trie_edges,45,0.942579,0.704190,0.999159,0.983948
YI,Yiddish,patch_command_ratio,average_path_length,6,0.554763,0.548550,0.573733,0.928562
YI,Yiddish,patch_command_ratio,dense_table_slots,45,0.942579,0.704190,0.999159,0.876465
YI,Yiddish,patch_command_ratio,value_references,45,0.999942,0.874907,1.000000,0.999006
YI,Yiddish,patch_command_ratio,logical_leaf_paths,6,0.554763,0.548550,0.573733,0.928562
