Language,Model ID,Model version,Model SHA-256,Dictionary rows,Distinct usable forms,Total tokens,Already-root tokens,Changed tokens,Speed timing workload,Speed timing tokens,All exact matches,Changed exact matches,Root preserved matches,Command class,Command count
ADY,ady-default,1.0.0,a6ec25c18612cfdc77d43aba4bf49ec3b6cf07e3e484af404a788dff7e944e16,1635,20347,20366,1635,18731,changed tokens,18731,20347,18719,1628,DeleteSuffixCommand,18738
ADY,ady-default,1.0.0,a6ec25c18612cfdc77d43aba4bf49ec3b6cf07e3e484af404a788dff7e944e16,1635,20347,20366,1635,18731,changed tokens,18731,20347,18719,1628,PreserveCommand,1628
AF_ZA,af-za-default,1.0.0,ab23228100b7671fa7a21a23c6c8662a71de69584b277033d5160806542b4bbd,170974,297154,301545,170974,130571,changed tokens,130571,297154,127332,169822,AppendCharacterCommand,12
AF_ZA,af-za-default,1.0.0,ab23228100b7671fa7a21a23c6c8662a71de69584b277033d5160806542b4bbd,170974,297154,301545,170974,130571,changed tokens,130571,297154,127332,169822,BackwardCompoundCommand,23340
AF_ZA,af-za-default,1.0.0,ab23228100b7671fa7a21a23c6c8662a71de69584b277033d5160806542b4bbd,170974,297154,301545,170974,130571,changed tokens,130571,297154,127332,169822,DeleteSuffixCommand,105077
AF_ZA,af-za-default,1.0.0,ab23228100b7671fa7a21a23c6c8662a71de69584b277033d5160806542b4bbd,170974,297154,301545,170974,130571,changed tokens,130571,297154,127332,169822,PreserveCommand,172035
AF_ZA,af-za-default,1.0.0,ab23228100b7671fa7a21a23c6c8662a71de69584b277033d5160806542b4bbd,170974,297154,301545,170974,130571,changed tokens,130571,297154,127332,169822,ReplaceLastCharacterCommand,1081
AFB,afb-default,1.0.0,7ba0759227455725063648b569652e0442452501fa58b763f3861a3828655ba7,6345,29344,30156,6345,23811,changed tokens,23811,29344,23005,6339,AppendCharacterCommand,37
AFB,afb-default,1.0.0,7ba0759227455725063648b569652e0442452501fa58b763f3861a3828655ba7,6345,29344,30156,6345,23811,changed tokens,23811,29344,23005,6339,BackwardCompoundCommand,19808
AFB,afb-default,1.0.0,7ba0759227455725063648b569652e0442452501fa58b763f3861a3828655ba7,6345,29344,30156,6345,23811,changed tokens,23811,29344,23005,6339,DeleteSuffixCommand,3705
AFB,afb-default,1.0.0,7ba0759227455725063648b569652e0442452501fa58b763f3861a3828655ba7,6345,29344,30156,6345,23811,changed tokens,23811,29344,23005,6339,PreserveCommand,6461
AFB,afb-default,1.0.0,7ba0759227455725063648b569652e0442452501fa58b763f3861a3828655ba7,6345,29344,30156,6345,23811,changed tokens,23811,29344,23005,6339,ReplaceLastCharacterCommand,145
AIL,ail-default,1.0.0,a462d3bc94670a2e37c292d027e70892a35c221441500242b5fa9e350fbfba6f,636,3061,3133,636,2497,changed tokens,5000,3061,2438,623,AppendCharacterCommand,6
AIL,ail-default,1.0.0,a462d3bc94670a2e37c292d027e70892a35c221441500242b5fa9e350fbfba6f,636,3061,3133,636,2497,changed tokens,5000,3061,2438,623,BackwardCompoundCommand,1752
AIL,ail-default,1.0.0,a462d3bc94670a2e37c292d027e70892a35c221441500242b5fa9e350fbfba6f,636,3061,3133,636,2497,changed tokens,5000,3061,2438,623,DeleteSuffixCommand,724
AIL,ail-default,1.0.0,a462d3bc94670a2e37c292d027e70892a35c221441500242b5fa9e350fbfba6f,636,3061,3133,636,2497,changed tokens,5000,3061,2438,623,PreserveCommand,640
AIL,ail-default,1.0.0,a462d3bc94670a2e37c292d027e70892a35c221441500242b5fa9e350fbfba6f,636,3061,3133,636,2497,changed tokens,5000,3061,2438,623,ReplaceLastCharacterCommand,11
AK,aka-default,1.0.0,7dd8e1835f51ced8bc3f87409c1ce6eb089ef0e5cde20111c44282ed9ca498b0,79,1890,1896,79,1817,changed tokens,5000,1890,1811,79,BackwardCompoundCommand,1736
AK,aka-default,1.0.0,7dd8e1835f51ced8bc3f87409c1ce6eb089ef0e5cde20111c44282ed9ca498b0,79,1890,1896,79,1817,changed tokens,5000,1890,1811,79,DeleteSuffixCommand,81
AK,aka-default,1.0.0,7dd8e1835f51ced8bc3f87409c1ce6eb089ef0e5cde20111c44282ed9ca498b0,79,1890,1896,79,1817,changed tokens,5000,1890,1811,79,PreserveCommand,79
AM_ET,am-et-default,1.0.0,69e9089fae06a465459f288a4e2074ffcb9656bf2b6fd01772a2af3f71e5bb70,2461,41308,42462,2461,40001,changed tokens,40001,41308,38847,2461,BackwardCompoundCommand,28268
AM_ET,am-et-default,1.0.0,69e9089fae06a465459f288a4e2074ffcb9656bf2b6fd01772a2af3f71e5bb70,2461,41308,42462,2461,40001,changed tokens,40001,41308,38847,2461,DeleteSuffixCommand,8555
AM_ET,am-et-default,1.0.0,69e9089fae06a465459f288a4e2074ffcb9656bf2b6fd01772a2af3f71e5bb70,2461,41308,42462,2461,40001,changed tokens,40001,41308,38847,2461,PreserveCommand,2514
AM_ET,am-et-default,1.0.0,69e9089fae06a465459f288a4e2074ffcb9656bf2b6fd01772a2af3f71e5bb70,2461,41308,42462,2461,40001,changed tokens,40001,41308,38847,2461,ReplaceLastCharacterCommand,3125
AME,ame-default,1.0.0,e59d252da23b0152d213b1ccff688971bfb49971e2ffcc50b991340516d8feaa,326,2635,2668,326,2342,changed tokens,5000,2635,2309,326,AppendCharacterCommand,92
AME,ame-default,1.0.0,e59d252da23b0152d213b1ccff688971bfb49971e2ffcc50b991340516d8feaa,326,2635,2668,326,2342,changed tokens,5000,2635,2309,326,BackwardCompoundCommand,2211
AME,ame-default,1.0.0,e59d252da23b0152d213b1ccff688971bfb49971e2ffcc50b991340516d8feaa,326,2635,2668,326,2342,changed tokens,5000,2635,2309,326,DeleteSuffixCommand,39
AME,ame-default,1.0.0,e59d252da23b0152d213b1ccff688971bfb49971e2ffcc50b991340516d8feaa,326,2635,2668,326,2342,changed tokens,5000,2635,2309,326,PreserveCommand,326
ANG,ang-default,1.0.0,1cb0c94c9df7b61676399d163f0a6b7edc2c9d4c14b7560d8ad3667b447d70cf,7146,65202,67625,7146,60479,changed tokens,60479,65202,58174,7028,AppendCharacterCommand,126
ANG,ang-default,1.0.0,1cb0c94c9df7b61676399d163f0a6b7edc2c9d4c14b7560d8ad3667b447d70cf,7146,65202,67625,7146,60479,changed tokens,60479,65202,58174,7028,BackwardCompoundCommand,35199
ANG,ang-default,1.0.0,1cb0c94c9df7b61676399d163f0a6b7edc2c9d4c14b7560d8ad3667b447d70cf,7146,65202,67625,7146,60479,changed tokens,60479,65202,58174,7028,DeleteSuffixCommand,21225
ANG,ang-default,1.0.0,1cb0c94c9df7b61676399d163f0a6b7edc2c9d4c14b7560d8ad3667b447d70cf,7146,65202,67625,7146,60479,changed tokens,60479,65202,58174,7028,PreserveCommand,7415
ANG,ang-default,1.0.0,1cb0c94c9df7b61676399d163f0a6b7edc2c9d4c14b7560d8ad3667b447d70cf,7146,65202,67625,7146,60479,changed tokens,60479,65202,58174,7028,ReplaceLastCharacterCommand,3660
AR,ar-default,1.0.1,36fe6a7a80e922f423e80761e27f21c61d86cc7f1b2837a1989761af4d51c904,12815,452974,460343,12815,447528,changed tokens,447528,452974,440276,12698,AppendCharacterCommand,38
AR,ar-default,1.0.1,36fe6a7a80e922f423e80761e27f21c61d86cc7f1b2837a1989761af4d51c904,12815,452974,460343,12815,447528,changed tokens,447528,452974,440276,12698,BackwardCompoundCommand,305744
AR,ar-default,1.0.1,36fe6a7a80e922f423e80761e27f21c61d86cc7f1b2837a1989761af4d51c904,12815,452974,460343,12815,447528,changed tokens,447528,452974,440276,12698,DeleteSuffixCommand,141283
AR,ar-default,1.0.1,36fe6a7a80e922f423e80761e27f21c61d86cc7f1b2837a1989761af4d51c904,12815,452974,460343,12815,447528,changed tokens,447528,452974,440276,12698,PreserveCommand,12942
AR,ar-default,1.0.1,36fe6a7a80e922f423e80761e27f21c61d86cc7f1b2837a1989761af4d51c904,12815,452974,460343,12815,447528,changed tokens,447528,452974,440276,12698,ReplaceLastCharacterCommand,336
ARN,arn-default,1.0.0,a9d691ff4f8d5b9a8c87baa400e70754295a107f81a157ffcf9b0063034e9a99,26,548,548,26,522,changed tokens,5000,548,522,26,BackwardCompoundCommand,485
ARN,arn-default,1.0.0,a9d691ff4f8d5b9a8c87baa400e70754295a107f81a157ffcf9b0063034e9a99,26,548,548,26,522,changed tokens,5000,548,522,26,DeleteSuffixCommand,21
ARN,arn-default,1.0.0,a9d691ff4f8d5b9a8c87baa400e70754295a107f81a157ffcf9b0063034e9a99,26,548,548,26,522,changed tokens,5000,548,522,26,PreserveCommand,26
ARN,arn-default,1.0.0,a9d691ff4f8d5b9a8c87baa400e70754295a107f81a157ffcf9b0063034e9a99,26,548,548,26,522,changed tokens,5000,548,522,26,ReplaceLastCharacterCommand,16
ARZ,arz-default,1.0.0,d5269ffb7e66b59abe39c80415817a7a6ff1cafaa196f9a64d66e74408e70a4f,6004,17937,18344,6004,12340,changed tokens,12340,17937,11955,5982,AppendCharacterCommand,1
ARZ,arz-default,1.0.0,d5269ffb7e66b59abe39c80415817a7a6ff1cafaa196f9a64d66e74408e70a4f,6004,17937,18344,6004,12340,changed tokens,12340,17937,11955,5982,BackwardCompoundCommand,9906
ARZ,arz-default,1.0.0,d5269ffb7e66b59abe39c80415817a7a6ff1cafaa196f9a64d66e74408e70a4f,6004,17937,18344,6004,12340,changed tokens,12340,17937,11955,5982,DeleteSuffixCommand,2402
ARZ,arz-default,1.0.0,d5269ffb7e66b59abe39c80415817a7a6ff1cafaa196f9a64d66e74408e70a4f,6004,17937,18344,6004,12340,changed tokens,12340,17937,11955,5982,PreserveCommand,6033
ARZ,arz-default,1.0.0,d5269ffb7e66b59abe39c80415817a7a6ff1cafaa196f9a64d66e74408e70a4f,6004,17937,18344,6004,12340,changed tokens,12340,17937,11955,5982,ReplaceLastCharacterCommand,2
AS_IN,as-in-default,1.0.0,07a07c7834b55fe980ed5be459aa9d724f54ba4f2449e714aff6b6bce960cba3,1466,67733,69680,1466,68214,changed tokens,68214,67733,66334,1399,AppendCharacterCommand,172
AS_IN,as-in-default,1.0.0,07a07c7834b55fe980ed5be459aa9d724f54ba4f2449e714aff6b6bce960cba3,1466,67733,69680,1466,68214,changed tokens,68214,67733,66334,1399,BackwardCompoundCommand,16984
AS_IN,as-in-default,1.0.0,07a07c7834b55fe980ed5be459aa9d724f54ba4f2449e714aff6b6bce960cba3,1466,67733,69680,1466,68214,changed tokens,68214,67733,66334,1399,DeleteSuffixCommand,50680
AS_IN,as-in-default,1.0.0,07a07c7834b55fe980ed5be459aa9d724f54ba4f2449e714aff6b6bce960cba3,1466,67733,69680,1466,68214,changed tokens,68214,67733,66334,1399,PreserveCommand,1474
AS_IN,as-in-default,1.0.0,07a07c7834b55fe980ed5be459aa9d724f54ba4f2449e714aff6b6bce960cba3,1466,67733,69680,1466,68214,changed tokens,68214,67733,66334,1399,ReplaceLastCharacterCommand,370
AST,ast-default,1.0.0,ace7643781385ebd1c162eb88c4f2b3321048b2e5d4e733627a7eeba42a76bb2,436,21589,21830,436,21394,changed tokens,21394,21589,21153,436,AppendCharacterCommand,350
AST,ast-default,1.0.0,ace7643781385ebd1c162eb88c4f2b3321048b2e5d4e733627a7eeba42a76bb2,436,21589,21830,436,21394,changed tokens,21394,21589,21153,436,BackwardCompoundCommand,11986
AST,ast-default,1.0.0,ace7643781385ebd1c162eb88c4f2b3321048b2e5d4e733627a7eeba42a76bb2,436,21589,21830,436,21394,changed tokens,21394,21589,21153,436,DeleteSuffixCommand,8061
AST,ast-default,1.0.0,ace7643781385ebd1c162eb88c4f2b3321048b2e5d4e733627a7eeba42a76bb2,436,21589,21830,436,21394,changed tokens,21394,21589,21153,436,PreserveCommand,440
AST,ast-default,1.0.0,ace7643781385ebd1c162eb88c4f2b3321048b2e5d4e733627a7eeba42a76bb2,436,21589,21830,436,21394,changed tokens,21394,21589,21153,436,ReplaceLastCharacterCommand,993
AYM,aym-default,1.0.0,a6f0af3899e1b7b84080d727a87672822719a6e5a151aed411fda07b7bfbd353,3319,308884,310187,3319,306868,changed tokens,306868,308884,305689,3195,AppendCharacterCommand,1420
AYM,aym-default,1.0.0,a6f0af3899e1b7b84080d727a87672822719a6e5a151aed411fda07b7bfbd353,3319,308884,310187,3319,306868,changed tokens,306868,308884,305689,3195,BackwardCompoundCommand,44063
AYM,aym-default,1.0.0,a6f0af3899e1b7b84080d727a87672822719a6e5a151aed411fda07b7bfbd353,3319,308884,310187,3319,306868,changed tokens,306868,308884,305689,3195,DeleteSuffixCommand,258166
AYM,aym-default,1.0.0,a6f0af3899e1b7b84080d727a87672822719a6e5a151aed411fda07b7bfbd353,3319,308884,310187,3319,306868,changed tokens,306868,308884,305689,3195,PreserveCommand,3276
AYM,aym-default,1.0.0,a6f0af3899e1b7b84080d727a87672822719a6e5a151aed411fda07b7bfbd353,3319,308884,310187,3319,306868,changed tokens,306868,308884,305689,3195,ReplaceLastCharacterCommand,3262
AZ_AZ,az-az-default,1.0.0,4d61808b68c94830b228d712b769216171c0a2c4f47be7026f9c6a61e68c595a,340,6669,6671,340,6331,changed tokens,6331,6669,6330,339,BackwardCompoundCommand,535
AZ_AZ,az-az-default,1.0.0,4d61808b68c94830b228d712b769216171c0a2c4f47be7026f9c6a61e68c595a,340,6669,6671,340,6331,changed tokens,6331,6669,6330,339,DeleteSuffixCommand,5796
AZ_AZ,az-az-default,1.0.0,4d61808b68c94830b228d712b769216171c0a2c4f47be7026f9c6a61e68c595a,340,6669,6671,340,6331,changed tokens,6331,6669,6330,339,PreserveCommand,340
AZG,azg-default,1.0.0,67312c026040f0d7a2eef4448bbb23e462598893ead820db1cfc6c59530f48da,258,9371,9441,258,9183,changed tokens,9183,9371,9113,258,BackwardCompoundCommand,8609
AZG,azg-default,1.0.0,67312c026040f0d7a2eef4448bbb23e462598893ead820db1cfc6c59530f48da,258,9371,9441,258,9183,changed tokens,9183,9371,9113,258,DeleteSuffixCommand,572
AZG,azg-default,1.0.0,67312c026040f0d7a2eef4448bbb23e462598893ead820db1cfc6c59530f48da,258,9371,9441,258,9183,changed tokens,9183,9371,9113,258,PreserveCommand,260
BAK,bak-default,1.0.0,ecc3eafd8f269822efc6aab62f8621de561febc14a85f78b56d393e2e40b577f,1059,10723,10742,1059,9683,changed tokens,9683,10723,9673,1050,DeleteSuffixCommand,9692
BAK,bak-default,1.0.0,ecc3eafd8f269822efc6aab62f8621de561febc14a85f78b56d393e2e40b577f,1059,10723,10742,1059,9683,changed tokens,9683,10723,9673,1050,PreserveCommand,1050
BE_BY,be-by-default,1.0.0,52b674acaf9e28461b0e638f562e98aee84461ee7acf6c0693d8a36e79f38548,1020,19527,19675,1020,18655,changed tokens,18655,19527,18507,1020,AppendCharacterCommand,60
BE_BY,be-by-default,1.0.0,52b674acaf9e28461b0e638f562e98aee84461ee7acf6c0693d8a36e79f38548,1020,19527,19675,1020,18655,changed tokens,18655,19527,18507,1020,BackwardCompoundCommand,15160
BE_BY,be-by-default,1.0.0,52b674acaf9e28461b0e638f562e98aee84461ee7acf6c0693d8a36e79f38548,1020,19527,19675,1020,18655,changed tokens,18655,19527,18507,1020,DeleteSuffixCommand,2705
BE_BY,be-by-default,1.0.0,52b674acaf9e28461b0e638f562e98aee84461ee7acf6c0693d8a36e79f38548,1020,19527,19675,1020,18655,changed tokens,18655,19527,18507,1020,PreserveCommand,1029
BE_BY,be-by-default,1.0.0,52b674acaf9e28461b0e638f562e98aee84461ee7acf6c0693d8a36e79f38548,1020,19527,19675,1020,18655,changed tokens,18655,19527,18507,1020,ReplaceLastCharacterCommand,721
BG_BG,bg-bg-default,1.0.0,dd6b424edc9d8a54626d3ee9408feda774a8a13215840074c912752ee37620d2,2413,45806,45929,2413,43516,changed tokens,43516,45806,43400,2406,AppendCharacterCommand,372
BG_BG,bg-bg-default,1.0.0,dd6b424edc9d8a54626d3ee9408feda774a8a13215840074c912752ee37620d2,2413,45806,45929,2413,43516,changed tokens,43516,45806,43400,2406,BackwardCompoundCommand,33359
BG_BG,bg-bg-default,1.0.0,dd6b424edc9d8a54626d3ee9408feda774a8a13215840074c912752ee37620d2,2413,45806,45929,2413,43516,changed tokens,43516,45806,43400,2406,DeleteSuffixCommand,5656
BG_BG,bg-bg-default,1.0.0,dd6b424edc9d8a54626d3ee9408feda774a8a13215840074c912752ee37620d2,2413,45806,45929,2413,43516,changed tokens,43516,45806,43400,2406,PreserveCommand,2423
BG_BG,bg-bg-default,1.0.0,dd6b424edc9d8a54626d3ee9408feda774a8a13215840074c912752ee37620d2,2413,45806,45929,2413,43516,changed tokens,43516,45806,43400,2406,ReplaceLastCharacterCommand,4119
BN_BD,bn-bd-default,1.0.0,0c5a4e2eab4431ef381e54d74b5b8d5d102fe47902882034a8d03f809090b4a5,111,2847,2855,111,2744,changed tokens,5000,2847,2736,111,AppendCharacterCommand,11
BN_BD,bn-bd-default,1.0.0,0c5a4e2eab4431ef381e54d74b5b8d5d102fe47902882034a8d03f809090b4a5,111,2847,2855,111,2744,changed tokens,5000,2847,2736,111,BackwardCompoundCommand,2222
BN_BD,bn-bd-default,1.0.0,0c5a4e2eab4431ef381e54d74b5b8d5d102fe47902882034a8d03f809090b4a5,111,2847,2855,111,2744,changed tokens,5000,2847,2736,111,DeleteSuffixCommand,399
BN_BD,bn-bd-default,1.0.0,0c5a4e2eab4431ef381e54d74b5b8d5d102fe47902882034a8d03f809090b4a5,111,2847,2855,111,2744,changed tokens,5000,2847,2736,111,PreserveCommand,111
BN_BD,bn-bd-default,1.0.0,0c5a4e2eab4431ef381e54d74b5b8d5d102fe47902882034a8d03f809090b4a5,111,2847,2855,111,2744,changed tokens,5000,2847,2736,111,ReplaceLastCharacterCommand,112
BRA,bra-default,1.0.0,2c9f7a8f9bbca119cc735633b5dacd9d551267c69c36d0ddfaa3ae78bfef6475,1246,2028,2035,1246,789,changed tokens,5000,2028,784,1244,AppendCharacterCommand,1
BRA,bra-default,1.0.0,2c9f7a8f9bbca119cc735633b5dacd9d551267c69c36d0ddfaa3ae78bfef6475,1246,2028,2035,1246,789,changed tokens,5000,2028,784,1244,BackwardCompoundCommand,120
BRA,bra-default,1.0.0,2c9f7a8f9bbca119cc735633b5dacd9d551267c69c36d0ddfaa3ae78bfef6475,1246,2028,2035,1246,789,changed tokens,5000,2028,784,1244,DeleteSuffixCommand,602
BRA,bra-default,1.0.0,2c9f7a8f9bbca119cc735633b5dacd9d551267c69c36d0ddfaa3ae78bfef6475,1246,2028,2035,1246,789,changed tokens,5000,2028,784,1244,PreserveCommand,1246
BRA,bra-default,1.0.0,2c9f7a8f9bbca119cc735633b5dacd9d551267c69c36d0ddfaa3ae78bfef6475,1246,2028,2035,1246,789,changed tokens,5000,2028,784,1244,ReplaceLastCharacterCommand,66
BRE,bre-default,1.0.0,f27b933c1a5c37c83a0824ab1b033f2816269d1da107e18232786fe3914e0e02,44,1940,1940,44,1896,changed tokens,5000,1940,1896,44,AppendCharacterCommand,7
BRE,bre-default,1.0.0,f27b933c1a5c37c83a0824ab1b033f2816269d1da107e18232786fe3914e0e02,44,1940,1940,44,1896,changed tokens,5000,1940,1896,44,BackwardCompoundCommand,1461
BRE,bre-default,1.0.0,f27b933c1a5c37c83a0824ab1b033f2816269d1da107e18232786fe3914e0e02,44,1940,1940,44,1896,changed tokens,5000,1940,1896,44,DeleteSuffixCommand,378
BRE,bre-default,1.0.0,f27b933c1a5c37c83a0824ab1b033f2816269d1da107e18232786fe3914e0e02,44,1940,1940,44,1896,changed tokens,5000,1940,1896,44,PreserveCommand,44
BRE,bre-default,1.0.0,f27b933c1a5c37c83a0824ab1b033f2816269d1da107e18232786fe3914e0e02,44,1940,1940,44,1896,changed tokens,5000,1940,1896,44,ReplaceLastCharacterCommand,50
CA_ES,ca-es-default,1.0.0,f6f76fd51fcfa7619968fecbab2a77cc53389d251e203cf3fc2452a0dee6f63e,15176,130366,135862,15176,120686,changed tokens,120686,130366,115765,14601,AppendCharacterCommand,2305
CA_ES,ca-es-default,1.0.0,f6f76fd51fcfa7619968fecbab2a77cc53389d251e203cf3fc2452a0dee6f63e,15176,130366,135862,15176,120686,changed tokens,120686,130366,115765,14601,BackwardCompoundCommand,75207
CA_ES,ca-es-default,1.0.0,f6f76fd51fcfa7619968fecbab2a77cc53389d251e203cf3fc2452a0dee6f63e,15176,130366,135862,15176,120686,changed tokens,120686,130366,115765,14601,DeleteSuffixCommand,39382
CA_ES,ca-es-default,1.0.0,f6f76fd51fcfa7619968fecbab2a77cc53389d251e203cf3fc2452a0dee6f63e,15176,130366,135862,15176,120686,changed tokens,120686,130366,115765,14601,PreserveCommand,15648
CA_ES,ca-es-default,1.0.0,f6f76fd51fcfa7619968fecbab2a77cc53389d251e203cf3fc2452a0dee6f63e,15176,130366,135862,15176,120686,changed tokens,120686,130366,115765,14601,ReplaceLastCharacterCommand,3320
CEB,ceb-default,1.0.0,f33a8b4a366ace91154808dd5d51ea089114cca5ba343cdd3d9b1e6c51f57b64,95,430,430,95,335,changed tokens,5000,430,335,95,BackwardCompoundCommand,335
CEB,ceb-default,1.0.0,f33a8b4a366ace91154808dd5d51ea089114cca5ba343cdd3d9b1e6c51f57b64,95,430,430,95,335,changed tokens,5000,430,335,95,PreserveCommand,95
CHU,chu-default,1.0.0,1c5d552abc5ed624bcb7af7533e286e7fd1fa9d44f34e38c32360226cb1f0b90,152,1652,2030,152,1878,changed tokens,5000,1652,1501,151,BackwardCompoundCommand,1089
CHU,chu-default,1.0.0,1c5d552abc5ed624bcb7af7533e286e7fd1fa9d44f34e38c32360226cb1f0b90,152,1652,2030,152,1878,changed tokens,5000,1652,1501,151,DeleteSuffixCommand,313
CHU,chu-default,1.0.0,1c5d552abc5ed624bcb7af7533e286e7fd1fa9d44f34e38c32360226cb1f0b90,152,1652,2030,152,1878,changed tokens,5000,1652,1501,151,PreserveCommand,189
CHU,chu-default,1.0.0,1c5d552abc5ed624bcb7af7533e286e7fd1fa9d44f34e38c32360226cb1f0b90,152,1652,2030,152,1878,changed tokens,5000,1652,1501,151,ReplaceLastCharacterCommand,439
CKT,ckt-default,1.0.0,1ac8387d6dad002370756edfb57286e2add869d0591b9551e7dfbcf24cda4367,191,302,304,191,113,changed tokens,5000,302,111,191,BackwardCompoundCommand,87
CKT,ckt-default,1.0.0,1ac8387d6dad002370756edfb57286e2add869d0591b9551e7dfbcf24cda4367,191,302,304,191,113,changed tokens,5000,302,111,191,DeleteSuffixCommand,16
CKT,ckt-default,1.0.0,1ac8387d6dad002370756edfb57286e2add869d0591b9551e7dfbcf24cda4367,191,302,304,191,113,changed tokens,5000,302,111,191,PreserveCommand,193
CKT,ckt-default,1.0.0,1ac8387d6dad002370756edfb57286e2add869d0591b9551e7dfbcf24cda4367,191,302,304,191,113,changed tokens,5000,302,111,191,ReplaceLastCharacterCommand,8
CLY,cly-default,1.0.0,7d9e70a7f756343f88bad3ac07d9108da9e0e38659cf3a0ba0d838a55180a6b6,185,2035,2251,185,2066,changed tokens,5000,2035,1851,184,AppendCharacterCommand,10
CLY,cly-default,1.0.0,7d9e70a7f756343f88bad3ac07d9108da9e0e38659cf3a0ba0d838a55180a6b6,185,2035,2251,185,2066,changed tokens,5000,2035,1851,184,BackwardCompoundCommand,1897
CLY,cly-default,1.0.0,7d9e70a7f756343f88bad3ac07d9108da9e0e38659cf3a0ba0d838a55180a6b6,185,2035,2251,185,2066,changed tokens,5000,2035,1851,184,DeleteSuffixCommand,57
CLY,cly-default,1.0.0,7d9e70a7f756343f88bad3ac07d9108da9e0e38659cf3a0ba0d838a55180a6b6,185,2035,2251,185,2066,changed tokens,5000,2035,1851,184,PreserveCommand,206
CLY,cly-default,1.0.0,7d9e70a7f756343f88bad3ac07d9108da9e0e38659cf3a0ba0d838a55180a6b6,185,2035,2251,185,2066,changed tokens,5000,2035,1851,184,ReplaceLastCharacterCommand,81
CNI,cni-default,1.0.0,13edaa2b6fad0c81eac550d3214fd1ecdf258184a2568a91d5d8c3cd04d44766,407,10095,10129,407,9722,changed tokens,9722,10095,9688,407,BackwardCompoundCommand,8878
CNI,cni-default,1.0.0,13edaa2b6fad0c81eac550d3214fd1ecdf258184a2568a91d5d8c3cd04d44766,407,10095,10129,407,9722,changed tokens,9722,10095,9688,407,DeleteSuffixCommand,842
CNI,cni-default,1.0.0,13edaa2b6fad0c81eac550d3214fd1ecdf258184a2568a91d5d8c3cd04d44766,407,10095,10129,407,9722,changed tokens,9722,10095,9688,407,PreserveCommand,409
COR,cor-default,1.0.0,71602207574edad2377b94ef48821f29338c13ccf1ee16419f69f10476e48a5a,8,162,174,8,166,changed tokens,5000,162,154,8,AppendCharacterCommand,2
COR,cor-default,1.0.0,71602207574edad2377b94ef48821f29338c13ccf1ee16419f69f10476e48a5a,8,162,174,8,166,changed tokens,5000,162,154,8,BackwardCompoundCommand,160
COR,cor-default,1.0.0,71602207574edad2377b94ef48821f29338c13ccf1ee16419f69f10476e48a5a,8,162,174,8,166,changed tokens,5000,162,154,8,DeleteSuffixCommand,2
COR,cor-default,1.0.0,71602207574edad2377b94ef48821f29338c13ccf1ee16419f69f10476e48a5a,8,162,174,8,166,changed tokens,5000,162,154,8,PreserveCommand,8
COR,cor-default,1.0.0,71602207574edad2377b94ef48821f29338c13ccf1ee16419f69f10476e48a5a,8,162,174,8,166,changed tokens,5000,162,154,8,ReplaceLastCharacterCommand,2
CPA,cpa-default,1.0.0,6f2c06058918d2419d53f1698071588a79e0cb5475ad8e1dd286e86f22eeeb89,555,2741,3090,555,2535,changed tokens,5000,2741,2187,554,AppendCharacterCommand,289
CPA,cpa-default,1.0.0,6f2c06058918d2419d53f1698071588a79e0cb5475ad8e1dd286e86f22eeeb89,555,2741,3090,555,2535,changed tokens,5000,2741,2187,554,BackwardCompoundCommand,1944
CPA,cpa-default,1.0.0,6f2c06058918d2419d53f1698071588a79e0cb5475ad8e1dd286e86f22eeeb89,555,2741,3090,555,2535,changed tokens,5000,2741,2187,554,DeleteSuffixCommand,1
CPA,cpa-default,1.0.0,6f2c06058918d2419d53f1698071588a79e0cb5475ad8e1dd286e86f22eeeb89,555,2741,3090,555,2535,changed tokens,5000,2741,2187,554,PreserveCommand,649
CPA,cpa-default,1.0.0,6f2c06058918d2419d53f1698071588a79e0cb5475ad8e1dd286e86f22eeeb89,555,2741,3090,555,2535,changed tokens,5000,2741,2187,554,ReplaceLastCharacterCommand,207
CRE,cre-default,1.0.0,e70a313201ff437268acc5955ea26caa646a4c3d5dca5e898b957b02f691544e,32,1076,1076,32,1044,changed tokens,5000,1076,1044,32,BackwardCompoundCommand,49
CRE,cre-default,1.0.0,e70a313201ff437268acc5955ea26caa646a4c3d5dca5e898b957b02f691544e,32,1076,1076,32,1044,changed tokens,5000,1076,1044,32,DeleteSuffixCommand,995
CRE,cre-default,1.0.0,e70a313201ff437268acc5955ea26caa646a4c3d5dca5e898b957b02f691544e,32,1076,1076,32,1044,changed tokens,5000,1076,1044,32,PreserveCommand,32
CRH,crh-default,1.0.0,4698c8efadf49f53c89e0fc7b311a5bd70f40490b8dce671394677b9078d8a2c,1210,7195,7199,1210,5989,changed tokens,5989,7195,5986,1209,BackwardCompoundCommand,241
CRH,crh-default,1.0.0,4698c8efadf49f53c89e0fc7b311a5bd70f40490b8dce671394677b9078d8a2c,1210,7195,7199,1210,5989,changed tokens,5989,7195,5986,1209,DeleteSuffixCommand,5746
CRH,crh-default,1.0.0,4698c8efadf49f53c89e0fc7b311a5bd70f40490b8dce671394677b9078d8a2c,1210,7195,7199,1210,5989,changed tokens,5989,7195,5986,1209,PreserveCommand,1212
CS_CZ,cs-cz-default,1.0.0,62afdaa6dc7a721b54a0dc278a0c648a63ad52a34a412d27b5b52fbcde9c1ce4,5113,51401,56612,10049,46563,changed tokens,46563,56309,46302,10007,AppendCharacterCommand,711
CS_CZ,cs-cz-default,1.0.0,62afdaa6dc7a721b54a0dc278a0c648a63ad52a34a412d27b5b52fbcde9c1ce4,5113,51401,56612,10049,46563,changed tokens,46563,56309,46302,10007,BackwardCompoundCommand,22643
CS_CZ,cs-cz-default,1.0.0,62afdaa6dc7a721b54a0dc278a0c648a63ad52a34a412d27b5b52fbcde9c1ce4,5113,51401,56612,10049,46563,changed tokens,46563,56309,46302,10007,DeleteSuffixCommand,15007
CS_CZ,cs-cz-default,1.0.0,62afdaa6dc7a721b54a0dc278a0c648a63ad52a34a412d27b5b52fbcde9c1ce4,5113,51401,56612,10049,46563,changed tokens,46563,56309,46302,10007,PreserveCommand,10046
CS_CZ,cs-cz-default,1.0.0,62afdaa6dc7a721b54a0dc278a0c648a63ad52a34a412d27b5b52fbcde9c1ce4,5113,51401,56612,10049,46563,changed tokens,46563,56309,46302,10007,ReplaceLastCharacterCommand,8205
CSB,csb-default,1.0.0,32cf30a085941969f1acc4149152d515efa99fd1061c4ddd9eb1049e5cc3097b,37,350,355,37,318,changed tokens,5000,350,313,37,AppendCharacterCommand,1
CSB,csb-default,1.0.0,32cf30a085941969f1acc4149152d515efa99fd1061c4ddd9eb1049e5cc3097b,37,350,355,37,318,changed tokens,5000,350,313,37,BackwardCompoundCommand,115
CSB,csb-default,1.0.0,32cf30a085941969f1acc4149152d515efa99fd1061c4ddd9eb1049e5cc3097b,37,350,355,37,318,changed tokens,5000,350,313,37,DeleteSuffixCommand,185
CSB,csb-default,1.0.0,32cf30a085941969f1acc4149152d515efa99fd1061c4ddd9eb1049e5cc3097b,37,350,355,37,318,changed tokens,5000,350,313,37,PreserveCommand,38
CSB,csb-default,1.0.0,32cf30a085941969f1acc4149152d515efa99fd1061c4ddd9eb1049e5cc3097b,37,350,355,37,318,changed tokens,5000,350,313,37,ReplaceLastCharacterCommand,16
CTP,ctp-default,1.0.0,36b5b636f158d0d65762e87c2125617847cf1b8c6fd766ddf4c42e4343b39122,220,2597,2710,220,2490,changed tokens,5000,2597,2377,220,BackwardCompoundCommand,2026
CTP,ctp-default,1.0.0,36b5b636f158d0d65762e87c2125617847cf1b8c6fd766ddf4c42e4343b39122,220,2597,2710,220,2490,changed tokens,5000,2597,2377,220,DeleteSuffixCommand,464
CTP,ctp-default,1.0.0,36b5b636f158d0d65762e87c2125617847cf1b8c6fd766ddf4c42e4343b39122,220,2597,2710,220,2490,changed tokens,5000,2597,2377,220,PreserveCommand,220
CZN,czn-default,1.0.0,f8d1d16cfd2a023c322a50965f7437944cad928f716c268a18eccb39c4dab66a,386,1864,1915,386,1529,changed tokens,5000,1864,1478,386,BackwardCompoundCommand,1524
CZN,czn-default,1.0.0,f8d1d16cfd2a023c322a50965f7437944cad928f716c268a18eccb39c4dab66a,386,1864,1915,386,1529,changed tokens,5000,1864,1478,386,PreserveCommand,391
DA_DK,da-dk-default,1.0.0,3f7b670a0e7b872bda0381f5154ce058a4656297b39b7157b4ccf6560257cb90,4179,27921,32256,8356,23900,changed tokens,23900,32053,23787,8266,AppendCharacterCommand,179
DA_DK,da-dk-default,1.0.0,3f7b670a0e7b872bda0381f5154ce058a4656297b39b7157b4ccf6560257cb90,4179,27921,32256,8356,23900,changed tokens,23900,32053,23787,8266,BackwardCompoundCommand,1127
DA_DK,da-dk-default,1.0.0,3f7b670a0e7b872bda0381f5154ce058a4656297b39b7157b4ccf6560257cb90,4179,27921,32256,8356,23900,changed tokens,23900,32053,23787,8266,DeleteSuffixCommand,22680
DA_DK,da-dk-default,1.0.0,3f7b670a0e7b872bda0381f5154ce058a4656297b39b7157b4ccf6560257cb90,4179,27921,32256,8356,23900,changed tokens,23900,32053,23787,8266,PreserveCommand,8269
DA_DK,da-dk-default,1.0.0,3f7b670a0e7b872bda0381f5154ce058a4656297b39b7157b4ccf6560257cb90,4179,27921,32256,8356,23900,changed tokens,23900,32053,23787,8266,ReplaceLastCharacterCommand,1
DAK,dak-default,1.0.0,a867bb0f4165fc47b0906c179213d8563088a3e5f13d161120a2556fa1d9032a,473,3332,3358,473,2885,changed tokens,5000,3332,2860,472,BackwardCompoundCommand,2599
DAK,dak-default,1.0.0,a867bb0f4165fc47b0906c179213d8563088a3e5f13d161120a2556fa1d9032a,473,3332,3358,473,2885,changed tokens,5000,3332,2860,472,DeleteSuffixCommand,260
DAK,dak-default,1.0.0,a867bb0f4165fc47b0906c179213d8563088a3e5f13d161120a2556fa1d9032a,473,3332,3358,473,2885,changed tokens,5000,3332,2860,472,PreserveCommand,473
DAK,dak-default,1.0.0,a867bb0f4165fc47b0906c179213d8563088a3e5f13d161120a2556fa1d9032a,473,3332,3358,473,2885,changed tokens,5000,3332,2860,472,ReplaceLastCharacterCommand,26
DE_DE,de-de-default,1.0.0,cbfa038122823f02e4bdb54b0035492c356b6ecd80f11eb11290d7a7248a59f5,54092,277266,333036,90535,242501,changed tokens,242501,308807,225156,83651,AppendCharacterCommand,12107
DE_DE,de-de-default,1.0.0,cbfa038122823f02e4bdb54b0035492c356b6ecd80f11eb11290d7a7248a59f5,54092,277266,333036,90535,242501,changed tokens,242501,308807,225156,83651,BackwardCompoundCommand,81805
DE_DE,de-de-default,1.0.0,cbfa038122823f02e4bdb54b0035492c356b6ecd80f11eb11290d7a7248a59f5,54092,277266,333036,90535,242501,changed tokens,242501,308807,225156,83651,DeleteSuffixCommand,142376
DE_DE,de-de-default,1.0.0,cbfa038122823f02e4bdb54b0035492c356b6ecd80f11eb11290d7a7248a59f5,54092,277266,333036,90535,242501,changed tokens,242501,308807,225156,83651,PreserveCommand,88820
DE_DE,de-de-default,1.0.0,cbfa038122823f02e4bdb54b0035492c356b6ecd80f11eb11290d7a7248a59f5,54092,277266,333036,90535,242501,changed tokens,242501,308807,225156,83651,ReplaceLastCharacterCommand,7928
DJE,dje-default,1.0.0,e4a09508fed786d640720e44077b59abb5dac9d154712a2a0d721f2300ae20df,27,81,81,27,54,changed tokens,5000,81,54,27,BackwardCompoundCommand,54
DJE,dje-default,1.0.0,e4a09508fed786d640720e44077b59abb5dac9d154712a2a0d721f2300ae20df,27,81,81,27,54,changed tokens,5000,81,54,27,PreserveCommand,27
DSB,dsb-default,1.0.0,0910f3977f825457d7f64f988c984a0400824e4d696991261211d3e29ad02d92,990,12039,12196,990,11206,changed tokens,11206,12039,11057,982,AppendCharacterCommand,84
DSB,dsb-default,1.0.0,0910f3977f825457d7f64f988c984a0400824e4d696991261211d3e29ad02d92,990,12039,12196,990,11206,changed tokens,11206,12039,11057,982,BackwardCompoundCommand,4726
DSB,dsb-default,1.0.0,0910f3977f825457d7f64f988c984a0400824e4d696991261211d3e29ad02d92,990,12039,12196,990,11206,changed tokens,11206,12039,11057,982,DeleteSuffixCommand,5170
DSB,dsb-default,1.0.0,0910f3977f825457d7f64f988c984a0400824e4d696991261211d3e29ad02d92,990,12039,12196,990,11206,changed tokens,11206,12039,11057,982,PreserveCommand,991
DSB,dsb-default,1.0.0,0910f3977f825457d7f64f988c984a0400824e4d696991261211d3e29ad02d92,990,12039,12196,990,11206,changed tokens,11206,12039,11057,982,ReplaceLastCharacterCommand,1225
EL_GR,el-gr-default,1.0.0,05ecc1b60b714c64ab5b6d29aef1a9544f0594f98640e5c66dd9ac324672ac79,11793,76869,80320,11793,68527,changed tokens,68527,76869,65237,11632,AppendCharacterCommand,4597
EL_GR,el-gr-default,1.0.0,05ecc1b60b714c64ab5b6d29aef1a9544f0594f98640e5c66dd9ac324672ac79,11793,76869,80320,11793,68527,changed tokens,68527,76869,65237,11632,BackwardCompoundCommand,53371
EL_GR,el-gr-default,1.0.0,05ecc1b60b714c64ab5b6d29aef1a9544f0594f98640e5c66dd9ac324672ac79,11793,76869,80320,11793,68527,changed tokens,68527,76869,65237,11632,DeleteSuffixCommand,4957
EL_GR,el-gr-default,1.0.0,05ecc1b60b714c64ab5b6d29aef1a9544f0594f98640e5c66dd9ac324672ac79,11793,76869,80320,11793,68527,changed tokens,68527,76869,65237,11632,PreserveCommand,11934
EL_GR,el-gr-default,1.0.0,05ecc1b60b714c64ab5b6d29aef1a9544f0594f98640e5c66dd9ac324672ac79,11793,76869,80320,11793,68527,changed tokens,68527,76869,65237,11632,ReplaceLastCharacterCommand,5461
ES_ES,es-es-default,1.0.0,7a1ec94cfdb1e9a95431289d62dc5579cb2a532d99532eeda90290072e569721,65059,849661,926393,120121,806272,changed tokens,806272,902853,786466,116387,AppendCharacterCommand,8534
ES_ES,es-es-default,1.0.0,7a1ec94cfdb1e9a95431289d62dc5579cb2a532d99532eeda90290072e569721,65059,849661,926393,120121,806272,changed tokens,806272,902853,786466,116387,BackwardCompoundCommand,522685
ES_ES,es-es-default,1.0.0,7a1ec94cfdb1e9a95431289d62dc5579cb2a532d99532eeda90290072e569721,65059,849661,926393,120121,806272,changed tokens,806272,902853,786466,116387,DeleteSuffixCommand,243410
ES_ES,es-es-default,1.0.0,7a1ec94cfdb1e9a95431289d62dc5579cb2a532d99532eeda90290072e569721,65059,849661,926393,120121,806272,changed tokens,806272,902853,786466,116387,PreserveCommand,124386
ES_ES,es-es-default,1.0.0,7a1ec94cfdb1e9a95431289d62dc5579cb2a532d99532eeda90290072e569721,65059,849661,926393,120121,806272,changed tokens,806272,902853,786466,116387,ReplaceLastCharacterCommand,27378
ET_EE,et-ee-default,1.0.0,0d7da990392011b0312fdee181720c2778ff07581912c718b8e7c1d07267c735,886,24811,24890,886,24004,changed tokens,24004,24811,23928,883,AppendCharacterCommand,19
ET_EE,et-ee-default,1.0.0,0d7da990392011b0312fdee181720c2778ff07581912c718b8e7c1d07267c735,886,24811,24890,886,24004,changed tokens,24004,24811,23928,883,BackwardCompoundCommand,10364
ET_EE,et-ee-default,1.0.0,0d7da990392011b0312fdee181720c2778ff07581912c718b8e7c1d07267c735,886,24811,24890,886,24004,changed tokens,24004,24811,23928,883,DeleteSuffixCommand,13377
ET_EE,et-ee-default,1.0.0,0d7da990392011b0312fdee181720c2778ff07581912c718b8e7c1d07267c735,886,24811,24890,886,24004,changed tokens,24004,24811,23928,883,PreserveCommand,897
ET_EE,et-ee-default,1.0.0,0d7da990392011b0312fdee181720c2778ff07581912c718b8e7c1d07267c735,886,24811,24890,886,24004,changed tokens,24004,24811,23928,883,ReplaceLastCharacterCommand,233
EVN,evn-default,1.0.0,4ff0de56329166d6d84c8443f0d6223507874854930b2ba2a339bc8be5045c0f,4493,13549,13655,4493,9162,changed tokens,9162,13549,9142,4407,DeleteSuffixCommand,9248
EVN,evn-default,1.0.0,4ff0de56329166d6d84c8443f0d6223507874854930b2ba2a339bc8be5045c0f,4493,13549,13655,4493,9162,changed tokens,9162,13549,9142,4407,PreserveCommand,4407
FA_IR,fa-ir-default,1.0.0,b29a0d168a6a97f980666aa40b74a0edd8b6be4ab3320a7abfbb76b3529f4ea1,69,3544,3770,138,3632,changed tokens,5000,3613,3475,138,AppendCharacterCommand,72
FA_IR,fa-ir-default,1.0.0,b29a0d168a6a97f980666aa40b74a0edd8b6be4ab3320a7abfbb76b3529f4ea1,69,3544,3770,138,3632,changed tokens,5000,3613,3475,138,BackwardCompoundCommand,3284
FA_IR,fa-ir-default,1.0.0,b29a0d168a6a97f980666aa40b74a0edd8b6be4ab3320a7abfbb76b3529f4ea1,69,3544,3770,138,3632,changed tokens,5000,3613,3475,138,DeleteSuffixCommand,69
FA_IR,fa-ir-default,1.0.0,b29a0d168a6a97f980666aa40b74a0edd8b6be4ab3320a7abfbb76b3529f4ea1,69,3544,3770,138,3632,changed tokens,5000,3613,3475,138,PreserveCommand,138
FA_IR,fa-ir-default,1.0.0,b29a0d168a6a97f980666aa40b74a0edd8b6be4ab3320a7abfbb76b3529f4ea1,69,3544,3770,138,3632,changed tokens,5000,3613,3475,138,ReplaceLastCharacterCommand,207
FI_FI,fi-fi-default,1.0.0,ca2628b3db31fee92f1b612ebbbd5e956a6dbbfb10e721325e55ef528f26072f,57027,1788784,1865215,110525,1754690,changed tokens,1754690,1840248,1733693,106555,AppendCharacterCommand,1117
FI_FI,fi-fi-default,1.0.0,ca2628b3db31fee92f1b612ebbbd5e956a6dbbfb10e721325e55ef528f26072f,57027,1788784,1865215,110525,1754690,changed tokens,1754690,1840248,1733693,106555,BackwardCompoundCommand,1175880
FI_FI,fi-fi-default,1.0.0,ca2628b3db31fee92f1b612ebbbd5e956a6dbbfb10e721325e55ef528f26072f,57027,1788784,1865215,110525,1754690,changed tokens,1754690,1840248,1733693,106555,DeleteSuffixCommand,570130
FI_FI,fi-fi-default,1.0.0,ca2628b3db31fee92f1b612ebbbd5e956a6dbbfb10e721325e55ef528f26072f,57027,1788784,1865215,110525,1754690,changed tokens,1754690,1840248,1733693,106555,PreserveCommand,112029
FI_FI,fi-fi-default,1.0.0,ca2628b3db31fee92f1b612ebbbd5e956a6dbbfb10e721325e55ef528f26072f,57027,1788784,1865215,110525,1754690,changed tokens,1754690,1840248,1733693,106555,ReplaceLastCharacterCommand,6059
FO_FO,fo-fo-default,1.0.0,c5ab9a35317d6cfbba64e8a4a441c1a8a5c3a922384631941804d0bf4eb81fc0,3077,31366,33333,3077,30256,changed tokens,30256,31366,28370,2996,AppendCharacterCommand,407
FO_FO,fo-fo-default,1.0.0,c5ab9a35317d6cfbba64e8a4a441c1a8a5c3a922384631941804d0bf4eb81fc0,3077,31366,33333,3077,30256,changed tokens,30256,31366,28370,2996,BackwardCompoundCommand,16170
FO_FO,fo-fo-default,1.0.0,c5ab9a35317d6cfbba64e8a4a441c1a8a5c3a922384631941804d0bf4eb81fc0,3077,31366,33333,3077,30256,changed tokens,30256,31366,28370,2996,DeleteSuffixCommand,11277
FO_FO,fo-fo-default,1.0.0,c5ab9a35317d6cfbba64e8a4a441c1a8a5c3a922384631941804d0bf4eb81fc0,3077,31366,33333,3077,30256,changed tokens,30256,31366,28370,2996,PreserveCommand,3474
FO_FO,fo-fo-default,1.0.0,c5ab9a35317d6cfbba64e8a4a441c1a8a5c3a922384631941804d0bf4eb81fc0,3077,31366,33333,3077,30256,changed tokens,30256,31366,28370,2996,ReplaceLastCharacterCommand,2005
FR_FR,fr-fr-default,1.0.0,a988658758952fd599dc7360e0234178a6d65ac46e5cedc7dcd325a7cb7e71d9,59240,404011,474110,108141,365969,changed tokens,365969,449601,347155,102446,AppendCharacterCommand,10082
FR_FR,fr-fr-default,1.0.0,a988658758952fd599dc7360e0234178a6d65ac46e5cedc7dcd325a7cb7e71d9,59240,404011,474110,108141,365969,changed tokens,365969,449601,347155,102446,BackwardCompoundCommand,184521
FR_FR,fr-fr-default,1.0.0,a988658758952fd599dc7360e0234178a6d65ac46e5cedc7dcd325a7cb7e71d9,59240,404011,474110,108141,365969,changed tokens,365969,449601,347155,102446,DeleteSuffixCommand,154760
FR_FR,fr-fr-default,1.0.0,a988658758952fd599dc7360e0234178a6d65ac46e5cedc7dcd325a7cb7e71d9,59240,404011,474110,108141,365969,changed tokens,365969,449601,347155,102446,PreserveCommand,110933
FR_FR,fr-fr-default,1.0.0,a988658758952fd599dc7360e0234178a6d65ac46e5cedc7dcd325a7cb7e71d9,59240,404011,474110,108141,365969,changed tokens,365969,449601,347155,102446,ReplaceLastCharacterCommand,13814
FRM,frm-default,1.0.0,e4ed58dd8e6d2305bccf46d2b8273d663d2def09fce1046063a4e27b88a82cb7,603,27102,27314,603,26711,changed tokens,26711,27102,26499,603,AppendCharacterCommand,549
FRM,frm-default,1.0.0,e4ed58dd8e6d2305bccf46d2b8273d663d2def09fce1046063a4e27b88a82cb7,603,27102,27314,603,26711,changed tokens,26711,27102,26499,603,BackwardCompoundCommand,14661
FRM,frm-default,1.0.0,e4ed58dd8e6d2305bccf46d2b8273d663d2def09fce1046063a4e27b88a82cb7,603,27102,27314,603,26711,changed tokens,26711,27102,26499,603,DeleteSuffixCommand,10339
FRM,frm-default,1.0.0,e4ed58dd8e6d2305bccf46d2b8273d663d2def09fce1046063a4e27b88a82cb7,603,27102,27314,603,26711,changed tokens,26711,27102,26499,603,PreserveCommand,603
FRM,frm-default,1.0.0,e4ed58dd8e6d2305bccf46d2b8273d663d2def09fce1046063a4e27b88a82cb7,603,27102,27314,603,26711,changed tokens,26711,27102,26499,603,ReplaceLastCharacterCommand,1162
FRO,fro-default,1.0.0,dab25d905a872c0623c952c102a958f72b6cf7fe39665c12e8a320b5455a9418,1699,94338,105344,1699,103645,changed tokens,103645,94338,92641,1697,AppendCharacterCommand,1038
FRO,fro-default,1.0.0,dab25d905a872c0623c952c102a958f72b6cf7fe39665c12e8a320b5455a9418,1699,94338,105344,1699,103645,changed tokens,103645,94338,92641,1697,BackwardCompoundCommand,76886
FRO,fro-default,1.0.0,dab25d905a872c0623c952c102a958f72b6cf7fe39665c12e8a320b5455a9418,1699,94338,105344,1699,103645,changed tokens,103645,94338,92641,1697,DeleteSuffixCommand,22945
FRO,fro-default,1.0.0,dab25d905a872c0623c952c102a958f72b6cf7fe39665c12e8a320b5455a9418,1699,94338,105344,1699,103645,changed tokens,103645,94338,92641,1697,PreserveCommand,1715
FRO,fro-default,1.0.0,dab25d905a872c0623c952c102a958f72b6cf7fe39665c12e8a320b5455a9418,1699,94338,105344,1699,103645,changed tokens,103645,94338,92641,1697,ReplaceLastCharacterCommand,2760
FRR,frr-default,1.0.0,d92dacea73857c8ddef8113c70a0c72eb5b1d1f6796ef1a4b640993aabc544c4,51,364,381,51,330,changed tokens,5000,364,317,47,AppendCharacterCommand,30
FRR,frr-default,1.0.0,d92dacea73857c8ddef8113c70a0c72eb5b1d1f6796ef1a4b640993aabc544c4,51,364,381,51,330,changed tokens,5000,364,317,47,BackwardCompoundCommand,238
FRR,frr-default,1.0.0,d92dacea73857c8ddef8113c70a0c72eb5b1d1f6796ef1a4b640993aabc544c4,51,364,381,51,330,changed tokens,5000,364,317,47,DeleteSuffixCommand,61
FRR,frr-default,1.0.0,d92dacea73857c8ddef8113c70a0c72eb5b1d1f6796ef1a4b640993aabc544c4,51,364,381,51,330,changed tokens,5000,364,317,47,PreserveCommand,48
FRR,frr-default,1.0.0,d92dacea73857c8ddef8113c70a0c72eb5b1d1f6796ef1a4b640993aabc544c4,51,364,381,51,330,changed tokens,5000,364,317,47,ReplaceLastCharacterCommand,4
FUR,fur-default,1.0.0,279631dc8998d6d55a2707d7746ba0e50fe9e5b7f1279e128ac48a70dcf06685,168,5007,5017,168,4849,changed tokens,5000,5007,4839,168,AppendCharacterCommand,15
FUR,fur-default,1.0.0,279631dc8998d6d55a2707d7746ba0e50fe9e5b7f1279e128ac48a70dcf06685,168,5007,5017,168,4849,changed tokens,5000,5007,4839,168,BackwardCompoundCommand,4067
FUR,fur-default,1.0.0,279631dc8998d6d55a2707d7746ba0e50fe9e5b7f1279e128ac48a70dcf06685,168,5007,5017,168,4849,changed tokens,5000,5007,4839,168,DeleteSuffixCommand,363
FUR,fur-default,1.0.0,279631dc8998d6d55a2707d7746ba0e50fe9e5b7f1279e128ac48a70dcf06685,168,5007,5017,168,4849,changed tokens,5000,5007,4839,168,PreserveCommand,170
FUR,fur-default,1.0.0,279631dc8998d6d55a2707d7746ba0e50fe9e5b7f1279e128ac48a70dcf06685,168,5007,5017,168,4849,changed tokens,5000,5007,4839,168,ReplaceLastCharacterCommand,402
GA_IE,ga-ie-default,1.0.0,b669438f4375857896dcf9adc535f46f25ddc12c2c163b6980dc33564c48991b,7287,24035,24533,7287,17246,changed tokens,17246,24035,16821,7214,AppendCharacterCommand,7
GA_IE,ga-ie-default,1.0.0,b669438f4375857896dcf9adc535f46f25ddc12c2c163b6980dc33564c48991b,7287,24035,24533,7287,17246,changed tokens,17246,24035,16821,7214,BackwardCompoundCommand,11162
GA_IE,ga-ie-default,1.0.0,b669438f4375857896dcf9adc535f46f25ddc12c2c163b6980dc33564c48991b,7287,24035,24533,7287,17246,changed tokens,17246,24035,16821,7214,DeleteSuffixCommand,5691
GA_IE,ga-ie-default,1.0.0,b669438f4375857896dcf9adc535f46f25ddc12c2c163b6980dc33564c48991b,7287,24035,24533,7287,17246,changed tokens,17246,24035,16821,7214,PreserveCommand,7392
GA_IE,ga-ie-default,1.0.0,b669438f4375857896dcf9adc535f46f25ddc12c2c163b6980dc33564c48991b,7287,24035,24533,7287,17246,changed tokens,17246,24035,16821,7214,ReplaceLastCharacterCommand,281
GAA,gaa-default,1.0.0,981733932ac87c90b142c9230e721513d642bac1d25f131a9c36643015b68108,94,469,470,94,376,changed tokens,5000,469,375,94,BackwardCompoundCommand,186
GAA,gaa-default,1.0.0,981733932ac87c90b142c9230e721513d642bac1d25f131a9c36643015b68108,94,469,470,94,376,changed tokens,5000,469,375,94,DeleteSuffixCommand,189
GAA,gaa-default,1.0.0,981733932ac87c90b142c9230e721513d642bac1d25f131a9c36643015b68108,94,469,470,94,376,changed tokens,5000,469,375,94,PreserveCommand,95
GAL,gal-default,1.0.0,d57ad44d8863d70fb6c28152de8e96b1480ae66b9bacd59a27f7f0e9aa44f566,486,25436,26195,486,25709,changed tokens,25709,25436,24950,486,AppendCharacterCommand,360
GAL,gal-default,1.0.0,d57ad44d8863d70fb6c28152de8e96b1480ae66b9bacd59a27f7f0e9aa44f566,486,25436,26195,486,25709,changed tokens,25709,25436,24950,486,BackwardCompoundCommand,15138
GAL,gal-default,1.0.0,d57ad44d8863d70fb6c28152de8e96b1480ae66b9bacd59a27f7f0e9aa44f566,486,25436,26195,486,25709,changed tokens,25709,25436,24950,486,DeleteSuffixCommand,9258
GAL,gal-default,1.0.0,d57ad44d8863d70fb6c28152de8e96b1480ae66b9bacd59a27f7f0e9aa44f566,486,25436,26195,486,25709,changed tokens,25709,25436,24950,486,PreserveCommand,488
GAL,gal-default,1.0.0,d57ad44d8863d70fb6c28152de8e96b1480ae66b9bacd59a27f7f0e9aa44f566,486,25436,26195,486,25709,changed tokens,25709,25436,24950,486,ReplaceLastCharacterCommand,951
GMH,gmh-default,1.0.0,9dfcff6fca22db34b3206e35ab50e1e7d91fd4ce81fd50b6a7461d8f6fe3e5d6,29,384,384,29,355,changed tokens,5000,384,355,29,AppendCharacterCommand,17
GMH,gmh-default,1.0.0,9dfcff6fca22db34b3206e35ab50e1e7d91fd4ce81fd50b6a7461d8f6fe3e5d6,29,384,384,29,355,changed tokens,5000,384,355,29,BackwardCompoundCommand,276
GMH,gmh-default,1.0.0,9dfcff6fca22db34b3206e35ab50e1e7d91fd4ce81fd50b6a7461d8f6fe3e5d6,29,384,384,29,355,changed tokens,5000,384,355,29,DeleteSuffixCommand,45
GMH,gmh-default,1.0.0,9dfcff6fca22db34b3206e35ab50e1e7d91fd4ce81fd50b6a7461d8f6fe3e5d6,29,384,384,29,355,changed tokens,5000,384,355,29,PreserveCommand,29
GMH,gmh-default,1.0.0,9dfcff6fca22db34b3206e35ab50e1e7d91fd4ce81fd50b6a7461d8f6fe3e5d6,29,384,384,29,355,changed tokens,5000,384,355,29,ReplaceLastCharacterCommand,17
GML,gml-default,1.0.0,3461579139d22f110969530d3a88820895c0e6818efc988c025549787e7c54da,54,624,635,54,581,changed tokens,5000,624,570,54,AppendCharacterCommand,39
GML,gml-default,1.0.0,3461579139d22f110969530d3a88820895c0e6818efc988c025549787e7c54da,54,624,635,54,581,changed tokens,5000,624,570,54,BackwardCompoundCommand,376
GML,gml-default,1.0.0,3461579139d22f110969530d3a88820895c0e6818efc988c025549787e7c54da,54,624,635,54,581,changed tokens,5000,624,570,54,DeleteSuffixCommand,123
GML,gml-default,1.0.0,3461579139d22f110969530d3a88820895c0e6818efc988c025549787e7c54da,54,624,635,54,581,changed tokens,5000,624,570,54,PreserveCommand,57
GML,gml-default,1.0.0,3461579139d22f110969530d3a88820895c0e6818efc988c025549787e7c54da,54,624,635,54,581,changed tokens,5000,624,570,54,ReplaceLastCharacterCommand,40
GOH,goh-default,1.0.0,42f175991354ce30b3cf6563b9f8c7a0c1ecfc7593a8151fd1320b09575b0208,482,5267,5300,482,4818,changed tokens,5000,5267,4786,481,AppendCharacterCommand,23
GOH,goh-default,1.0.0,42f175991354ce30b3cf6563b9f8c7a0c1ecfc7593a8151fd1320b09575b0208,482,5267,5300,482,4818,changed tokens,5000,5267,4786,481,BackwardCompoundCommand,2876
GOH,goh-default,1.0.0,42f175991354ce30b3cf6563b9f8c7a0c1ecfc7593a8151fd1320b09575b0208,482,5267,5300,482,4818,changed tokens,5000,5267,4786,481,DeleteSuffixCommand,1721
GOH,goh-default,1.0.0,42f175991354ce30b3cf6563b9f8c7a0c1ecfc7593a8151fd1320b09575b0208,482,5267,5300,482,4818,changed tokens,5000,5267,4786,481,PreserveCommand,486
GOH,goh-default,1.0.0,42f175991354ce30b3cf6563b9f8c7a0c1ecfc7593a8151fd1320b09575b0208,482,5267,5300,482,4818,changed tokens,5000,5267,4786,481,ReplaceLastCharacterCommand,194
GOT,got-default,1.0.0,d7f0bb16c028f9e80151e8f33b4e56e786c099a514a393d7ddb079861e0ba321,6227,134332,137914,6227,131687,changed tokens,131687,134332,129090,5242,AppendCharacterCommand,1950
GOT,got-default,1.0.0,d7f0bb16c028f9e80151e8f33b4e56e786c099a514a393d7ddb079861e0ba321,6227,134332,137914,6227,131687,changed tokens,131687,134332,129090,5242,BackwardCompoundCommand,105710
GOT,got-default,1.0.0,d7f0bb16c028f9e80151e8f33b4e56e786c099a514a393d7ddb079861e0ba321,6227,134332,137914,6227,131687,changed tokens,131687,134332,129090,5242,DeleteSuffixCommand,14846
GOT,got-default,1.0.0,d7f0bb16c028f9e80151e8f33b4e56e786c099a514a393d7ddb079861e0ba321,6227,134332,137914,6227,131687,changed tokens,131687,134332,129090,5242,PreserveCommand,5880
GOT,got-default,1.0.0,d7f0bb16c028f9e80151e8f33b4e56e786c099a514a393d7ddb079861e0ba321,6227,134332,137914,6227,131687,changed tokens,131687,134332,129090,5242,ReplaceLastCharacterCommand,9528
GRC,grc-default,1.0.0,8c50d12e6489acff903ed5a9e5cf463da9e543845d48989255d99609f9a4e2e9,2426,26386,26581,2426,24155,changed tokens,24155,26386,23963,2423,AppendCharacterCommand,89
GRC,grc-default,1.0.0,8c50d12e6489acff903ed5a9e5cf463da9e543845d48989255d99609f9a4e2e9,2426,26386,26581,2426,24155,changed tokens,24155,26386,23963,2423,BackwardCompoundCommand,21921
GRC,grc-default,1.0.0,8c50d12e6489acff903ed5a9e5cf463da9e543845d48989255d99609f9a4e2e9,2426,26386,26581,2426,24155,changed tokens,24155,26386,23963,2423,DeleteSuffixCommand,623
GRC,grc-default,1.0.0,8c50d12e6489acff903ed5a9e5cf463da9e543845d48989255d99609f9a4e2e9,2426,26386,26581,2426,24155,changed tokens,24155,26386,23963,2423,PreserveCommand,2431
GRC,grc-default,1.0.0,8c50d12e6489acff903ed5a9e5cf463da9e543845d48989255d99609f9a4e2e9,2426,26386,26581,2426,24155,changed tokens,24155,26386,23963,2423,ReplaceLastCharacterCommand,1517
GSW,gsw-default,1.0.0,65ffa4b644e8adef0fe6e484a478a5017bb9c079e015f6a02dd478a4f6c9a871,145,1186,1190,145,1045,changed tokens,5000,1186,1041,145,AppendCharacterCommand,5
GSW,gsw-default,1.0.0,65ffa4b644e8adef0fe6e484a478a5017bb9c079e015f6a02dd478a4f6c9a871,145,1186,1190,145,1045,changed tokens,5000,1186,1041,145,BackwardCompoundCommand,648
GSW,gsw-default,1.0.0,65ffa4b644e8adef0fe6e484a478a5017bb9c079e015f6a02dd478a4f6c9a871,145,1186,1190,145,1045,changed tokens,5000,1186,1041,145,DeleteSuffixCommand,198
GSW,gsw-default,1.0.0,65ffa4b644e8adef0fe6e484a478a5017bb9c079e015f6a02dd478a4f6c9a871,145,1186,1190,145,1045,changed tokens,5000,1186,1041,145,PreserveCommand,145
GSW,gsw-default,1.0.0,65ffa4b644e8adef0fe6e484a478a5017bb9c079e015f6a02dd478a4f6c9a871,145,1186,1190,145,1045,changed tokens,5000,1186,1041,145,ReplaceLastCharacterCommand,194
GUP,gup-default,1.0.0,9a9193fc4b921801a12c91e585a3fb71824c243a0f66138675e5be6ec731772b,73,370,371,73,298,changed tokens,5000,370,297,73,BackwardCompoundCommand,261
GUP,gup-default,1.0.0,9a9193fc4b921801a12c91e585a3fb71824c243a0f66138675e5be6ec731772b,73,370,371,73,298,changed tokens,5000,370,297,73,DeleteSuffixCommand,35
GUP,gup-default,1.0.0,9a9193fc4b921801a12c91e585a3fb71824c243a0f66138675e5be6ec731772b,73,370,371,73,298,changed tokens,5000,370,297,73,PreserveCommand,73
GUP,gup-default,1.0.0,9a9193fc4b921801a12c91e585a3fb71824c243a0f66138675e5be6ec731772b,73,370,371,73,298,changed tokens,5000,370,297,73,ReplaceLastCharacterCommand,2
GV_IM,gv-im-default,1.0.0,da48ff4553af69f5f7dce09951a0d0e93a35ac649034de9d88f4067bac48a1ea,1,15,15,1,14,changed tokens,5000,15,14,1,BackwardCompoundCommand,11
GV_IM,gv-im-default,1.0.0,da48ff4553af69f5f7dce09951a0d0e93a35ac649034de9d88f4067bac48a1ea,1,15,15,1,14,changed tokens,5000,15,14,1,DeleteSuffixCommand,2
GV_IM,gv-im-default,1.0.0,da48ff4553af69f5f7dce09951a0d0e93a35ac649034de9d88f4067bac48a1ea,1,15,15,1,14,changed tokens,5000,15,14,1,PreserveCommand,1
GV_IM,gv-im-default,1.0.0,da48ff4553af69f5f7dce09951a0d0e93a35ac649034de9d88f4067bac48a1ea,1,15,15,1,14,changed tokens,5000,15,14,1,ReplaceLastCharacterCommand,1
HAI,hai-default,1.0.0,71a80067a05106b90668da2a78c8f9412d64406036ef13e24de732124fff69a5,36,5385,5385,36,5349,changed tokens,5349,5385,5349,36,BackwardCompoundCommand,579
HAI,hai-default,1.0.0,71a80067a05106b90668da2a78c8f9412d64406036ef13e24de732124fff69a5,36,5385,5385,36,5349,changed tokens,5349,5385,5349,36,DeleteSuffixCommand,4770
HAI,hai-default,1.0.0,71a80067a05106b90668da2a78c8f9412d64406036ef13e24de732124fff69a5,36,5385,5385,36,5349,changed tokens,5349,5385,5349,36,PreserveCommand,36
HBS,hbs-default,1.0.0,be225aef70bd01ee8f988ac5e6a58f3d6e1cddc284a6564dd15f93d4f1634dda,24385,272634,278024,24385,253639,changed tokens,253639,272634,248397,24237,AppendCharacterCommand,194
HBS,hbs-default,1.0.0,be225aef70bd01ee8f988ac5e6a58f3d6e1cddc284a6564dd15f93d4f1634dda,24385,272634,278024,24385,253639,changed tokens,253639,272634,248397,24237,BackwardCompoundCommand,166301
HBS,hbs-default,1.0.0,be225aef70bd01ee8f988ac5e6a58f3d6e1cddc284a6564dd15f93d4f1634dda,24385,272634,278024,24385,253639,changed tokens,253639,272634,248397,24237,DeleteSuffixCommand,58539
HBS,hbs-default,1.0.0,be225aef70bd01ee8f988ac5e6a58f3d6e1cddc284a6564dd15f93d4f1634dda,24385,272634,278024,24385,253639,changed tokens,253639,272634,248397,24237,PreserveCommand,24681
HBS,hbs-default,1.0.0,be225aef70bd01ee8f988ac5e6a58f3d6e1cddc284a6564dd15f93d4f1634dda,24385,272634,278024,24385,253639,changed tokens,253639,272634,248397,24237,ReplaceLastCharacterCommand,28309
HE_IL,he-il-default,1.0.0,9a47dc69bb7dab21aba0266b73cd74cdaeb17db94363796a0a56111ac8518256,2358,57658,61071,4715,56356,changed tokens,56356,60002,55313,4689,AppendCharacterCommand,3
HE_IL,he-il-default,1.0.0,9a47dc69bb7dab21aba0266b73cd74cdaeb17db94363796a0a56111ac8518256,2358,57658,61071,4715,56356,changed tokens,56356,60002,55313,4689,BackwardCompoundCommand,46876
HE_IL,he-il-default,1.0.0,9a47dc69bb7dab21aba0266b73cd74cdaeb17db94363796a0a56111ac8518256,2358,57658,61071,4715,56356,changed tokens,56356,60002,55313,4689,DeleteSuffixCommand,9059
HE_IL,he-il-default,1.0.0,9a47dc69bb7dab21aba0266b73cd74cdaeb17db94363796a0a56111ac8518256,2358,57658,61071,4715,56356,changed tokens,56356,60002,55313,4689,PreserveCommand,4869
HE_IL,he-il-default,1.0.0,9a47dc69bb7dab21aba0266b73cd74cdaeb17db94363796a0a56111ac8518256,2358,57658,61071,4715,56356,changed tokens,56356,60002,55313,4689,ReplaceLastCharacterCommand,264
HIL,hil-default,1.0.0,d8114c609f5a38623a2fa3c7c3cf2ba74a2b5d9e78258cf0c428b50afcb9e031,97,393,398,97,301,changed tokens,5000,393,296,97,BackwardCompoundCommand,299
HIL,hil-default,1.0.0,d8114c609f5a38623a2fa3c7c3cf2ba74a2b5d9e78258cf0c428b50afcb9e031,97,393,398,97,301,changed tokens,5000,393,296,97,PreserveCommand,99
HSI,hsi-default,1.0.0,82f3518b9ef41c53429248865abdd539aa0436cba9a5f0517f333fe18e4c9146,49,158,159,49,110,changed tokens,5000,158,109,49,AppendCharacterCommand,2
HSI,hsi-default,1.0.0,82f3518b9ef41c53429248865abdd539aa0436cba9a5f0517f333fe18e4c9146,49,158,159,49,110,changed tokens,5000,158,109,49,BackwardCompoundCommand,78
HSI,hsi-default,1.0.0,82f3518b9ef41c53429248865abdd539aa0436cba9a5f0517f333fe18e4c9146,49,158,159,49,110,changed tokens,5000,158,109,49,DeleteSuffixCommand,20
HSI,hsi-default,1.0.0,82f3518b9ef41c53429248865abdd539aa0436cba9a5f0517f333fe18e4c9146,49,158,159,49,110,changed tokens,5000,158,109,49,PreserveCommand,49
HSI,hsi-default,1.0.0,82f3518b9ef41c53429248865abdd539aa0436cba9a5f0517f333fe18e4c9146,49,158,159,49,110,changed tokens,5000,158,109,49,ReplaceLastCharacterCommand,10
HU_HU,hu-hu-default,1.0.0,359d46a01d751ec823705ad7f3dd1cc8f6663feb1a9d13cb04d0c6fb51ab646e,19406,910688,935713,38775,896938,changed tokens,896938,928435,892782,35653,AppendCharacterCommand,15
HU_HU,hu-hu-default,1.0.0,359d46a01d751ec823705ad7f3dd1cc8f6663feb1a9d13cb04d0c6fb51ab646e,19406,910688,935713,38775,896938,changed tokens,896938,928435,892782,35653,BackwardCompoundCommand,149173
HU_HU,hu-hu-default,1.0.0,359d46a01d751ec823705ad7f3dd1cc8f6663feb1a9d13cb04d0c6fb51ab646e,19406,910688,935713,38775,896938,changed tokens,896938,928435,892782,35653,DeleteSuffixCommand,750282
HU_HU,hu-hu-default,1.0.0,359d46a01d751ec823705ad7f3dd1cc8f6663feb1a9d13cb04d0c6fb51ab646e,19406,910688,935713,38775,896938,changed tokens,896938,928435,892782,35653,PreserveCommand,36139
HU_HU,hu-hu-default,1.0.0,359d46a01d751ec823705ad7f3dd1cc8f6663feb1a9d13cb04d0c6fb51ab646e,19406,910688,935713,38775,896938,changed tokens,896938,928435,892782,35653,ReplaceLastCharacterCommand,104
HY_AM,hy-am-default,1.0.0,42eea1564db57d86b2f09fec3d6d19104253cd389769b834c823b1684f21a757,6990,246576,247803,6990,240813,changed tokens,240813,246576,239668,6908,AppendCharacterCommand,161
HY_AM,hy-am-default,1.0.0,42eea1564db57d86b2f09fec3d6d19104253cd389769b834c823b1684f21a757,6990,246576,247803,6990,240813,changed tokens,240813,246576,239668,6908,BackwardCompoundCommand,56059
HY_AM,hy-am-default,1.0.0,42eea1564db57d86b2f09fec3d6d19104253cd389769b834c823b1684f21a757,6990,246576,247803,6990,240813,changed tokens,240813,246576,239668,6908,DeleteSuffixCommand,178362
HY_AM,hy-am-default,1.0.0,42eea1564db57d86b2f09fec3d6d19104253cd389769b834c823b1684f21a757,6990,246576,247803,6990,240813,changed tokens,240813,246576,239668,6908,PreserveCommand,7207
HY_AM,hy-am-default,1.0.0,42eea1564db57d86b2f09fec3d6d19104253cd389769b834c823b1684f21a757,6990,246576,247803,6990,240813,changed tokens,240813,246576,239668,6908,ReplaceLastCharacterCommand,6014
ID_ID,id-id-default,1.0.0,ed7ab0190fcd098ff4e871605f61056cf43b54a6967e8c40652584720ddb5044,3877,21296,21298,3877,17421,changed tokens,17421,21296,17419,3877,BackwardCompoundCommand,12539
ID_ID,id-id-default,1.0.0,ed7ab0190fcd098ff4e871605f61056cf43b54a6967e8c40652584720ddb5044,3877,21296,21298,3877,17421,changed tokens,17421,21296,17419,3877,DeleteSuffixCommand,4880
ID_ID,id-id-default,1.0.0,ed7ab0190fcd098ff4e871605f61056cf43b54a6967e8c40652584720ddb5044,3877,21296,21298,3877,17421,changed tokens,17421,21296,17419,3877,PreserveCommand,3879
IS_IS,is-is-default,1.0.0,0d16a717f7c71b5fc333ec8687b1e44d6840092a5e3ce88785830ea9083e9b60,4772,52197,53388,4772,48616,changed tokens,48616,52197,47521,4676,AppendCharacterCommand,239
IS_IS,is-is-default,1.0.0,0d16a717f7c71b5fc333ec8687b1e44d6840092a5e3ce88785830ea9083e9b60,4772,52197,53388,4772,48616,changed tokens,48616,52197,47521,4676,BackwardCompoundCommand,25490
IS_IS,is-is-default,1.0.0,0d16a717f7c71b5fc333ec8687b1e44d6840092a5e3ce88785830ea9083e9b60,4772,52197,53388,4772,48616,changed tokens,48616,52197,47521,4676,DeleteSuffixCommand,20329
IS_IS,is-is-default,1.0.0,0d16a717f7c71b5fc333ec8687b1e44d6840092a5e3ce88785830ea9083e9b60,4772,52197,53388,4772,48616,changed tokens,48616,52197,47521,4676,PreserveCommand,4855
IS_IS,is-is-default,1.0.0,0d16a717f7c71b5fc333ec8687b1e44d6840092a5e3ce88785830ea9083e9b60,4772,52197,53388,4772,48616,changed tokens,48616,52197,47521,4676,ReplaceLastCharacterCommand,2475
IT_IT,it-it-default,1.0.0,5e03be31c9761e30dbf24a47a5ced3d6ec949dabd31e92632fdd9f7c67fc2e12,10009,324366,337546,20004,317542,changed tokens,317542,334361,314357,20004,BackwardCompoundCommand,302089
IT_IT,it-it-default,1.0.0,5e03be31c9761e30dbf24a47a5ced3d6ec949dabd31e92632fdd9f7c67fc2e12,10009,324366,337546,20004,317542,changed tokens,317542,334361,314357,20004,DeleteSuffixCommand,12348
IT_IT,it-it-default,1.0.0,5e03be31c9761e30dbf24a47a5ced3d6ec949dabd31e92632fdd9f7c67fc2e12,10009,324366,337546,20004,317542,changed tokens,317542,334361,314357,20004,PreserveCommand,20013
IT_IT,it-it-default,1.0.0,5e03be31c9761e30dbf24a47a5ced3d6ec949dabd31e92632fdd9f7c67fc2e12,10009,324366,337546,20004,317542,changed tokens,317542,334361,314357,20004,ReplaceLastCharacterCommand,3096
ITL,itl-default,1.0.0,4664dc2087cf79102555fecdf978c6a2b7e830192f4e7c01e4f7642d167e8175,1633,3659,3663,1633,2030,changed tokens,5000,3659,2030,1629,AppendCharacterCommand,1
ITL,itl-default,1.0.0,4664dc2087cf79102555fecdf978c6a2b7e830192f4e7c01e4f7642d167e8175,1633,3659,3663,1633,2030,changed tokens,5000,3659,2030,1629,BackwardCompoundCommand,863
ITL,itl-default,1.0.0,4664dc2087cf79102555fecdf978c6a2b7e830192f4e7c01e4f7642d167e8175,1633,3659,3663,1633,2030,changed tokens,5000,3659,2030,1629,DeleteSuffixCommand,1170
ITL,itl-default,1.0.0,4664dc2087cf79102555fecdf978c6a2b7e830192f4e7c01e4f7642d167e8175,1633,3659,3663,1633,2030,changed tokens,5000,3659,2030,1629,PreserveCommand,1629
IZH,izh-default,1.0.0,294754b0e212cd5045fcced35de8e0016a77cb46732d285e2babef0d1e3c5d84,50,1026,1026,50,976,changed tokens,5000,1026,976,50,BackwardCompoundCommand,683
IZH,izh-default,1.0.0,294754b0e212cd5045fcced35de8e0016a77cb46732d285e2babef0d1e3c5d84,50,1026,1026,50,976,changed tokens,5000,1026,976,50,DeleteSuffixCommand,293
IZH,izh-default,1.0.0,294754b0e212cd5045fcced35de8e0016a77cb46732d285e2babef0d1e3c5d84,50,1026,1026,50,976,changed tokens,5000,1026,976,50,PreserveCommand,50
JA_JP,ja-jp-default,1.0.0,852e1431af196108ac5c79a46e8aa11caead2931dd0960fc4b653cde08fbc161,107,10848,11592,107,11485,changed tokens,11485,10848,10741,107,BackwardCompoundCommand,10962
JA_JP,ja-jp-default,1.0.0,852e1431af196108ac5c79a46e8aa11caead2931dd0960fc4b653cde08fbc161,107,10848,11592,107,11485,changed tokens,11485,10848,10741,107,DeleteSuffixCommand,319
JA_JP,ja-jp-default,1.0.0,852e1431af196108ac5c79a46e8aa11caead2931dd0960fc4b653cde08fbc161,107,10848,11592,107,11485,changed tokens,11485,10848,10741,107,PreserveCommand,111
JA_JP,ja-jp-default,1.0.0,852e1431af196108ac5c79a46e8aa11caead2931dd0960fc4b653cde08fbc161,107,10848,11592,107,11485,changed tokens,11485,10848,10741,107,ReplaceLastCharacterCommand,200
KBD,kbd-default,1.0.0,36208c790afe93152677ba6a4cabb3adfc420b521857ea462d81933e1f38cdb4,249,3054,3054,249,2805,changed tokens,5000,3054,2805,249,DeleteSuffixCommand,2805
KBD,kbd-default,1.0.0,36208c790afe93152677ba6a4cabb3adfc420b521857ea462d81933e1f38cdb4,249,3054,3054,249,2805,changed tokens,5000,3054,2805,249,PreserveCommand,249
KJH,kjh-default,1.0.0,210b01be8a529b3bd8611f82d1050dc9702a41784226c6eab31ceebb77e652e2,74,1172,1172,74,1098,changed tokens,5000,1172,1098,74,BackwardCompoundCommand,7
KJH,kjh-default,1.0.0,210b01be8a529b3bd8611f82d1050dc9702a41784226c6eab31ceebb77e652e2,74,1172,1172,74,1098,changed tokens,5000,1172,1098,74,DeleteSuffixCommand,1091
KJH,kjh-default,1.0.0,210b01be8a529b3bd8611f82d1050dc9702a41784226c6eab31ceebb77e652e2,74,1172,1172,74,1098,changed tokens,5000,1172,1098,74,PreserveCommand,74
KK_KZ,kk-kz-default,1.0.0,73216ba98bc3e3c240d626fc47f4dc3ff95148ba086c8a9e8d89bd6cfbdc648b,1744,35223,35269,1744,33525,changed tokens,33525,35223,33490,1733,AppendCharacterCommand,95
KK_KZ,kk-kz-default,1.0.0,73216ba98bc3e3c240d626fc47f4dc3ff95148ba086c8a9e8d89bd6cfbdc648b,1744,35223,35269,1744,33525,changed tokens,33525,35223,33490,1733,BackwardCompoundCommand,7475
KK_KZ,kk-kz-default,1.0.0,73216ba98bc3e3c240d626fc47f4dc3ff95148ba086c8a9e8d89bd6cfbdc648b,1744,35223,35269,1744,33525,changed tokens,33525,35223,33490,1733,DeleteSuffixCommand,25935
KK_KZ,kk-kz-default,1.0.0,73216ba98bc3e3c240d626fc47f4dc3ff95148ba086c8a9e8d89bd6cfbdc648b,1744,35223,35269,1744,33525,changed tokens,33525,35223,33490,1733,PreserveCommand,1733
KK_KZ,kk-kz-default,1.0.0,73216ba98bc3e3c240d626fc47f4dc3ff95148ba086c8a9e8d89bd6cfbdc648b,1744,35223,35269,1744,33525,changed tokens,33525,35223,33490,1733,ReplaceLastCharacterCommand,31
KL_GL,kl-gl-default,1.0.0,19212cb272cf695b77a6e90cb5c6394689cf7ea738830cab29b4ea629865d782,23,321,321,23,298,changed tokens,5000,321,298,23,BackwardCompoundCommand,164
KL_GL,kl-gl-default,1.0.0,19212cb272cf695b77a6e90cb5c6394689cf7ea738830cab29b4ea629865d782,23,321,321,23,298,changed tokens,5000,321,298,23,DeleteSuffixCommand,125
KL_GL,kl-gl-default,1.0.0,19212cb272cf695b77a6e90cb5c6394689cf7ea738830cab29b4ea629865d782,23,321,321,23,298,changed tokens,5000,321,298,23,PreserveCommand,23
KL_GL,kl-gl-default,1.0.0,19212cb272cf695b77a6e90cb5c6394689cf7ea738830cab29b4ea629865d782,23,321,321,23,298,changed tokens,5000,321,298,23,ReplaceLastCharacterCommand,9
KLR,klr-default,1.0.0,dba18e7da6b469e0e7d3c0a4b49280a88bb1845c8466f1b6db994c9747a2eb2d,591,54602,59637,591,59046,changed tokens,59046,54602,54011,591,AppendCharacterCommand,1
KLR,klr-default,1.0.0,dba18e7da6b469e0e7d3c0a4b49280a88bb1845c8466f1b6db994c9747a2eb2d,591,54602,59637,591,59046,changed tokens,59046,54602,54011,591,BackwardCompoundCommand,54592
KLR,klr-default,1.0.0,dba18e7da6b469e0e7d3c0a4b49280a88bb1845c8466f1b6db994c9747a2eb2d,591,54602,59637,591,59046,changed tokens,59046,54602,54011,591,DeleteSuffixCommand,4268
KLR,klr-default,1.0.0,dba18e7da6b469e0e7d3c0a4b49280a88bb1845c8466f1b6db994c9747a2eb2d,591,54602,59637,591,59046,changed tokens,59046,54602,54011,591,PreserveCommand,592
KLR,klr-default,1.0.0,dba18e7da6b469e0e7d3c0a4b49280a88bb1845c8466f1b6db994c9747a2eb2d,591,54602,59637,591,59046,changed tokens,59046,54602,54011,591,ReplaceLastCharacterCommand,184
KN_IN,kn-in-default,1.0.0,aba11fd379a9d89366d045dc87dcf1e2a1b3d5b1e1425ada894caf54517be265,159,3802,4167,159,4008,changed tokens,5000,3802,3643,159,AppendCharacterCommand,31
KN_IN,kn-in-default,1.0.0,aba11fd379a9d89366d045dc87dcf1e2a1b3d5b1e1425ada894caf54517be265,159,3802,4167,159,4008,changed tokens,5000,3802,3643,159,BackwardCompoundCommand,1624
KN_IN,kn-in-default,1.0.0,aba11fd379a9d89366d045dc87dcf1e2a1b3d5b1e1425ada894caf54517be265,159,3802,4167,159,4008,changed tokens,5000,3802,3643,159,DeleteSuffixCommand,2261
KN_IN,kn-in-default,1.0.0,aba11fd379a9d89366d045dc87dcf1e2a1b3d5b1e1425ada894caf54517be265,159,3802,4167,159,4008,changed tokens,5000,3802,3643,159,PreserveCommand,159
KN_IN,kn-in-default,1.0.0,aba11fd379a9d89366d045dc87dcf1e2a1b3d5b1e1425ada894caf54517be265,159,3802,4167,159,4008,changed tokens,5000,3802,3643,159,ReplaceLastCharacterCommand,92
KOD,kod-default,1.0.0,38c0562b78e339601d44d91cb4cb510039495710fe162d4797df2b973dcc0196,65,524,524,65,459,changed tokens,5000,524,459,65,BackwardCompoundCommand,391
KOD,kod-default,1.0.0,38c0562b78e339601d44d91cb4cb510039495710fe162d4797df2b973dcc0196,65,524,524,65,459,changed tokens,5000,524,459,65,DeleteSuffixCommand,68
KOD,kod-default,1.0.0,38c0562b78e339601d44d91cb4cb510039495710fe162d4797df2b973dcc0196,65,524,524,65,459,changed tokens,5000,524,459,65,PreserveCommand,65
KON,kon-default,1.0.0,08f082c093e50f6cc95c9e80fe08a0b2f6e249894159eb1a503d557b4eadc645,186,557,558,186,372,changed tokens,5000,557,372,185,BackwardCompoundCommand,186
KON,kon-default,1.0.0,08f082c093e50f6cc95c9e80fe08a0b2f6e249894159eb1a503d557b4eadc645,186,557,558,186,372,changed tokens,5000,557,372,185,DeleteSuffixCommand,187
KON,kon-default,1.0.0,08f082c093e50f6cc95c9e80fe08a0b2f6e249894159eb1a503d557b4eadc645,186,557,558,186,372,changed tokens,5000,557,372,185,PreserveCommand,185
KRL,krl-default,1.0.0,8f99c9c57ba8bb642be3c033a973d37e6b1064be186f0b9c1f43a900ad1a1706,20,566,566,20,546,changed tokens,5000,566,546,20,BackwardCompoundCommand,234
KRL,krl-default,1.0.0,8f99c9c57ba8bb642be3c033a973d37e6b1064be186f0b9c1f43a900ad1a1706,20,566,566,20,546,changed tokens,5000,566,546,20,DeleteSuffixCommand,312
KRL,krl-default,1.0.0,8f99c9c57ba8bb642be3c033a973d37e6b1064be186f0b9c1f43a900ad1a1706,20,566,566,20,546,changed tokens,5000,566,546,20,PreserveCommand,20
KY_KG,ky-kg-default,1.0.0,3b7d57494e647317afd9075559f7727c38d9d98041f968e6f0237c649b63ebed,72,2997,2997,72,2925,changed tokens,5000,2997,2925,72,BackwardCompoundCommand,2474
KY_KG,ky-kg-default,1.0.0,3b7d57494e647317afd9075559f7727c38d9d98041f968e6f0237c649b63ebed,72,2997,2997,72,2925,changed tokens,5000,2997,2925,72,DeleteSuffixCommand,448
KY_KG,ky-kg-default,1.0.0,3b7d57494e647317afd9075559f7727c38d9d98041f968e6f0237c649b63ebed,72,2997,2997,72,2925,changed tokens,5000,2997,2925,72,PreserveCommand,72
KY_KG,ky-kg-default,1.0.0,3b7d57494e647317afd9075559f7727c38d9d98041f968e6f0237c649b63ebed,72,2997,2997,72,2925,changed tokens,5000,2997,2925,72,ReplaceLastCharacterCommand,3
LA,la-default,1.0.0,1ecc8889f0cf91f5005f8c1434dd2d12b03c34ec11f16336896544ef676709d1,46170,486375,500731,46170,454561,changed tokens,454561,486375,440289,46086,AppendCharacterCommand,452
LA,la-default,1.0.0,1ecc8889f0cf91f5005f8c1434dd2d12b03c34ec11f16336896544ef676709d1,46170,486375,500731,46170,454561,changed tokens,454561,486375,440289,46086,BackwardCompoundCommand,388646
LA,la-default,1.0.0,1ecc8889f0cf91f5005f8c1434dd2d12b03c34ec11f16336896544ef676709d1,46170,486375,500731,46170,454561,changed tokens,454561,486375,440289,46086,DeleteSuffixCommand,30309
LA,la-default,1.0.0,1ecc8889f0cf91f5005f8c1434dd2d12b03c34ec11f16336896544ef676709d1,46170,486375,500731,46170,454561,changed tokens,454561,486375,440289,46086,PreserveCommand,50203
LA,la-default,1.0.0,1ecc8889f0cf91f5005f8c1434dd2d12b03c34ec11f16336896544ef676709d1,46170,486375,500731,46170,454561,changed tokens,454561,486375,440289,46086,ReplaceLastCharacterCommand,31121
LG_UG,lg-ug-default,1.0.0,bdf75bc28bc51c41d1b2d4eab15988a165824a0859b737c9eb25e5f03016108f,87,4673,4746,87,4659,changed tokens,5000,4673,4586,87,BackwardCompoundCommand,4645
LG_UG,lg-ug-default,1.0.0,bdf75bc28bc51c41d1b2d4eab15988a165824a0859b737c9eb25e5f03016108f,87,4673,4746,87,4659,changed tokens,5000,4673,4586,87,DeleteSuffixCommand,13
LG_UG,lg-ug-default,1.0.0,bdf75bc28bc51c41d1b2d4eab15988a165824a0859b737c9eb25e5f03016108f,87,4673,4746,87,4659,changed tokens,5000,4673,4586,87,PreserveCommand,87
LG_UG,lg-ug-default,1.0.0,bdf75bc28bc51c41d1b2d4eab15988a165824a0859b737c9eb25e5f03016108f,87,4673,4746,87,4659,changed tokens,5000,4673,4586,87,ReplaceLastCharacterCommand,1
LIN,lin-default,1.0.0,d784b140022b3cdff26dcb83d1ff9132eb4db12a6f6b5bb5e1d0bae53f956909,57,230,230,57,173,changed tokens,5000,230,173,57,BackwardCompoundCommand,59
LIN,lin-default,1.0.0,d784b140022b3cdff26dcb83d1ff9132eb4db12a6f6b5bb5e1d0bae53f956909,57,230,230,57,173,changed tokens,5000,230,173,57,DeleteSuffixCommand,114
LIN,lin-default,1.0.0,d784b140022b3cdff26dcb83d1ff9132eb4db12a6f6b5bb5e1d0bae53f956909,57,230,230,57,173,changed tokens,5000,230,173,57,PreserveCommand,57
LIV,liv-default,1.0.0,3f8f654cbcd4b2ada1db6be64c7eeed8d8ea4c09a961de34fe907a1d01e22a7f,201,2861,2878,201,2677,changed tokens,5000,2861,2660,201,AppendCharacterCommand,9
LIV,liv-default,1.0.0,3f8f654cbcd4b2ada1db6be64c7eeed8d8ea4c09a961de34fe907a1d01e22a7f,201,2861,2878,201,2677,changed tokens,5000,2861,2660,201,BackwardCompoundCommand,1181
LIV,liv-default,1.0.0,3f8f654cbcd4b2ada1db6be64c7eeed8d8ea4c09a961de34fe907a1d01e22a7f,201,2861,2878,201,2677,changed tokens,5000,2861,2660,201,DeleteSuffixCommand,1453
LIV,liv-default,1.0.0,3f8f654cbcd4b2ada1db6be64c7eeed8d8ea4c09a961de34fe907a1d01e22a7f,201,2861,2878,201,2677,changed tokens,5000,2861,2660,201,PreserveCommand,203
LIV,liv-default,1.0.0,3f8f654cbcd4b2ada1db6be64c7eeed8d8ea4c09a961de34fe907a1d01e22a7f,201,2861,2878,201,2677,changed tokens,5000,2861,2660,201,ReplaceLastCharacterCommand,32
LLD,lld-default,1.0.0,014be5ac5327c64f68287595d371735da93a3f36d3ae22e8209b3db4f8331ab1,180,4819,4854,180,4674,changed tokens,5000,4819,4641,178,AppendCharacterCommand,148
LLD,lld-default,1.0.0,014be5ac5327c64f68287595d371735da93a3f36d3ae22e8209b3db4f8331ab1,180,4819,4854,180,4674,changed tokens,5000,4819,4641,178,BackwardCompoundCommand,4121
LLD,lld-default,1.0.0,014be5ac5327c64f68287595d371735da93a3f36d3ae22e8209b3db4f8331ab1,180,4819,4854,180,4674,changed tokens,5000,4819,4641,178,DeleteSuffixCommand,139
LLD,lld-default,1.0.0,014be5ac5327c64f68287595d371735da93a3f36d3ae22e8209b3db4f8331ab1,180,4819,4854,180,4674,changed tokens,5000,4819,4641,178,PreserveCommand,178
LLD,lld-default,1.0.0,014be5ac5327c64f68287595d371735da93a3f36d3ae22e8209b3db4f8331ab1,180,4819,4854,180,4674,changed tokens,5000,4819,4641,178,ReplaceLastCharacterCommand,268
LT_LT,lt-lt-default,1.0.0,c7b8536235bc7de9d101393ec41a829a4b750b4c45d3ab7324d8ef974c277d30,1391,28889,28998,1391,27607,changed tokens,27607,28889,27498,1391,AppendCharacterCommand,101
LT_LT,lt-lt-default,1.0.0,c7b8536235bc7de9d101393ec41a829a4b750b4c45d3ab7324d8ef974c277d30,1391,28889,28998,1391,27607,changed tokens,27607,28889,27498,1391,BackwardCompoundCommand,25472
LT_LT,lt-lt-default,1.0.0,c7b8536235bc7de9d101393ec41a829a4b750b4c45d3ab7324d8ef974c277d30,1391,28889,28998,1391,27607,changed tokens,27607,28889,27498,1391,DeleteSuffixCommand,643
LT_LT,lt-lt-default,1.0.0,c7b8536235bc7de9d101393ec41a829a4b750b4c45d3ab7324d8ef974c277d30,1391,28889,28998,1391,27607,changed tokens,27607,28889,27498,1391,PreserveCommand,1392
LT_LT,lt-lt-default,1.0.0,c7b8536235bc7de9d101393ec41a829a4b750b4c45d3ab7324d8ef974c277d30,1391,28889,28998,1391,27607,changed tokens,27607,28889,27498,1391,ReplaceLastCharacterCommand,1390
LV_LV,lv-lv-default,1.0.0,6ad88bdd8283f4fbc98093a5dfc08fe69b4f9baf9bb0f8cf156edeaa114216f3,7238,75492,80227,7238,72989,changed tokens,72989,75492,68261,7231,AppendCharacterCommand,2049
LV_LV,lv-lv-default,1.0.0,6ad88bdd8283f4fbc98093a5dfc08fe69b4f9baf9bb0f8cf156edeaa114216f3,7238,75492,80227,7238,72989,changed tokens,72989,75492,68261,7231,BackwardCompoundCommand,51112
LV_LV,lv-lv-default,1.0.0,6ad88bdd8283f4fbc98093a5dfc08fe69b4f9baf9bb0f8cf156edeaa114216f3,7238,75492,80227,7238,72989,changed tokens,72989,75492,68261,7231,DeleteSuffixCommand,4940
LV_LV,lv-lv-default,1.0.0,6ad88bdd8283f4fbc98093a5dfc08fe69b4f9baf9bb0f8cf156edeaa114216f3,7238,75492,80227,7238,72989,changed tokens,72989,75492,68261,7231,PreserveCommand,8106
LV_LV,lv-lv-default,1.0.0,6ad88bdd8283f4fbc98093a5dfc08fe69b4f9baf9bb0f8cf156edeaa114216f3,7238,75492,80227,7238,72989,changed tokens,72989,75492,68261,7231,ReplaceLastCharacterCommand,14020
MAG,mag-default,1.0.0,a3cf63802ff531265bd5867123cfe0dc305ec57aea29f2d8654f7c19f9df1c85,938,1448,1456,938,518,changed tokens,5000,1448,512,936,BackwardCompoundCommand,134
MAG,mag-default,1.0.0,a3cf63802ff531265bd5867123cfe0dc305ec57aea29f2d8654f7c19f9df1c85,938,1448,1456,938,518,changed tokens,5000,1448,512,936,DeleteSuffixCommand,376
MAG,mag-default,1.0.0,a3cf63802ff531265bd5867123cfe0dc305ec57aea29f2d8654f7c19f9df1c85,938,1448,1456,938,518,changed tokens,5000,1448,512,936,PreserveCommand,939
MAG,mag-default,1.0.0,a3cf63802ff531265bd5867123cfe0dc305ec57aea29f2d8654f7c19f9df1c85,938,1448,1456,938,518,changed tokens,5000,1448,512,936,ReplaceLastCharacterCommand,7
MG_MG,mg-mg-default,1.0.0,f45cb5edae2859c0f6730edf4e0614be0fb6256d7e3e22dfbd97a12cb559133c,159,636,636,159,477,changed tokens,5000,636,477,159,BackwardCompoundCommand,477
MG_MG,mg-mg-default,1.0.0,f45cb5edae2859c0f6730edf4e0614be0fb6256d7e3e22dfbd97a12cb559133c,159,636,636,159,477,changed tokens,5000,636,477,159,PreserveCommand,159
MI_NZ,mi-nz-default,1.0.0,0de22749a54aa35d4a788fe9b07a3e7e2cb1ce6774258eb69475b91c97666c1f,104,207,208,104,104,changed tokens,5000,207,103,104,BackwardCompoundCommand,8
MI_NZ,mi-nz-default,1.0.0,0de22749a54aa35d4a788fe9b07a3e7e2cb1ce6774258eb69475b91c97666c1f,104,207,208,104,104,changed tokens,5000,207,103,104,DeleteSuffixCommand,96
MI_NZ,mi-nz-default,1.0.0,0de22749a54aa35d4a788fe9b07a3e7e2cb1ce6774258eb69475b91c97666c1f,104,207,208,104,104,changed tokens,5000,207,103,104,PreserveCommand,104
MK_MK,mk-mk-default,1.0.0,16f138c9b020209290f4bd88aa16a1b08f766e793b8f4f7a51078ff18c29f875,9788,135754,136554,9788,126766,changed tokens,126766,135754,126097,9657,AppendCharacterCommand,72
MK_MK,mk-mk-default,1.0.0,16f138c9b020209290f4bd88aa16a1b08f766e793b8f4f7a51078ff18c29f875,9788,135754,136554,9788,126766,changed tokens,126766,135754,126097,9657,BackwardCompoundCommand,44420
MK_MK,mk-mk-default,1.0.0,16f138c9b020209290f4bd88aa16a1b08f766e793b8f4f7a51078ff18c29f875,9788,135754,136554,9788,126766,changed tokens,126766,135754,126097,9657,DeleteSuffixCommand,76737
MK_MK,mk-mk-default,1.0.0,16f138c9b020209290f4bd88aa16a1b08f766e793b8f4f7a51078ff18c29f875,9788,135754,136554,9788,126766,changed tokens,126766,135754,126097,9657,PreserveCommand,9813
MK_MK,mk-mk-default,1.0.0,16f138c9b020209290f4bd88aa16a1b08f766e793b8f4f7a51078ff18c29f875,9788,135754,136554,9788,126766,changed tokens,126766,135754,126097,9657,ReplaceLastCharacterCommand,5512
MN_MN,mn-mn-default,1.0.0,e178aca6228449ecc967e6a00e3ee209ba9e1bc4bf43935ff29bb63a49fa18e3,2140,17231,17593,2140,15453,changed tokens,15453,17231,15129,2102,BackwardCompoundCommand,3432
MN_MN,mn-mn-default,1.0.0,e178aca6228449ecc967e6a00e3ee209ba9e1bc4bf43935ff29bb63a49fa18e3,2140,17231,17593,2140,15453,changed tokens,15453,17231,15129,2102,DeleteSuffixCommand,11968
MN_MN,mn-mn-default,1.0.0,e178aca6228449ecc967e6a00e3ee209ba9e1bc4bf43935ff29bb63a49fa18e3,2140,17231,17593,2140,15453,changed tokens,15453,17231,15129,2102,PreserveCommand,2106
MN_MN,mn-mn-default,1.0.0,e178aca6228449ecc967e6a00e3ee209ba9e1bc4bf43935ff29bb63a49fa18e3,2140,17231,17593,2140,15453,changed tokens,15453,17231,15129,2102,ReplaceLastCharacterCommand,87
MT_MT,mt-mt-default,1.0.0,3be6ab250e1f9489c0b28d24a5fae8a43da6ddb2528c9d74281dac6a620618b6,112,1491,1500,112,1388,changed tokens,5000,1491,1379,112,BackwardCompoundCommand,1215
MT_MT,mt-mt-default,1.0.0,3be6ab250e1f9489c0b28d24a5fae8a43da6ddb2528c9d74281dac6a620618b6,112,1491,1500,112,1388,changed tokens,5000,1491,1379,112,DeleteSuffixCommand,154
MT_MT,mt-mt-default,1.0.0,3be6ab250e1f9489c0b28d24a5fae8a43da6ddb2528c9d74281dac6a620618b6,112,1491,1500,112,1388,changed tokens,5000,1491,1379,112,PreserveCommand,113
MT_MT,mt-mt-default,1.0.0,3be6ab250e1f9489c0b28d24a5fae8a43da6ddb2528c9d74281dac6a620618b6,112,1491,1500,112,1388,changed tokens,5000,1491,1379,112,ReplaceLastCharacterCommand,18
MWF,mwf-default,1.0.0,cc20412e152352ea121257c724b63f9a4dbc575beb90bfa3b10d664c32917f69,29,592,720,29,691,changed tokens,5000,592,564,28,BackwardCompoundCommand,626
MWF,mwf-default,1.0.0,cc20412e152352ea121257c724b63f9a4dbc575beb90bfa3b10d664c32917f69,29,592,720,29,691,changed tokens,5000,592,564,28,DeleteSuffixCommand,38
MWF,mwf-default,1.0.0,cc20412e152352ea121257c724b63f9a4dbc575beb90bfa3b10d664c32917f69,29,592,720,29,691,changed tokens,5000,592,564,28,PreserveCommand,50
MWF,mwf-default,1.0.0,cc20412e152352ea121257c724b63f9a4dbc575beb90bfa3b10d664c32917f69,29,592,720,29,691,changed tokens,5000,592,564,28,ReplaceLastCharacterCommand,6
NAP,nap-default,1.0.0,7caaaac7ed1ceedf5f8eca36a1ded21371e7003189fdb4b43a215072f600dfdc,40,1497,1497,40,1457,changed tokens,5000,1497,1457,40,BackwardCompoundCommand,1347
NAP,nap-default,1.0.0,7caaaac7ed1ceedf5f8eca36a1ded21371e7003189fdb4b43a215072f600dfdc,40,1497,1497,40,1457,changed tokens,5000,1497,1457,40,PreserveCommand,40
NAP,nap-default,1.0.0,7caaaac7ed1ceedf5f8eca36a1ded21371e7003189fdb4b43a215072f600dfdc,40,1497,1497,40,1457,changed tokens,5000,1497,1457,40,ReplaceLastCharacterCommand,110
NAV,nav-default,1.0.0,0015e0e7d39918770a8f94ac21469cf0f3cb0f9d62aa8e56b36763af80e36735,627,11046,11378,627,10751,changed tokens,10751,11046,10419,627,BackwardCompoundCommand,10741
NAV,nav-default,1.0.0,0015e0e7d39918770a8f94ac21469cf0f3cb0f9d62aa8e56b36763af80e36735,627,11046,11378,627,10751,changed tokens,10751,11046,10419,627,PreserveCommand,633
NAV,nav-default,1.0.0,0015e0e7d39918770a8f94ac21469cf0f3cb0f9d62aa8e56b36763af80e36735,627,11046,11378,627,10751,changed tokens,10751,11046,10419,627,ReplaceLastCharacterCommand,4
NB_NO,nb-no-default,1.0.0,f495bffb44e79d27993e6e2e65d4b1204b29365dc93f481b2d8b96766fc90fd9,17929,73170,90757,33376,57381,changed tokens,57381,87900,56025,31875,AppendCharacterCommand,2528
NB_NO,nb-no-default,1.0.0,f495bffb44e79d27993e6e2e65d4b1204b29365dc93f481b2d8b96766fc90fd9,17929,73170,90757,33376,57381,changed tokens,57381,87900,56025,31875,BackwardCompoundCommand,4258
NB_NO,nb-no-default,1.0.0,f495bffb44e79d27993e6e2e65d4b1204b29365dc93f481b2d8b96766fc90fd9,17929,73170,90757,33376,57381,changed tokens,57381,87900,56025,31875,DeleteSuffixCommand,48925
NB_NO,nb-no-default,1.0.0,f495bffb44e79d27993e6e2e65d4b1204b29365dc93f481b2d8b96766fc90fd9,17929,73170,90757,33376,57381,changed tokens,57381,87900,56025,31875,PreserveCommand,32086
NB_NO,nb-no-default,1.0.0,f495bffb44e79d27993e6e2e65d4b1204b29365dc93f481b2d8b96766fc90fd9,17929,73170,90757,33376,57381,changed tokens,57381,87900,56025,31875,ReplaceLastCharacterCommand,2960
NDS,nds-default,1.0.0,262c5a5aa1ab0bcb2145e43968b1cffeace44a614aa9cab0496c4fdc5b1f1a14,325,2495,2545,325,2220,changed tokens,5000,2495,2170,325,AppendCharacterCommand,109
NDS,nds-default,1.0.0,262c5a5aa1ab0bcb2145e43968b1cffeace44a614aa9cab0496c4fdc5b1f1a14,325,2495,2545,325,2220,changed tokens,5000,2495,2170,325,BackwardCompoundCommand,1887
NDS,nds-default,1.0.0,262c5a5aa1ab0bcb2145e43968b1cffeace44a614aa9cab0496c4fdc5b1f1a14,325,2495,2545,325,2220,changed tokens,5000,2495,2170,325,DeleteSuffixCommand,162
NDS,nds-default,1.0.0,262c5a5aa1ab0bcb2145e43968b1cffeace44a614aa9cab0496c4fdc5b1f1a14,325,2495,2545,325,2220,changed tokens,5000,2495,2170,325,PreserveCommand,331
NDS,nds-default,1.0.0,262c5a5aa1ab0bcb2145e43968b1cffeace44a614aa9cab0496c4fdc5b1f1a14,325,2495,2545,325,2220,changed tokens,5000,2495,2170,325,ReplaceLastCharacterCommand,56
NL_NL,nl-nl-default,1.0.0,c098034adc42da2ca3e419160e6dd2c2b3868f8af334303b3a191e09caadaf5e,4992,26201,31466,9981,21485,changed tokens,21485,31189,21208,9981,AppendCharacterCommand,2107
NL_NL,nl-nl-default,1.0.0,c098034adc42da2ca3e419160e6dd2c2b3868f8af334303b3a191e09caadaf5e,4992,26201,31466,9981,21485,changed tokens,21485,31189,21208,9981,BackwardCompoundCommand,11484
NL_NL,nl-nl-default,1.0.0,c098034adc42da2ca3e419160e6dd2c2b3868f8af334303b3a191e09caadaf5e,4992,26201,31466,9981,21485,changed tokens,21485,31189,21208,9981,DeleteSuffixCommand,7732
NL_NL,nl-nl-default,1.0.0,c098034adc42da2ca3e419160e6dd2c2b3868f8af334303b3a191e09caadaf5e,4992,26201,31466,9981,21485,changed tokens,21485,31189,21208,9981,PreserveCommand,10127
NL_NL,nl-nl-default,1.0.0,c098034adc42da2ca3e419160e6dd2c2b3868f8af334303b3a191e09caadaf5e,4992,26201,31466,9981,21485,changed tokens,21485,31189,21208,9981,ReplaceLastCharacterCommand,16
NN_NO,nn-no-default,1.0.0,900cf2005605aea2a3d8d731ec0b0c1f47fb4469b4ba6b9134145d4d026a0398,4688,16937,19651,6089,13562,changed tokens,13562,18293,12395,5898,AppendCharacterCommand,312
NN_NO,nn-no-default,1.0.0,900cf2005605aea2a3d8d731ec0b0c1f47fb4469b4ba6b9134145d4d026a0398,4688,16937,19651,6089,13562,changed tokens,13562,18293,12395,5898,BackwardCompoundCommand,1456
NN_NO,nn-no-default,1.0.0,900cf2005605aea2a3d8d731ec0b0c1f47fb4469b4ba6b9134145d4d026a0398,4688,16937,19651,6089,13562,changed tokens,13562,18293,12395,5898,DeleteSuffixCommand,11325
NN_NO,nn-no-default,1.0.0,900cf2005605aea2a3d8d731ec0b0c1f47fb4469b4ba6b9134145d4d026a0398,4688,16937,19651,6089,13562,changed tokens,13562,18293,12395,5898,PreserveCommand,6031
NN_NO,nn-no-default,1.0.0,900cf2005605aea2a3d8d731ec0b0c1f47fb4469b4ba6b9134145d4d026a0398,4688,16937,19651,6089,13562,changed tokens,13562,18293,12395,5898,ReplaceLastCharacterCommand,527
NON,non-default,1.0.0,d231245493a2d59d541247546133e102e021661ddcd9d3ef486b76a0900bf7b8,2666,46089,49612,2666,46946,changed tokens,46946,46089,43629,2460,AppendCharacterCommand,1182
NON,non-default,1.0.0,d231245493a2d59d541247546133e102e021661ddcd9d3ef486b76a0900bf7b8,2666,46089,49612,2666,46946,changed tokens,46946,46089,43629,2460,BackwardCompoundCommand,29230
NON,non-default,1.0.0,d231245493a2d59d541247546133e102e021661ddcd9d3ef486b76a0900bf7b8,2666,46089,49612,2666,46946,changed tokens,46946,46089,43629,2460,DeleteSuffixCommand,12376
NON,non-default,1.0.0,d231245493a2d59d541247546133e102e021661ddcd9d3ef486b76a0900bf7b8,2666,46089,49612,2666,46946,changed tokens,46946,46089,43629,2460,PreserveCommand,2946
NON,non-default,1.0.0,d231245493a2d59d541247546133e102e021661ddcd9d3ef486b76a0900bf7b8,2666,46089,49612,2666,46946,changed tokens,46946,46089,43629,2460,ReplaceLastCharacterCommand,3878
NY_MW,ny-mw-default,1.0.0,7d7487a8ed6db1d058f5f6871d35cece850205423e77134553dae767927fba99,227,3178,3178,227,2951,changed tokens,5000,3178,2951,227,BackwardCompoundCommand,2951
NY_MW,ny-mw-default,1.0.0,7d7487a8ed6db1d058f5f6871d35cece850205423e77134553dae767927fba99,227,3178,3178,227,2951,changed tokens,5000,3178,2951,227,PreserveCommand,227
OOD,ood-default,1.0.0,e4bc4feb122a2bab40e981b3916f260cc13e4a2750796cf88d9bb9eba155448e,368,1159,1178,368,810,changed tokens,5000,1159,792,367,AppendCharacterCommand,31
OOD,ood-default,1.0.0,e4bc4feb122a2bab40e981b3916f260cc13e4a2750796cf88d9bb9eba155448e,368,1159,1178,368,810,changed tokens,5000,1159,792,367,BackwardCompoundCommand,492
OOD,ood-default,1.0.0,e4bc4feb122a2bab40e981b3916f260cc13e4a2750796cf88d9bb9eba155448e,368,1159,1178,368,810,changed tokens,5000,1159,792,367,DeleteSuffixCommand,279
OOD,ood-default,1.0.0,e4bc4feb122a2bab40e981b3916f260cc13e4a2750796cf88d9bb9eba155448e,368,1159,1178,368,810,changed tokens,5000,1159,792,367,PreserveCommand,372
OOD,ood-default,1.0.0,e4bc4feb122a2bab40e981b3916f260cc13e4a2750796cf88d9bb9eba155448e,368,1159,1178,368,810,changed tokens,5000,1159,792,367,ReplaceLastCharacterCommand,4
OSX,osx-default,1.0.0,1f6b3cc29edb4b6c25872133805f212f8fcdc72b139ba96fee8b3715de729a01,863,12361,12553,863,11690,changed tokens,11690,12361,11502,859,AppendCharacterCommand,65
OSX,osx-default,1.0.0,1f6b3cc29edb4b6c25872133805f212f8fcdc72b139ba96fee8b3715de729a01,863,12361,12553,863,11690,changed tokens,11690,12361,11502,859,BackwardCompoundCommand,9449
OSX,osx-default,1.0.0,1f6b3cc29edb4b6c25872133805f212f8fcdc72b139ba96fee8b3715de729a01,863,12361,12553,863,11690,changed tokens,11690,12361,11502,859,DeleteSuffixCommand,1678
OSX,osx-default,1.0.0,1f6b3cc29edb4b6c25872133805f212f8fcdc72b139ba96fee8b3715de729a01,863,12361,12553,863,11690,changed tokens,11690,12361,11502,859,PreserveCommand,886
OSX,osx-default,1.0.0,1f6b3cc29edb4b6c25872133805f212f8fcdc72b139ba96fee8b3715de729a01,863,12361,12553,863,11690,changed tokens,11690,12361,11502,859,ReplaceLastCharacterCommand,475
OTE,ote-default,1.0.0,c7af96b64a51275622783265da6eb8ed30cfc5a1e60a9aad1ddced08874d7e4d,2026,3417,3564,2026,1538,changed tokens,5000,3417,1394,2023,AppendCharacterCommand,16
OTE,ote-default,1.0.0,c7af96b64a51275622783265da6eb8ed30cfc5a1e60a9aad1ddced08874d7e4d,2026,3417,3564,2026,1538,changed tokens,5000,3417,1394,2023,BackwardCompoundCommand,1438
OTE,ote-default,1.0.0,c7af96b64a51275622783265da6eb8ed30cfc5a1e60a9aad1ddced08874d7e4d,2026,3417,3564,2026,1538,changed tokens,5000,3417,1394,2023,PreserveCommand,2108
OTE,ote-default,1.0.0,c7af96b64a51275622783265da6eb8ed30cfc5a1e60a9aad1ddced08874d7e4d,2026,3417,3564,2026,1538,changed tokens,5000,3417,1394,2023,ReplaceLastCharacterCommand,2
PL_PL,pl-pl-polimorf,1.0.0,4fe4bf5e6c22c1beea5b3d57f1ce4c9ea5aac1ed8ab24c616fb06df745e40d15,315639,4668685,4812023,315639,4496384,changed tokens,4496384,4659860,4349070,310790,AppendCharacterCommand,38675
PL_PL,pl-pl-polimorf,1.0.0,4fe4bf5e6c22c1beea5b3d57f1ce4c9ea5aac1ed8ab24c616fb06df745e40d15,315639,4668685,4812023,315639,4496384,changed tokens,4496384,4659860,4349070,310790,BackwardCompoundCommand,2986114
PL_PL,pl-pl-polimorf,1.0.0,4fe4bf5e6c22c1beea5b3d57f1ce4c9ea5aac1ed8ab24c616fb06df745e40d15,315639,4668685,4812023,315639,4496384,changed tokens,4496384,4659860,4349070,310790,DeleteSuffixCommand,891027
PL_PL,pl-pl-polimorf,1.0.0,4fe4bf5e6c22c1beea5b3d57f1ce4c9ea5aac1ed8ab24c616fb06df745e40d15,315639,4668685,4812023,315639,4496384,changed tokens,4496384,4659860,4349070,310790,PreserveCommand,334905
PL_PL,pl-pl-polimorf,1.0.0,4fe4bf5e6c22c1beea5b3d57f1ce4c9ea5aac1ed8ab24c616fb06df745e40d15,315639,4668685,4812023,315639,4496384,changed tokens,4496384,4659860,4349070,310790,ReplaceLastCharacterCommand,561302
PL_PL,pl-pl-unimorph,1.0.0,8191ed727097839cc808cbc5c56a1bd78b3c851e7733ad226ad9a51519a54721,9990,120867,132308,19957,112351,changed tokens,112351,130769,110940,19829,AppendCharacterCommand,1836
PL_PL,pl-pl-unimorph,1.0.0,8191ed727097839cc808cbc5c56a1bd78b3c851e7733ad226ad9a51519a54721,9990,120867,132308,19957,112351,changed tokens,112351,130769,110940,19829,BackwardCompoundCommand,52996
PL_PL,pl-pl-unimorph,1.0.0,8191ed727097839cc808cbc5c56a1bd78b3c851e7733ad226ad9a51519a54721,9990,120867,132308,19957,112351,changed tokens,112351,130769,110940,19829,DeleteSuffixCommand,37137
PL_PL,pl-pl-unimorph,1.0.0,8191ed727097839cc808cbc5c56a1bd78b3c851e7733ad226ad9a51519a54721,9990,120867,132308,19957,112351,changed tokens,112351,130769,110940,19829,PreserveCommand,20219
PL_PL,pl-pl-unimorph,1.0.0,8191ed727097839cc808cbc5c56a1bd78b3c851e7733ad226ad9a51519a54721,9990,120867,132308,19957,112351,changed tokens,112351,130769,110940,19829,ReplaceLastCharacterCommand,20120
PS_AF,ps-af-default,1.0.0,104ddc76f34a17c4f16719280c5fe6e11d7c0a6cea2c79f99226bdb667aebbc5,381,2945,3064,381,2683,changed tokens,5000,2945,2565,380,AppendCharacterCommand,1
PS_AF,ps-af-default,1.0.0,104ddc76f34a17c4f16719280c5fe6e11d7c0a6cea2c79f99226bdb667aebbc5,381,2945,3064,381,2683,changed tokens,5000,2945,2565,380,BackwardCompoundCommand,1244
PS_AF,ps-af-default,1.0.0,104ddc76f34a17c4f16719280c5fe6e11d7c0a6cea2c79f99226bdb667aebbc5,381,2945,3064,381,2683,changed tokens,5000,2945,2565,380,DeleteSuffixCommand,777
PS_AF,ps-af-default,1.0.0,104ddc76f34a17c4f16719280c5fe6e11d7c0a6cea2c79f99226bdb667aebbc5,381,2945,3064,381,2683,changed tokens,5000,2945,2565,380,PreserveCommand,385
PS_AF,ps-af-default,1.0.0,104ddc76f34a17c4f16719280c5fe6e11d7c0a6cea2c79f99226bdb667aebbc5,381,2945,3064,381,2683,changed tokens,5000,2945,2565,380,ReplaceLastCharacterCommand,657
PT_PT,pt-pt-default,1.0.0,7a035ff330a6f0548f446cd0d6617bc1cf4751292125a3564d3a255c5d6f516d,4001,211091,215490,8002,207488,changed tokens,207488,215092,207090,8002,AppendCharacterCommand,3806
PT_PT,pt-pt-default,1.0.0,7a035ff330a6f0548f446cd0d6617bc1cf4751292125a3564d3a255c5d6f516d,4001,211091,215490,8002,207488,changed tokens,207488,215092,207090,8002,BackwardCompoundCommand,120535
PT_PT,pt-pt-default,1.0.0,7a035ff330a6f0548f446cd0d6617bc1cf4751292125a3564d3a255c5d6f516d,4001,211091,215490,8002,207488,changed tokens,207488,215092,207090,8002,DeleteSuffixCommand,71284
PT_PT,pt-pt-default,1.0.0,7a035ff330a6f0548f446cd0d6617bc1cf4751292125a3564d3a255c5d6f516d,4001,211091,215490,8002,207488,changed tokens,207488,215092,207090,8002,PreserveCommand,8003
PT_PT,pt-pt-default,1.0.0,7a035ff330a6f0548f446cd0d6617bc1cf4751292125a3564d3a255c5d6f516d,4001,211091,215490,8002,207488,changed tokens,207488,215092,207090,8002,ReplaceLastCharacterCommand,11862
QUE,que-default,1.0.0,2a9eb15b84f19ccfbfeb0b323fb93267109f49968914e5723f155f72db1188b8,1003,147914,150259,1003,149256,changed tokens,149256,147914,147048,866,BackwardCompoundCommand,20917
QUE,que-default,1.0.0,2a9eb15b84f19ccfbfeb0b323fb93267109f49968914e5723f155f72db1188b8,1003,147914,150259,1003,149256,changed tokens,149256,147914,147048,866,DeleteSuffixCommand,127327
QUE,que-default,1.0.0,2a9eb15b84f19ccfbfeb0b323fb93267109f49968914e5723f155f72db1188b8,1003,147914,150259,1003,149256,changed tokens,149256,147914,147048,866,PreserveCommand,880
QUE,que-default,1.0.0,2a9eb15b84f19ccfbfeb0b323fb93267109f49968914e5723f155f72db1188b8,1003,147914,150259,1003,149256,changed tokens,149256,147914,147048,866,ReplaceLastCharacterCommand,1135
RO_RO,ro-ro-default,1.0.0,94637c539437fd719436ded52fdef0a5271fc0b91e306efcd7e4fa8deadf6e79,4387,48565,48969,4387,44582,changed tokens,44582,48565,44261,4304,AppendCharacterCommand,486
RO_RO,ro-ro-default,1.0.0,94637c539437fd719436ded52fdef0a5271fc0b91e306efcd7e4fa8deadf6e79,4387,48565,48969,4387,44582,changed tokens,44582,48565,44261,4304,BackwardCompoundCommand,13588
RO_RO,ro-ro-default,1.0.0,94637c539437fd719436ded52fdef0a5271fc0b91e306efcd7e4fa8deadf6e79,4387,48565,48969,4387,44582,changed tokens,44582,48565,44261,4304,DeleteSuffixCommand,28438
RO_RO,ro-ro-default,1.0.0,94637c539437fd719436ded52fdef0a5271fc0b91e306efcd7e4fa8deadf6e79,4387,48565,48969,4387,44582,changed tokens,44582,48565,44261,4304,PreserveCommand,4390
RO_RO,ro-ro-default,1.0.0,94637c539437fd719436ded52fdef0a5271fc0b91e306efcd7e4fa8deadf6e79,4387,48565,48969,4387,44582,changed tokens,44582,48565,44261,4304,ReplaceLastCharacterCommand,2067
RU_RU,ru-ru-default,1.0.0,df7ea25e63a875eeec7a4185be685bd5372a3c568db85c34c44fdf5d8d980a40,37410,759333,806279,74808,731471,changed tokens,731471,796661,721931,74730,AppendCharacterCommand,9287
RU_RU,ru-ru-default,1.0.0,df7ea25e63a875eeec7a4185be685bd5372a3c568db85c34c44fdf5d8d980a40,37410,759333,806279,74808,731471,changed tokens,731471,796661,721931,74730,BackwardCompoundCommand,580915
RU_RU,ru-ru-default,1.0.0,df7ea25e63a875eeec7a4185be685bd5372a3c568db85c34c44fdf5d8d980a40,37410,759333,806279,74808,731471,changed tokens,731471,796661,721931,74730,DeleteSuffixCommand,82956
RU_RU,ru-ru-default,1.0.0,df7ea25e63a875eeec7a4185be685bd5372a3c568db85c34c44fdf5d8d980a40,37410,759333,806279,74808,731471,changed tokens,731471,796661,721931,74730,PreserveCommand,75527
RU_RU,ru-ru-default,1.0.0,df7ea25e63a875eeec7a4185be685bd5372a3c568db85c34c44fdf5d8d980a40,37410,759333,806279,74808,731471,changed tokens,731471,796661,721931,74730,ReplaceLastCharacterCommand,57594
SDH,sdh-default,1.0.0,e50b3b8a342c09a07b5df99de263246617724188cb7176420ebaf34cab1ea89b,1,165,165,1,164,changed tokens,5000,165,164,1,BackwardCompoundCommand,162
SDH,sdh-default,1.0.0,e50b3b8a342c09a07b5df99de263246617724188cb7176420ebaf34cab1ea89b,1,165,165,1,164,changed tokens,5000,165,164,1,DeleteSuffixCommand,1
SDH,sdh-default,1.0.0,e50b3b8a342c09a07b5df99de263246617724188cb7176420ebaf34cab1ea89b,1,165,165,1,164,changed tokens,5000,165,164,1,PreserveCommand,1
SDH,sdh-default,1.0.0,e50b3b8a342c09a07b5df99de263246617724188cb7176420ebaf34cab1ea89b,1,165,165,1,164,changed tokens,5000,165,164,1,ReplaceLastCharacterCommand,1
SEE,see-default,1.0.0,ba81e101e0c2f5c2ef6762a3bcae3e9af95b79eedc7dd9a2bacc9216ea70ed65,139,5318,5331,139,5192,changed tokens,5192,5318,5179,139,BackwardCompoundCommand,5189
SEE,see-default,1.0.0,ba81e101e0c2f5c2ef6762a3bcae3e9af95b79eedc7dd9a2bacc9216ea70ed65,139,5318,5331,139,5192,changed tokens,5192,5318,5179,139,DeleteSuffixCommand,2
SEE,see-default,1.0.0,ba81e101e0c2f5c2ef6762a3bcae3e9af95b79eedc7dd9a2bacc9216ea70ed65,139,5318,5331,139,5192,changed tokens,5192,5318,5179,139,PreserveCommand,140
SGA,sga-default,1.0.0,d5a1f169cfb32c134e287b98a652ffce1a43f71f856a3e875a60475ba0d0989b,49,934,936,49,887,changed tokens,5000,934,885,49,AppendCharacterCommand,3
SGA,sga-default,1.0.0,d5a1f169cfb32c134e287b98a652ffce1a43f71f856a3e875a60475ba0d0989b,49,934,936,49,887,changed tokens,5000,934,885,49,BackwardCompoundCommand,816
SGA,sga-default,1.0.0,d5a1f169cfb32c134e287b98a652ffce1a43f71f856a3e875a60475ba0d0989b,49,934,936,49,887,changed tokens,5000,934,885,49,DeleteSuffixCommand,46
SGA,sga-default,1.0.0,d5a1f169cfb32c134e287b98a652ffce1a43f71f856a3e875a60475ba0d0989b,49,934,936,49,887,changed tokens,5000,934,885,49,PreserveCommand,49
SGA,sga-default,1.0.0,d5a1f169cfb32c134e287b98a652ffce1a43f71f856a3e875a60475ba0d0989b,49,934,936,49,887,changed tokens,5000,934,885,49,ReplaceLastCharacterCommand,22
SHP,shp-default,1.0.0,213ad85c4a6b892750c90ed6bdbead05a64e56dd2091ad203a47d2b84198bc9b,1999,7729,7972,1999,5973,changed tokens,5973,7729,5810,1919,AppendCharacterCommand,6
SHP,shp-default,1.0.0,213ad85c4a6b892750c90ed6bdbead05a64e56dd2091ad203a47d2b84198bc9b,1999,7729,7972,1999,5973,changed tokens,5973,7729,5810,1919,BackwardCompoundCommand,423
SHP,shp-default,1.0.0,213ad85c4a6b892750c90ed6bdbead05a64e56dd2091ad203a47d2b84198bc9b,1999,7729,7972,1999,5973,changed tokens,5973,7729,5810,1919,DeleteSuffixCommand,5556
SHP,shp-default,1.0.0,213ad85c4a6b892750c90ed6bdbead05a64e56dd2091ad203a47d2b84198bc9b,1999,7729,7972,1999,5973,changed tokens,5973,7729,5810,1919,PreserveCommand,1979
SHP,shp-default,1.0.0,213ad85c4a6b892750c90ed6bdbead05a64e56dd2091ad203a47d2b84198bc9b,1999,7729,7972,1999,5973,changed tokens,5973,7729,5810,1919,ReplaceLastCharacterCommand,8
SJO,sjo-default,1.0.0,ca640317c3b84c98e3d296fe6f2dba266181087135475d1320ba2980c66cb3fc,1892,3151,3197,1892,1305,changed tokens,5000,3151,1266,1885,BackwardCompoundCommand,1166
SJO,sjo-default,1.0.0,ca640317c3b84c98e3d296fe6f2dba266181087135475d1320ba2980c66cb3fc,1892,3151,3197,1892,1305,changed tokens,5000,3151,1266,1885,DeleteSuffixCommand,108
SJO,sjo-default,1.0.0,ca640317c3b84c98e3d296fe6f2dba266181087135475d1320ba2980c66cb3fc,1892,3151,3197,1892,1305,changed tokens,5000,3151,1266,1885,PreserveCommand,1922
SJO,sjo-default,1.0.0,ca640317c3b84c98e3d296fe6f2dba266181087135475d1320ba2980c66cb3fc,1892,3151,3197,1892,1305,changed tokens,5000,3151,1266,1885,ReplaceLastCharacterCommand,1
SME,sme-default,1.0.0,d42d30a9b27e1aae3122ee0c5367f60ebe7afe9cf2bca2472afcae959af972f9,2103,54435,55027,2103,52924,changed tokens,52924,54435,52353,2082,AppendCharacterCommand,459
SME,sme-default,1.0.0,d42d30a9b27e1aae3122ee0c5367f60ebe7afe9cf2bca2472afcae959af972f9,2103,54435,55027,2103,52924,changed tokens,52924,54435,52353,2082,BackwardCompoundCommand,49706
SME,sme-default,1.0.0,d42d30a9b27e1aae3122ee0c5367f60ebe7afe9cf2bca2472afcae959af972f9,2103,54435,55027,2103,52924,changed tokens,52924,54435,52353,2082,DeleteSuffixCommand,2332
SME,sme-default,1.0.0,d42d30a9b27e1aae3122ee0c5367f60ebe7afe9cf2bca2472afcae959af972f9,2103,54435,55027,2103,52924,changed tokens,52924,54435,52353,2082,PreserveCommand,2141
SME,sme-default,1.0.0,d42d30a9b27e1aae3122ee0c5367f60ebe7afe9cf2bca2472afcae959af972f9,2103,54435,55027,2103,52924,changed tokens,52924,54435,52353,2082,ReplaceLastCharacterCommand,389
SN_ZW,sn-zw-default,1.0.0,e0f2e68f72fadf364d9e93fd1210566044981769f3d6f749504402dc7db1b06d,86,2640,2640,86,2554,changed tokens,5000,2640,2554,86,BackwardCompoundCommand,2554
SN_ZW,sn-zw-default,1.0.0,e0f2e68f72fadf364d9e93fd1210566044981769f3d6f749504402dc7db1b06d,86,2640,2640,86,2554,changed tokens,5000,2640,2554,86,PreserveCommand,86
SQ_AL,sq-al-default,1.0.0,f36caf9057f6eede49212d2ea0612d8f5db850fcbfc08f7f921573507bf938be,587,10218,10264,587,9677,changed tokens,9677,10218,9636,582,AppendCharacterCommand,150
SQ_AL,sq-al-default,1.0.0,f36caf9057f6eede49212d2ea0612d8f5db850fcbfc08f7f921573507bf938be,587,10218,10264,587,9677,changed tokens,9677,10218,9636,582,BackwardCompoundCommand,5517
SQ_AL,sq-al-default,1.0.0,f36caf9057f6eede49212d2ea0612d8f5db850fcbfc08f7f921573507bf938be,587,10218,10264,587,9677,changed tokens,9677,10218,9636,582,DeleteSuffixCommand,3421
SQ_AL,sq-al-default,1.0.0,f36caf9057f6eede49212d2ea0612d8f5db850fcbfc08f7f921573507bf938be,587,10218,10264,587,9677,changed tokens,9677,10218,9636,582,PreserveCommand,582
SQ_AL,sq-al-default,1.0.0,f36caf9057f6eede49212d2ea0612d8f5db850fcbfc08f7f921573507bf938be,587,10218,10264,587,9677,changed tokens,9677,10218,9636,582,ReplaceLastCharacterCommand,594
ST_ZA,st-za-default,1.0.0,79cf6bd61d12a2115418e35a185ae6b66a4f99f678fe3690d774ced6be604eb5,26,416,416,26,390,changed tokens,5000,416,390,26,BackwardCompoundCommand,364
ST_ZA,st-za-default,1.0.0,79cf6bd61d12a2115418e35a185ae6b66a4f99f678fe3690d774ced6be604eb5,26,416,416,26,390,changed tokens,5000,416,390,26,DeleteSuffixCommand,26
ST_ZA,st-za-default,1.0.0,79cf6bd61d12a2115418e35a185ae6b66a4f99f678fe3690d774ced6be604eb5,26,416,416,26,390,changed tokens,5000,416,390,26,PreserveCommand,26
SV_SE,sv-se-default,1.0.0,d9be72e3d67c776622c4281e04e4063b9381e8f84a823d98ebf08888b82dff0c,12371,95181,110468,24731,85737,changed tokens,85737,106837,83514,23323,AppendCharacterCommand,711
SV_SE,sv-se-default,1.0.0,d9be72e3d67c776622c4281e04e4063b9381e8f84a823d98ebf08888b82dff0c,12371,95181,110468,24731,85737,changed tokens,85737,106837,83514,23323,BackwardCompoundCommand,14126
SV_SE,sv-se-default,1.0.0,d9be72e3d67c776622c4281e04e4063b9381e8f84a823d98ebf08888b82dff0c,12371,95181,110468,24731,85737,changed tokens,85737,106837,83514,23323,DeleteSuffixCommand,68749
SV_SE,sv-se-default,1.0.0,d9be72e3d67c776622c4281e04e4063b9381e8f84a823d98ebf08888b82dff0c,12371,95181,110468,24731,85737,changed tokens,85737,106837,83514,23323,PreserveCommand,23583
SV_SE,sv-se-default,1.0.0,d9be72e3d67c776622c4281e04e4063b9381e8f84a823d98ebf08888b82dff0c,12371,95181,110468,24731,85737,changed tokens,85737,106837,83514,23323,ReplaceLastCharacterCommand,3299
SWC,swc-default,1.0.0,a00d480708771bd7c70fcc82e013255444624c4b7a20dc95ea346a8a584c561a,183,11121,11121,183,10938,changed tokens,10938,11121,10938,183,BackwardCompoundCommand,10936
SWC,swc-default,1.0.0,a00d480708771bd7c70fcc82e013255444624c4b7a20dc95ea346a8a584c561a,183,11121,11121,183,10938,changed tokens,10938,11121,10938,183,DeleteSuffixCommand,1
SWC,swc-default,1.0.0,a00d480708771bd7c70fcc82e013255444624c4b7a20dc95ea346a8a584c561a,183,11121,11121,183,10938,changed tokens,10938,11121,10938,183,PreserveCommand,183
SWC,swc-default,1.0.0,a00d480708771bd7c70fcc82e013255444624c4b7a20dc95ea346a8a584c561a,183,11121,11121,183,10938,changed tokens,10938,11121,10938,183,ReplaceLastCharacterCommand,1
SYC,syc-default,1.0.0,62bd6eaf022709cd4188c99bd491301c31dbcce5075877981b3a5ea421366a8f,3257,27529,27703,3257,24446,changed tokens,24446,27529,24283,3246,AppendCharacterCommand,170
SYC,syc-default,1.0.0,62bd6eaf022709cd4188c99bd491301c31dbcce5075877981b3a5ea421366a8f,3257,27529,27703,3257,24446,changed tokens,24446,27529,24283,3246,BackwardCompoundCommand,23586
SYC,syc-default,1.0.0,62bd6eaf022709cd4188c99bd491301c31dbcce5075877981b3a5ea421366a8f,3257,27529,27703,3257,24446,changed tokens,24446,27529,24283,3246,DeleteSuffixCommand,36
SYC,syc-default,1.0.0,62bd6eaf022709cd4188c99bd491301c31dbcce5075877981b3a5ea421366a8f,3257,27529,27703,3257,24446,changed tokens,24446,27529,24283,3246,PreserveCommand,3257
SYC,syc-default,1.0.0,62bd6eaf022709cd4188c99bd491301c31dbcce5075877981b3a5ea421366a8f,3257,27529,27703,3257,24446,changed tokens,24446,27529,24283,3246,ReplaceLastCharacterCommand,654
TL_PH,tl-ph-default,1.0.0,7ff4fcdf97eb7e2f432480d2bfa4cceaa54acb7e2a1426737c7911c972f429ed,342,2510,2518,342,2176,changed tokens,5000,2510,2168,342,BackwardCompoundCommand,2172
TL_PH,tl-ph-default,1.0.0,7ff4fcdf97eb7e2f432480d2bfa4cceaa54acb7e2a1426737c7911c972f429ed,342,2510,2518,342,2176,changed tokens,5000,2510,2168,342,DeleteSuffixCommand,4
TL_PH,tl-ph-default,1.0.0,7ff4fcdf97eb7e2f432480d2bfa4cceaa54acb7e2a1426737c7911c972f429ed,342,2510,2518,342,2176,changed tokens,5000,2510,2168,342,PreserveCommand,342
TR_TR,tr-tr-default,1.0.0,a3605d0abd12c4bd077c72bdc0be52153400601dbd985897cb5c4ec424330200,3017,222553,224205,3017,221188,changed tokens,221188,222553,219595,2958,AppendCharacterCommand,568
TR_TR,tr-tr-default,1.0.0,a3605d0abd12c4bd077c72bdc0be52153400601dbd985897cb5c4ec424330200,3017,222553,224205,3017,221188,changed tokens,221188,222553,219595,2958,BackwardCompoundCommand,116469
TR_TR,tr-tr-default,1.0.0,a3605d0abd12c4bd077c72bdc0be52153400601dbd985897cb5c4ec424330200,3017,222553,224205,3017,221188,changed tokens,221188,222553,219595,2958,DeleteSuffixCommand,103111
TR_TR,tr-tr-default,1.0.0,a3605d0abd12c4bd077c72bdc0be52153400601dbd985897cb5c4ec424330200,3017,222553,224205,3017,221188,changed tokens,221188,222553,219595,2958,PreserveCommand,3005
TR_TR,tr-tr-default,1.0.0,a3605d0abd12c4bd077c72bdc0be52153400601dbd985897cb5c4ec424330200,3017,222553,224205,3017,221188,changed tokens,221188,222553,219595,2958,ReplaceLastCharacterCommand,1052
UG_CN,ug-cn-default,1.0.0,26d181f6d1114ed9ba838608a77d1e7849086e3ad90bc1f2c246e4b4034e63ad,85,6368,6399,85,6314,changed tokens,6314,6368,6283,85,BackwardCompoundCommand,5330
UG_CN,ug-cn-default,1.0.0,26d181f6d1114ed9ba838608a77d1e7849086e3ad90bc1f2c246e4b4034e63ad,85,6368,6399,85,6314,changed tokens,6314,6368,6283,85,DeleteSuffixCommand,984
UG_CN,ug-cn-default,1.0.0,26d181f6d1114ed9ba838608a77d1e7849086e3ad90bc1f2c246e4b4034e63ad,85,6368,6399,85,6314,changed tokens,6314,6368,6283,85,PreserveCommand,85
UK_UA,uk-ua-default,1.0.0,cf3f612cfff16cb7763f99c55851069489b883c3bdd1a6576cd8c57a97e07eae,1493,14150,15737,2985,12752,changed tokens,12752,15628,12671,2957,AppendCharacterCommand,267
UK_UA,uk-ua-default,1.0.0,cf3f612cfff16cb7763f99c55851069489b883c3bdd1a6576cd8c57a97e07eae,1493,14150,15737,2985,12752,changed tokens,12752,15628,12671,2957,BackwardCompoundCommand,4156
UK_UA,uk-ua-default,1.0.0,cf3f612cfff16cb7763f99c55851069489b883c3bdd1a6576cd8c57a97e07eae,1493,14150,15737,2985,12752,changed tokens,12752,15628,12671,2957,DeleteSuffixCommand,5883
UK_UA,uk-ua-default,1.0.0,cf3f612cfff16cb7763f99c55851069489b883c3bdd1a6576cd8c57a97e07eae,1493,14150,15737,2985,12752,changed tokens,12752,15628,12671,2957,PreserveCommand,2962
UK_UA,uk-ua-default,1.0.0,cf3f612cfff16cb7763f99c55851069489b883c3bdd1a6576cd8c57a97e07eae,1493,14150,15737,2985,12752,changed tokens,12752,15628,12671,2957,ReplaceLastCharacterCommand,2469
US_UK,us-uk-default,1.0.1,0a3ec1fddd5ddb859f5ffa8003efe9200a5ef6203df1fddaf53a58003f33582c,396939,591946,1002414,793874,208540,changed tokens,208540,979039,204599,774440,AppendCharacterCommand,73
US_UK,us-uk-default,1.0.1,0a3ec1fddd5ddb859f5ffa8003efe9200a5ef6203df1fddaf53a58003f33582c,396939,591946,1002414,793874,208540,changed tokens,208540,979039,204599,774440,BackwardCompoundCommand,22481
US_UK,us-uk-default,1.0.1,0a3ec1fddd5ddb859f5ffa8003efe9200a5ef6203df1fddaf53a58003f33582c,396939,591946,1002414,793874,208540,changed tokens,208540,979039,204599,774440,DeleteSuffixCommand,202637
US_UK,us-uk-default,1.0.1,0a3ec1fddd5ddb859f5ffa8003efe9200a5ef6203df1fddaf53a58003f33582c,396939,591946,1002414,793874,208540,changed tokens,208540,979039,204599,774440,PreserveCommand,777146
US_UK,us-uk-default,1.0.1,0a3ec1fddd5ddb859f5ffa8003efe9200a5ef6203df1fddaf53a58003f33582c,396939,591946,1002414,793874,208540,changed tokens,208540,979039,204599,774440,ReplaceLastCharacterCommand,77
UZ_UZ,uz-uz-default,1.0.0,caf2d4038429a72be272b400d611f80ac37fd1b0f3c54ea44c7a1159ea42728f,295,9835,9838,295,9543,changed tokens,9543,9835,9540,295,BackwardCompoundCommand,8478
UZ_UZ,uz-uz-default,1.0.0,caf2d4038429a72be272b400d611f80ac37fd1b0f3c54ea44c7a1159ea42728f,295,9835,9838,295,9543,changed tokens,9543,9835,9540,295,DeleteSuffixCommand,1065
UZ_UZ,uz-uz-default,1.0.0,caf2d4038429a72be272b400d611f80ac37fd1b0f3c54ea44c7a1159ea42728f,295,9835,9838,295,9543,changed tokens,9543,9835,9540,295,PreserveCommand,295
VRO,vro-default,1.0.0,5da7535bd5e629b8ffb99a3b6d906ad0189b1c0d46c6deada72d72f0791f575e,63,412,413,63,350,changed tokens,5000,412,349,63,AppendCharacterCommand,3
VRO,vro-default,1.0.0,5da7535bd5e629b8ffb99a3b6d906ad0189b1c0d46c6deada72d72f0791f575e,63,412,413,63,350,changed tokens,5000,412,349,63,BackwardCompoundCommand,275
VRO,vro-default,1.0.0,5da7535bd5e629b8ffb99a3b6d906ad0189b1c0d46c6deada72d72f0791f575e,63,412,413,63,350,changed tokens,5000,412,349,63,DeleteSuffixCommand,59
VRO,vro-default,1.0.0,5da7535bd5e629b8ffb99a3b6d906ad0189b1c0d46c6deada72d72f0791f575e,63,412,413,63,350,changed tokens,5000,412,349,63,PreserveCommand,63
VRO,vro-default,1.0.0,5da7535bd5e629b8ffb99a3b6d906ad0189b1c0d46c6deada72d72f0791f575e,63,412,413,63,350,changed tokens,5000,412,349,63,ReplaceLastCharacterCommand,13
XCL,xcl-default,1.0.0,7a4000404b5f55b67dea02bf5d3e84972979cac3138fb83458b5a6dcf3495864,4300,59215,62753,4300,58453,changed tokens,58453,59215,54951,4264,AppendCharacterCommand,205
XCL,xcl-default,1.0.0,7a4000404b5f55b67dea02bf5d3e84972979cac3138fb83458b5a6dcf3495864,4300,59215,62753,4300,58453,changed tokens,58453,59215,54951,4264,BackwardCompoundCommand,39315
XCL,xcl-default,1.0.0,7a4000404b5f55b67dea02bf5d3e84972979cac3138fb83458b5a6dcf3495864,4300,59215,62753,4300,58453,changed tokens,58453,59215,54951,4264,DeleteSuffixCommand,15354
XCL,xcl-default,1.0.0,7a4000404b5f55b67dea02bf5d3e84972979cac3138fb83458b5a6dcf3495864,4300,59215,62753,4300,58453,changed tokens,58453,59215,54951,4264,PreserveCommand,5113
XCL,xcl-default,1.0.0,7a4000404b5f55b67dea02bf5d3e84972979cac3138fb83458b5a6dcf3495864,4300,59215,62753,4300,58453,changed tokens,58453,59215,54951,4264,ReplaceLastCharacterCommand,2766
XNO,xno-default,1.0.0,90941356e0bd87195290432052ed9a85011f8e7c1607e24655ba298c519035da,5,186,186,5,181,changed tokens,5000,186,181,5,BackwardCompoundCommand,148
XNO,xno-default,1.0.0,90941356e0bd87195290432052ed9a85011f8e7c1607e24655ba298c519035da,5,186,186,5,181,changed tokens,5000,186,181,5,DeleteSuffixCommand,31
XNO,xno-default,1.0.0,90941356e0bd87195290432052ed9a85011f8e7c1607e24655ba298c519035da,5,186,186,5,181,changed tokens,5000,186,181,5,PreserveCommand,5
XNO,xno-default,1.0.0,90941356e0bd87195290432052ed9a85011f8e7c1607e24655ba298c519035da,5,186,186,5,181,changed tokens,5000,186,181,5,ReplaceLastCharacterCommand,2
XTY,xty-default,1.0.0,9985fe69992665a30309475c30f6734cb24393b21e1c3628543e4810775e711c,585,2754,2781,585,2196,changed tokens,5000,2754,2169,585,BackwardCompoundCommand,2192
XTY,xty-default,1.0.0,9985fe69992665a30309475c30f6734cb24393b21e1c3628543e4810775e711c,585,2754,2781,585,2196,changed tokens,5000,2754,2169,585,PreserveCommand,589
YI,yi-default,1.0.0,f47de665c27dcd72833a82904e49c68a945bb5aca769a7ec5a0164e2c981a6d3,802,3532,4300,1524,2776,changed tokens,5000,4244,2740,1504,AppendCharacterCommand,190
YI,yi-default,1.0.0,f47de665c27dcd72833a82904e49c68a945bb5aca769a7ec5a0164e2c981a6d3,802,3532,4300,1524,2776,changed tokens,5000,4244,2740,1504,BackwardCompoundCommand,1227
YI,yi-default,1.0.0,f47de665c27dcd72833a82904e49c68a945bb5aca769a7ec5a0164e2c981a6d3,802,3532,4300,1524,2776,changed tokens,5000,4244,2740,1504,DeleteSuffixCommand,1141
YI,yi-default,1.0.0,f47de665c27dcd72833a82904e49c68a945bb5aca769a7ec5a0164e2c981a6d3,802,3532,4300,1524,2776,changed tokens,5000,4244,2740,1504,PreserveCommand,1519
YI,yi-default,1.0.0,f47de665c27dcd72833a82904e49c68a945bb5aca769a7ec5a0164e2c981a6d3,802,3532,4300,1524,2776,changed tokens,5000,4244,2740,1504,ReplaceLastCharacterCommand,223
ZPV,zpv-default,1.0.0,e3cae35dca9b29226dbbbfe49415e4cb80f8379228edbd657f9bfe7c25eb0998,204,818,824,204,620,changed tokens,5000,818,614,204,BackwardCompoundCommand,618
ZPV,zpv-default,1.0.0,e3cae35dca9b29226dbbbfe49415e4cb80f8379228edbd657f9bfe7c25eb0998,204,818,824,204,620,changed tokens,5000,818,614,204,PreserveCommand,206
ZU_ZA,zu-za-default,1.0.0,6200464bc24c7519e1a1c42b2c292375fdd9e07bdd66ef994d925d466d636bc9,563,32384,32734,563,32171,changed tokens,32171,32384,31821,563,BackwardCompoundCommand,31872
ZU_ZA,zu-za-default,1.0.0,6200464bc24c7519e1a1c42b2c292375fdd9e07bdd66ef994d925d466d636bc9,563,32384,32734,563,32171,changed tokens,32171,32384,31821,563,DeleteSuffixCommand,122
ZU_ZA,zu-za-default,1.0.0,6200464bc24c7519e1a1c42b2c292375fdd9e07bdd66ef994d925d466d636bc9,563,32384,32734,563,32171,changed tokens,32171,32384,31821,563,PreserveCommand,588
ZU_ZA,zu-za-default,1.0.0,6200464bc24c7519e1a1c42b2c292375fdd9e07bdd66ef994d925d466d636bc9,563,32384,32734,563,32171,changed tokens,32171,32384,31821,563,ReplaceLastCharacterCommand,152
