protocol_version,radixor_java_version,source_revision,source_state,generator_sha256,language,model_id,model_version,model_sha256,seed,requested_percent,selected_rows,total_rows,withheld_rows,whole_correct,whole_total,whole_changed_correct,whole_changed_total,whole_root_correct,whole_root_total,withheld_correct,withheld_total,withheld_changed_correct,withheld_changed_total,withheld_root_correct,withheld_root_total,unseen_correct,unseen_total,unseen_changed_correct,unseen_changed_total,unseen_root_correct,unseen_root_total,excluded_overlap_occurrences
radixor-generalization-v1,4.3.0.dirty,14f61beb106bca21d78f828e2f8e35fb457d3d90,dirty,546a2b82c9418393817a4beeea7a0ace75112f95a28c95ecb284e090942cdd88,CY_GB,cy-gb-default,1.0.0,394475eedc3c0fe26d395d06821efa2e8ff0c2ea4b5c63b72bbe3c8a4efd3d5d,2654435761,100,183,183,0,6423,6425,6057,6059,366,366,0,0,0,0,0,0,0,0,0,0,0,0,0
radixor-generalization-v1,4.3.0.dirty,14f61beb106bca21d78f828e2f8e35fb457d3d90,dirty,546a2b82c9418393817a4beeea7a0ace75112f95a28c95ecb284e090942cdd88,CY_GB,cy-gb-default,1.0.0,394475eedc3c0fe26d395d06821efa2e8ff0c2ea4b5c63b72bbe3c8a4efd3d5d,2654435761,90,165,183,18,6060,6425,5700,6059,360,366,221,584,191,548,30,36,221,584,191,548,30,36,0
radixor-generalization-v1,4.3.0.dirty,14f61beb106bca21d78f828e2f8e35fb457d3d90,dirty,546a2b82c9418393817a4beeea7a0ace75112f95a28c95ecb284e090942cdd88,CY_GB,cy-gb-default,1.0.0,394475eedc3c0fe26d395d06821efa2e8ff0c2ea4b5c63b72bbe3c8a4efd3d5d,2654435761,80,146,183,37,5479,6425,5125,6059,354,366,326,1270,264,1196,62,74,326,1270,264,1196,62,74,0
radixor-generalization-v1,4.3.0.dirty,14f61beb106bca21d78f828e2f8e35fb457d3d90,dirty,546a2b82c9418393817a4beeea7a0ace75112f95a28c95ecb284e090942cdd88,CY_GB,cy-gb-default,1.0.0,394475eedc3c0fe26d395d06821efa2e8ff0c2ea4b5c63b72bbe3c8a4efd3d5d,2654435761,70,128,183,55,4971,6425,4623,6059,348,366,500,1952,408,1842,92,110,500,1952,408,1842,92,110,0
radixor-generalization-v1,4.3.0.dirty,14f61beb106bca21d78f828e2f8e35fb457d3d90,dirty,546a2b82c9418393817a4beeea7a0ace75112f95a28c95ecb284e090942cdd88,CY_GB,cy-gb-default,1.0.0,394475eedc3c0fe26d395d06821efa2e8ff0c2ea4b5c63b72bbe3c8a4efd3d5d,2654435761,60,110,183,73,4529,6425,4191,6059,338,366,673,2567,555,2421,118,146,673,2567,555,2421,118,146,0
radixor-generalization-v1,4.3.0.dirty,14f61beb106bca21d78f828e2f8e35fb457d3d90,dirty,546a2b82c9418393817a4beeea7a0ace75112f95a28c95ecb284e090942cdd88,CY_GB,cy-gb-default,1.0.0,394475eedc3c0fe26d395d06821efa2e8ff0c2ea4b5c63b72bbe3c8a4efd3d5d,2654435761,50,92,183,91,3875,6425,3543,6059,332,366,677,3225,529,3043,148,182,677,3225,529,3043,148,182,0
radixor-generalization-v1,4.3.0.dirty,14f61beb106bca21d78f828e2f8e35fb457d3d90,dirty,546a2b82c9418393817a4beeea7a0ace75112f95a28c95ecb284e090942cdd88,CY_GB,cy-gb-default,1.0.0,394475eedc3c0fe26d395d06821efa2e8ff0c2ea4b5c63b72bbe3c8a4efd3d5d,2654435761,40,73,183,110,3509,6425,3181,6059,328,366,926,3842,744,3622,182,220,926,3840,744,3620,182,220,2
radixor-generalization-v1,4.3.0.dirty,14f61beb106bca21d78f828e2f8e35fb457d3d90,dirty,546a2b82c9418393817a4beeea7a0ace75112f95a28c95ecb284e090942cdd88,CY_GB,cy-gb-default,1.0.0,394475eedc3c0fe26d395d06821efa2e8ff0c2ea4b5c63b72bbe3c8a4efd3d5d,2654435761,30,55,183,128,2965,6425,2649,6059,316,366,998,4458,792,4202,206,256,998,4456,792,4200,206,256,2
radixor-generalization-v1,4.3.0.dirty,14f61beb106bca21d78f828e2f8e35fb457d3d90,dirty,546a2b82c9418393817a4beeea7a0ace75112f95a28c95ecb284e090942cdd88,CY_GB,cy-gb-default,1.0.0,394475eedc3c0fe26d395d06821efa2e8ff0c2ea4b5c63b72bbe3c8a4efd3d5d,2654435761,20,37,183,146,2126,6425,1814,6059,312,366,808,5107,570,4815,238,292,808,5107,570,4815,238,292,0
radixor-generalization-v1,4.3.0.dirty,14f61beb106bca21d78f828e2f8e35fb457d3d90,dirty,546a2b82c9418393817a4beeea7a0ace75112f95a28c95ecb284e090942cdd88,CY_GB,cy-gb-default,1.0.0,394475eedc3c0fe26d395d06821efa2e8ff0c2ea4b5c63b72bbe3c8a4efd3d5d,2654435761,10,18,183,165,1205,6425,905,6059,300,366,558,5778,294,5448,264,330,558,5778,294,5448,264,330,0
radixor-generalization-v1,4.3.0.dirty,14f61beb106bca21d78f828e2f8e35fb457d3d90,dirty,546a2b82c9418393817a4beeea7a0ace75112f95a28c95ecb284e090942cdd88,CY_GB,cy-gb-default,1.0.0,394475eedc3c0fe26d395d06821efa2e8ff0c2ea4b5c63b72bbe3c8a4efd3d5d,11400714819323198485,100,183,183,0,6423,6425,6057,6059,366,366,0,0,0,0,0,0,0,0,0,0,0,0,0
radixor-generalization-v1,4.3.0.dirty,14f61beb106bca21d78f828e2f8e35fb457d3d90,dirty,546a2b82c9418393817a4beeea7a0ace75112f95a28c95ecb284e090942cdd88,CY_GB,cy-gb-default,1.0.0,394475eedc3c0fe26d395d06821efa2e8ff0c2ea4b5c63b72bbe3c8a4efd3d5d,11400714819323198485,90,165,183,18,5948,6425,5594,6059,354,366,181,656,157,620,24,36,181,656,157,620,24,36,0
radixor-generalization-v1,4.3.0.dirty,14f61beb106bca21d78f828e2f8e35fb457d3d90,dirty,546a2b82c9418393817a4beeea7a0ace75112f95a28c95ecb284e090942cdd88,CY_GB,cy-gb-default,1.0.0,394475eedc3c0fe26d395d06821efa2e8ff0c2ea4b5c63b72bbe3c8a4efd3d5d,11400714819323198485,80,146,183,37,5538,6425,5192,6059,346,366,422,1307,368,1233,54,74,422,1307,368,1233,54,74,0
radixor-generalization-v1,4.3.0.dirty,14f61beb106bca21d78f828e2f8e35fb457d3d90,dirty,546a2b82c9418393817a4beeea7a0ace75112f95a28c95ecb284e090942cdd88,CY_GB,cy-gb-default,1.0.0,394475eedc3c0fe26d395d06821efa2e8ff0c2ea4b5c63b72bbe3c8a4efd3d5d,11400714819323198485,70,128,183,55,5171,6425,4827,6059,344,366,691,1943,603,1833,88,110,691,1943,603,1833,88,110,0
radixor-generalization-v1,4.3.0.dirty,14f61beb106bca21d78f828e2f8e35fb457d3d90,dirty,546a2b82c9418393817a4beeea7a0ace75112f95a28c95ecb284e090942cdd88,CY_GB,cy-gb-default,1.0.0,394475eedc3c0fe26d395d06821efa2e8ff0c2ea4b5c63b72bbe3c8a4efd3d5d,11400714819323198485,60,110,183,73,4679,6425,4337,6059,342,366,815,2559,693,2413,122,146,815,2559,693,2413,122,146,0
radixor-generalization-v1,4.3.0.dirty,14f61beb106bca21d78f828e2f8e35fb457d3d90,dirty,546a2b82c9418393817a4beeea7a0ace75112f95a28c95ecb284e090942cdd88,CY_GB,cy-gb-default,1.0.0,394475eedc3c0fe26d395d06821efa2e8ff0c2ea4b5c63b72bbe3c8a4efd3d5d,11400714819323198485,50,92,183,91,4199,6425,3857,6059,342,366,943,3167,785,2985,158,182,943,3167,785,2985,158,182,0
radixor-generalization-v1,4.3.0.dirty,14f61beb106bca21d78f828e2f8e35fb457d3d90,dirty,546a2b82c9418393817a4beeea7a0ace75112f95a28c95ecb284e090942cdd88,CY_GB,cy-gb-default,1.0.0,394475eedc3c0fe26d395d06821efa2e8ff0c2ea4b5c63b72bbe3c8a4efd3d5d,11400714819323198485,40,73,183,110,3758,6425,3428,6059,330,366,1152,3817,968,3597,184,220,1152,3817,968,3597,184,220,0
radixor-generalization-v1,4.3.0.dirty,14f61beb106bca21d78f828e2f8e35fb457d3d90,dirty,546a2b82c9418393817a4beeea7a0ace75112f95a28c95ecb284e090942cdd88,CY_GB,cy-gb-default,1.0.0,394475eedc3c0fe26d395d06821efa2e8ff0c2ea4b5c63b72bbe3c8a4efd3d5d,11400714819323198485,30,55,183,128,3269,6425,2941,6059,328,366,1250,4406,1032,4150,218,256,1250,4404,1032,4148,218,256,2
radixor-generalization-v1,4.3.0.dirty,14f61beb106bca21d78f828e2f8e35fb457d3d90,dirty,546a2b82c9418393817a4beeea7a0ace75112f95a28c95ecb284e090942cdd88,CY_GB,cy-gb-default,1.0.0,394475eedc3c0fe26d395d06821efa2e8ff0c2ea4b5c63b72bbe3c8a4efd3d5d,11400714819323198485,20,37,183,146,2659,6425,2351,6059,308,366,1317,5083,1083,4791,234,292,1317,5081,1083,4789,234,292,2
radixor-generalization-v1,4.3.0.dirty,14f61beb106bca21d78f828e2f8e35fb457d3d90,dirty,546a2b82c9418393817a4beeea7a0ace75112f95a28c95ecb284e090942cdd88,CY_GB,cy-gb-default,1.0.0,394475eedc3c0fe26d395d06821efa2e8ff0c2ea4b5c63b72bbe3c8a4efd3d5d,11400714819323198485,10,18,183,165,2038,6425,1704,6059,334,366,1383,5770,1085,5440,298,330,1383,5768,1085,5438,298,330,2
radixor-generalization-v1,4.3.0.dirty,14f61beb106bca21d78f828e2f8e35fb457d3d90,dirty,546a2b82c9418393817a4beeea7a0ace75112f95a28c95ecb284e090942cdd88,CY_GB,cy-gb-default,1.0.0,394475eedc3c0fe26d395d06821efa2e8ff0c2ea4b5c63b72bbe3c8a4efd3d5d,7046029254386353131,100,183,183,0,6423,6425,6057,6059,366,366,0,0,0,0,0,0,0,0,0,0,0,0,0
radixor-generalization-v1,4.3.0.dirty,14f61beb106bca21d78f828e2f8e35fb457d3d90,dirty,546a2b82c9418393817a4beeea7a0ace75112f95a28c95ecb284e090942cdd88,CY_GB,cy-gb-default,1.0.0,394475eedc3c0fe26d395d06821efa2e8ff0c2ea4b5c63b72bbe3c8a4efd3d5d,7046029254386353131,90,165,183,18,5970,6425,5612,6059,358,366,233,686,205,650,28,36,233,686,205,650,28,36,0
radixor-generalization-v1,4.3.0.dirty,14f61beb106bca21d78f828e2f8e35fb457d3d90,dirty,546a2b82c9418393817a4beeea7a0ace75112f95a28c95ecb284e090942cdd88,CY_GB,cy-gb-default,1.0.0,394475eedc3c0fe26d395d06821efa2e8ff0c2ea4b5c63b72bbe3c8a4efd3d5d,7046029254386353131,80,146,183,37,5612,6425,5262,6059,350,366,588,1399,530,1325,58,74,588,1399,530,1325,58,74,0
radixor-generalization-v1,4.3.0.dirty,14f61beb106bca21d78f828e2f8e35fb457d3d90,dirty,546a2b82c9418393817a4beeea7a0ace75112f95a28c95ecb284e090942cdd88,CY_GB,cy-gb-default,1.0.0,394475eedc3c0fe26d395d06821efa2e8ff0c2ea4b5c63b72bbe3c8a4efd3d5d,7046029254386353131,70,128,183,55,5033,6425,4681,6059,352,366,657,2047,561,1937,96,110,657,2047,561,1937,96,110,0
radixor-generalization-v1,4.3.0.dirty,14f61beb106bca21d78f828e2f8e35fb457d3d90,dirty,546a2b82c9418393817a4beeea7a0ace75112f95a28c95ecb284e090942cdd88,CY_GB,cy-gb-default,1.0.0,394475eedc3c0fe26d395d06821efa2e8ff0c2ea4b5c63b72bbe3c8a4efd3d5d,7046029254386353131,60,110,183,73,4642,6425,4300,6059,342,366,835,2616,713,2470,122,146,835,2616,713,2470,122,146,0
radixor-generalization-v1,4.3.0.dirty,14f61beb106bca21d78f828e2f8e35fb457d3d90,dirty,546a2b82c9418393817a4beeea7a0ace75112f95a28c95ecb284e090942cdd88,CY_GB,cy-gb-default,1.0.0,394475eedc3c0fe26d395d06821efa2e8ff0c2ea4b5c63b72bbe3c8a4efd3d5d,7046029254386353131,50,92,183,91,4095,6425,3759,6059,336,366,868,3196,716,3014,152,182,868,3196,716,3014,152,182,0
radixor-generalization-v1,4.3.0.dirty,14f61beb106bca21d78f828e2f8e35fb457d3d90,dirty,546a2b82c9418393817a4beeea7a0ace75112f95a28c95ecb284e090942cdd88,CY_GB,cy-gb-default,1.0.0,394475eedc3c0fe26d395d06821efa2e8ff0c2ea4b5c63b72bbe3c8a4efd3d5d,7046029254386353131,40,73,183,110,3596,6425,3268,6059,328,366,983,3812,801,3592,182,220,983,3810,801,3590,182,220,2
radixor-generalization-v1,4.3.0.dirty,14f61beb106bca21d78f828e2f8e35fb457d3d90,dirty,546a2b82c9418393817a4beeea7a0ace75112f95a28c95ecb284e090942cdd88,CY_GB,cy-gb-default,1.0.0,394475eedc3c0fe26d395d06821efa2e8ff0c2ea4b5c63b72bbe3c8a4efd3d5d,7046029254386353131,30,55,183,128,2918,6425,2600,6059,318,366,956,4463,748,4207,208,256,956,4461,748,4205,208,256,2
radixor-generalization-v1,4.3.0.dirty,14f61beb106bca21d78f828e2f8e35fb457d3d90,dirty,546a2b82c9418393817a4beeea7a0ace75112f95a28c95ecb284e090942cdd88,CY_GB,cy-gb-default,1.0.0,394475eedc3c0fe26d395d06821efa2e8ff0c2ea4b5c63b72bbe3c8a4efd3d5d,7046029254386353131,20,37,183,146,2136,6425,1808,6059,328,366,864,5153,610,4861,254,292,864,5153,610,4861,254,292,0
radixor-generalization-v1,4.3.0.dirty,14f61beb106bca21d78f828e2f8e35fb457d3d90,dirty,546a2b82c9418393817a4beeea7a0ace75112f95a28c95ecb284e090942cdd88,CY_GB,cy-gb-default,1.0.0,394475eedc3c0fe26d395d06821efa2e8ff0c2ea4b5c63b72bbe3c8a4efd3d5d,7046029254386353131,10,18,183,165,1354,6425,1024,6059,330,366,769,5840,475,5510,294,330,769,5840,475,5510,294,330,0
radixor-generalization-v1,4.3.0.dirty,14f61beb106bca21d78f828e2f8e35fb457d3d90,dirty,546a2b82c9418393817a4beeea7a0ace75112f95a28c95ecb284e090942cdd88,CY_GB,cy-gb-default,1.0.0,394475eedc3c0fe26d395d06821efa2e8ff0c2ea4b5c63b72bbe3c8a4efd3d5d,2611923443488327891,100,183,183,0,6423,6425,6057,6059,366,366,0,0,0,0,0,0,0,0,0,0,0,0,0
radixor-generalization-v1,4.3.0.dirty,14f61beb106bca21d78f828e2f8e35fb457d3d90,dirty,546a2b82c9418393817a4beeea7a0ace75112f95a28c95ecb284e090942cdd88,CY_GB,cy-gb-default,1.0.0,394475eedc3c0fe26d395d06821efa2e8ff0c2ea4b5c63b72bbe3c8a4efd3d5d,2611923443488327891,90,165,183,18,5925,6425,5563,6059,362,366,148,646,116,610,32,36,148,646,116,610,32,36,0
radixor-generalization-v1,4.3.0.dirty,14f61beb106bca21d78f828e2f8e35fb457d3d90,dirty,546a2b82c9418393817a4beeea7a0ace75112f95a28c95ecb284e090942cdd88,CY_GB,cy-gb-default,1.0.0,394475eedc3c0fe26d395d06821efa2e8ff0c2ea4b5c63b72bbe3c8a4efd3d5d,2611923443488327891,80,146,183,37,5458,6425,5104,6059,354,366,377,1342,315,1268,62,74,377,1342,315,1268,62,74,0
radixor-generalization-v1,4.3.0.dirty,14f61beb106bca21d78f828e2f8e35fb457d3d90,dirty,546a2b82c9418393817a4beeea7a0ace75112f95a28c95ecb284e090942cdd88,CY_GB,cy-gb-default,1.0.0,394475eedc3c0fe26d395d06821efa2e8ff0c2ea4b5c63b72bbe3c8a4efd3d5d,2611923443488327891,70,128,183,55,4981,6425,4631,6059,350,366,512,1954,418,1844,94,110,512,1954,418,1844,94,110,0
radixor-generalization-v1,4.3.0.dirty,14f61beb106bca21d78f828e2f8e35fb457d3d90,dirty,546a2b82c9418393817a4beeea7a0ace75112f95a28c95ecb284e090942cdd88,CY_GB,cy-gb-default,1.0.0,394475eedc3c0fe26d395d06821efa2e8ff0c2ea4b5c63b72bbe3c8a4efd3d5d,2611923443488327891,60,110,183,73,4611,6425,4261,6059,350,366,682,2494,552,2348,130,146,682,2494,552,2348,130,146,0
radixor-generalization-v1,4.3.0.dirty,14f61beb106bca21d78f828e2f8e35fb457d3d90,dirty,546a2b82c9418393817a4beeea7a0ace75112f95a28c95ecb284e090942cdd88,CY_GB,cy-gb-default,1.0.0,394475eedc3c0fe26d395d06821efa2e8ff0c2ea4b5c63b72bbe3c8a4efd3d5d,2611923443488327891,50,92,183,91,4027,6425,3683,6059,344,366,779,3175,619,2993,160,182,779,3175,619,2993,160,182,0
radixor-generalization-v1,4.3.0.dirty,14f61beb106bca21d78f828e2f8e35fb457d3d90,dirty,546a2b82c9418393817a4beeea7a0ace75112f95a28c95ecb284e090942cdd88,CY_GB,cy-gb-default,1.0.0,394475eedc3c0fe26d395d06821efa2e8ff0c2ea4b5c63b72bbe3c8a4efd3d5d,2611923443488327891,40,73,183,110,3394,6425,3068,6059,326,366,799,3830,619,3610,180,220,799,3828,619,3608,180,220,2
radixor-generalization-v1,4.3.0.dirty,14f61beb106bca21d78f828e2f8e35fb457d3d90,dirty,546a2b82c9418393817a4beeea7a0ace75112f95a28c95ecb284e090942cdd88,CY_GB,cy-gb-default,1.0.0,394475eedc3c0fe26d395d06821efa2e8ff0c2ea4b5c63b72bbe3c8a4efd3d5d,2611923443488327891,30,55,183,128,2820,6425,2510,6059,310,366,843,4448,643,4192,200,256,843,4446,643,4190,200,256,2
radixor-generalization-v1,4.3.0.dirty,14f61beb106bca21d78f828e2f8e35fb457d3d90,dirty,546a2b82c9418393817a4beeea7a0ace75112f95a28c95ecb284e090942cdd88,CY_GB,cy-gb-default,1.0.0,394475eedc3c0fe26d395d06821efa2e8ff0c2ea4b5c63b72bbe3c8a4efd3d5d,2611923443488327891,20,37,183,146,2179,6425,1863,6059,316,366,806,5052,564,4760,242,292,806,5050,564,4758,242,292,2
radixor-generalization-v1,4.3.0.dirty,14f61beb106bca21d78f828e2f8e35fb457d3d90,dirty,546a2b82c9418393817a4beeea7a0ace75112f95a28c95ecb284e090942cdd88,CY_GB,cy-gb-default,1.0.0,394475eedc3c0fe26d395d06821efa2e8ff0c2ea4b5c63b72bbe3c8a4efd3d5d,2611923443488327891,10,18,183,165,1275,6425,945,6059,330,366,595,5745,301,5415,294,330,595,5745,301,5415,294,330,0
radixor-generalization-v1,4.3.0.dirty,14f61beb106bca21d78f828e2f8e35fb457d3d90,dirty,546a2b82c9418393817a4beeea7a0ace75112f95a28c95ecb284e090942cdd88,CY_GB,cy-gb-default,1.0.0,394475eedc3c0fe26d395d06821efa2e8ff0c2ea4b5c63b72bbe3c8a4efd3d5d,15111065706836454659,100,183,183,0,6423,6425,6057,6059,366,366,0,0,0,0,0,0,0,0,0,0,0,0,0
radixor-generalization-v1,4.3.0.dirty,14f61beb106bca21d78f828e2f8e35fb457d3d90,dirty,546a2b82c9418393817a4beeea7a0ace75112f95a28c95ecb284e090942cdd88,CY_GB,cy-gb-default,1.0.0,394475eedc3c0fe26d395d06821efa2e8ff0c2ea4b5c63b72bbe3c8a4efd3d5d,15111065706836454659,90,165,183,18,6061,6425,5697,6059,364,366,285,647,251,611,34,36,285,647,251,611,34,36,0
radixor-generalization-v1,4.3.0.dirty,14f61beb106bca21d78f828e2f8e35fb457d3d90,dirty,546a2b82c9418393817a4beeea7a0ace75112f95a28c95ecb284e090942cdd88,CY_GB,cy-gb-default,1.0.0,394475eedc3c0fe26d395d06821efa2e8ff0c2ea4b5c63b72bbe3c8a4efd3d5d,15111065706836454659,80,146,183,37,5503,6425,5151,6059,352,366,407,1327,347,1253,60,74,407,1327,347,1253,60,74,0
radixor-generalization-v1,4.3.0.dirty,14f61beb106bca21d78f828e2f8e35fb457d3d90,dirty,546a2b82c9418393817a4beeea7a0ace75112f95a28c95ecb284e090942cdd88,CY_GB,cy-gb-default,1.0.0,394475eedc3c0fe26d395d06821efa2e8ff0c2ea4b5c63b72bbe3c8a4efd3d5d,15111065706836454659,70,128,183,55,5041,6425,4693,6059,348,366,594,1978,502,1868,92,110,594,1976,502,1866,92,110,2
radixor-generalization-v1,4.3.0.dirty,14f61beb106bca21d78f828e2f8e35fb457d3d90,dirty,546a2b82c9418393817a4beeea7a0ace75112f95a28c95ecb284e090942cdd88,CY_GB,cy-gb-default,1.0.0,394475eedc3c0fe26d395d06821efa2e8ff0c2ea4b5c63b72bbe3c8a4efd3d5d,15111065706836454659,60,110,183,73,4380,6425,4036,6059,344,366,582,2627,458,2481,124,146,582,2625,458,2479,124,146,2
radixor-generalization-v1,4.3.0.dirty,14f61beb106bca21d78f828e2f8e35fb457d3d90,dirty,546a2b82c9418393817a4beeea7a0ace75112f95a28c95ecb284e090942cdd88,CY_GB,cy-gb-default,1.0.0,394475eedc3c0fe26d395d06821efa2e8ff0c2ea4b5c63b72bbe3c8a4efd3d5d,15111065706836454659,50,92,183,91,4011,6425,3681,6059,330,366,825,3239,679,3057,146,182,825,3237,679,3055,146,182,2
radixor-generalization-v1,4.3.0.dirty,14f61beb106bca21d78f828e2f8e35fb457d3d90,dirty,546a2b82c9418393817a4beeea7a0ace75112f95a28c95ecb284e090942cdd88,CY_GB,cy-gb-default,1.0.0,394475eedc3c0fe26d395d06821efa2e8ff0c2ea4b5c63b72bbe3c8a4efd3d5d,15111065706836454659,40,73,183,110,3194,6425,2860,6059,334,366,738,3969,550,3749,188,220,738,3967,550,3747,188,220,2
radixor-generalization-v1,4.3.0.dirty,14f61beb106bca21d78f828e2f8e35fb457d3d90,dirty,546a2b82c9418393817a4beeea7a0ace75112f95a28c95ecb284e090942cdd88,CY_GB,cy-gb-default,1.0.0,394475eedc3c0fe26d395d06821efa2e8ff0c2ea4b5c63b72bbe3c8a4efd3d5d,15111065706836454659,30,55,183,128,2447,6425,2129,6059,318,366,636,4614,428,4358,208,256,636,4612,428,4356,208,256,2
radixor-generalization-v1,4.3.0.dirty,14f61beb106bca21d78f828e2f8e35fb457d3d90,dirty,546a2b82c9418393817a4beeea7a0ace75112f95a28c95ecb284e090942cdd88,CY_GB,cy-gb-default,1.0.0,394475eedc3c0fe26d395d06821efa2e8ff0c2ea4b5c63b72bbe3c8a4efd3d5d,15111065706836454659,20,37,183,146,2050,6425,1736,6059,314,366,817,5192,577,4900,240,292,817,5190,577,4898,240,292,2
radixor-generalization-v1,4.3.0.dirty,14f61beb106bca21d78f828e2f8e35fb457d3d90,dirty,546a2b82c9418393817a4beeea7a0ace75112f95a28c95ecb284e090942cdd88,CY_GB,cy-gb-default,1.0.0,394475eedc3c0fe26d395d06821efa2e8ff0c2ea4b5c63b72bbe3c8a4efd3d5d,15111065706836454659,10,18,183,165,1339,6425,1029,6059,310,366,660,5746,386,5416,274,330,660,5746,386,5416,274,330,0
radixor-generalization-v1,4.3.0.dirty,14f61beb106bca21d78f828e2f8e35fb457d3d90,dirty,546a2b82c9418393817a4beeea7a0ace75112f95a28c95ecb284e090942cdd88,EUS,eus-default,1.0.0,29ea20d68e085f9403c32330259f02599f6c510f47db0475f1e3ea73a276a98b,2654435761,100,26,26,0,10427,11535,10375,11483,52,52,0,0,0,0,0,0,0,0,0,0,0,0,0
radixor-generalization-v1,4.3.0.dirty,14f61beb106bca21d78f828e2f8e35fb457d3d90,dirty,546a2b82c9418393817a4beeea7a0ace75112f95a28c95ecb284e090942cdd88,EUS,eus-default,1.0.0,29ea20d68e085f9403c32330259f02599f6c510f47db0475f1e3ea73a276a98b,2654435761,90,23,26,3,9262,11535,9210,11483,52,52,22,1187,16,1181,6,6,22,1187,16,1181,6,6,0
radixor-generalization-v1,4.3.0.dirty,14f61beb106bca21d78f828e2f8e35fb457d3d90,dirty,546a2b82c9418393817a4beeea7a0ace75112f95a28c95ecb284e090942cdd88,EUS,eus-default,1.0.0,29ea20d68e085f9403c32330259f02599f6c510f47db0475f1e3ea73a276a98b,2654435761,80,21,26,5,8828,11535,8776,11483,52,52,26,2674,16,2664,10,10,26,1625,16,1615,10,10,1049
radixor-generalization-v1,4.3.0.dirty,14f61beb106bca21d78f828e2f8e35fb457d3d90,dirty,546a2b82c9418393817a4beeea7a0ace75112f95a28c95ecb284e090942cdd88,EUS,eus-default,1.0.0,29ea20d68e085f9403c32330259f02599f6c510f47db0475f1e3ea73a276a98b,2654435761,70,18,26,8,8072,11535,8020,11483,52,52,44,3449,28,3433,16,16,44,2399,28,2383,16,16,1050
radixor-generalization-v1,4.3.0.dirty,14f61beb106bca21d78f828e2f8e35fb457d3d90,dirty,546a2b82c9418393817a4beeea7a0ace75112f95a28c95ecb284e090942cdd88,EUS,eus-default,1.0.0,29ea20d68e085f9403c32330259f02599f6c510f47db0475f1e3ea73a276a98b,2654435761,60,16,26,10,7516,11535,7464,11483,52,52,32,3993,12,3973,20,20,32,2943,12,2923,20,20,1050
radixor-generalization-v1,4.3.0.dirty,14f61beb106bca21d78f828e2f8e35fb457d3d90,dirty,546a2b82c9418393817a4beeea7a0ace75112f95a28c95ecb284e090942cdd88,EUS,eus-default,1.0.0,29ea20d68e085f9403c32330259f02599f6c510f47db0475f1e3ea73a276a98b,2654435761,50,13,26,13,6015,11535,5963,11483,52,52,38,5557,12,5531,26,26,38,5466,12,5440,26,26,91
radixor-generalization-v1,4.3.0.dirty,14f61beb106bca21d78f828e2f8e35fb457d3d90,dirty,546a2b82c9418393817a4beeea7a0ace75112f95a28c95ecb284e090942cdd88,EUS,eus-default,1.0.0,29ea20d68e085f9403c32330259f02599f6c510f47db0475f1e3ea73a276a98b,2654435761,40,10,26,16,4957,11535,4905,11483,52,52,44,6622,12,6590,32,32,44,6618,12,6586,32,32,4
radixor-generalization-v1,4.3.0.dirty,14f61beb106bca21d78f828e2f8e35fb457d3d90,dirty,546a2b82c9418393817a4beeea7a0ace75112f95a28c95ecb284e090942cdd88,EUS,eus-default,1.0.0,29ea20d68e085f9403c32330259f02599f6c510f47db0475f1e3ea73a276a98b,2654435761,30,8,26,18,3787,11535,3735,11483,52,52,57,7805,21,7769,36,36,57,7802,21,7766,36,36,3
radixor-generalization-v1,4.3.0.dirty,14f61beb106bca21d78f828e2f8e35fb457d3d90,dirty,546a2b82c9418393817a4beeea7a0ace75112f95a28c95ecb284e090942cdd88,EUS,eus-default,1.0.0,29ea20d68e085f9403c32330259f02599f6c510f47db0475f1e3ea73a276a98b,2654435761,20,5,26,21,2298,11535,2246,11483,52,52,51,9288,9,9246,42,42,51,9285,9,9243,42,42,3
radixor-generalization-v1,4.3.0.dirty,14f61beb106bca21d78f828e2f8e35fb457d3d90,dirty,546a2b82c9418393817a4beeea7a0ace75112f95a28c95ecb284e090942cdd88,EUS,eus-default,1.0.0,29ea20d68e085f9403c32330259f02599f6c510f47db0475f1e3ea73a276a98b,2654435761,10,3,26,23,1265,11535,1213,11483,52,52,46,10316,0,10270,46,46,46,10316,0,10270,46,46,0
radixor-generalization-v1,4.3.0.dirty,14f61beb106bca21d78f828e2f8e35fb457d3d90,dirty,546a2b82c9418393817a4beeea7a0ace75112f95a28c95ecb284e090942cdd88,EUS,eus-default,1.0.0,29ea20d68e085f9403c32330259f02599f6c510f47db0475f1e3ea73a276a98b,11400714819323198485,100,26,26,0,10427,11535,10375,11483,52,52,0,0,0,0,0,0,0,0,0,0,0,0,0
radixor-generalization-v1,4.3.0.dirty,14f61beb106bca21d78f828e2f8e35fb457d3d90,dirty,546a2b82c9418393817a4beeea7a0ace75112f95a28c95ecb284e090942cdd88,EUS,eus-default,1.0.0,29ea20d68e085f9403c32330259f02599f6c510f47db0475f1e3ea73a276a98b,11400714819323198485,90,23,26,3,9858,11535,9806,11483,52,52,20,590,14,584,6,6,20,589,14,583,6,6,1
radixor-generalization-v1,4.3.0.dirty,14f61beb106bca21d78f828e2f8e35fb457d3d90,dirty,546a2b82c9418393817a4beeea7a0ace75112f95a28c95ecb284e090942cdd88,EUS,eus-default,1.0.0,29ea20d68e085f9403c32330259f02599f6c510f47db0475f1e3ea73a276a98b,11400714819323198485,80,21,26,5,9684,11535,9632,11483,52,52,24,1817,14,1807,10,10,24,767,14,757,10,10,1050
radixor-generalization-v1,4.3.0.dirty,14f61beb106bca21d78f828e2f8e35fb457d3d90,dirty,546a2b82c9418393817a4beeea7a0ace75112f95a28c95ecb284e090942cdd88,EUS,eus-default,1.0.0,29ea20d68e085f9403c32330259f02599f6c510f47db0475f1e3ea73a276a98b,11400714819323198485,70,18,26,8,9128,11535,9076,11483,52,52,16,2365,0,2349,16,16,16,1315,0,1299,16,16,1050
radixor-generalization-v1,4.3.0.dirty,14f61beb106bca21d78f828e2f8e35fb457d3d90,dirty,546a2b82c9418393817a4beeea7a0ace75112f95a28c95ecb284e090942cdd88,EUS,eus-default,1.0.0,29ea20d68e085f9403c32330259f02599f6c510f47db0475f1e3ea73a276a98b,11400714819323198485,60,16,26,10,7743,11535,7691,11483,52,52,20,3755,0,3735,20,20,20,2704,0,2684,20,20,1051
radixor-generalization-v1,4.3.0.dirty,14f61beb106bca21d78f828e2f8e35fb457d3d90,dirty,546a2b82c9418393817a4beeea7a0ace75112f95a28c95ecb284e090942cdd88,EUS,eus-default,1.0.0,29ea20d68e085f9403c32330259f02599f6c510f47db0475f1e3ea73a276a98b,11400714819323198485,50,13,26,13,6390,11535,6338,11483,52,52,32,5176,6,5150,26,26,32,4069,6,4043,26,26,1107
radixor-generalization-v1,4.3.0.dirty,14f61beb106bca21d78f828e2f8e35fb457d3d90,dirty,546a2b82c9418393817a4beeea7a0ace75112f95a28c95ecb284e090942cdd88,EUS,eus-default,1.0.0,29ea20d68e085f9403c32330259f02599f6c510f47db0475f1e3ea73a276a98b,11400714819323198485,40,10,26,16,4409,11535,4357,11483,52,52,32,7158,0,7126,32,32,32,7157,0,7125,32,32,1
radixor-generalization-v1,4.3.0.dirty,14f61beb106bca21d78f828e2f8e35fb457d3d90,dirty,546a2b82c9418393817a4beeea7a0ace75112f95a28c95ecb284e090942cdd88,EUS,eus-default,1.0.0,29ea20d68e085f9403c32330259f02599f6c510f47db0475f1e3ea73a276a98b,11400714819323198485,30,8,26,18,3397,11535,3345,11483,52,52,50,8188,14,8152,36,36,50,8188,14,8152,36,36,0
radixor-generalization-v1,4.3.0.dirty,14f61beb106bca21d78f828e2f8e35fb457d3d90,dirty,546a2b82c9418393817a4beeea7a0ace75112f95a28c95ecb284e090942cdd88,EUS,eus-default,1.0.0,29ea20d68e085f9403c32330259f02599f6c510f47db0475f1e3ea73a276a98b,11400714819323198485,20,5,26,21,2291,11535,2239,11483,52,52,42,9286,0,9244,42,42,42,9286,0,9244,42,42,0
radixor-generalization-v1,4.3.0.dirty,14f61beb106bca21d78f828e2f8e35fb457d3d90,dirty,546a2b82c9418393817a4beeea7a0ace75112f95a28c95ecb284e090942cdd88,EUS,eus-default,1.0.0,29ea20d68e085f9403c32330259f02599f6c510f47db0475f1e3ea73a276a98b,11400714819323198485,10,3,26,23,1063,11535,1011,11483,52,52,46,10518,0,10472,46,46,46,10518,0,10472,46,46,0
radixor-generalization-v1,4.3.0.dirty,14f61beb106bca21d78f828e2f8e35fb457d3d90,dirty,546a2b82c9418393817a4beeea7a0ace75112f95a28c95ecb284e090942cdd88,EUS,eus-default,1.0.0,29ea20d68e085f9403c32330259f02599f6c510f47db0475f1e3ea73a276a98b,7046029254386353131,100,26,26,0,10427,11535,10375,11483,52,52,0,0,0,0,0,0,0,0,0,0,0,0,0
radixor-generalization-v1,4.3.0.dirty,14f61beb106bca21d78f828e2f8e35fb457d3d90,dirty,546a2b82c9418393817a4beeea7a0ace75112f95a28c95ecb284e090942cdd88,EUS,eus-default,1.0.0,29ea20d68e085f9403c32330259f02599f6c510f47db0475f1e3ea73a276a98b,7046029254386353131,90,23,26,3,8661,11535,8609,11483,52,52,6,1817,0,1811,6,6,6,1772,0,1766,6,6,45
radixor-generalization-v1,4.3.0.dirty,14f61beb106bca21d78f828e2f8e35fb457d3d90,dirty,546a2b82c9418393817a4beeea7a0ace75112f95a28c95ecb284e090942cdd88,EUS,eus-default,1.0.0,29ea20d68e085f9403c32330259f02599f6c510f47db0475f1e3ea73a276a98b,7046029254386353131,80,21,26,5,7799,11535,7747,11483,52,52,10,2683,0,2673,10,10,10,2638,0,2628,10,10,45
radixor-generalization-v1,4.3.0.dirty,14f61beb106bca21d78f828e2f8e35fb457d3d90,dirty,546a2b82c9418393817a4beeea7a0ace75112f95a28c95ecb284e090942cdd88,EUS,eus-default,1.0.0,29ea20d68e085f9403c32330259f02599f6c510f47db0475f1e3ea73a276a98b,7046029254386353131,70,18,26,8,6961,11535,6909,11483,52,52,16,3540,0,3524,16,16,16,3482,0,3466,16,16,58
radixor-generalization-v1,4.3.0.dirty,14f61beb106bca21d78f828e2f8e35fb457d3d90,dirty,546a2b82c9418393817a4beeea7a0ace75112f95a28c95ecb284e090942cdd88,EUS,eus-default,1.0.0,29ea20d68e085f9403c32330259f02599f6c510f47db0475f1e3ea73a276a98b,7046029254386353131,60,16,26,10,6319,11535,6267,11483,52,52,20,4186,0,4166,20,20,20,4128,0,4108,20,20,58
radixor-generalization-v1,4.3.0.dirty,14f61beb106bca21d78f828e2f8e35fb457d3d90,dirty,546a2b82c9418393817a4beeea7a0ace75112f95a28c95ecb284e090942cdd88,EUS,eus-default,1.0.0,29ea20d68e085f9403c32330259f02599f6c510f47db0475f1e3ea73a276a98b,7046029254386353131,50,13,26,13,5994,11535,5942,11483,52,52,40,5580,14,5554,26,26,40,4473,14,4447,26,26,1107
radixor-generalization-v1,4.3.0.dirty,14f61beb106bca21d78f828e2f8e35fb457d3d90,dirty,546a2b82c9418393817a4beeea7a0ace75112f95a28c95ecb284e090942cdd88,EUS,eus-default,1.0.0,29ea20d68e085f9403c32330259f02599f6c510f47db0475f1e3ea73a276a98b,7046029254386353131,40,10,26,16,4799,11535,4747,11483,52,52,58,6793,26,6761,32,32,58,5698,26,5666,32,32,1095
radixor-generalization-v1,4.3.0.dirty,14f61beb106bca21d78f828e2f8e35fb457d3d90,dirty,546a2b82c9418393817a4beeea7a0ace75112f95a28c95ecb284e090942cdd88,EUS,eus-default,1.0.0,29ea20d68e085f9403c32330259f02599f6c510f47db0475f1e3ea73a276a98b,7046029254386353131,30,8,26,18,3735,11535,3683,11483,52,52,48,7848,12,7812,36,36,48,6752,12,6716,36,36,1096
radixor-generalization-v1,4.3.0.dirty,14f61beb106bca21d78f828e2f8e35fb457d3d90,dirty,546a2b82c9418393817a4beeea7a0ace75112f95a28c95ecb284e090942cdd88,EUS,eus-default,1.0.0,29ea20d68e085f9403c32330259f02599f6c510f47db0475f1e3ea73a276a98b,7046029254386353131,20,5,26,21,2441,11535,2389,11483,52,52,54,9148,12,9106,42,42,54,8052,12,8010,42,42,1096
radixor-generalization-v1,4.3.0.dirty,14f61beb106bca21d78f828e2f8e35fb457d3d90,dirty,546a2b82c9418393817a4beeea7a0ace75112f95a28c95ecb284e090942cdd88,EUS,eus-default,1.0.0,29ea20d68e085f9403c32330259f02599f6c510f47db0475f1e3ea73a276a98b,7046029254386353131,10,3,26,23,1449,11535,1397,11483,52,52,46,10132,0,10086,46,46,46,9036,0,8990,46,46,1096
radixor-generalization-v1,4.3.0.dirty,14f61beb106bca21d78f828e2f8e35fb457d3d90,dirty,546a2b82c9418393817a4beeea7a0ace75112f95a28c95ecb284e090942cdd88,EUS,eus-default,1.0.0,29ea20d68e085f9403c32330259f02599f6c510f47db0475f1e3ea73a276a98b,2611923443488327891,100,26,26,0,10427,11535,10375,11483,52,52,0,0,0,0,0,0,0,0,0,0,0,0,0
radixor-generalization-v1,4.3.0.dirty,14f61beb106bca21d78f828e2f8e35fb457d3d90,dirty,546a2b82c9418393817a4beeea7a0ace75112f95a28c95ecb284e090942cdd88,EUS,eus-default,1.0.0,29ea20d68e085f9403c32330259f02599f6c510f47db0475f1e3ea73a276a98b,2611923443488327891,90,23,26,3,9925,11535,9873,11483,52,52,20,1571,14,1565,6,6,20,522,14,516,6,6,1049
radixor-generalization-v1,4.3.0.dirty,14f61beb106bca21d78f828e2f8e35fb457d3d90,dirty,546a2b82c9418393817a4beeea7a0ace75112f95a28c95ecb284e090942cdd88,EUS,eus-default,1.0.0,29ea20d68e085f9403c32330259f02599f6c510f47db0475f1e3ea73a276a98b,2611923443488327891,80,21,26,5,9264,11535,9212,11483,52,52,24,2236,14,2226,10,10,24,1187,14,1177,10,10,1049
radixor-generalization-v1,4.3.0.dirty,14f61beb106bca21d78f828e2f8e35fb457d3d90,dirty,546a2b82c9418393817a4beeea7a0ace75112f95a28c95ecb284e090942cdd88,EUS,eus-default,1.0.0,29ea20d68e085f9403c32330259f02599f6c510f47db0475f1e3ea73a276a98b,2611923443488327891,70,18,26,8,7814,11535,7762,11483,52,52,44,3707,28,3691,16,16,44,2657,28,2641,16,16,1050
radixor-generalization-v1,4.3.0.dirty,14f61beb106bca21d78f828e2f8e35fb457d3d90,dirty,546a2b82c9418393817a4beeea7a0ace75112f95a28c95ecb284e090942cdd88,EUS,eus-default,1.0.0,29ea20d68e085f9403c32330259f02599f6c510f47db0475f1e3ea73a276a98b,2611923443488327891,60,16,26,10,7573,11535,7521,11483,52,52,34,3938,14,3918,20,20,34,2888,14,2868,20,20,1050
radixor-generalization-v1,4.3.0.dirty,14f61beb106bca21d78f828e2f8e35fb457d3d90,dirty,546a2b82c9418393817a4beeea7a0ace75112f95a28c95ecb284e090942cdd88,EUS,eus-default,1.0.0,29ea20d68e085f9403c32330259f02599f6c510f47db0475f1e3ea73a276a98b,2611923443488327891,50,13,26,13,6181,11535,6129,11483,52,52,40,5337,14,5311,26,26,40,4286,14,4260,26,26,1051
radixor-generalization-v1,4.3.0.dirty,14f61beb106bca21d78f828e2f8e35fb457d3d90,dirty,546a2b82c9418393817a4beeea7a0ace75112f95a28c95ecb284e090942cdd88,EUS,eus-default,1.0.0,29ea20d68e085f9403c32330259f02599f6c510f47db0475f1e3ea73a276a98b,2611923443488327891,40,10,26,16,5355,11535,5303,11483,52,52,46,6181,14,6149,32,32,46,5119,14,5087,32,32,1062
radixor-generalization-v1,4.3.0.dirty,14f61beb106bca21d78f828e2f8e35fb457d3d90,dirty,546a2b82c9418393817a4beeea7a0ace75112f95a28c95ecb284e090942cdd88,EUS,eus-default,1.0.0,29ea20d68e085f9403c32330259f02599f6c510f47db0475f1e3ea73a276a98b,2611923443488327891,30,8,26,18,4221,11535,4169,11483,52,52,50,7364,14,7328,36,36,50,7273,14,7237,36,36,91
radixor-generalization-v1,4.3.0.dirty,14f61beb106bca21d78f828e2f8e35fb457d3d90,dirty,546a2b82c9418393817a4beeea7a0ace75112f95a28c95ecb284e090942cdd88,EUS,eus-default,1.0.0,29ea20d68e085f9403c32330259f02599f6c510f47db0475f1e3ea73a276a98b,2611923443488327891,20,5,26,21,2209,11535,2157,11483,52,52,69,9395,27,9353,42,42,69,9307,27,9265,42,42,88
radixor-generalization-v1,4.3.0.dirty,14f61beb106bca21d78f828e2f8e35fb457d3d90,dirty,546a2b82c9418393817a4beeea7a0ace75112f95a28c95ecb284e090942cdd88,EUS,eus-default,1.0.0,29ea20d68e085f9403c32330259f02599f6c510f47db0475f1e3ea73a276a98b,2611923443488327891,10,3,26,23,1155,11535,1103,11483,52,52,50,10430,4,10384,46,46,50,10430,4,10384,46,46,0
radixor-generalization-v1,4.3.0.dirty,14f61beb106bca21d78f828e2f8e35fb457d3d90,dirty,546a2b82c9418393817a4beeea7a0ace75112f95a28c95ecb284e090942cdd88,EUS,eus-default,1.0.0,29ea20d68e085f9403c32330259f02599f6c510f47db0475f1e3ea73a276a98b,15111065706836454659,100,26,26,0,10427,11535,10375,11483,52,52,0,0,0,0,0,0,0,0,0,0,0,0,0
radixor-generalization-v1,4.3.0.dirty,14f61beb106bca21d78f828e2f8e35fb457d3d90,dirty,546a2b82c9418393817a4beeea7a0ace75112f95a28c95ecb284e090942cdd88,EUS,eus-default,1.0.0,29ea20d68e085f9403c32330259f02599f6c510f47db0475f1e3ea73a276a98b,15111065706836454659,90,23,26,3,9163,11535,9111,11483,52,52,6,1270,0,1264,6,6,6,1270,0,1264,6,6,0
radixor-generalization-v1,4.3.0.dirty,14f61beb106bca21d78f828e2f8e35fb457d3d90,dirty,546a2b82c9418393817a4beeea7a0ace75112f95a28c95ecb284e090942cdd88,EUS,eus-default,1.0.0,29ea20d68e085f9403c32330259f02599f6c510f47db0475f1e3ea73a276a98b,15111065706836454659,80,21,26,5,7973,11535,7921,11483,52,52,10,2465,0,2455,10,10,10,2464,0,2454,10,10,1
radixor-generalization-v1,4.3.0.dirty,14f61beb106bca21d78f828e2f8e35fb457d3d90,dirty,546a2b82c9418393817a4beeea7a0ace75112f95a28c95ecb284e090942cdd88,EUS,eus-default,1.0.0,29ea20d68e085f9403c32330259f02599f6c510f47db0475f1e3ea73a276a98b,15111065706836454659,70,18,26,8,7465,11535,7413,11483,52,52,16,2991,0,2975,16,16,16,2978,0,2962,16,16,13
radixor-generalization-v1,4.3.0.dirty,14f61beb106bca21d78f828e2f8e35fb457d3d90,dirty,546a2b82c9418393817a4beeea7a0ace75112f95a28c95ecb284e090942cdd88,EUS,eus-default,1.0.0,29ea20d68e085f9403c32330259f02599f6c510f47db0475f1e3ea73a276a98b,15111065706836454659,60,16,26,10,6809,11535,6757,11483,52,52,20,4700,0,4680,20,20,20,3638,0,3618,20,20,1062
radixor-generalization-v1,4.3.0.dirty,14f61beb106bca21d78f828e2f8e35fb457d3d90,dirty,546a2b82c9418393817a4beeea7a0ace75112f95a28c95ecb284e090942cdd88,EUS,eus-default,1.0.0,29ea20d68e085f9403c32330259f02599f6c510f47db0475f1e3ea73a276a98b,15111065706836454659,50,13,26,13,5745,11535,5693,11483,52,52,38,5782,12,5756,26,26,38,4720,12,4694,26,26,1062
radixor-generalization-v1,4.3.0.dirty,14f61beb106bca21d78f828e2f8e35fb457d3d90,dirty,546a2b82c9418393817a4beeea7a0ace75112f95a28c95ecb284e090942cdd88,EUS,eus-default,1.0.0,29ea20d68e085f9403c32330259f02599f6c510f47db0475f1e3ea73a276a98b,15111065706836454659,40,10,26,16,4617,11535,4565,11483,52,52,48,6920,16,6888,32,32,48,5858,16,5826,32,32,1062
radixor-generalization-v1,4.3.0.dirty,14f61beb106bca21d78f828e2f8e35fb457d3d90,dirty,546a2b82c9418393817a4beeea7a0ace75112f95a28c95ecb284e090942cdd88,EUS,eus-default,1.0.0,29ea20d68e085f9403c32330259f02599f6c510f47db0475f1e3ea73a276a98b,15111065706836454659,30,8,26,18,3689,11535,3637,11483,52,52,36,7836,0,7800,36,36,36,6774,0,6738,36,36,1062
radixor-generalization-v1,4.3.0.dirty,14f61beb106bca21d78f828e2f8e35fb457d3d90,dirty,546a2b82c9418393817a4beeea7a0ace75112f95a28c95ecb284e090942cdd88,EUS,eus-default,1.0.0,29ea20d68e085f9403c32330259f02599f6c510f47db0475f1e3ea73a276a98b,15111065706836454659,20,5,26,21,2788,11535,2736,11483,52,52,55,8800,13,8758,42,42,55,7695,13,7653,42,42,1105
radixor-generalization-v1,4.3.0.dirty,14f61beb106bca21d78f828e2f8e35fb457d3d90,dirty,546a2b82c9418393817a4beeea7a0ace75112f95a28c95ecb284e090942cdd88,EUS,eus-default,1.0.0,29ea20d68e085f9403c32330259f02599f6c510f47db0475f1e3ea73a276a98b,15111065706836454659,10,3,26,23,1712,11535,1660,11483,52,52,46,9868,0,9822,46,46,46,8762,0,8716,46,46,1106
radixor-generalization-v1,4.3.0.dirty,14f61beb106bca21d78f828e2f8e35fb457d3d90,dirty,546a2b82c9418393817a4beeea7a0ace75112f95a28c95ecb284e090942cdd88,FY_NL,fy-nl-default,1.0.0,24dbc346fc258d7315048b02d24e8cc3675739e6563613695dac3c548fcfab68,2654435761,100,85,85,0,781,784,611,614,170,170,0,0,0,0,0,0,0,0,0,0,0,0,0
radixor-generalization-v1,4.3.0.dirty,14f61beb106bca21d78f828e2f8e35fb457d3d90,dirty,546a2b82c9418393817a4beeea7a0ace75112f95a28c95ecb284e090942cdd88,FY_NL,fy-nl-default,1.0.0,24dbc346fc258d7315048b02d24e8cc3675739e6563613695dac3c548fcfab68,2654435761,90,77,85,8,751,784,581,614,170,170,44,74,28,58,16,16,44,74,28,58,16,16,0
radixor-generalization-v1,4.3.0.dirty,14f61beb106bca21d78f828e2f8e35fb457d3d90,dirty,546a2b82c9418393817a4beeea7a0ace75112f95a28c95ecb284e090942cdd88,FY_NL,fy-nl-default,1.0.0,24dbc346fc258d7315048b02d24e8cc3675739e6563613695dac3c548fcfab68,2654435761,80,68,85,17,717,784,549,614,168,170,99,163,67,129,32,34,99,163,67,129,32,34,0
radixor-generalization-v1,4.3.0.dirty,14f61beb106bca21d78f828e2f8e35fb457d3d90,dirty,546a2b82c9418393817a4beeea7a0ace75112f95a28c95ecb284e090942cdd88,FY_NL,fy-nl-default,1.0.0,24dbc346fc258d7315048b02d24e8cc3675739e6563613695dac3c548fcfab68,2654435761,70,60,85,25,694,784,526,614,168,170,149,239,101,189,48,50,149,236,101,186,48,50,3
radixor-generalization-v1,4.3.0.dirty,14f61beb106bca21d78f828e2f8e35fb457d3d90,dirty,546a2b82c9418393817a4beeea7a0ace75112f95a28c95ecb284e090942cdd88,FY_NL,fy-nl-default,1.0.0,24dbc346fc258d7315048b02d24e8cc3675739e6563613695dac3c548fcfab68,2654435761,60,51,85,34,646,784,478,614,168,170,183,321,117,253,66,68,183,318,117,250,66,68,3
radixor-generalization-v1,4.3.0.dirty,14f61beb106bca21d78f828e2f8e35fb457d3d90,dirty,546a2b82c9418393817a4beeea7a0ace75112f95a28c95ecb284e090942cdd88,FY_NL,fy-nl-default,1.0.0,24dbc346fc258d7315048b02d24e8cc3675739e6563613695dac3c548fcfab68,2654435761,50,43,85,42,598,784,432,614,166,170,212,398,132,314,80,84,212,395,132,311,80,84,3
radixor-generalization-v1,4.3.0.dirty,14f61beb106bca21d78f828e2f8e35fb457d3d90,dirty,546a2b82c9418393817a4beeea7a0ace75112f95a28c95ecb284e090942cdd88,FY_NL,fy-nl-default,1.0.0,24dbc346fc258d7315048b02d24e8cc3675739e6563613695dac3c548fcfab68,2654435761,40,34,85,51,538,784,378,614,160,170,231,477,139,375,92,102,231,474,139,372,92,102,3
radixor-generalization-v1,4.3.0.dirty,14f61beb106bca21d78f828e2f8e35fb457d3d90,dirty,546a2b82c9418393817a4beeea7a0ace75112f95a28c95ecb284e090942cdd88,FY_NL,fy-nl-default,1.0.0,24dbc346fc258d7315048b02d24e8cc3675739e6563613695dac3c548fcfab68,2654435761,30,26,85,59,490,784,328,614,162,170,252,546,142,428,110,118,252,546,142,428,110,118,0
radixor-generalization-v1,4.3.0.dirty,14f61beb106bca21d78f828e2f8e35fb457d3d90,dirty,546a2b82c9418393817a4beeea7a0ace75112f95a28c95ecb284e090942cdd88,FY_NL,fy-nl-default,1.0.0,24dbc346fc258d7315048b02d24e8cc3675739e6563613695dac3c548fcfab68,2654435761,20,17,85,68,420,784,252,614,168,170,259,623,125,487,134,136,259,623,125,487,134,136,0
radixor-generalization-v1,4.3.0.dirty,14f61beb106bca21d78f828e2f8e35fb457d3d90,dirty,546a2b82c9418393817a4beeea7a0ace75112f95a28c95ecb284e090942cdd88,FY_NL,fy-nl-default,1.0.0,24dbc346fc258d7315048b02d24e8cc3675739e6563613695dac3c548fcfab68,2654435761,10,9,85,76,322,784,182,614,140,170,240,702,118,550,122,152,240,702,118,550,122,152,0
radixor-generalization-v1,4.3.0.dirty,14f61beb106bca21d78f828e2f8e35fb457d3d90,dirty,546a2b82c9418393817a4beeea7a0ace75112f95a28c95ecb284e090942cdd88,FY_NL,fy-nl-default,1.0.0,24dbc346fc258d7315048b02d24e8cc3675739e6563613695dac3c548fcfab68,11400714819323198485,100,85,85,0,781,784,611,614,170,170,0,0,0,0,0,0,0,0,0,0,0,0,0
radixor-generalization-v1,4.3.0.dirty,14f61beb106bca21d78f828e2f8e35fb457d3d90,dirty,546a2b82c9418393817a4beeea7a0ace75112f95a28c95ecb284e090942cdd88,FY_NL,fy-nl-default,1.0.0,24dbc346fc258d7315048b02d24e8cc3675739e6563613695dac3c548fcfab68,11400714819323198485,90,77,85,8,748,784,582,614,166,170,39,72,27,56,12,16,39,72,27,56,12,16,0
radixor-generalization-v1,4.3.0.dirty,14f61beb106bca21d78f828e2f8e35fb457d3d90,dirty,546a2b82c9418393817a4beeea7a0ace75112f95a28c95ecb284e090942cdd88,FY_NL,fy-nl-default,1.0.0,24dbc346fc258d7315048b02d24e8cc3675739e6563613695dac3c548fcfab68,11400714819323198485,80,68,85,17,712,784,546,614,166,170,89,158,59,124,30,34,89,158,59,124,30,34,0
radixor-generalization-v1,4.3.0.dirty,14f61beb106bca21d78f828e2f8e35fb457d3d90,dirty,546a2b82c9418393817a4beeea7a0ace75112f95a28c95ecb284e090942cdd88,FY_NL,fy-nl-default,1.0.0,24dbc346fc258d7315048b02d24e8cc3675739e6563613695dac3c548fcfab68,11400714819323198485,70,60,85,25,673,784,507,614,166,170,134,242,88,192,46,50,134,242,88,192,46,50,0
radixor-generalization-v1,4.3.0.dirty,14f61beb106bca21d78f828e2f8e35fb457d3d90,dirty,546a2b82c9418393817a4beeea7a0ace75112f95a28c95ecb284e090942cdd88,FY_NL,fy-nl-default,1.0.0,24dbc346fc258d7315048b02d24e8cc3675739e6563613695dac3c548fcfab68,11400714819323198485,60,51,85,34,651,784,485,614,166,170,187,317,123,249,64,68,187,317,123,249,64,68,0
radixor-generalization-v1,4.3.0.dirty,14f61beb106bca21d78f828e2f8e35fb457d3d90,dirty,546a2b82c9418393817a4beeea7a0ace75112f95a28c95ecb284e090942cdd88,FY_NL,fy-nl-default,1.0.0,24dbc346fc258d7315048b02d24e8cc3675739e6563613695dac3c548fcfab68,11400714819323198485,50,43,85,42,585,784,423,614,162,170,195,391,119,307,76,84,195,391,119,307,76,84,0
radixor-generalization-v1,4.3.0.dirty,14f61beb106bca21d78f828e2f8e35fb457d3d90,dirty,546a2b82c9418393817a4beeea7a0ace75112f95a28c95ecb284e090942cdd88,FY_NL,fy-nl-default,1.0.0,24dbc346fc258d7315048b02d24e8cc3675739e6563613695dac3c548fcfab68,11400714819323198485,40,34,85,51,538,784,376,614,162,170,220,466,126,364,94,102,220,463,126,361,94,102,3
radixor-generalization-v1,4.3.0.dirty,14f61beb106bca21d78f828e2f8e35fb457d3d90,dirty,546a2b82c9418393817a4beeea7a0ace75112f95a28c95ecb284e090942cdd88,FY_NL,fy-nl-default,1.0.0,24dbc346fc258d7315048b02d24e8cc3675739e6563613695dac3c548fcfab68,11400714819323198485,30,26,85,59,490,784,328,614,162,170,249,543,139,425,110,118,249,540,139,422,110,118,3
radixor-generalization-v1,4.3.0.dirty,14f61beb106bca21d78f828e2f8e35fb457d3d90,dirty,546a2b82c9418393817a4beeea7a0ace75112f95a28c95ecb284e090942cdd88,FY_NL,fy-nl-default,1.0.0,24dbc346fc258d7315048b02d24e8cc3675739e6563613695dac3c548fcfab68,11400714819323198485,20,17,85,68,386,784,236,614,150,170,231,629,115,493,116,136,231,626,115,490,116,136,3
radixor-generalization-v1,4.3.0.dirty,14f61beb106bca21d78f828e2f8e35fb457d3d90,dirty,546a2b82c9418393817a4beeea7a0ace75112f95a28c95ecb284e090942cdd88,FY_NL,fy-nl-default,1.0.0,24dbc346fc258d7315048b02d24e8cc3675739e6563613695dac3c548fcfab68,11400714819323198485,10,9,85,76,333,784,173,614,160,170,252,703,110,551,142,152,252,703,110,551,142,152,0
radixor-generalization-v1,4.3.0.dirty,14f61beb106bca21d78f828e2f8e35fb457d3d90,dirty,546a2b82c9418393817a4beeea7a0ace75112f95a28c95ecb284e090942cdd88,FY_NL,fy-nl-default,1.0.0,24dbc346fc258d7315048b02d24e8cc3675739e6563613695dac3c548fcfab68,7046029254386353131,100,85,85,0,781,784,611,614,170,170,0,0,0,0,0,0,0,0,0,0,0,0,0
radixor-generalization-v1,4.3.0.dirty,14f61beb106bca21d78f828e2f8e35fb457d3d90,dirty,546a2b82c9418393817a4beeea7a0ace75112f95a28c95ecb284e090942cdd88,FY_NL,fy-nl-default,1.0.0,24dbc346fc258d7315048b02d24e8cc3675739e6563613695dac3c548fcfab68,7046029254386353131,90,77,85,8,754,784,584,614,170,170,44,71,28,55,16,16,44,71,28,55,16,16,0
radixor-generalization-v1,4.3.0.dirty,14f61beb106bca21d78f828e2f8e35fb457d3d90,dirty,546a2b82c9418393817a4beeea7a0ace75112f95a28c95ecb284e090942cdd88,FY_NL,fy-nl-default,1.0.0,24dbc346fc258d7315048b02d24e8cc3675739e6563613695dac3c548fcfab68,7046029254386353131,80,68,85,17,699,784,533,614,166,170,77,159,47,125,30,34,77,159,47,125,30,34,0
radixor-generalization-v1,4.3.0.dirty,14f61beb106bca21d78f828e2f8e35fb457d3d90,dirty,546a2b82c9418393817a4beeea7a0ace75112f95a28c95ecb284e090942cdd88,FY_NL,fy-nl-default,1.0.0,24dbc346fc258d7315048b02d24e8cc3675739e6563613695dac3c548fcfab68,7046029254386353131,70,60,85,25,675,784,509,614,166,170,120,229,74,179,46,50,120,226,74,176,46,50,3
radixor-generalization-v1,4.3.0.dirty,14f61beb106bca21d78f828e2f8e35fb457d3d90,dirty,546a2b82c9418393817a4beeea7a0ace75112f95a28c95ecb284e090942cdd88,FY_NL,fy-nl-default,1.0.0,24dbc346fc258d7315048b02d24e8cc3675739e6563613695dac3c548fcfab68,7046029254386353131,60,51,85,34,645,784,483,614,162,170,174,313,114,245,60,68,174,313,114,245,60,68,0
radixor-generalization-v1,4.3.0.dirty,14f61beb106bca21d78f828e2f8e35fb457d3d90,dirty,546a2b82c9418393817a4beeea7a0ace75112f95a28c95ecb284e090942cdd88,FY_NL,fy-nl-default,1.0.0,24dbc346fc258d7315048b02d24e8cc3675739e6563613695dac3c548fcfab68,7046029254386353131,50,43,85,42,622,784,460,614,162,170,233,395,157,311,76,84,233,395,157,311,76,84,0
radixor-generalization-v1,4.3.0.dirty,14f61beb106bca21d78f828e2f8e35fb457d3d90,dirty,546a2b82c9418393817a4beeea7a0ace75112f95a28c95ecb284e090942cdd88,FY_NL,fy-nl-default,1.0.0,24dbc346fc258d7315048b02d24e8cc3675739e6563613695dac3c548fcfab68,7046029254386353131,40,34,85,51,573,784,413,614,160,170,270,481,178,379,92,102,270,481,178,379,92,102,0
radixor-generalization-v1,4.3.0.dirty,14f61beb106bca21d78f828e2f8e35fb457d3d90,dirty,546a2b82c9418393817a4beeea7a0ace75112f95a28c95ecb284e090942cdd88,FY_NL,fy-nl-default,1.0.0,24dbc346fc258d7315048b02d24e8cc3675739e6563613695dac3c548fcfab68,7046029254386353131,30,26,85,59,523,784,363,614,160,170,288,549,180,431,108,118,288,549,180,431,108,118,0
radixor-generalization-v1,4.3.0.dirty,14f61beb106bca21d78f828e2f8e35fb457d3d90,dirty,546a2b82c9418393817a4beeea7a0ace75112f95a28c95ecb284e090942cdd88,FY_NL,fy-nl-default,1.0.0,24dbc346fc258d7315048b02d24e8cc3675739e6563613695dac3c548fcfab68,7046029254386353131,20,17,85,68,457,784,297,614,160,170,302,629,176,493,126,136,302,629,176,493,126,136,0
radixor-generalization-v1,4.3.0.dirty,14f61beb106bca21d78f828e2f8e35fb457d3d90,dirty,546a2b82c9418393817a4beeea7a0ace75112f95a28c95ecb284e090942cdd88,FY_NL,fy-nl-default,1.0.0,24dbc346fc258d7315048b02d24e8cc3675739e6563613695dac3c548fcfab68,7046029254386353131,10,9,85,76,320,784,182,614,138,170,243,707,123,555,120,152,243,707,123,555,120,152,0
radixor-generalization-v1,4.3.0.dirty,14f61beb106bca21d78f828e2f8e35fb457d3d90,dirty,546a2b82c9418393817a4beeea7a0ace75112f95a28c95ecb284e090942cdd88,FY_NL,fy-nl-default,1.0.0,24dbc346fc258d7315048b02d24e8cc3675739e6563613695dac3c548fcfab68,2611923443488327891,100,85,85,0,781,784,611,614,170,170,0,0,0,0,0,0,0,0,0,0,0,0,0
radixor-generalization-v1,4.3.0.dirty,14f61beb106bca21d78f828e2f8e35fb457d3d90,dirty,546a2b82c9418393817a4beeea7a0ace75112f95a28c95ecb284e090942cdd88,FY_NL,fy-nl-default,1.0.0,24dbc346fc258d7315048b02d24e8cc3675739e6563613695dac3c548fcfab68,2611923443488327891,90,77,85,8,744,784,574,614,170,170,36,73,20,57,16,16,36,73,20,57,16,16,0
radixor-generalization-v1,4.3.0.dirty,14f61beb106bca21d78f828e2f8e35fb457d3d90,dirty,546a2b82c9418393817a4beeea7a0ace75112f95a28c95ecb284e090942cdd88,FY_NL,fy-nl-default,1.0.0,24dbc346fc258d7315048b02d24e8cc3675739e6563613695dac3c548fcfab68,2611923443488327891,80,68,85,17,714,784,546,614,168,170,88,155,56,121,32,34,88,155,56,121,32,34,0
radixor-generalization-v1,4.3.0.dirty,14f61beb106bca21d78f828e2f8e35fb457d3d90,dirty,546a2b82c9418393817a4beeea7a0ace75112f95a28c95ecb284e090942cdd88,FY_NL,fy-nl-default,1.0.0,24dbc346fc258d7315048b02d24e8cc3675739e6563613695dac3c548fcfab68,2611923443488327891,70,60,85,25,685,784,519,614,166,170,130,226,84,176,46,50,130,226,84,176,46,50,0
radixor-generalization-v1,4.3.0.dirty,14f61beb106bca21d78f828e2f8e35fb457d3d90,dirty,546a2b82c9418393817a4beeea7a0ace75112f95a28c95ecb284e090942cdd88,FY_NL,fy-nl-default,1.0.0,24dbc346fc258d7315048b02d24e8cc3675739e6563613695dac3c548fcfab68,2611923443488327891,60,51,85,34,640,784,480,614,160,170,165,306,107,238,58,68,165,306,107,238,58,68,0
radixor-generalization-v1,4.3.0.dirty,14f61beb106bca21d78f828e2f8e35fb457d3d90,dirty,546a2b82c9418393817a4beeea7a0ace75112f95a28c95ecb284e090942cdd88,FY_NL,fy-nl-default,1.0.0,24dbc346fc258d7315048b02d24e8cc3675739e6563613695dac3c548fcfab68,2611923443488327891,50,43,85,42,595,784,435,614,160,170,204,390,130,306,74,84,204,390,130,306,74,84,0
radixor-generalization-v1,4.3.0.dirty,14f61beb106bca21d78f828e2f8e35fb457d3d90,dirty,546a2b82c9418393817a4beeea7a0ace75112f95a28c95ecb284e090942cdd88,FY_NL,fy-nl-default,1.0.0,24dbc346fc258d7315048b02d24e8cc3675739e6563613695dac3c548fcfab68,2611923443488327891,40,34,85,51,537,784,371,614,166,170,229,473,131,371,98,102,229,473,131,371,98,102,0
radixor-generalization-v1,4.3.0.dirty,14f61beb106bca21d78f828e2f8e35fb457d3d90,dirty,546a2b82c9418393817a4beeea7a0ace75112f95a28c95ecb284e090942cdd88,FY_NL,fy-nl-default,1.0.0,24dbc346fc258d7315048b02d24e8cc3675739e6563613695dac3c548fcfab68,2611923443488327891,30,26,85,59,485,784,321,614,164,170,252,548,140,430,112,118,252,548,140,430,112,118,0
radixor-generalization-v1,4.3.0.dirty,14f61beb106bca21d78f828e2f8e35fb457d3d90,dirty,546a2b82c9418393817a4beeea7a0ace75112f95a28c95ecb284e090942cdd88,FY_NL,fy-nl-default,1.0.0,24dbc346fc258d7315048b02d24e8cc3675739e6563613695dac3c548fcfab68,2611923443488327891,20,17,85,68,436,784,272,614,164,170,278,623,148,487,130,136,278,623,148,487,130,136,0
radixor-generalization-v1,4.3.0.dirty,14f61beb106bca21d78f828e2f8e35fb457d3d90,dirty,546a2b82c9418393817a4beeea7a0ace75112f95a28c95ecb284e090942cdd88,FY_NL,fy-nl-default,1.0.0,24dbc346fc258d7315048b02d24e8cc3675739e6563613695dac3c548fcfab68,2611923443488327891,10,9,85,76,364,784,234,614,130,170,275,695,163,543,112,152,275,695,163,543,112,152,0
radixor-generalization-v1,4.3.0.dirty,14f61beb106bca21d78f828e2f8e35fb457d3d90,dirty,546a2b82c9418393817a4beeea7a0ace75112f95a28c95ecb284e090942cdd88,FY_NL,fy-nl-default,1.0.0,24dbc346fc258d7315048b02d24e8cc3675739e6563613695dac3c548fcfab68,15111065706836454659,100,85,85,0,781,784,611,614,170,170,0,0,0,0,0,0,0,0,0,0,0,0,0
radixor-generalization-v1,4.3.0.dirty,14f61beb106bca21d78f828e2f8e35fb457d3d90,dirty,546a2b82c9418393817a4beeea7a0ace75112f95a28c95ecb284e090942cdd88,FY_NL,fy-nl-default,1.0.0,24dbc346fc258d7315048b02d24e8cc3675739e6563613695dac3c548fcfab68,15111065706836454659,90,77,85,8,761,784,591,614,170,170,54,74,38,58,16,16,54,74,38,58,16,16,0
radixor-generalization-v1,4.3.0.dirty,14f61beb106bca21d78f828e2f8e35fb457d3d90,dirty,546a2b82c9418393817a4beeea7a0ace75112f95a28c95ecb284e090942cdd88,FY_NL,fy-nl-default,1.0.0,24dbc346fc258d7315048b02d24e8cc3675739e6563613695dac3c548fcfab68,15111065706836454659,80,68,85,17,712,784,542,614,170,170,90,162,56,128,34,34,90,159,56,125,34,34,3
radixor-generalization-v1,4.3.0.dirty,14f61beb106bca21d78f828e2f8e35fb457d3d90,dirty,546a2b82c9418393817a4beeea7a0ace75112f95a28c95ecb284e090942cdd88,FY_NL,fy-nl-default,1.0.0,24dbc346fc258d7315048b02d24e8cc3675739e6563613695dac3c548fcfab68,15111065706836454659,70,60,85,25,685,784,515,614,170,170,137,236,87,186,50,50,137,233,87,183,50,50,3
radixor-generalization-v1,4.3.0.dirty,14f61beb106bca21d78f828e2f8e35fb457d3d90,dirty,546a2b82c9418393817a4beeea7a0ace75112f95a28c95ecb284e090942cdd88,FY_NL,fy-nl-default,1.0.0,24dbc346fc258d7315048b02d24e8cc3675739e6563613695dac3c548fcfab68,15111065706836454659,60,51,85,34,663,784,493,614,170,170,199,320,131,252,68,68,199,317,131,249,68,68,3
radixor-generalization-v1,4.3.0.dirty,14f61beb106bca21d78f828e2f8e35fb457d3d90,dirty,546a2b82c9418393817a4beeea7a0ace75112f95a28c95ecb284e090942cdd88,FY_NL,fy-nl-default,1.0.0,24dbc346fc258d7315048b02d24e8cc3675739e6563613695dac3c548fcfab68,15111065706836454659,50,43,85,42,624,784,454,614,170,170,233,393,149,309,84,84,233,393,149,309,84,84,0
radixor-generalization-v1,4.3.0.dirty,14f61beb106bca21d78f828e2f8e35fb457d3d90,dirty,546a2b82c9418393817a4beeea7a0ace75112f95a28c95ecb284e090942cdd88,FY_NL,fy-nl-default,1.0.0,24dbc346fc258d7315048b02d24e8cc3675739e6563613695dac3c548fcfab68,15111065706836454659,40,34,85,51,560,784,396,614,164,170,251,475,155,373,96,102,251,475,155,373,96,102,0
radixor-generalization-v1,4.3.0.dirty,14f61beb106bca21d78f828e2f8e35fb457d3d90,dirty,546a2b82c9418393817a4beeea7a0ace75112f95a28c95ecb284e090942cdd88,FY_NL,fy-nl-default,1.0.0,24dbc346fc258d7315048b02d24e8cc3675739e6563613695dac3c548fcfab68,15111065706836454659,30,26,85,59,505,784,345,614,160,170,265,544,157,426,108,118,265,544,157,426,108,118,0
radixor-generalization-v1,4.3.0.dirty,14f61beb106bca21d78f828e2f8e35fb457d3d90,dirty,546a2b82c9418393817a4beeea7a0ace75112f95a28c95ecb284e090942cdd88,FY_NL,fy-nl-default,1.0.0,24dbc346fc258d7315048b02d24e8cc3675739e6563613695dac3c548fcfab68,15111065706836454659,20,17,85,68,435,784,279,614,156,170,278,627,156,491,122,136,278,627,156,491,122,136,0
radixor-generalization-v1,4.3.0.dirty,14f61beb106bca21d78f828e2f8e35fb457d3d90,dirty,546a2b82c9418393817a4beeea7a0ace75112f95a28c95ecb284e090942cdd88,FY_NL,fy-nl-default,1.0.0,24dbc346fc258d7315048b02d24e8cc3675739e6563613695dac3c548fcfab68,15111065706836454659,10,9,85,76,390,784,234,614,156,170,299,693,161,541,138,152,299,693,161,541,138,152,0
radixor-generalization-v1,4.3.0.dirty,14f61beb106bca21d78f828e2f8e35fb457d3d90,dirty,546a2b82c9418393817a4beeea7a0ace75112f95a28c95ecb284e090942cdd88,GD_GB,gd-gb-default,1.0.0,089c9cb590ef564fee033fcaa59c50b7317aaed5e55ebd5493679a60b6458c33,2654435761,100,70,70,0,335,335,195,195,140,140,0,0,0,0,0,0,0,0,0,0,0,0,0
radixor-generalization-v1,4.3.0.dirty,14f61beb106bca21d78f828e2f8e35fb457d3d90,dirty,546a2b82c9418393817a4beeea7a0ace75112f95a28c95ecb284e090942cdd88,GD_GB,gd-gb-default,1.0.0,089c9cb590ef564fee033fcaa59c50b7317aaed5e55ebd5493679a60b6458c33,2654435761,90,63,70,7,320,335,180,195,140,140,15,30,1,16,14,14,15,30,1,16,14,14,0
radixor-generalization-v1,4.3.0.dirty,14f61beb106bca21d78f828e2f8e35fb457d3d90,dirty,546a2b82c9418393817a4beeea7a0ace75112f95a28c95ecb284e090942cdd88,GD_GB,gd-gb-default,1.0.0,089c9cb590ef564fee033fcaa59c50b7317aaed5e55ebd5493679a60b6458c33,2654435761,80,56,70,14,301,335,161,195,140,140,33,67,5,39,28,28,33,67,5,39,28,28,0
radixor-generalization-v1,4.3.0.dirty,14f61beb106bca21d78f828e2f8e35fb457d3d90,dirty,546a2b82c9418393817a4beeea7a0ace75112f95a28c95ecb284e090942cdd88,GD_GB,gd-gb-default,1.0.0,089c9cb590ef564fee033fcaa59c50b7317aaed5e55ebd5493679a60b6458c33,2654435761,70,49,70,21,278,335,138,195,140,140,46,103,4,61,42,42,46,103,4,61,42,42,0
radixor-generalization-v1,4.3.0.dirty,14f61beb106bca21d78f828e2f8e35fb457d3d90,dirty,546a2b82c9418393817a4beeea7a0ace75112f95a28c95ecb284e090942cdd88,GD_GB,gd-gb-default,1.0.0,089c9cb590ef564fee033fcaa59c50b7317aaed5e55ebd5493679a60b6458c33,2654435761,60,42,70,28,256,335,116,195,140,140,63,142,7,86,56,56,63,142,7,86,56,56,0
radixor-generalization-v1,4.3.0.dirty,14f61beb106bca21d78f828e2f8e35fb457d3d90,dirty,546a2b82c9418393817a4beeea7a0ace75112f95a28c95ecb284e090942cdd88,GD_GB,gd-gb-default,1.0.0,089c9cb590ef564fee033fcaa59c50b7317aaed5e55ebd5493679a60b6458c33,2654435761,50,35,70,35,239,335,99,195,140,140,79,175,9,105,70,70,79,175,9,105,70,70,0
radixor-generalization-v1,4.3.0.dirty,14f61beb106bca21d78f828e2f8e35fb457d3d90,dirty,546a2b82c9418393817a4beeea7a0ace75112f95a28c95ecb284e090942cdd88,GD_GB,gd-gb-default,1.0.0,089c9cb590ef564fee033fcaa59c50b7317aaed5e55ebd5493679a60b6458c33,2654435761,40,28,70,42,219,335,79,195,140,140,93,209,9,125,84,84,93,209,9,125,84,84,0
radixor-generalization-v1,4.3.0.dirty,14f61beb106bca21d78f828e2f8e35fb457d3d90,dirty,546a2b82c9418393817a4beeea7a0ace75112f95a28c95ecb284e090942cdd88,GD_GB,gd-gb-default,1.0.0,089c9cb590ef564fee033fcaa59c50b7317aaed5e55ebd5493679a60b6458c33,2654435761,30,21,70,49,202,335,66,195,136,140,109,242,15,144,94,98,109,242,15,144,94,98,0
radixor-generalization-v1,4.3.0.dirty,14f61beb106bca21d78f828e2f8e35fb457d3d90,dirty,546a2b82c9418393817a4beeea7a0ace75112f95a28c95ecb284e090942cdd88,GD_GB,gd-gb-default,1.0.0,089c9cb590ef564fee033fcaa59c50b7317aaed5e55ebd5493679a60b6458c33,2654435761,20,14,70,56,193,335,61,195,132,140,130,272,26,160,104,112,130,272,26,160,104,112,0
radixor-generalization-v1,4.3.0.dirty,14f61beb106bca21d78f828e2f8e35fb457d3d90,dirty,546a2b82c9418393817a4beeea7a0ace75112f95a28c95ecb284e090942cdd88,GD_GB,gd-gb-default,1.0.0,089c9cb590ef564fee033fcaa59c50b7317aaed5e55ebd5493679a60b6458c33,2654435761,10,7,70,63,167,335,37,195,130,140,133,301,17,175,116,126,133,301,17,175,116,126,0
radixor-generalization-v1,4.3.0.dirty,14f61beb106bca21d78f828e2f8e35fb457d3d90,dirty,546a2b82c9418393817a4beeea7a0ace75112f95a28c95ecb284e090942cdd88,GD_GB,gd-gb-default,1.0.0,089c9cb590ef564fee033fcaa59c50b7317aaed5e55ebd5493679a60b6458c33,11400714819323198485,100,70,70,0,335,335,195,195,140,140,0,0,0,0,0,0,0,0,0,0,0,0,0
radixor-generalization-v1,4.3.0.dirty,14f61beb106bca21d78f828e2f8e35fb457d3d90,dirty,546a2b82c9418393817a4beeea7a0ace75112f95a28c95ecb284e090942cdd88,GD_GB,gd-gb-default,1.0.0,089c9cb590ef564fee033fcaa59c50b7317aaed5e55ebd5493679a60b6458c33,11400714819323198485,90,63,70,7,325,335,185,195,140,140,17,27,3,13,14,14,17,27,3,13,14,14,0
radixor-generalization-v1,4.3.0.dirty,14f61beb106bca21d78f828e2f8e35fb457d3d90,dirty,546a2b82c9418393817a4beeea7a0ace75112f95a28c95ecb284e090942cdd88,GD_GB,gd-gb-default,1.0.0,089c9cb590ef564fee033fcaa59c50b7317aaed5e55ebd5493679a60b6458c33,11400714819323198485,80,56,70,14,313,335,173,195,140,140,34,56,6,28,28,28,34,56,6,28,28,28,0
radixor-generalization-v1,4.3.0.dirty,14f61beb106bca21d78f828e2f8e35fb457d3d90,dirty,546a2b82c9418393817a4beeea7a0ace75112f95a28c95ecb284e090942cdd88,GD_GB,gd-gb-default,1.0.0,089c9cb590ef564fee033fcaa59c50b7317aaed5e55ebd5493679a60b6458c33,11400714819323198485,70,49,70,21,300,335,160,195,140,140,52,87,10,45,42,42,52,87,10,45,42,42,0
radixor-generalization-v1,4.3.0.dirty,14f61beb106bca21d78f828e2f8e35fb457d3d90,dirty,546a2b82c9418393817a4beeea7a0ace75112f95a28c95ecb284e090942cdd88,GD_GB,gd-gb-default,1.0.0,089c9cb590ef564fee033fcaa59c50b7317aaed5e55ebd5493679a60b6458c33,11400714819323198485,60,42,70,28,275,335,139,195,136,140,64,124,12,68,52,56,64,124,12,68,52,56,0
radixor-generalization-v1,4.3.0.dirty,14f61beb106bca21d78f828e2f8e35fb457d3d90,dirty,546a2b82c9418393817a4beeea7a0ace75112f95a28c95ecb284e090942cdd88,GD_GB,gd-gb-default,1.0.0,089c9cb590ef564fee033fcaa59c50b7317aaed5e55ebd5493679a60b6458c33,11400714819323198485,50,35,70,35,254,335,118,195,136,140,77,158,11,88,66,70,77,158,11,88,66,70,0
radixor-generalization-v1,4.3.0.dirty,14f61beb106bca21d78f828e2f8e35fb457d3d90,dirty,546a2b82c9418393817a4beeea7a0ace75112f95a28c95ecb284e090942cdd88,GD_GB,gd-gb-default,1.0.0,089c9cb590ef564fee033fcaa59c50b7317aaed5e55ebd5493679a60b6458c33,11400714819323198485,40,28,70,42,235,335,103,195,132,140,92,192,16,108,76,84,92,192,16,108,76,84,0
radixor-generalization-v1,4.3.0.dirty,14f61beb106bca21d78f828e2f8e35fb457d3d90,dirty,546a2b82c9418393817a4beeea7a0ace75112f95a28c95ecb284e090942cdd88,GD_GB,gd-gb-default,1.0.0,089c9cb590ef564fee033fcaa59c50b7317aaed5e55ebd5493679a60b6458c33,11400714819323198485,30,21,70,49,225,335,91,195,134,140,121,231,29,133,92,98,121,231,29,133,92,98,0
radixor-generalization-v1,4.3.0.dirty,14f61beb106bca21d78f828e2f8e35fb457d3d90,dirty,546a2b82c9418393817a4beeea7a0ace75112f95a28c95ecb284e090942cdd88,GD_GB,gd-gb-default,1.0.0,089c9cb590ef564fee033fcaa59c50b7317aaed5e55ebd5493679a60b6458c33,11400714819323198485,20,14,70,56,211,335,75,195,136,140,141,265,33,153,108,112,141,265,33,153,108,112,0
radixor-generalization-v1,4.3.0.dirty,14f61beb106bca21d78f828e2f8e35fb457d3d90,dirty,546a2b82c9418393817a4beeea7a0ace75112f95a28c95ecb284e090942cdd88,GD_GB,gd-gb-default,1.0.0,089c9cb590ef564fee033fcaa59c50b7317aaed5e55ebd5493679a60b6458c33,11400714819323198485,10,7,70,63,183,335,51,195,132,140,150,302,32,176,118,126,150,302,32,176,118,126,0
radixor-generalization-v1,4.3.0.dirty,14f61beb106bca21d78f828e2f8e35fb457d3d90,dirty,546a2b82c9418393817a4beeea7a0ace75112f95a28c95ecb284e090942cdd88,GD_GB,gd-gb-default,1.0.0,089c9cb590ef564fee033fcaa59c50b7317aaed5e55ebd5493679a60b6458c33,7046029254386353131,100,70,70,0,335,335,195,195,140,140,0,0,0,0,0,0,0,0,0,0,0,0,0
radixor-generalization-v1,4.3.0.dirty,14f61beb106bca21d78f828e2f8e35fb457d3d90,dirty,546a2b82c9418393817a4beeea7a0ace75112f95a28c95ecb284e090942cdd88,GD_GB,gd-gb-default,1.0.0,089c9cb590ef564fee033fcaa59c50b7317aaed5e55ebd5493679a60b6458c33,7046029254386353131,90,63,70,7,313,335,173,195,140,140,16,38,2,24,14,14,16,38,2,24,14,14,0
radixor-generalization-v1,4.3.0.dirty,14f61beb106bca21d78f828e2f8e35fb457d3d90,dirty,546a2b82c9418393817a4beeea7a0ace75112f95a28c95ecb284e090942cdd88,GD_GB,gd-gb-default,1.0.0,089c9cb590ef564fee033fcaa59c50b7317aaed5e55ebd5493679a60b6458c33,7046029254386353131,80,56,70,14,296,335,156,195,140,140,35,74,7,46,28,28,35,74,7,46,28,28,0
radixor-generalization-v1,4.3.0.dirty,14f61beb106bca21d78f828e2f8e35fb457d3d90,dirty,546a2b82c9418393817a4beeea7a0ace75112f95a28c95ecb284e090942cdd88,GD_GB,gd-gb-default,1.0.0,089c9cb590ef564fee033fcaa59c50b7317aaed5e55ebd5493679a60b6458c33,7046029254386353131,70,49,70,21,276,335,136,195,140,140,49,108,7,66,42,42,49,108,7,66,42,42,0
radixor-generalization-v1,4.3.0.dirty,14f61beb106bca21d78f828e2f8e35fb457d3d90,dirty,546a2b82c9418393817a4beeea7a0ace75112f95a28c95ecb284e090942cdd88,GD_GB,gd-gb-default,1.0.0,089c9cb590ef564fee033fcaa59c50b7317aaed5e55ebd5493679a60b6458c33,7046029254386353131,60,42,70,28,258,335,120,195,138,140,67,144,13,88,54,56,67,144,13,88,54,56,0
radixor-generalization-v1,4.3.0.dirty,14f61beb106bca21d78f828e2f8e35fb457d3d90,dirty,546a2b82c9418393817a4beeea7a0ace75112f95a28c95ecb284e090942cdd88,GD_GB,gd-gb-default,1.0.0,089c9cb590ef564fee033fcaa59c50b7317aaed5e55ebd5493679a60b6458c33,7046029254386353131,50,35,70,35,245,335,107,195,138,140,86,176,18,106,68,70,86,176,18,106,68,70,0
radixor-generalization-v1,4.3.0.dirty,14f61beb106bca21d78f828e2f8e35fb457d3d90,dirty,546a2b82c9418393817a4beeea7a0ace75112f95a28c95ecb284e090942cdd88,GD_GB,gd-gb-default,1.0.0,089c9cb590ef564fee033fcaa59c50b7317aaed5e55ebd5493679a60b6458c33,7046029254386353131,40,28,70,42,228,335,92,195,136,140,101,208,21,124,80,84,101,208,21,124,80,84,0
radixor-generalization-v1,4.3.0.dirty,14f61beb106bca21d78f828e2f8e35fb457d3d90,dirty,546a2b82c9418393817a4beeea7a0ace75112f95a28c95ecb284e090942cdd88,GD_GB,gd-gb-default,1.0.0,089c9cb590ef564fee033fcaa59c50b7317aaed5e55ebd5493679a60b6458c33,7046029254386353131,30,21,70,49,213,335,77,195,136,140,119,241,25,143,94,98,119,241,25,143,94,98,0
radixor-generalization-v1,4.3.0.dirty,14f61beb106bca21d78f828e2f8e35fb457d3d90,dirty,546a2b82c9418393817a4beeea7a0ace75112f95a28c95ecb284e090942cdd88,GD_GB,gd-gb-default,1.0.0,089c9cb590ef564fee033fcaa59c50b7317aaed5e55ebd5493679a60b6458c33,7046029254386353131,20,14,70,56,169,335,47,195,122,140,111,277,17,165,94,112,111,277,17,165,94,112,0
radixor-generalization-v1,4.3.0.dirty,14f61beb106bca21d78f828e2f8e35fb457d3d90,dirty,546a2b82c9418393817a4beeea7a0ace75112f95a28c95ecb284e090942cdd88,GD_GB,gd-gb-default,1.0.0,089c9cb590ef564fee033fcaa59c50b7317aaed5e55ebd5493679a60b6458c33,7046029254386353131,10,7,70,63,150,335,28,195,122,140,122,307,14,181,108,126,122,307,14,181,108,126,0
radixor-generalization-v1,4.3.0.dirty,14f61beb106bca21d78f828e2f8e35fb457d3d90,dirty,546a2b82c9418393817a4beeea7a0ace75112f95a28c95ecb284e090942cdd88,GD_GB,gd-gb-default,1.0.0,089c9cb590ef564fee033fcaa59c50b7317aaed5e55ebd5493679a60b6458c33,2611923443488327891,100,70,70,0,335,335,195,195,140,140,0,0,0,0,0,0,0,0,0,0,0,0,0
radixor-generalization-v1,4.3.0.dirty,14f61beb106bca21d78f828e2f8e35fb457d3d90,dirty,546a2b82c9418393817a4beeea7a0ace75112f95a28c95ecb284e090942cdd88,GD_GB,gd-gb-default,1.0.0,089c9cb590ef564fee033fcaa59c50b7317aaed5e55ebd5493679a60b6458c33,2611923443488327891,90,63,70,7,317,335,177,195,140,140,15,33,1,19,14,14,15,33,1,19,14,14,0
radixor-generalization-v1,4.3.0.dirty,14f61beb106bca21d78f828e2f8e35fb457d3d90,dirty,546a2b82c9418393817a4beeea7a0ace75112f95a28c95ecb284e090942cdd88,GD_GB,gd-gb-default,1.0.0,089c9cb590ef564fee033fcaa59c50b7317aaed5e55ebd5493679a60b6458c33,2611923443488327891,80,56,70,14,304,335,164,195,140,140,31,62,3,34,28,28,31,62,3,34,28,28,0
radixor-generalization-v1,4.3.0.dirty,14f61beb106bca21d78f828e2f8e35fb457d3d90,dirty,546a2b82c9418393817a4beeea7a0ace75112f95a28c95ecb284e090942cdd88,GD_GB,gd-gb-default,1.0.0,089c9cb590ef564fee033fcaa59c50b7317aaed5e55ebd5493679a60b6458c33,2611923443488327891,70,49,70,21,291,335,151,195,140,140,51,95,9,53,42,42,51,95,9,53,42,42,0
radixor-generalization-v1,4.3.0.dirty,14f61beb106bca21d78f828e2f8e35fb457d3d90,dirty,546a2b82c9418393817a4beeea7a0ace75112f95a28c95ecb284e090942cdd88,GD_GB,gd-gb-default,1.0.0,089c9cb590ef564fee033fcaa59c50b7317aaed5e55ebd5493679a60b6458c33,2611923443488327891,60,42,70,28,278,335,138,195,140,140,65,122,9,66,56,56,65,122,9,66,56,56,0
radixor-generalization-v1,4.3.0.dirty,14f61beb106bca21d78f828e2f8e35fb457d3d90,dirty,546a2b82c9418393817a4beeea7a0ace75112f95a28c95ecb284e090942cdd88,GD_GB,gd-gb-default,1.0.0,089c9cb590ef564fee033fcaa59c50b7317aaed5e55ebd5493679a60b6458c33,2611923443488327891,50,35,70,35,260,335,120,195,140,140,81,156,11,86,70,70,81,156,11,86,70,70,0
radixor-generalization-v1,4.3.0.dirty,14f61beb106bca21d78f828e2f8e35fb457d3d90,dirty,546a2b82c9418393817a4beeea7a0ace75112f95a28c95ecb284e090942cdd88,GD_GB,gd-gb-default,1.0.0,089c9cb590ef564fee033fcaa59c50b7317aaed5e55ebd5493679a60b6458c33,2611923443488327891,40,28,70,42,238,335,98,195,140,140,102,199,18,115,84,84,102,199,18,115,84,84,0
radixor-generalization-v1,4.3.0.dirty,14f61beb106bca21d78f828e2f8e35fb457d3d90,dirty,546a2b82c9418393817a4beeea7a0ace75112f95a28c95ecb284e090942cdd88,GD_GB,gd-gb-default,1.0.0,089c9cb590ef564fee033fcaa59c50b7317aaed5e55ebd5493679a60b6458c33,2611923443488327891,30,21,70,49,222,335,82,195,140,140,118,231,20,133,98,98,118,231,20,133,98,98,0
radixor-generalization-v1,4.3.0.dirty,14f61beb106bca21d78f828e2f8e35fb457d3d90,dirty,546a2b82c9418393817a4beeea7a0ace75112f95a28c95ecb284e090942cdd88,GD_GB,gd-gb-default,1.0.0,089c9cb590ef564fee033fcaa59c50b7317aaed5e55ebd5493679a60b6458c33,2611923443488327891,20,14,70,56,188,335,52,195,136,140,122,269,14,157,108,112,122,269,14,157,108,112,0
radixor-generalization-v1,4.3.0.dirty,14f61beb106bca21d78f828e2f8e35fb457d3d90,dirty,546a2b82c9418393817a4beeea7a0ace75112f95a28c95ecb284e090942cdd88,GD_GB,gd-gb-default,1.0.0,089c9cb590ef564fee033fcaa59c50b7317aaed5e55ebd5493679a60b6458c33,2611923443488327891,10,7,70,63,175,335,49,195,126,140,136,296,24,170,112,126,136,296,24,170,112,126,0
radixor-generalization-v1,4.3.0.dirty,14f61beb106bca21d78f828e2f8e35fb457d3d90,dirty,546a2b82c9418393817a4beeea7a0ace75112f95a28c95ecb284e090942cdd88,GD_GB,gd-gb-default,1.0.0,089c9cb590ef564fee033fcaa59c50b7317aaed5e55ebd5493679a60b6458c33,15111065706836454659,100,70,70,0,335,335,195,195,140,140,0,0,0,0,0,0,0,0,0,0,0,0,0
radixor-generalization-v1,4.3.0.dirty,14f61beb106bca21d78f828e2f8e35fb457d3d90,dirty,546a2b82c9418393817a4beeea7a0ace75112f95a28c95ecb284e090942cdd88,GD_GB,gd-gb-default,1.0.0,089c9cb590ef564fee033fcaa59c50b7317aaed5e55ebd5493679a60b6458c33,15111065706836454659,90,63,70,7,320,335,182,195,138,140,14,29,2,15,12,14,14,29,2,15,12,14,0
radixor-generalization-v1,4.3.0.dirty,14f61beb106bca21d78f828e2f8e35fb457d3d90,dirty,546a2b82c9418393817a4beeea7a0ace75112f95a28c95ecb284e090942cdd88,GD_GB,gd-gb-default,1.0.0,089c9cb590ef564fee033fcaa59c50b7317aaed5e55ebd5493679a60b6458c33,15111065706836454659,80,56,70,14,306,335,170,195,136,140,28,57,4,29,24,28,28,57,4,29,24,28,0
radixor-generalization-v1,4.3.0.dirty,14f61beb106bca21d78f828e2f8e35fb457d3d90,dirty,546a2b82c9418393817a4beeea7a0ace75112f95a28c95ecb284e090942cdd88,GD_GB,gd-gb-default,1.0.0,089c9cb590ef564fee033fcaa59c50b7317aaed5e55ebd5493679a60b6458c33,15111065706836454659,70,49,70,21,291,335,155,195,136,140,47,91,9,49,38,42,47,91,9,49,38,42,0
radixor-generalization-v1,4.3.0.dirty,14f61beb106bca21d78f828e2f8e35fb457d3d90,dirty,546a2b82c9418393817a4beeea7a0ace75112f95a28c95ecb284e090942cdd88,GD_GB,gd-gb-default,1.0.0,089c9cb590ef564fee033fcaa59c50b7317aaed5e55ebd5493679a60b6458c33,15111065706836454659,60,42,70,28,269,335,135,195,134,140,63,129,13,73,50,56,63,129,13,73,50,56,0
radixor-generalization-v1,4.3.0.dirty,14f61beb106bca21d78f828e2f8e35fb457d3d90,dirty,546a2b82c9418393817a4beeea7a0ace75112f95a28c95ecb284e090942cdd88,GD_GB,gd-gb-default,1.0.0,089c9cb590ef564fee033fcaa59c50b7317aaed5e55ebd5493679a60b6458c33,15111065706836454659,50,35,70,35,245,335,111,195,134,140,79,169,15,99,64,70,79,169,15,99,64,70,0
radixor-generalization-v1,4.3.0.dirty,14f61beb106bca21d78f828e2f8e35fb457d3d90,dirty,546a2b82c9418393817a4beeea7a0ace75112f95a28c95ecb284e090942cdd88,GD_GB,gd-gb-default,1.0.0,089c9cb590ef564fee033fcaa59c50b7317aaed5e55ebd5493679a60b6458c33,15111065706836454659,40,28,70,42,228,335,94,195,134,140,93,200,15,116,78,84,93,200,15,116,78,84,0
radixor-generalization-v1,4.3.0.dirty,14f61beb106bca21d78f828e2f8e35fb457d3d90,dirty,546a2b82c9418393817a4beeea7a0ace75112f95a28c95ecb284e090942cdd88,GD_GB,gd-gb-default,1.0.0,089c9cb590ef564fee033fcaa59c50b7317aaed5e55ebd5493679a60b6458c33,15111065706836454659,30,21,70,49,213,335,79,195,134,140,116,238,24,140,92,98,116,238,24,140,92,98,0
radixor-generalization-v1,4.3.0.dirty,14f61beb106bca21d78f828e2f8e35fb457d3d90,dirty,546a2b82c9418393817a4beeea7a0ace75112f95a28c95ecb284e090942cdd88,GD_GB,gd-gb-default,1.0.0,089c9cb590ef564fee033fcaa59c50b7317aaed5e55ebd5493679a60b6458c33,15111065706836454659,20,14,70,56,189,335,57,195,132,140,126,272,22,160,104,112,126,272,22,160,104,112,0
radixor-generalization-v1,4.3.0.dirty,14f61beb106bca21d78f828e2f8e35fb457d3d90,dirty,546a2b82c9418393817a4beeea7a0ace75112f95a28c95ecb284e090942cdd88,GD_GB,gd-gb-default,1.0.0,089c9cb590ef564fee033fcaa59c50b7317aaed5e55ebd5493679a60b6458c33,15111065706836454659,10,7,70,63,182,335,52,195,130,140,149,302,33,176,116,126,149,302,33,176,116,126,0
radixor-generalization-v1,4.3.0.dirty,14f61beb106bca21d78f828e2f8e35fb457d3d90,dirty,546a2b82c9418393817a4beeea7a0ace75112f95a28c95ecb284e090942cdd88,HSB,hsb-default,1.0.0,dd085232541899920df2acfcb11ef8fd914fea6894351f08a1e99f8fb84c3950,2654435761,100,343,343,0,1005,1006,319,320,686,686,0,0,0,0,0,0,0,0,0,0,0,0,0
radixor-generalization-v1,4.3.0.dirty,14f61beb106bca21d78f828e2f8e35fb457d3d90,dirty,546a2b82c9418393817a4beeea7a0ace75112f95a28c95ecb284e090942cdd88,HSB,hsb-default,1.0.0,dd085232541899920df2acfcb11ef8fd914fea6894351f08a1e99f8fb84c3950,2654435761,90,309,343,34,975,1006,293,320,682,686,71,101,7,33,64,68,71,101,7,33,64,68,0
radixor-generalization-v1,4.3.0.dirty,14f61beb106bca21d78f828e2f8e35fb457d3d90,dirty,546a2b82c9418393817a4beeea7a0ace75112f95a28c95ecb284e090942cdd88,HSB,hsb-default,1.0.0,dd085232541899920df2acfcb11ef8fd914fea6894351f08a1e99f8fb84c3950,2654435761,80,274,343,69,951,1006,269,320,682,686,151,205,17,67,134,138,151,205,17,67,134,138,0
radixor-generalization-v1,4.3.0.dirty,14f61beb106bca21d78f828e2f8e35fb457d3d90,dirty,546a2b82c9418393817a4beeea7a0ace75112f95a28c95ecb284e090942cdd88,HSB,hsb-default,1.0.0,dd085232541899920df2acfcb11ef8fd914fea6894351f08a1e99f8fb84c3950,2654435761,70,240,343,103,920,1006,242,320,678,686,216,302,18,96,198,206,216,300,18,96,198,204,2
radixor-generalization-v1,4.3.0.dirty,14f61beb106bca21d78f828e2f8e35fb457d3d90,dirty,546a2b82c9418393817a4beeea7a0ace75112f95a28c95ecb284e090942cdd88,HSB,hsb-default,1.0.0,dd085232541899920df2acfcb11ef8fd914fea6894351f08a1e99f8fb84c3950,2654435761,60,206,343,137,893,1006,219,320,674,686,287,400,25,126,262,274,287,398,25,126,262,272,2
radixor-generalization-v1,4.3.0.dirty,14f61beb106bca21d78f828e2f8e35fb457d3d90,dirty,546a2b82c9418393817a4beeea7a0ace75112f95a28c95ecb284e090942cdd88,HSB,hsb-default,1.0.0,dd085232541899920df2acfcb11ef8fd914fea6894351f08a1e99f8fb84c3950,2654435761,50,172,343,171,859,1006,189,320,670,686,353,500,27,158,326,342,353,498,27,158,326,340,2
radixor-generalization-v1,4.3.0.dirty,14f61beb106bca21d78f828e2f8e35fb457d3d90,dirty,546a2b82c9418393817a4beeea7a0ace75112f95a28c95ecb284e090942cdd88,HSB,hsb-default,1.0.0,dd085232541899920df2acfcb11ef8fd914fea6894351f08a1e99f8fb84c3950,2654435761,40,137,343,206,814,1006,156,320,658,686,412,604,28,192,384,412,412,604,28,192,384,412,0
radixor-generalization-v1,4.3.0.dirty,14f61beb106bca21d78f828e2f8e35fb457d3d90,dirty,546a2b82c9418393817a4beeea7a0ace75112f95a28c95ecb284e090942cdd88,HSB,hsb-default,1.0.0,dd085232541899920df2acfcb11ef8fd914fea6894351f08a1e99f8fb84c3950,2654435761,30,103,343,240,785,1006,129,320,656,686,486,707,36,227,450,480,486,707,36,227,450,480,0
radixor-generalization-v1,4.3.0.dirty,14f61beb106bca21d78f828e2f8e35fb457d3d90,dirty,546a2b82c9418393817a4beeea7a0ace75112f95a28c95ecb284e090942cdd88,HSB,hsb-default,1.0.0,dd085232541899920df2acfcb11ef8fd914fea6894351f08a1e99f8fb84c3950,2654435761,20,69,343,274,753,1006,103,320,650,686,553,806,41,258,512,548,553,806,41,258,512,548,0
radixor-generalization-v1,4.3.0.dirty,14f61beb106bca21d78f828e2f8e35fb457d3d90,dirty,546a2b82c9418393817a4beeea7a0ace75112f95a28c95ecb284e090942cdd88,HSB,hsb-default,1.0.0,dd085232541899920df2acfcb11ef8fd914fea6894351f08a1e99f8fb84c3950,2654435761,10,34,343,309,730,1006,78,320,652,686,626,902,42,284,584,618,626,902,42,284,584,618,0
radixor-generalization-v1,4.3.0.dirty,14f61beb106bca21d78f828e2f8e35fb457d3d90,dirty,546a2b82c9418393817a4beeea7a0ace75112f95a28c95ecb284e090942cdd88,HSB,hsb-default,1.0.0,dd085232541899920df2acfcb11ef8fd914fea6894351f08a1e99f8fb84c3950,11400714819323198485,100,343,343,0,1005,1006,319,320,686,686,0,0,0,0,0,0,0,0,0,0,0,0,0
radixor-generalization-v1,4.3.0.dirty,14f61beb106bca21d78f828e2f8e35fb457d3d90,dirty,546a2b82c9418393817a4beeea7a0ace75112f95a28c95ecb284e090942cdd88,HSB,hsb-default,1.0.0,dd085232541899920df2acfcb11ef8fd914fea6894351f08a1e99f8fb84c3950,11400714819323198485,90,309,343,34,972,1006,296,320,676,686,63,96,5,28,58,68,63,96,5,28,58,68,0
radixor-generalization-v1,4.3.0.dirty,14f61beb106bca21d78f828e2f8e35fb457d3d90,dirty,546a2b82c9418393817a4beeea7a0ace75112f95a28c95ecb284e090942cdd88,HSB,hsb-default,1.0.0,dd085232541899920df2acfcb11ef8fd914fea6894351f08a1e99f8fb84c3950,11400714819323198485,80,274,343,69,942,1006,268,320,674,686,138,201,12,63,126,138,138,201,12,63,126,138,0
radixor-generalization-v1,4.3.0.dirty,14f61beb106bca21d78f828e2f8e35fb457d3d90,dirty,546a2b82c9418393817a4beeea7a0ace75112f95a28c95ecb284e090942cdd88,HSB,hsb-default,1.0.0,dd085232541899920df2acfcb11ef8fd914fea6894351f08a1e99f8fb84c3950,11400714819323198485,70,240,343,103,916,1006,244,320,672,686,211,300,19,94,192,206,211,300,19,94,192,206,0
radixor-generalization-v1,4.3.0.dirty,14f61beb106bca21d78f828e2f8e35fb457d3d90,dirty,546a2b82c9418393817a4beeea7a0ace75112f95a28c95ecb284e090942cdd88,HSB,hsb-default,1.0.0,dd085232541899920df2acfcb11ef8fd914fea6894351f08a1e99f8fb84c3950,11400714819323198485,60,206,343,137,893,1006,217,320,676,686,293,405,29,131,264,274,293,405,29,131,264,274,0
radixor-generalization-v1,4.3.0.dirty,14f61beb106bca21d78f828e2f8e35fb457d3d90,dirty,546a2b82c9418393817a4beeea7a0ace75112f95a28c95ecb284e090942cdd88,HSB,hsb-default,1.0.0,dd085232541899920df2acfcb11ef8fd914fea6894351f08a1e99f8fb84c3950,11400714819323198485,50,172,343,171,856,1006,184,320,672,686,360,510,32,168,328,342,360,509,32,167,328,342,1
radixor-generalization-v1,4.3.0.dirty,14f61beb106bca21d78f828e2f8e35fb457d3d90,dirty,546a2b82c9418393817a4beeea7a0ace75112f95a28c95ecb284e090942cdd88,HSB,hsb-default,1.0.0,dd085232541899920df2acfcb11ef8fd914fea6894351f08a1e99f8fb84c3950,11400714819323198485,40,137,343,206,828,1006,156,320,672,686,433,611,35,199,398,412,433,610,35,198,398,412,1
radixor-generalization-v1,4.3.0.dirty,14f61beb106bca21d78f828e2f8e35fb457d3d90,dirty,546a2b82c9418393817a4beeea7a0ace75112f95a28c95ecb284e090942cdd88,HSB,hsb-default,1.0.0,dd085232541899920df2acfcb11ef8fd914fea6894351f08a1e99f8fb84c3950,11400714819323198485,30,103,343,240,793,1006,119,320,674,686,499,712,31,232,468,480,499,711,31,231,468,480,1
radixor-generalization-v1,4.3.0.dirty,14f61beb106bca21d78f828e2f8e35fb457d3d90,dirty,546a2b82c9418393817a4beeea7a0ace75112f95a28c95ecb284e090942cdd88,HSB,hsb-default,1.0.0,dd085232541899920df2acfcb11ef8fd914fea6894351f08a1e99f8fb84c3950,11400714819323198485,20,69,343,274,761,1006,85,320,676,686,564,809,26,261,538,548,564,809,26,261,538,548,0
radixor-generalization-v1,4.3.0.dirty,14f61beb106bca21d78f828e2f8e35fb457d3d90,dirty,546a2b82c9418393817a4beeea7a0ace75112f95a28c95ecb284e090942cdd88,HSB,hsb-default,1.0.0,dd085232541899920df2acfcb11ef8fd914fea6894351f08a1e99f8fb84c3950,11400714819323198485,10,34,343,309,677,1006,53,320,624,686,577,906,21,288,556,618,577,906,21,288,556,618,0
radixor-generalization-v1,4.3.0.dirty,14f61beb106bca21d78f828e2f8e35fb457d3d90,dirty,546a2b82c9418393817a4beeea7a0ace75112f95a28c95ecb284e090942cdd88,HSB,hsb-default,1.0.0,dd085232541899920df2acfcb11ef8fd914fea6894351f08a1e99f8fb84c3950,7046029254386353131,100,343,343,0,1005,1006,319,320,686,686,0,0,0,0,0,0,0,0,0,0,0,0,0
radixor-generalization-v1,4.3.0.dirty,14f61beb106bca21d78f828e2f8e35fb457d3d90,dirty,546a2b82c9418393817a4beeea7a0ace75112f95a28c95ecb284e090942cdd88,HSB,hsb-default,1.0.0,dd085232541899920df2acfcb11ef8fd914fea6894351f08a1e99f8fb84c3950,7046029254386353131,90,309,343,34,978,1006,292,320,686,686,77,104,9,36,68,68,77,104,9,36,68,68,0
radixor-generalization-v1,4.3.0.dirty,14f61beb106bca21d78f828e2f8e35fb457d3d90,dirty,546a2b82c9418393817a4beeea7a0ace75112f95a28c95ecb284e090942cdd88,HSB,hsb-default,1.0.0,dd085232541899920df2acfcb11ef8fd914fea6894351f08a1e99f8fb84c3950,7046029254386353131,80,274,343,69,958,1006,274,320,684,686,152,199,16,61,136,138,152,199,16,61,136,138,0
radixor-generalization-v1,4.3.0.dirty,14f61beb106bca21d78f828e2f8e35fb457d3d90,dirty,546a2b82c9418393817a4beeea7a0ace75112f95a28c95ecb284e090942cdd88,HSB,hsb-default,1.0.0,dd085232541899920df2acfcb11ef8fd914fea6894351f08a1e99f8fb84c3950,7046029254386353131,70,240,343,103,931,1006,251,320,680,686,218,292,18,86,200,206,218,292,18,86,200,206,0
radixor-generalization-v1,4.3.0.dirty,14f61beb106bca21d78f828e2f8e35fb457d3d90,dirty,546a2b82c9418393817a4beeea7a0ace75112f95a28c95ecb284e090942cdd88,HSB,hsb-default,1.0.0,dd085232541899920df2acfcb11ef8fd914fea6894351f08a1e99f8fb84c3950,7046029254386353131,60,206,343,137,888,1006,224,320,664,686,275,392,23,118,252,274,275,392,23,118,252,274,0
radixor-generalization-v1,4.3.0.dirty,14f61beb106bca21d78f828e2f8e35fb457d3d90,dirty,546a2b82c9418393817a4beeea7a0ace75112f95a28c95ecb284e090942cdd88,HSB,hsb-default,1.0.0,dd085232541899920df2acfcb11ef8fd914fea6894351f08a1e99f8fb84c3950,7046029254386353131,50,172,343,171,866,1006,200,320,666,686,354,493,32,151,322,342,354,493,32,151,322,342,0
radixor-generalization-v1,4.3.0.dirty,14f61beb106bca21d78f828e2f8e35fb457d3d90,dirty,546a2b82c9418393817a4beeea7a0ace75112f95a28c95ecb284e090942cdd88,HSB,hsb-default,1.0.0,dd085232541899920df2acfcb11ef8fd914fea6894351f08a1e99f8fb84c3950,7046029254386353131,40,137,343,206,833,1006,171,320,662,686,419,592,31,180,388,412,419,590,31,180,388,410,2
radixor-generalization-v1,4.3.0.dirty,14f61beb106bca21d78f828e2f8e35fb457d3d90,dirty,546a2b82c9418393817a4beeea7a0ace75112f95a28c95ecb284e090942cdd88,HSB,hsb-default,1.0.0,dd085232541899920df2acfcb11ef8fd914fea6894351f08a1e99f8fb84c3950,7046029254386353131,30,103,343,240,798,1006,134,320,664,686,489,697,31,217,458,480,489,695,31,217,458,478,2
radixor-generalization-v1,4.3.0.dirty,14f61beb106bca21d78f828e2f8e35fb457d3d90,dirty,546a2b82c9418393817a4beeea7a0ace75112f95a28c95ecb284e090942cdd88,HSB,hsb-default,1.0.0,dd085232541899920df2acfcb11ef8fd914fea6894351f08a1e99f8fb84c3950,7046029254386353131,20,69,343,274,772,1006,102,320,670,686,566,800,34,252,532,548,566,798,34,252,532,546,2
radixor-generalization-v1,4.3.0.dirty,14f61beb106bca21d78f828e2f8e35fb457d3d90,dirty,546a2b82c9418393817a4beeea7a0ace75112f95a28c95ecb284e090942cdd88,HSB,hsb-default,1.0.0,dd085232541899920df2acfcb11ef8fd914fea6894351f08a1e99f8fb84c3950,7046029254386353131,10,34,343,309,733,1006,65,320,668,686,635,908,35,290,600,618,635,908,35,290,600,618,0
radixor-generalization-v1,4.3.0.dirty,14f61beb106bca21d78f828e2f8e35fb457d3d90,dirty,546a2b82c9418393817a4beeea7a0ace75112f95a28c95ecb284e090942cdd88,HSB,hsb-default,1.0.0,dd085232541899920df2acfcb11ef8fd914fea6894351f08a1e99f8fb84c3950,2611923443488327891,100,343,343,0,1005,1006,319,320,686,686,0,0,0,0,0,0,0,0,0,0,0,0,0
radixor-generalization-v1,4.3.0.dirty,14f61beb106bca21d78f828e2f8e35fb457d3d90,dirty,546a2b82c9418393817a4beeea7a0ace75112f95a28c95ecb284e090942cdd88,HSB,hsb-default,1.0.0,dd085232541899920df2acfcb11ef8fd914fea6894351f08a1e99f8fb84c3950,2611923443488327891,90,309,343,34,969,1006,289,320,680,686,65,101,3,33,62,68,65,101,3,33,62,68,0
radixor-generalization-v1,4.3.0.dirty,14f61beb106bca21d78f828e2f8e35fb457d3d90,dirty,546a2b82c9418393817a4beeea7a0ace75112f95a28c95ecb284e090942cdd88,HSB,hsb-default,1.0.0,dd085232541899920df2acfcb11ef8fd914fea6894351f08a1e99f8fb84c3950,2611923443488327891,80,274,343,69,939,1006,263,320,676,686,138,204,10,66,128,138,138,204,10,66,128,138,0
radixor-generalization-v1,4.3.0.dirty,14f61beb106bca21d78f828e2f8e35fb457d3d90,dirty,546a2b82c9418393817a4beeea7a0ace75112f95a28c95ecb284e090942cdd88,HSB,hsb-default,1.0.0,dd085232541899920df2acfcb11ef8fd914fea6894351f08a1e99f8fb84c3950,2611923443488327891,70,240,343,103,904,1006,234,320,670,686,208,309,18,103,190,206,208,309,18,103,190,206,0
radixor-generalization-v1,4.3.0.dirty,14f61beb106bca21d78f828e2f8e35fb457d3d90,dirty,546a2b82c9418393817a4beeea7a0ace75112f95a28c95ecb284e090942cdd88,HSB,hsb-default,1.0.0,dd085232541899920df2acfcb11ef8fd914fea6894351f08a1e99f8fb84c3950,2611923443488327891,60,206,343,137,880,1006,206,320,674,686,286,411,24,137,262,274,286,411,24,137,262,274,0
radixor-generalization-v1,4.3.0.dirty,14f61beb106bca21d78f828e2f8e35fb457d3d90,dirty,546a2b82c9418393817a4beeea7a0ace75112f95a28c95ecb284e090942cdd88,HSB,hsb-default,1.0.0,dd085232541899920df2acfcb11ef8fd914fea6894351f08a1e99f8fb84c3950,2611923443488327891,50,172,343,171,859,1006,177,320,682,686,364,510,26,168,338,342,364,510,26,168,338,342,0
radixor-generalization-v1,4.3.0.dirty,14f61beb106bca21d78f828e2f8e35fb457d3d90,dirty,546a2b82c9418393817a4beeea7a0ace75112f95a28c95ecb284e090942cdd88,HSB,hsb-default,1.0.0,dd085232541899920df2acfcb11ef8fd914fea6894351f08a1e99f8fb84c3950,2611923443488327891,40,137,343,206,827,1006,145,320,682,686,438,616,30,204,408,412,438,616,30,204,408,412,0
radixor-generalization-v1,4.3.0.dirty,14f61beb106bca21d78f828e2f8e35fb457d3d90,dirty,546a2b82c9418393817a4beeea7a0ace75112f95a28c95ecb284e090942cdd88,HSB,hsb-default,1.0.0,dd085232541899920df2acfcb11ef8fd914fea6894351f08a1e99f8fb84c3950,2611923443488327891,30,103,343,240,804,1006,124,320,680,686,511,713,37,233,474,480,511,712,37,232,474,480,1
radixor-generalization-v1,4.3.0.dirty,14f61beb106bca21d78f828e2f8e35fb457d3d90,dirty,546a2b82c9418393817a4beeea7a0ace75112f95a28c95ecb284e090942cdd88,HSB,hsb-default,1.0.0,dd085232541899920df2acfcb11ef8fd914fea6894351f08a1e99f8fb84c3950,2611923443488327891,20,69,343,274,774,1006,100,320,674,686,575,807,39,259,536,548,575,807,39,259,536,548,0
radixor-generalization-v1,4.3.0.dirty,14f61beb106bca21d78f828e2f8e35fb457d3d90,dirty,546a2b82c9418393817a4beeea7a0ace75112f95a28c95ecb284e090942cdd88,HSB,hsb-default,1.0.0,dd085232541899920df2acfcb11ef8fd914fea6894351f08a1e99f8fb84c3950,2611923443488327891,10,34,343,309,710,1006,58,320,652,686,608,904,24,286,584,618,608,904,24,286,584,618,0
radixor-generalization-v1,4.3.0.dirty,14f61beb106bca21d78f828e2f8e35fb457d3d90,dirty,546a2b82c9418393817a4beeea7a0ace75112f95a28c95ecb284e090942cdd88,HSB,hsb-default,1.0.0,dd085232541899920df2acfcb11ef8fd914fea6894351f08a1e99f8fb84c3950,15111065706836454659,100,343,343,0,1005,1006,319,320,686,686,0,0,0,0,0,0,0,0,0,0,0,0,0
radixor-generalization-v1,4.3.0.dirty,14f61beb106bca21d78f828e2f8e35fb457d3d90,dirty,546a2b82c9418393817a4beeea7a0ace75112f95a28c95ecb284e090942cdd88,HSB,hsb-default,1.0.0,dd085232541899920df2acfcb11ef8fd914fea6894351f08a1e99f8fb84c3950,15111065706836454659,90,309,343,34,976,1006,292,320,684,686,73,102,7,34,66,68,73,102,7,34,66,68,0
radixor-generalization-v1,4.3.0.dirty,14f61beb106bca21d78f828e2f8e35fb457d3d90,dirty,546a2b82c9418393817a4beeea7a0ace75112f95a28c95ecb284e090942cdd88,HSB,hsb-default,1.0.0,dd085232541899920df2acfcb11ef8fd914fea6894351f08a1e99f8fb84c3950,15111065706836454659,80,274,343,69,942,1006,264,320,678,686,142,205,12,67,130,138,142,205,12,67,130,138,0
radixor-generalization-v1,4.3.0.dirty,14f61beb106bca21d78f828e2f8e35fb457d3d90,dirty,546a2b82c9418393817a4beeea7a0ace75112f95a28c95ecb284e090942cdd88,HSB,hsb-default,1.0.0,dd085232541899920df2acfcb11ef8fd914fea6894351f08a1e99f8fb84c3950,15111065706836454659,70,240,343,103,916,1006,240,320,676,686,213,302,17,96,196,206,213,302,17,96,196,206,0
radixor-generalization-v1,4.3.0.dirty,14f61beb106bca21d78f828e2f8e35fb457d3d90,dirty,546a2b82c9418393817a4beeea7a0ace75112f95a28c95ecb284e090942cdd88,HSB,hsb-default,1.0.0,dd085232541899920df2acfcb11ef8fd914fea6894351f08a1e99f8fb84c3950,15111065706836454659,60,206,343,137,889,1006,215,320,674,686,287,403,25,129,262,274,287,403,25,129,262,274,0
radixor-generalization-v1,4.3.0.dirty,14f61beb106bca21d78f828e2f8e35fb457d3d90,dirty,546a2b82c9418393817a4beeea7a0ace75112f95a28c95ecb284e090942cdd88,HSB,hsb-default,1.0.0,dd085232541899920df2acfcb11ef8fd914fea6894351f08a1e99f8fb84c3950,15111065706836454659,50,172,343,171,860,1006,186,320,674,686,359,504,29,162,330,342,359,504,29,162,330,342,0
radixor-generalization-v1,4.3.0.dirty,14f61beb106bca21d78f828e2f8e35fb457d3d90,dirty,546a2b82c9418393817a4beeea7a0ace75112f95a28c95ecb284e090942cdd88,HSB,hsb-default,1.0.0,dd085232541899920df2acfcb11ef8fd914fea6894351f08a1e99f8fb84c3950,15111065706836454659,40,137,343,206,816,1006,152,320,664,686,417,607,27,195,390,412,417,605,27,195,390,410,2
radixor-generalization-v1,4.3.0.dirty,14f61beb106bca21d78f828e2f8e35fb457d3d90,dirty,546a2b82c9418393817a4beeea7a0ace75112f95a28c95ecb284e090942cdd88,HSB,hsb-default,1.0.0,dd085232541899920df2acfcb11ef8fd914fea6894351f08a1e99f8fb84c3950,15111065706836454659,30,103,343,240,780,1006,110,320,670,686,484,710,20,230,464,480,484,710,20,230,464,480,0
radixor-generalization-v1,4.3.0.dirty,14f61beb106bca21d78f828e2f8e35fb457d3d90,dirty,546a2b82c9418393817a4beeea7a0ace75112f95a28c95ecb284e090942cdd88,HSB,hsb-default,1.0.0,dd085232541899920df2acfcb11ef8fd914fea6894351f08a1e99f8fb84c3950,15111065706836454659,20,69,343,274,736,1006,86,320,650,686,540,810,28,262,512,548,540,810,28,262,512,548,0
radixor-generalization-v1,4.3.0.dirty,14f61beb106bca21d78f828e2f8e35fb457d3d90,dirty,546a2b82c9418393817a4beeea7a0ace75112f95a28c95ecb284e090942cdd88,HSB,hsb-default,1.0.0,dd085232541899920df2acfcb11ef8fd914fea6894351f08a1e99f8fb84c3950,15111065706836454659,10,34,343,309,681,1006,59,320,622,686,585,910,31,292,554,618,585,910,31,292,554,618,0
radixor-generalization-v1,4.3.0.dirty,14f61beb106bca21d78f828e2f8e35fb457d3d90,dirty,546a2b82c9418393817a4beeea7a0ace75112f95a28c95ecb284e090942cdd88,KA_GE,ka-ge-default,1.0.0,f8205f3c31e3dc6a0f908b3839956c72688ae04b672ed75ba9083e4280b99c3b,2654435761,100,3847,3847,0,79759,79967,72069,72273,7690,7694,0,0,0,0,0,0,0,0,0,0,0,0,0
radixor-generalization-v1,4.3.0.dirty,14f61beb106bca21d78f828e2f8e35fb457d3d90,dirty,546a2b82c9418393817a4beeea7a0ace75112f95a28c95ecb284e090942cdd88,KA_GE,ka-ge-default,1.0.0,f8205f3c31e3dc6a0f908b3839956c72688ae04b672ed75ba9083e4280b99c3b,2654435761,90,3462,3847,385,77254,79967,69596,72273,7658,7694,4996,7521,4258,6751,738,770,4996,7503,4258,6733,738,770,18
radixor-generalization-v1,4.3.0.dirty,14f61beb106bca21d78f828e2f8e35fb457d3d90,dirty,546a2b82c9418393817a4beeea7a0ace75112f95a28c95ecb284e090942cdd88,KA_GE,ka-ge-default,1.0.0,f8205f3c31e3dc6a0f908b3839956c72688ae04b672ed75ba9083e4280b99c3b,2654435761,80,3078,3847,769,74528,79967,66918,72273,7610,7694,9650,14931,8194,13393,1456,1538,9650,14882,8194,13348,1456,1534,49
radixor-generalization-v1,4.3.0.dirty,14f61beb106bca21d78f828e2f8e35fb457d3d90,dirty,546a2b82c9418393817a4beeea7a0ace75112f95a28c95ecb284e090942cdd88,KA_GE,ka-ge-default,1.0.0,f8205f3c31e3dc6a0f908b3839956c72688ae04b672ed75ba9083e4280b99c3b,2654435761,70,2693,3847,1154,70690,79967,63128,72273,7562,7694,14452,23619,12276,21311,2176,2308,14452,23546,12276,21244,2176,2302,73
radixor-generalization-v1,4.3.0.dirty,14f61beb106bca21d78f828e2f8e35fb457d3d90,dirty,546a2b82c9418393817a4beeea7a0ace75112f95a28c95ecb284e090942cdd88,KA_GE,ka-ge-default,1.0.0,f8205f3c31e3dc6a0f908b3839956c72688ae04b672ed75ba9083e4280b99c3b,2654435761,60,2308,3847,1539,67646,79967,60142,72273,7504,7694,19368,31615,16480,28537,2888,3078,19368,31515,16480,28443,2888,3072,100
radixor-generalization-v1,4.3.0.dirty,14f61beb106bca21d78f828e2f8e35fb457d3d90,dirty,546a2b82c9418393817a4beeea7a0ace75112f95a28c95ecb284e090942cdd88,KA_GE,ka-ge-default,1.0.0,f8205f3c31e3dc6a0f908b3839956c72688ae04b672ed75ba9083e4280b99c3b,2654435761,50,1924,3847,1923,64234,79967,56798,72273,7436,7694,23897,39569,20309,35723,3588,3846,23897,39477,20309,35637,3588,3840,92
radixor-generalization-v1,4.3.0.dirty,14f61beb106bca21d78f828e2f8e35fb457d3d90,dirty,546a2b82c9418393817a4beeea7a0ace75112f95a28c95ecb284e090942cdd88,KA_GE,ka-ge-default,1.0.0,f8205f3c31e3dc6a0f908b3839956c72688ae04b672ed75ba9083e4280b99c3b,2654435761,40,1539,3847,2308,61086,79967,53662,72273,7424,7694,28590,47450,24244,42834,4346,4616,28590,47341,24244,42729,4346,4612,109
radixor-generalization-v1,4.3.0.dirty,14f61beb106bca21d78f828e2f8e35fb457d3d90,dirty,546a2b82c9418393817a4beeea7a0ace75112f95a28c95ecb284e090942cdd88,KA_GE,ka-ge-default,1.0.0,f8205f3c31e3dc6a0f908b3839956c72688ae04b672ed75ba9083e4280b99c3b,2654435761,30,1154,3847,2693,57362,79967,49990,72273,7372,7694,33407,55998,28343,50612,5064,5386,33407,55893,28343,50511,5064,5382,105
radixor-generalization-v1,4.3.0.dirty,14f61beb106bca21d78f828e2f8e35fb457d3d90,dirty,546a2b82c9418393817a4beeea7a0ace75112f95a28c95ecb284e090942cdd88,KA_GE,ka-ge-default,1.0.0,f8205f3c31e3dc6a0f908b3839956c72688ae04b672ed75ba9083e4280b99c3b,2654435761,20,769,3847,3078,54099,79967,46795,72273,7304,7694,38019,63877,32253,57721,5766,6156,38019,63795,32253,57641,5766,6154,82
radixor-generalization-v1,4.3.0.dirty,14f61beb106bca21d78f828e2f8e35fb457d3d90,dirty,546a2b82c9418393817a4beeea7a0ace75112f95a28c95ecb284e090942cdd88,KA_GE,ka-ge-default,1.0.0,f8205f3c31e3dc6a0f908b3839956c72688ae04b672ed75ba9083e4280b99c3b,2654435761,10,385,3847,3462,50906,79967,43640,72273,7266,7694,43053,72114,36557,65190,6496,6924,43053,72078,36557,65154,6496,6924,36
radixor-generalization-v1,4.3.0.dirty,14f61beb106bca21d78f828e2f8e35fb457d3d90,dirty,546a2b82c9418393817a4beeea7a0ace75112f95a28c95ecb284e090942cdd88,KA_GE,ka-ge-default,1.0.0,f8205f3c31e3dc6a0f908b3839956c72688ae04b672ed75ba9083e4280b99c3b,11400714819323198485,100,3847,3847,0,79759,79967,72069,72273,7690,7694,0,0,0,0,0,0,0,0,0,0,0,0,0
radixor-generalization-v1,4.3.0.dirty,14f61beb106bca21d78f828e2f8e35fb457d3d90,dirty,546a2b82c9418393817a4beeea7a0ace75112f95a28c95ecb284e090942cdd88,KA_GE,ka-ge-default,1.0.0,f8205f3c31e3dc6a0f908b3839956c72688ae04b672ed75ba9083e4280b99c3b,11400714819323198485,90,3462,3847,385,77054,79967,69406,72273,7648,7694,4944,7667,4216,6897,728,770,4944,7659,4216,6889,728,770,8
radixor-generalization-v1,4.3.0.dirty,14f61beb106bca21d78f828e2f8e35fb457d3d90,dirty,546a2b82c9418393817a4beeea7a0ace75112f95a28c95ecb284e090942cdd88,KA_GE,ka-ge-default,1.0.0,f8205f3c31e3dc6a0f908b3839956c72688ae04b672ed75ba9083e4280b99c3b,11400714819323198485,80,3078,3847,769,74363,79967,66757,72273,7606,7694,9852,15331,8402,13793,1450,1538,9852,15267,8402,13735,1450,1532,64
radixor-generalization-v1,4.3.0.dirty,14f61beb106bca21d78f828e2f8e35fb457d3d90,dirty,546a2b82c9418393817a4beeea7a0ace75112f95a28c95ecb284e090942cdd88,KA_GE,ka-ge-default,1.0.0,f8205f3c31e3dc6a0f908b3839956c72688ae04b672ed75ba9083e4280b99c3b,11400714819323198485,70,2693,3847,1154,71458,79967,63896,72273,7562,7694,14683,23107,12507,20799,2176,2308,14683,23004,12507,20704,2176,2300,103
radixor-generalization-v1,4.3.0.dirty,14f61beb106bca21d78f828e2f8e35fb457d3d90,dirty,546a2b82c9418393817a4beeea7a0ace75112f95a28c95ecb284e090942cdd88,KA_GE,ka-ge-default,1.0.0,f8205f3c31e3dc6a0f908b3839956c72688ae04b672ed75ba9083e4280b99c3b,11400714819323198485,60,2308,3847,1539,67434,79967,59916,72273,7518,7694,19251,31735,16349,28657,2902,3078,19251,31649,16349,28579,2902,3070,86
radixor-generalization-v1,4.3.0.dirty,14f61beb106bca21d78f828e2f8e35fb457d3d90,dirty,546a2b82c9418393817a4beeea7a0ace75112f95a28c95ecb284e090942cdd88,KA_GE,ka-ge-default,1.0.0,f8205f3c31e3dc6a0f908b3839956c72688ae04b672ed75ba9083e4280b99c3b,11400714819323198485,50,1924,3847,1923,64288,79967,56832,72273,7456,7694,24085,39736,20477,35890,3608,3846,24085,39638,20477,35802,3608,3836,98
radixor-generalization-v1,4.3.0.dirty,14f61beb106bca21d78f828e2f8e35fb457d3d90,dirty,546a2b82c9418393817a4beeea7a0ace75112f95a28c95ecb284e090942cdd88,KA_GE,ka-ge-default,1.0.0,f8205f3c31e3dc6a0f908b3839956c72688ae04b672ed75ba9083e4280b99c3b,11400714819323198485,40,1539,3847,2308,60865,79967,53443,72273,7422,7694,28893,47982,24549,43366,4344,4616,28893,47884,24549,43276,4344,4608,98
radixor-generalization-v1,4.3.0.dirty,14f61beb106bca21d78f828e2f8e35fb457d3d90,dirty,546a2b82c9418393817a4beeea7a0ace75112f95a28c95ecb284e090942cdd88,KA_GE,ka-ge-default,1.0.0,f8205f3c31e3dc6a0f908b3839956c72688ae04b672ed75ba9083e4280b99c3b,11400714819323198485,30,1154,3847,2693,56306,79967,48942,72273,7364,7694,32831,56480,27775,51094,5056,5386,32831,56429,27775,51047,5056,5382,51
radixor-generalization-v1,4.3.0.dirty,14f61beb106bca21d78f828e2f8e35fb457d3d90,dirty,546a2b82c9418393817a4beeea7a0ace75112f95a28c95ecb284e090942cdd88,KA_GE,ka-ge-default,1.0.0,f8205f3c31e3dc6a0f908b3839956c72688ae04b672ed75ba9083e4280b99c3b,11400714819323198485,20,769,3847,3078,51784,79967,44514,72273,7270,7694,36546,64728,30814,58572,5732,6156,36546,64680,30814,58528,5732,6152,48
radixor-generalization-v1,4.3.0.dirty,14f61beb106bca21d78f828e2f8e35fb457d3d90,dirty,546a2b82c9418393817a4beeea7a0ace75112f95a28c95ecb284e090942cdd88,KA_GE,ka-ge-default,1.0.0,f8205f3c31e3dc6a0f908b3839956c72688ae04b672ed75ba9083e4280b99c3b,11400714819323198485,10,385,3847,3462,48640,79967,41456,72273,7184,7694,40969,72296,34555,65372,6414,6924,40969,72269,34555,65345,6414,6924,27
radixor-generalization-v1,4.3.0.dirty,14f61beb106bca21d78f828e2f8e35fb457d3d90,dirty,546a2b82c9418393817a4beeea7a0ace75112f95a28c95ecb284e090942cdd88,KA_GE,ka-ge-default,1.0.0,f8205f3c31e3dc6a0f908b3839956c72688ae04b672ed75ba9083e4280b99c3b,7046029254386353131,100,3847,3847,0,79759,79967,72069,72273,7690,7694,0,0,0,0,0,0,0,0,0,0,0,0,0
radixor-generalization-v1,4.3.0.dirty,14f61beb106bca21d78f828e2f8e35fb457d3d90,dirty,546a2b82c9418393817a4beeea7a0ace75112f95a28c95ecb284e090942cdd88,KA_GE,ka-ge-default,1.0.0,f8205f3c31e3dc6a0f908b3839956c72688ae04b672ed75ba9083e4280b99c3b,7046029254386353131,90,3462,3847,385,76315,79967,68683,72273,7632,7694,4799,8280,4087,7510,712,770,4799,8243,4087,7475,712,768,37
radixor-generalization-v1,4.3.0.dirty,14f61beb106bca21d78f828e2f8e35fb457d3d90,dirty,546a2b82c9418393817a4beeea7a0ace75112f95a28c95ecb284e090942cdd88,KA_GE,ka-ge-default,1.0.0,f8205f3c31e3dc6a0f908b3839956c72688ae04b672ed75ba9083e4280b99c3b,7046029254386353131,80,3078,3847,769,72918,79967,65332,72273,7586,7694,9608,16509,8174,14971,1434,1538,9608,16448,8174,14914,1434,1534,61
radixor-generalization-v1,4.3.0.dirty,14f61beb106bca21d78f828e2f8e35fb457d3d90,dirty,546a2b82c9418393817a4beeea7a0ace75112f95a28c95ecb284e090942cdd88,KA_GE,ka-ge-default,1.0.0,f8205f3c31e3dc6a0f908b3839956c72688ae04b672ed75ba9083e4280b99c3b,7046029254386353131,70,2693,3847,1154,69589,79967,62047,72273,7542,7694,14486,24810,12326,22502,2160,2308,14486,24678,12326,22372,2160,2306,132
radixor-generalization-v1,4.3.0.dirty,14f61beb106bca21d78f828e2f8e35fb457d3d90,dirty,546a2b82c9418393817a4beeea7a0ace75112f95a28c95ecb284e090942cdd88,KA_GE,ka-ge-default,1.0.0,f8205f3c31e3dc6a0f908b3839956c72688ae04b672ed75ba9083e4280b99c3b,7046029254386353131,60,2308,3847,1539,66558,79967,59088,72273,7470,7694,19204,32577,16346,29499,2858,3078,19204,32425,16346,29353,2858,3072,152
radixor-generalization-v1,4.3.0.dirty,14f61beb106bca21d78f828e2f8e35fb457d3d90,dirty,546a2b82c9418393817a4beeea7a0ace75112f95a28c95ecb284e090942cdd88,KA_GE,ka-ge-default,1.0.0,f8205f3c31e3dc6a0f908b3839956c72688ae04b672ed75ba9083e4280b99c3b,7046029254386353131,50,1924,3847,1923,63237,79967,55815,72273,7422,7694,23887,40596,20311,36750,3576,3846,23887,40474,20311,36632,3576,3842,122
radixor-generalization-v1,4.3.0.dirty,14f61beb106bca21d78f828e2f8e35fb457d3d90,dirty,546a2b82c9418393817a4beeea7a0ace75112f95a28c95ecb284e090942cdd88,KA_GE,ka-ge-default,1.0.0,f8205f3c31e3dc6a0f908b3839956c72688ae04b672ed75ba9083e4280b99c3b,7046029254386353131,40,1539,3847,2308,60125,79967,52745,72273,7380,7694,28647,48468,24343,43852,4304,4616,28647,48387,24343,43773,4304,4614,81
radixor-generalization-v1,4.3.0.dirty,14f61beb106bca21d78f828e2f8e35fb457d3d90,dirty,546a2b82c9418393817a4beeea7a0ace75112f95a28c95ecb284e090942cdd88,KA_GE,ka-ge-default,1.0.0,f8205f3c31e3dc6a0f908b3839956c72688ae04b672ed75ba9083e4280b99c3b,7046029254386353131,30,1154,3847,2693,56869,79967,49521,72273,7348,7694,33288,56384,28248,50998,5040,5386,33288,56344,28248,50962,5040,5382,40
radixor-generalization-v1,4.3.0.dirty,14f61beb106bca21d78f828e2f8e35fb457d3d90,dirty,546a2b82c9418393817a4beeea7a0ace75112f95a28c95ecb284e090942cdd88,KA_GE,ka-ge-default,1.0.0,f8205f3c31e3dc6a0f908b3839956c72688ae04b672ed75ba9083e4280b99c3b,7046029254386353131,20,769,3847,3078,53899,79967,46631,72273,7268,7694,38030,64096,32300,57940,5730,6156,38030,64063,32300,57909,5730,6154,33
radixor-generalization-v1,4.3.0.dirty,14f61beb106bca21d78f828e2f8e35fb457d3d90,dirty,546a2b82c9418393817a4beeea7a0ace75112f95a28c95ecb284e090942cdd88,KA_GE,ka-ge-default,1.0.0,f8205f3c31e3dc6a0f908b3839956c72688ae04b672ed75ba9083e4280b99c3b,7046029254386353131,10,385,3847,3462,49804,79967,42620,72273,7184,7694,41613,71776,35199,64852,6414,6924,41613,71754,35199,64832,6414,6922,22
radixor-generalization-v1,4.3.0.dirty,14f61beb106bca21d78f828e2f8e35fb457d3d90,dirty,546a2b82c9418393817a4beeea7a0ace75112f95a28c95ecb284e090942cdd88,KA_GE,ka-ge-default,1.0.0,f8205f3c31e3dc6a0f908b3839956c72688ae04b672ed75ba9083e4280b99c3b,2611923443488327891,100,3847,3847,0,79759,79967,72069,72273,7690,7694,0,0,0,0,0,0,0,0,0,0,0,0,0
radixor-generalization-v1,4.3.0.dirty,14f61beb106bca21d78f828e2f8e35fb457d3d90,dirty,546a2b82c9418393817a4beeea7a0ace75112f95a28c95ecb284e090942cdd88,KA_GE,ka-ge-default,1.0.0,f8205f3c31e3dc6a0f908b3839956c72688ae04b672ed75ba9083e4280b99c3b,2611923443488327891,90,3462,3847,385,77393,79967,69739,72273,7654,7694,5036,7428,4302,6658,734,770,5036,7401,4302,6635,734,766,27
radixor-generalization-v1,4.3.0.dirty,14f61beb106bca21d78f828e2f8e35fb457d3d90,dirty,546a2b82c9418393817a4beeea7a0ace75112f95a28c95ecb284e090942cdd88,KA_GE,ka-ge-default,1.0.0,f8205f3c31e3dc6a0f908b3839956c72688ae04b672ed75ba9083e4280b99c3b,2611923443488327891,80,3078,3847,769,73958,79967,66368,72273,7590,7694,9618,15474,8180,13936,1438,1538,9618,15428,8180,13894,1438,1534,46
radixor-generalization-v1,4.3.0.dirty,14f61beb106bca21d78f828e2f8e35fb457d3d90,dirty,546a2b82c9418393817a4beeea7a0ace75112f95a28c95ecb284e090942cdd88,KA_GE,ka-ge-default,1.0.0,f8205f3c31e3dc6a0f908b3839956c72688ae04b672ed75ba9083e4280b99c3b,2611923443488327891,70,2693,3847,1154,71031,79967,63475,72273,7556,7694,14415,23213,12243,20905,2172,2308,14415,23162,12243,20860,2172,2302,51
radixor-generalization-v1,4.3.0.dirty,14f61beb106bca21d78f828e2f8e35fb457d3d90,dirty,546a2b82c9418393817a4beeea7a0ace75112f95a28c95ecb284e090942cdd88,KA_GE,ka-ge-default,1.0.0,f8205f3c31e3dc6a0f908b3839956c72688ae04b672ed75ba9083e4280b99c3b,2611923443488327891,60,2308,3847,1539,67751,79967,60235,72273,7516,7694,19138,31240,16238,28162,2900,3078,19138,31177,16238,28107,2900,3070,63
radixor-generalization-v1,4.3.0.dirty,14f61beb106bca21d78f828e2f8e35fb457d3d90,dirty,546a2b82c9418393817a4beeea7a0ace75112f95a28c95ecb284e090942cdd88,KA_GE,ka-ge-default,1.0.0,f8205f3c31e3dc6a0f908b3839956c72688ae04b672ed75ba9083e4280b99c3b,2611923443488327891,50,1924,3847,1923,63682,79967,56220,72273,7462,7694,23864,40065,20250,36219,3614,3846,23864,39994,20250,36158,3614,3836,71
radixor-generalization-v1,4.3.0.dirty,14f61beb106bca21d78f828e2f8e35fb457d3d90,dirty,546a2b82c9418393817a4beeea7a0ace75112f95a28c95ecb284e090942cdd88,KA_GE,ka-ge-default,1.0.0,f8205f3c31e3dc6a0f908b3839956c72688ae04b672ed75ba9083e4280b99c3b,2611923443488327891,40,1539,3847,2308,60721,79967,53307,72273,7414,7694,28516,47689,24180,43073,4336,4616,28516,47636,24180,43030,4336,4606,53
radixor-generalization-v1,4.3.0.dirty,14f61beb106bca21d78f828e2f8e35fb457d3d90,dirty,546a2b82c9418393817a4beeea7a0ace75112f95a28c95ecb284e090942cdd88,KA_GE,ka-ge-default,1.0.0,f8205f3c31e3dc6a0f908b3839956c72688ae04b672ed75ba9083e4280b99c3b,2611923443488327891,30,1154,3847,2693,57400,79967,50066,72273,7334,7694,33212,55715,28186,50329,5026,5386,33212,55669,28186,50293,5026,5376,46
radixor-generalization-v1,4.3.0.dirty,14f61beb106bca21d78f828e2f8e35fb457d3d90,dirty,546a2b82c9418393817a4beeea7a0ace75112f95a28c95ecb284e090942cdd88,KA_GE,ka-ge-default,1.0.0,f8205f3c31e3dc6a0f908b3839956c72688ae04b672ed75ba9083e4280b99c3b,2611923443488327891,20,769,3847,3078,52885,79967,45553,72273,7332,7694,37225,64297,31431,58141,5794,6156,37225,64247,31431,58093,5794,6154,50
radixor-generalization-v1,4.3.0.dirty,14f61beb106bca21d78f828e2f8e35fb457d3d90,dirty,546a2b82c9418393817a4beeea7a0ace75112f95a28c95ecb284e090942cdd88,KA_GE,ka-ge-default,1.0.0,f8205f3c31e3dc6a0f908b3839956c72688ae04b672ed75ba9083e4280b99c3b,2611923443488327891,10,385,3847,3462,50358,79967,43176,72273,7182,7694,42499,72108,36087,65184,6412,6924,42499,72083,36087,65159,6412,6924,25
radixor-generalization-v1,4.3.0.dirty,14f61beb106bca21d78f828e2f8e35fb457d3d90,dirty,546a2b82c9418393817a4beeea7a0ace75112f95a28c95ecb284e090942cdd88,KA_GE,ka-ge-default,1.0.0,f8205f3c31e3dc6a0f908b3839956c72688ae04b672ed75ba9083e4280b99c3b,15111065706836454659,100,3847,3847,0,79759,79967,72069,72273,7690,7694,0,0,0,0,0,0,0,0,0,0,0,0,0
radixor-generalization-v1,4.3.0.dirty,14f61beb106bca21d78f828e2f8e35fb457d3d90,dirty,546a2b82c9418393817a4beeea7a0ace75112f95a28c95ecb284e090942cdd88,KA_GE,ka-ge-default,1.0.0,f8205f3c31e3dc6a0f908b3839956c72688ae04b672ed75ba9083e4280b99c3b,15111065706836454659,90,3462,3847,385,76284,79967,68632,72273,7652,7694,4746,8227,4014,7457,732,770,4746,8219,4014,7453,732,766,8
radixor-generalization-v1,4.3.0.dirty,14f61beb106bca21d78f828e2f8e35fb457d3d90,dirty,546a2b82c9418393817a4beeea7a0ace75112f95a28c95ecb284e090942cdd88,KA_GE,ka-ge-default,1.0.0,f8205f3c31e3dc6a0f908b3839956c72688ae04b672ed75ba9083e4280b99c3b,15111065706836454659,80,3078,3847,769,73452,79967,65868,72273,7584,7694,9664,16013,8234,14475,1430,1538,9664,15969,8234,14437,1430,1532,44
radixor-generalization-v1,4.3.0.dirty,14f61beb106bca21d78f828e2f8e35fb457d3d90,dirty,546a2b82c9418393817a4beeea7a0ace75112f95a28c95ecb284e090942cdd88,KA_GE,ka-ge-default,1.0.0,f8205f3c31e3dc6a0f908b3839956c72688ae04b672ed75ba9083e4280b99c3b,15111065706836454659,70,2693,3847,1154,70828,79967,63286,72273,7542,7694,14587,23631,12431,21323,2156,2308,14587,23551,12431,21249,2156,2302,80
radixor-generalization-v1,4.3.0.dirty,14f61beb106bca21d78f828e2f8e35fb457d3d90,dirty,546a2b82c9418393817a4beeea7a0ace75112f95a28c95ecb284e090942cdd88,KA_GE,ka-ge-default,1.0.0,f8205f3c31e3dc6a0f908b3839956c72688ae04b672ed75ba9083e4280b99c3b,15111065706836454659,60,2308,3847,1539,67604,79967,60122,72273,7482,7694,19156,31447,16290,28369,2866,3078,19156,31355,16290,28283,2866,3072,92
radixor-generalization-v1,4.3.0.dirty,14f61beb106bca21d78f828e2f8e35fb457d3d90,dirty,546a2b82c9418393817a4beeea7a0ace75112f95a28c95ecb284e090942cdd88,KA_GE,ka-ge-default,1.0.0,f8205f3c31e3dc6a0f908b3839956c72688ae04b672ed75ba9083e4280b99c3b,15111065706836454659,50,1924,3847,1923,64550,79967,57126,72273,7424,7694,24200,39566,20624,35720,3576,3846,24200,39457,20624,35617,3576,3840,109
radixor-generalization-v1,4.3.0.dirty,14f61beb106bca21d78f828e2f8e35fb457d3d90,dirty,546a2b82c9418393817a4beeea7a0ace75112f95a28c95ecb284e090942cdd88,KA_GE,ka-ge-default,1.0.0,f8205f3c31e3dc6a0f908b3839956c72688ae04b672ed75ba9083e4280b99c3b,15111065706836454659,40,1539,3847,2308,61746,79967,54356,72273,7390,7694,28909,47102,24597,42486,4312,4616,28909,46985,24597,42375,4312,4610,117
radixor-generalization-v1,4.3.0.dirty,14f61beb106bca21d78f828e2f8e35fb457d3d90,dirty,546a2b82c9418393817a4beeea7a0ace75112f95a28c95ecb284e090942cdd88,KA_GE,ka-ge-default,1.0.0,f8205f3c31e3dc6a0f908b3839956c72688ae04b672ed75ba9083e4280b99c3b,15111065706836454659,30,1154,3847,2693,58516,79967,51166,72273,7350,7694,33550,54974,28508,49588,5042,5386,33550,54906,28508,49526,5042,5380,68
radixor-generalization-v1,4.3.0.dirty,14f61beb106bca21d78f828e2f8e35fb457d3d90,dirty,546a2b82c9418393817a4beeea7a0ace75112f95a28c95ecb284e090942cdd88,KA_GE,ka-ge-default,1.0.0,f8205f3c31e3dc6a0f908b3839956c72688ae04b672ed75ba9083e4280b99c3b,15111065706836454659,20,769,3847,3078,54537,79967,47219,72273,7318,7694,37999,63429,32219,57273,5780,6156,37999,63355,32219,57203,5780,6152,74
radixor-generalization-v1,4.3.0.dirty,14f61beb106bca21d78f828e2f8e35fb457d3d90,dirty,546a2b82c9418393817a4beeea7a0ace75112f95a28c95ecb284e090942cdd88,KA_GE,ka-ge-default,1.0.0,f8205f3c31e3dc6a0f908b3839956c72688ae04b672ed75ba9083e4280b99c3b,15111065706836454659,10,385,3847,3462,50508,79967,43344,72273,7164,7694,41803,71262,35409,64338,6394,6924,41803,71236,35409,64316,6394,6920,26
radixor-generalization-v1,4.3.0.dirty,14f61beb106bca21d78f828e2f8e35fb457d3d90,dirty,546a2b82c9418393817a4beeea7a0ace75112f95a28c95ecb284e090942cdd88,KCA,kca-default,1.0.0,22be165f4e2d9805a8db4b84ca943fe66eb6e1c3dbf390bd8f135a03678107e9,2654435761,100,661,661,0,2826,2859,1524,1537,1302,1322,0,0,0,0,0,0,0,0,0,0,0,0,0
radixor-generalization-v1,4.3.0.dirty,14f61beb106bca21d78f828e2f8e35fb457d3d90,dirty,546a2b82c9418393817a4beeea7a0ace75112f95a28c95ecb284e090942cdd88,KCA,kca-default,1.0.0,22be165f4e2d9805a8db4b84ca943fe66eb6e1c3dbf390bd8f135a03678107e9,2654435761,90,595,661,66,2688,2859,1396,1537,1292,1322,168,311,48,179,120,132,168,306,48,176,120,130,5
radixor-generalization-v1,4.3.0.dirty,14f61beb106bca21d78f828e2f8e35fb457d3d90,dirty,546a2b82c9418393817a4beeea7a0ace75112f95a28c95ecb284e090942cdd88,KCA,kca-default,1.0.0,22be165f4e2d9805a8db4b84ca943fe66eb6e1c3dbf390bd8f135a03678107e9,2654435761,80,529,661,132,2618,2859,1328,1537,1290,1322,331,554,89,290,242,264,331,539,89,285,242,254,15
radixor-generalization-v1,4.3.0.dirty,14f61beb106bca21d78f828e2f8e35fb457d3d90,dirty,546a2b82c9418393817a4beeea7a0ace75112f95a28c95ecb284e090942cdd88,KCA,kca-default,1.0.0,22be165f4e2d9805a8db4b84ca943fe66eb6e1c3dbf390bd8f135a03678107e9,2654435761,70,463,661,198,2496,2859,1216,1537,1280,1322,494,842,132,446,362,396,494,824,132,440,362,384,18
radixor-generalization-v1,4.3.0.dirty,14f61beb106bca21d78f828e2f8e35fb457d3d90,dirty,546a2b82c9418393817a4beeea7a0ace75112f95a28c95ecb284e090942cdd88,KCA,kca-default,1.0.0,22be165f4e2d9805a8db4b84ca943fe66eb6e1c3dbf390bd8f135a03678107e9,2654435761,60,397,661,264,2365,2859,1093,1537,1272,1322,653,1135,169,607,484,528,653,1116,169,600,484,516,19
radixor-generalization-v1,4.3.0.dirty,14f61beb106bca21d78f828e2f8e35fb457d3d90,dirty,546a2b82c9418393817a4beeea7a0ace75112f95a28c95ecb284e090942cdd88,KCA,kca-default,1.0.0,22be165f4e2d9805a8db4b84ca943fe66eb6e1c3dbf390bd8f135a03678107e9,2654435761,50,331,661,330,2237,2859,985,1537,1252,1322,796,1408,202,748,594,660,796,1390,202,744,594,646,18
radixor-generalization-v1,4.3.0.dirty,14f61beb106bca21d78f828e2f8e35fb457d3d90,dirty,546a2b82c9418393817a4beeea7a0ace75112f95a28c95ecb284e090942cdd88,KCA,kca-default,1.0.0,22be165f4e2d9805a8db4b84ca943fe66eb6e1c3dbf390bd8f135a03678107e9,2654435761,40,264,661,397,2146,2859,886,1537,1260,1322,997,1706,263,912,734,794,997,1684,263,906,734,778,22
radixor-generalization-v1,4.3.0.dirty,14f61beb106bca21d78f828e2f8e35fb457d3d90,dirty,546a2b82c9418393817a4beeea7a0ace75112f95a28c95ecb284e090942cdd88,KCA,kca-default,1.0.0,22be165f4e2d9805a8db4b84ca943fe66eb6e1c3dbf390bd8f135a03678107e9,2654435761,30,198,661,463,1991,2859,743,1537,1248,1322,1163,2028,309,1102,854,926,1163,2011,309,1097,854,914,17
radixor-generalization-v1,4.3.0.dirty,14f61beb106bca21d78f828e2f8e35fb457d3d90,dirty,546a2b82c9418393817a4beeea7a0ace75112f95a28c95ecb284e090942cdd88,KCA,kca-default,1.0.0,22be165f4e2d9805a8db4b84ca943fe66eb6e1c3dbf390bd8f135a03678107e9,2654435761,20,132,661,529,1833,2859,581,1537,1252,1322,1315,2338,325,1280,990,1058,1315,2330,325,1280,990,1050,8
radixor-generalization-v1,4.3.0.dirty,14f61beb106bca21d78f828e2f8e35fb457d3d90,dirty,546a2b82c9418393817a4beeea7a0ace75112f95a28c95ecb284e090942cdd88,KCA,kca-default,1.0.0,22be165f4e2d9805a8db4b84ca943fe66eb6e1c3dbf390bd8f135a03678107e9,2654435761,10,66,661,595,1643,2859,411,1537,1232,1322,1380,2596,280,1406,1100,1190,1380,2592,280,1406,1100,1186,4
radixor-generalization-v1,4.3.0.dirty,14f61beb106bca21d78f828e2f8e35fb457d3d90,dirty,546a2b82c9418393817a4beeea7a0ace75112f95a28c95ecb284e090942cdd88,KCA,kca-default,1.0.0,22be165f4e2d9805a8db4b84ca943fe66eb6e1c3dbf390bd8f135a03678107e9,11400714819323198485,100,661,661,0,2826,2859,1524,1537,1302,1322,0,0,0,0,0,0,0,0,0,0,0,0,0
radixor-generalization-v1,4.3.0.dirty,14f61beb106bca21d78f828e2f8e35fb457d3d90,dirty,546a2b82c9418393817a4beeea7a0ace75112f95a28c95ecb284e090942cdd88,KCA,kca-default,1.0.0,22be165f4e2d9805a8db4b84ca943fe66eb6e1c3dbf390bd8f135a03678107e9,11400714819323198485,90,595,661,66,2761,2859,1451,1537,1310,1322,167,242,37,110,130,132,167,236,37,106,130,130,6
radixor-generalization-v1,4.3.0.dirty,14f61beb106bca21d78f828e2f8e35fb457d3d90,dirty,546a2b82c9418393817a4beeea7a0ace75112f95a28c95ecb284e090942cdd88,KCA,kca-default,1.0.0,22be165f4e2d9805a8db4b84ca943fe66eb6e1c3dbf390bd8f135a03678107e9,11400714819323198485,80,529,661,132,2651,2859,1347,1537,1304,1322,325,516,73,252,252,264,325,507,73,245,252,262,9
radixor-generalization-v1,4.3.0.dirty,14f61beb106bca21d78f828e2f8e35fb457d3d90,dirty,546a2b82c9418393817a4beeea7a0ace75112f95a28c95ecb284e090942cdd88,KCA,kca-default,1.0.0,22be165f4e2d9805a8db4b84ca943fe66eb6e1c3dbf390bd8f135a03678107e9,11400714819323198485,70,463,661,198,2540,2859,1250,1537,1290,1322,481,787,113,391,368,396,481,777,113,383,368,394,10
radixor-generalization-v1,4.3.0.dirty,14f61beb106bca21d78f828e2f8e35fb457d3d90,dirty,546a2b82c9418393817a4beeea7a0ace75112f95a28c95ecb284e090942cdd88,KCA,kca-default,1.0.0,22be165f4e2d9805a8db4b84ca943fe66eb6e1c3dbf390bd8f135a03678107e9,11400714819323198485,60,397,661,264,2352,2859,1062,1537,1290,1322,680,1177,180,649,500,528,680,1167,180,641,500,526,10
radixor-generalization-v1,4.3.0.dirty,14f61beb106bca21d78f828e2f8e35fb457d3d90,dirty,546a2b82c9418393817a4beeea7a0ace75112f95a28c95ecb284e090942cdd88,KCA,kca-default,1.0.0,22be165f4e2d9805a8db4b84ca943fe66eb6e1c3dbf390bd8f135a03678107e9,11400714819323198485,50,331,661,330,2227,2859,939,1537,1288,1322,837,1467,211,807,626,660,837,1450,211,796,626,654,17
radixor-generalization-v1,4.3.0.dirty,14f61beb106bca21d78f828e2f8e35fb457d3d90,dirty,546a2b82c9418393817a4beeea7a0ace75112f95a28c95ecb284e090942cdd88,KCA,kca-default,1.0.0,22be165f4e2d9805a8db4b84ca943fe66eb6e1c3dbf390bd8f135a03678107e9,11400714819323198485,40,264,661,397,2134,2859,850,1537,1284,1322,1024,1747,268,953,756,794,1024,1732,268,944,756,788,15
radixor-generalization-v1,4.3.0.dirty,14f61beb106bca21d78f828e2f8e35fb457d3d90,dirty,546a2b82c9418393817a4beeea7a0ace75112f95a28c95ecb284e090942cdd88,KCA,kca-default,1.0.0,22be165f4e2d9805a8db4b84ca943fe66eb6e1c3dbf390bd8f135a03678107e9,11400714819323198485,30,198,661,463,2007,2859,725,1537,1282,1322,1150,2000,264,1074,886,926,1150,1989,264,1065,886,924,11
radixor-generalization-v1,4.3.0.dirty,14f61beb106bca21d78f828e2f8e35fb457d3d90,dirty,546a2b82c9418393817a4beeea7a0ace75112f95a28c95ecb284e090942cdd88,KCA,kca-default,1.0.0,22be165f4e2d9805a8db4b84ca943fe66eb6e1c3dbf390bd8f135a03678107e9,11400714819323198485,20,132,661,529,1817,2859,569,1537,1248,1322,1248,2289,264,1231,984,1058,1248,2277,264,1223,984,1054,12
radixor-generalization-v1,4.3.0.dirty,14f61beb106bca21d78f828e2f8e35fb457d3d90,dirty,546a2b82c9418393817a4beeea7a0ace75112f95a28c95ecb284e090942cdd88,KCA,kca-default,1.0.0,22be165f4e2d9805a8db4b84ca943fe66eb6e1c3dbf390bd8f135a03678107e9,11400714819323198485,10,66,661,595,1637,2859,401,1537,1236,1322,1365,2586,261,1396,1104,1190,1365,2575,261,1389,1104,1186,11
radixor-generalization-v1,4.3.0.dirty,14f61beb106bca21d78f828e2f8e35fb457d3d90,dirty,546a2b82c9418393817a4beeea7a0ace75112f95a28c95ecb284e090942cdd88,KCA,kca-default,1.0.0,22be165f4e2d9805a8db4b84ca943fe66eb6e1c3dbf390bd8f135a03678107e9,7046029254386353131,100,661,661,0,2826,2859,1524,1537,1302,1322,0,0,0,0,0,0,0,0,0,0,0,0,0
radixor-generalization-v1,4.3.0.dirty,14f61beb106bca21d78f828e2f8e35fb457d3d90,dirty,546a2b82c9418393817a4beeea7a0ace75112f95a28c95ecb284e090942cdd88,KCA,kca-default,1.0.0,22be165f4e2d9805a8db4b84ca943fe66eb6e1c3dbf390bd8f135a03678107e9,7046029254386353131,90,595,661,66,2733,2859,1431,1537,1302,1322,150,259,30,127,120,132,150,247,30,119,120,128,12
radixor-generalization-v1,4.3.0.dirty,14f61beb106bca21d78f828e2f8e35fb457d3d90,dirty,546a2b82c9418393817a4beeea7a0ace75112f95a28c95ecb284e090942cdd88,KCA,kca-default,1.0.0,22be165f4e2d9805a8db4b84ca943fe66eb6e1c3dbf390bd8f135a03678107e9,7046029254386353131,80,529,661,132,2614,2859,1322,1537,1292,1322,317,547,77,283,240,264,317,537,77,277,240,260,10
radixor-generalization-v1,4.3.0.dirty,14f61beb106bca21d78f828e2f8e35fb457d3d90,dirty,546a2b82c9418393817a4beeea7a0ace75112f95a28c95ecb284e090942cdd88,KCA,kca-default,1.0.0,22be165f4e2d9805a8db4b84ca943fe66eb6e1c3dbf390bd8f135a03678107e9,7046029254386353131,70,463,661,198,2465,2859,1175,1537,1290,1322,516,897,146,501,370,396,516,886,146,494,370,392,11
radixor-generalization-v1,4.3.0.dirty,14f61beb106bca21d78f828e2f8e35fb457d3d90,dirty,546a2b82c9418393817a4beeea7a0ace75112f95a28c95ecb284e090942cdd88,KCA,kca-default,1.0.0,22be165f4e2d9805a8db4b84ca943fe66eb6e1c3dbf390bd8f135a03678107e9,7046029254386353131,60,397,661,264,2385,2859,1087,1537,1298,1322,682,1145,172,617,510,528,682,1132,172,608,510,524,13
radixor-generalization-v1,4.3.0.dirty,14f61beb106bca21d78f828e2f8e35fb457d3d90,dirty,546a2b82c9418393817a4beeea7a0ace75112f95a28c95ecb284e090942cdd88,KCA,kca-default,1.0.0,22be165f4e2d9805a8db4b84ca943fe66eb6e1c3dbf390bd8f135a03678107e9,7046029254386353131,50,331,661,330,2303,2859,1013,1537,1290,1322,849,1400,217,740,632,660,849,1384,217,728,632,656,16
radixor-generalization-v1,4.3.0.dirty,14f61beb106bca21d78f828e2f8e35fb457d3d90,dirty,546a2b82c9418393817a4beeea7a0ace75112f95a28c95ecb284e090942cdd88,KCA,kca-default,1.0.0,22be165f4e2d9805a8db4b84ca943fe66eb6e1c3dbf390bd8f135a03678107e9,7046029254386353131,40,264,661,397,2140,2859,864,1537,1276,1322,1034,1751,284,957,750,794,1034,1738,284,948,750,790,13
radixor-generalization-v1,4.3.0.dirty,14f61beb106bca21d78f828e2f8e35fb457d3d90,dirty,546a2b82c9418393817a4beeea7a0ace75112f95a28c95ecb284e090942cdd88,KCA,kca-default,1.0.0,22be165f4e2d9805a8db4b84ca943fe66eb6e1c3dbf390bd8f135a03678107e9,7046029254386353131,30,198,661,463,2015,2859,735,1537,1280,1322,1196,2040,312,1114,884,926,1196,2028,312,1108,884,920,12
radixor-generalization-v1,4.3.0.dirty,14f61beb106bca21d78f828e2f8e35fb457d3d90,dirty,546a2b82c9418393817a4beeea7a0ace75112f95a28c95ecb284e090942cdd88,KCA,kca-default,1.0.0,22be165f4e2d9805a8db4b84ca943fe66eb6e1c3dbf390bd8f135a03678107e9,7046029254386353131,20,132,661,529,1842,2859,588,1537,1254,1322,1297,2314,307,1256,990,1058,1297,2308,307,1252,990,1056,6
radixor-generalization-v1,4.3.0.dirty,14f61beb106bca21d78f828e2f8e35fb457d3d90,dirty,546a2b82c9418393817a4beeea7a0ace75112f95a28c95ecb284e090942cdd88,KCA,kca-default,1.0.0,22be165f4e2d9805a8db4b84ca943fe66eb6e1c3dbf390bd8f135a03678107e9,7046029254386353131,10,66,661,595,1677,2859,425,1537,1252,1322,1407,2589,287,1399,1120,1190,1407,2584,287,1396,1120,1188,5
radixor-generalization-v1,4.3.0.dirty,14f61beb106bca21d78f828e2f8e35fb457d3d90,dirty,546a2b82c9418393817a4beeea7a0ace75112f95a28c95ecb284e090942cdd88,KCA,kca-default,1.0.0,22be165f4e2d9805a8db4b84ca943fe66eb6e1c3dbf390bd8f135a03678107e9,2611923443488327891,100,661,661,0,2826,2859,1524,1537,1302,1322,0,0,0,0,0,0,0,0,0,0,0,0,0
radixor-generalization-v1,4.3.0.dirty,14f61beb106bca21d78f828e2f8e35fb457d3d90,dirty,546a2b82c9418393817a4beeea7a0ace75112f95a28c95ecb284e090942cdd88,KCA,kca-default,1.0.0,22be165f4e2d9805a8db4b84ca943fe66eb6e1c3dbf390bd8f135a03678107e9,2611923443488327891,90,595,661,66,2703,2859,1405,1537,1298,1322,188,317,60,185,128,132,188,311,60,179,128,132,6
radixor-generalization-v1,4.3.0.dirty,14f61beb106bca21d78f828e2f8e35fb457d3d90,dirty,546a2b82c9418393817a4beeea7a0ace75112f95a28c95ecb284e090942cdd88,KCA,kca-default,1.0.0,22be165f4e2d9805a8db4b84ca943fe66eb6e1c3dbf390bd8f135a03678107e9,2611923443488327891,80,529,661,132,2633,2859,1333,1537,1300,1322,342,552,88,288,254,264,342,539,88,277,254,262,13
radixor-generalization-v1,4.3.0.dirty,14f61beb106bca21d78f828e2f8e35fb457d3d90,dirty,546a2b82c9418393817a4beeea7a0ace75112f95a28c95ecb284e090942cdd88,KCA,kca-default,1.0.0,22be165f4e2d9805a8db4b84ca943fe66eb6e1c3dbf390bd8f135a03678107e9,2611923443488327891,70,463,661,198,2524,2859,1228,1537,1296,1322,517,839,137,443,380,396,517,826,137,432,380,394,13
radixor-generalization-v1,4.3.0.dirty,14f61beb106bca21d78f828e2f8e35fb457d3d90,dirty,546a2b82c9418393817a4beeea7a0ace75112f95a28c95ecb284e090942cdd88,KCA,kca-default,1.0.0,22be165f4e2d9805a8db4b84ca943fe66eb6e1c3dbf390bd8f135a03678107e9,2611923443488327891,60,397,661,264,2424,2859,1126,1537,1298,1322,699,1125,189,597,510,528,699,1111,189,585,510,526,14
radixor-generalization-v1,4.3.0.dirty,14f61beb106bca21d78f828e2f8e35fb457d3d90,dirty,546a2b82c9418393817a4beeea7a0ace75112f95a28c95ecb284e090942cdd88,KCA,kca-default,1.0.0,22be165f4e2d9805a8db4b84ca943fe66eb6e1c3dbf390bd8f135a03678107e9,2611923443488327891,50,331,661,330,2334,2859,1048,1537,1286,1322,872,1391,244,731,628,660,872,1374,244,718,628,656,17
radixor-generalization-v1,4.3.0.dirty,14f61beb106bca21d78f828e2f8e35fb457d3d90,dirty,546a2b82c9418393817a4beeea7a0ace75112f95a28c95ecb284e090942cdd88,KCA,kca-default,1.0.0,22be165f4e2d9805a8db4b84ca943fe66eb6e1c3dbf390bd8f135a03678107e9,2611923443488327891,40,264,661,397,2217,2859,943,1537,1274,1322,1014,1653,266,859,748,794,1014,1636,266,848,748,788,17
radixor-generalization-v1,4.3.0.dirty,14f61beb106bca21d78f828e2f8e35fb457d3d90,dirty,546a2b82c9418393817a4beeea7a0ace75112f95a28c95ecb284e090942cdd88,KCA,kca-default,1.0.0,22be165f4e2d9805a8db4b84ca943fe66eb6e1c3dbf390bd8f135a03678107e9,2611923443488327891,30,198,661,463,2072,2859,810,1537,1262,1322,1162,1946,294,1020,868,926,1162,1934,294,1012,868,922,12
radixor-generalization-v1,4.3.0.dirty,14f61beb106bca21d78f828e2f8e35fb457d3d90,dirty,546a2b82c9418393817a4beeea7a0ace75112f95a28c95ecb284e090942cdd88,KCA,kca-default,1.0.0,22be165f4e2d9805a8db4b84ca943fe66eb6e1c3dbf390bd8f135a03678107e9,2611923443488327891,20,132,661,529,1917,2859,687,1537,1230,1322,1295,2234,327,1176,968,1058,1295,2226,327,1170,968,1056,8
radixor-generalization-v1,4.3.0.dirty,14f61beb106bca21d78f828e2f8e35fb457d3d90,dirty,546a2b82c9418393817a4beeea7a0ace75112f95a28c95ecb284e090942cdd88,KCA,kca-default,1.0.0,22be165f4e2d9805a8db4b84ca943fe66eb6e1c3dbf390bd8f135a03678107e9,2611923443488327891,10,66,661,595,1788,2859,518,1537,1270,1322,1481,2550,341,1360,1140,1190,1481,2544,341,1356,1140,1188,6
radixor-generalization-v1,4.3.0.dirty,14f61beb106bca21d78f828e2f8e35fb457d3d90,dirty,546a2b82c9418393817a4beeea7a0ace75112f95a28c95ecb284e090942cdd88,KCA,kca-default,1.0.0,22be165f4e2d9805a8db4b84ca943fe66eb6e1c3dbf390bd8f135a03678107e9,15111065706836454659,100,661,661,0,2826,2859,1524,1537,1302,1322,0,0,0,0,0,0,0,0,0,0,0,0,0
radixor-generalization-v1,4.3.0.dirty,14f61beb106bca21d78f828e2f8e35fb457d3d90,dirty,546a2b82c9418393817a4beeea7a0ace75112f95a28c95ecb284e090942cdd88,KCA,kca-default,1.0.0,22be165f4e2d9805a8db4b84ca943fe66eb6e1c3dbf390bd8f135a03678107e9,15111065706836454659,90,595,661,66,2721,2859,1421,1537,1300,1322,192,304,68,172,124,132,192,300,68,168,124,132,4
radixor-generalization-v1,4.3.0.dirty,14f61beb106bca21d78f828e2f8e35fb457d3d90,dirty,546a2b82c9418393817a4beeea7a0ace75112f95a28c95ecb284e090942cdd88,KCA,kca-default,1.0.0,22be165f4e2d9805a8db4b84ca943fe66eb6e1c3dbf390bd8f135a03678107e9,15111065706836454659,80,529,661,132,2633,2859,1349,1537,1284,1322,341,544,101,280,240,264,341,537,101,273,240,264,7
radixor-generalization-v1,4.3.0.dirty,14f61beb106bca21d78f828e2f8e35fb457d3d90,dirty,546a2b82c9418393817a4beeea7a0ace75112f95a28c95ecb284e090942cdd88,KCA,kca-default,1.0.0,22be165f4e2d9805a8db4b84ca943fe66eb6e1c3dbf390bd8f135a03678107e9,15111065706836454659,70,463,661,198,2469,2859,1197,1537,1272,1322,511,890,157,494,354,396,511,874,157,484,354,390,16
radixor-generalization-v1,4.3.0.dirty,14f61beb106bca21d78f828e2f8e35fb457d3d90,dirty,546a2b82c9418393817a4beeea7a0ace75112f95a28c95ecb284e090942cdd88,KCA,kca-default,1.0.0,22be165f4e2d9805a8db4b84ca943fe66eb6e1c3dbf390bd8f135a03678107e9,15111065706836454659,60,397,661,264,2349,2859,1081,1537,1268,1322,697,1198,217,670,480,528,697,1181,217,661,480,520,17
radixor-generalization-v1,4.3.0.dirty,14f61beb106bca21d78f828e2f8e35fb457d3d90,dirty,546a2b82c9418393817a4beeea7a0ace75112f95a28c95ecb284e090942cdd88,KCA,kca-default,1.0.0,22be165f4e2d9805a8db4b84ca943fe66eb6e1c3dbf390bd8f135a03678107e9,15111065706836454659,50,331,661,330,2229,2859,963,1537,1266,1322,876,1501,270,841,606,660,876,1487,270,833,606,654,14
radixor-generalization-v1,4.3.0.dirty,14f61beb106bca21d78f828e2f8e35fb457d3d90,dirty,546a2b82c9418393817a4beeea7a0ace75112f95a28c95ecb284e090942cdd88,KCA,kca-default,1.0.0,22be165f4e2d9805a8db4b84ca943fe66eb6e1c3dbf390bd8f135a03678107e9,15111065706836454659,40,264,661,397,2059,2859,815,1537,1244,1322,1015,1812,299,1018,716,794,1015,1799,299,1011,716,788,13
radixor-generalization-v1,4.3.0.dirty,14f61beb106bca21d78f828e2f8e35fb457d3d90,dirty,546a2b82c9418393817a4beeea7a0ace75112f95a28c95ecb284e090942cdd88,KCA,kca-default,1.0.0,22be165f4e2d9805a8db4b84ca943fe66eb6e1c3dbf390bd8f135a03678107e9,15111065706836454659,30,198,661,463,2000,2859,744,1537,1256,1322,1186,2044,326,1118,860,926,1186,2034,326,1110,860,924,10
radixor-generalization-v1,4.3.0.dirty,14f61beb106bca21d78f828e2f8e35fb457d3d90,dirty,546a2b82c9418393817a4beeea7a0ace75112f95a28c95ecb284e090942cdd88,KCA,kca-default,1.0.0,22be165f4e2d9805a8db4b84ca943fe66eb6e1c3dbf390bd8f135a03678107e9,15111065706836454659,20,132,661,529,1852,2859,610,1537,1242,1322,1324,2330,346,1272,978,1058,1324,2323,346,1267,978,1056,7
radixor-generalization-v1,4.3.0.dirty,14f61beb106bca21d78f828e2f8e35fb457d3d90,dirty,546a2b82c9418393817a4beeea7a0ace75112f95a28c95ecb284e090942cdd88,KCA,kca-default,1.0.0,22be165f4e2d9805a8db4b84ca943fe66eb6e1c3dbf390bd8f135a03678107e9,15111065706836454659,10,66,661,595,1721,2859,497,1537,1224,1322,1466,2603,374,1413,1092,1190,1466,2599,374,1411,1092,1188,4
radixor-generalization-v1,4.3.0.dirty,14f61beb106bca21d78f828e2f8e35fb457d3d90,dirty,546a2b82c9418393817a4beeea7a0ace75112f95a28c95ecb284e090942cdd88,KET,ket-default,1.0.0,4916e12863d306cbda2240606bd667e77d1c0d96bb8a3981c1d72a7d565887eb,2654435761,100,519,519,0,1618,1622,582,584,1036,1038,0,0,0,0,0,0,0,0,0,0,0,0,0
radixor-generalization-v1,4.3.0.dirty,14f61beb106bca21d78f828e2f8e35fb457d3d90,dirty,546a2b82c9418393817a4beeea7a0ace75112f95a28c95ecb284e090942cdd88,KET,ket-default,1.0.0,4916e12863d306cbda2240606bd667e77d1c0d96bb8a3981c1d72a7d565887eb,2654435761,90,467,519,52,1548,1622,524,584,1024,1038,98,168,6,64,92,104,98,168,6,64,92,104,0
radixor-generalization-v1,4.3.0.dirty,14f61beb106bca21d78f828e2f8e35fb457d3d90,dirty,546a2b82c9418393817a4beeea7a0ace75112f95a28c95ecb284e090942cdd88,KET,ket-default,1.0.0,4916e12863d306cbda2240606bd667e77d1c0d96bb8a3981c1d72a7d565887eb,2654435761,80,415,519,104,1488,1622,464,584,1024,1038,208,338,12,130,196,208,208,338,12,130,196,208,0
radixor-generalization-v1,4.3.0.dirty,14f61beb106bca21d78f828e2f8e35fb457d3d90,dirty,546a2b82c9418393817a4beeea7a0ace75112f95a28c95ecb284e090942cdd88,KET,ket-default,1.0.0,4916e12863d306cbda2240606bd667e77d1c0d96bb8a3981c1d72a7d565887eb,2654435761,70,363,519,156,1406,1622,386,584,1020,1038,316,528,20,216,296,312,316,528,20,216,296,312,0
radixor-generalization-v1,4.3.0.dirty,14f61beb106bca21d78f828e2f8e35fb457d3d90,dirty,546a2b82c9418393817a4beeea7a0ace75112f95a28c95ecb284e090942cdd88,KET,ket-default,1.0.0,4916e12863d306cbda2240606bd667e77d1c0d96bb8a3981c1d72a7d565887eb,2654435761,60,311,519,208,1336,1622,320,584,1016,1038,417,702,23,286,394,416,417,699,23,285,394,414,3
radixor-generalization-v1,4.3.0.dirty,14f61beb106bca21d78f828e2f8e35fb457d3d90,dirty,546a2b82c9418393817a4beeea7a0ace75112f95a28c95ecb284e090942cdd88,KET,ket-default,1.0.0,4916e12863d306cbda2240606bd667e77d1c0d96bb8a3981c1d72a7d565887eb,2654435761,50,260,519,259,1295,1622,281,584,1014,1038,519,845,25,327,494,518,519,842,25,326,494,516,3
radixor-generalization-v1,4.3.0.dirty,14f61beb106bca21d78f828e2f8e35fb457d3d90,dirty,546a2b82c9418393817a4beeea7a0ace75112f95a28c95ecb284e090942cdd88,KET,ket-default,1.0.0,4916e12863d306cbda2240606bd667e77d1c0d96bb8a3981c1d72a7d565887eb,2654435761,40,208,519,311,1250,1622,240,584,1010,1038,633,1004,39,382,594,622,633,1001,39,381,594,620,3
radixor-generalization-v1,4.3.0.dirty,14f61beb106bca21d78f828e2f8e35fb457d3d90,dirty,546a2b82c9418393817a4beeea7a0ace75112f95a28c95ecb284e090942cdd88,KET,ket-default,1.0.0,4916e12863d306cbda2240606bd667e77d1c0d96bb8a3981c1d72a7d565887eb,2654435761,30,156,519,363,1196,1622,206,584,990,1038,726,1151,48,425,678,726,726,1148,48,424,678,724,3
radixor-generalization-v1,4.3.0.dirty,14f61beb106bca21d78f828e2f8e35fb457d3d90,dirty,546a2b82c9418393817a4beeea7a0ace75112f95a28c95ecb284e090942cdd88,KET,ket-default,1.0.0,4916e12863d306cbda2240606bd667e77d1c0d96bb8a3981c1d72a7d565887eb,2654435761,20,104,519,415,1137,1622,167,584,970,1038,812,1297,50,467,762,830,812,1293,50,465,762,828,4
radixor-generalization-v1,4.3.0.dirty,14f61beb106bca21d78f828e2f8e35fb457d3d90,dirty,546a2b82c9418393817a4beeea7a0ace75112f95a28c95ecb284e090942cdd88,KET,ket-default,1.0.0,4916e12863d306cbda2240606bd667e77d1c0d96bb8a3981c1d72a7d565887eb,2654435761,10,52,519,467,1038,1622,98,584,940,1038,871,1455,35,521,836,934,871,1452,35,520,836,932,3
radixor-generalization-v1,4.3.0.dirty,14f61beb106bca21d78f828e2f8e35fb457d3d90,dirty,546a2b82c9418393817a4beeea7a0ace75112f95a28c95ecb284e090942cdd88,KET,ket-default,1.0.0,4916e12863d306cbda2240606bd667e77d1c0d96bb8a3981c1d72a7d565887eb,11400714819323198485,100,519,519,0,1618,1622,582,584,1036,1038,0,0,0,0,0,0,0,0,0,0,0,0,0
radixor-generalization-v1,4.3.0.dirty,14f61beb106bca21d78f828e2f8e35fb457d3d90,dirty,546a2b82c9418393817a4beeea7a0ace75112f95a28c95ecb284e090942cdd88,KET,ket-default,1.0.0,4916e12863d306cbda2240606bd667e77d1c0d96bb8a3981c1d72a7d565887eb,11400714819323198485,90,467,519,52,1550,1622,526,584,1024,1038,103,171,11,67,92,104,103,171,11,67,92,104,0
radixor-generalization-v1,4.3.0.dirty,14f61beb106bca21d78f828e2f8e35fb457d3d90,dirty,546a2b82c9418393817a4beeea7a0ace75112f95a28c95ecb284e090942cdd88,KET,ket-default,1.0.0,4916e12863d306cbda2240606bd667e77d1c0d96bb8a3981c1d72a7d565887eb,11400714819323198485,80,415,519,104,1492,1622,472,584,1020,1038,204,332,14,124,190,208,204,330,14,124,190,206,2
radixor-generalization-v1,4.3.0.dirty,14f61beb106bca21d78f828e2f8e35fb457d3d90,dirty,546a2b82c9418393817a4beeea7a0ace75112f95a28c95ecb284e090942cdd88,KET,ket-default,1.0.0,4916e12863d306cbda2240606bd667e77d1c0d96bb8a3981c1d72a7d565887eb,11400714819323198485,70,363,519,156,1433,1622,425,584,1008,1038,298,485,16,173,282,312,298,483,16,173,282,310,2
radixor-generalization-v1,4.3.0.dirty,14f61beb106bca21d78f828e2f8e35fb457d3d90,dirty,546a2b82c9418393817a4beeea7a0ace75112f95a28c95ecb284e090942cdd88,KET,ket-default,1.0.0,4916e12863d306cbda2240606bd667e77d1c0d96bb8a3981c1d72a7d565887eb,11400714819323198485,60,311,519,208,1385,1622,387,584,998,1038,399,634,23,218,376,416,399,632,23,218,376,414,2
radixor-generalization-v1,4.3.0.dirty,14f61beb106bca21d78f828e2f8e35fb457d3d90,dirty,546a2b82c9418393817a4beeea7a0ace75112f95a28c95ecb284e090942cdd88,KET,ket-default,1.0.0,4916e12863d306cbda2240606bd667e77d1c0d96bb8a3981c1d72a7d565887eb,11400714819323198485,50,260,519,259,1315,1622,317,584,998,1038,508,813,30,295,478,518,508,811,30,295,478,516,2
radixor-generalization-v1,4.3.0.dirty,14f61beb106bca21d78f828e2f8e35fb457d3d90,dirty,546a2b82c9418393817a4beeea7a0ace75112f95a28c95ecb284e090942cdd88,KET,ket-default,1.0.0,4916e12863d306cbda2240606bd667e77d1c0d96bb8a3981c1d72a7d565887eb,11400714819323198485,40,208,519,311,1249,1622,261,584,988,1038,600,973,28,351,572,622,600,968,28,350,572,618,5
radixor-generalization-v1,4.3.0.dirty,14f61beb106bca21d78f828e2f8e35fb457d3d90,dirty,546a2b82c9418393817a4beeea7a0ace75112f95a28c95ecb284e090942cdd88,KET,ket-default,1.0.0,4916e12863d306cbda2240606bd667e77d1c0d96bb8a3981c1d72a7d565887eb,11400714819323198485,30,156,519,363,1190,1622,208,584,982,1038,697,1129,27,403,670,726,697,1126,27,402,670,724,3
radixor-generalization-v1,4.3.0.dirty,14f61beb106bca21d78f828e2f8e35fb457d3d90,dirty,546a2b82c9418393817a4beeea7a0ace75112f95a28c95ecb284e090942cdd88,KET,ket-default,1.0.0,4916e12863d306cbda2240606bd667e77d1c0d96bb8a3981c1d72a7d565887eb,11400714819323198485,20,104,519,415,1120,1622,160,584,960,1038,782,1284,30,454,752,830,782,1281,30,453,752,828,3
radixor-generalization-v1,4.3.0.dirty,14f61beb106bca21d78f828e2f8e35fb457d3d90,dirty,546a2b82c9418393817a4beeea7a0ace75112f95a28c95ecb284e090942cdd88,KET,ket-default,1.0.0,4916e12863d306cbda2240606bd667e77d1c0d96bb8a3981c1d72a7d565887eb,11400714819323198485,10,52,519,467,1079,1622,109,584,970,1038,904,1447,38,513,866,934,904,1447,38,513,866,934,0
radixor-generalization-v1,4.3.0.dirty,14f61beb106bca21d78f828e2f8e35fb457d3d90,dirty,546a2b82c9418393817a4beeea7a0ace75112f95a28c95ecb284e090942cdd88,KET,ket-default,1.0.0,4916e12863d306cbda2240606bd667e77d1c0d96bb8a3981c1d72a7d565887eb,7046029254386353131,100,519,519,0,1618,1622,582,584,1036,1038,0,0,0,0,0,0,0,0,0,0,0,0,0
radixor-generalization-v1,4.3.0.dirty,14f61beb106bca21d78f828e2f8e35fb457d3d90,dirty,546a2b82c9418393817a4beeea7a0ace75112f95a28c95ecb284e090942cdd88,KET,ket-default,1.0.0,4916e12863d306cbda2240606bd667e77d1c0d96bb8a3981c1d72a7d565887eb,7046029254386353131,90,467,519,52,1563,1622,533,584,1030,1038,101,157,3,53,98,104,101,155,3,53,98,102,2
radixor-generalization-v1,4.3.0.dirty,14f61beb106bca21d78f828e2f8e35fb457d3d90,dirty,546a2b82c9418393817a4beeea7a0ace75112f95a28c95ecb284e090942cdd88,KET,ket-default,1.0.0,4916e12863d306cbda2240606bd667e77d1c0d96bb8a3981c1d72a7d565887eb,7046029254386353131,80,415,519,104,1517,1622,489,584,1028,1038,206,308,6,100,200,208,206,306,6,100,200,206,2
radixor-generalization-v1,4.3.0.dirty,14f61beb106bca21d78f828e2f8e35fb457d3d90,dirty,546a2b82c9418393817a4beeea7a0ace75112f95a28c95ecb284e090942cdd88,KET,ket-default,1.0.0,4916e12863d306cbda2240606bd667e77d1c0d96bb8a3981c1d72a7d565887eb,7046029254386353131,70,363,519,156,1456,1622,436,584,1020,1038,306,469,10,157,296,312,306,467,10,157,296,310,2
radixor-generalization-v1,4.3.0.dirty,14f61beb106bca21d78f828e2f8e35fb457d3d90,dirty,546a2b82c9418393817a4beeea7a0ace75112f95a28c95ecb284e090942cdd88,KET,ket-default,1.0.0,4916e12863d306cbda2240606bd667e77d1c0d96bb8a3981c1d72a7d565887eb,7046029254386353131,60,311,519,208,1406,1622,396,584,1010,1038,409,623,19,207,390,416,409,620,19,206,390,414,3
radixor-generalization-v1,4.3.0.dirty,14f61beb106bca21d78f828e2f8e35fb457d3d90,dirty,546a2b82c9418393817a4beeea7a0ace75112f95a28c95ecb284e090942cdd88,KET,ket-default,1.0.0,4916e12863d306cbda2240606bd667e77d1c0d96bb8a3981c1d72a7d565887eb,7046029254386353131,50,260,519,259,1346,1622,348,584,998,1038,501,775,21,257,480,518,501,773,21,257,480,516,2
radixor-generalization-v1,4.3.0.dirty,14f61beb106bca21d78f828e2f8e35fb457d3d90,dirty,546a2b82c9418393817a4beeea7a0ace75112f95a28c95ecb284e090942cdd88,KET,ket-default,1.0.0,4916e12863d306cbda2240606bd667e77d1c0d96bb8a3981c1d72a7d565887eb,7046029254386353131,40,208,519,311,1263,1622,271,584,992,1038,615,974,39,352,576,622,615,970,39,352,576,618,4
radixor-generalization-v1,4.3.0.dirty,14f61beb106bca21d78f828e2f8e35fb457d3d90,dirty,546a2b82c9418393817a4beeea7a0ace75112f95a28c95ecb284e090942cdd88,KET,ket-default,1.0.0,4916e12863d306cbda2240606bd667e77d1c0d96bb8a3981c1d72a7d565887eb,7046029254386353131,30,156,519,363,1213,1622,231,584,982,1038,719,1128,49,402,670,726,719,1124,49,402,670,722,4
radixor-generalization-v1,4.3.0.dirty,14f61beb106bca21d78f828e2f8e35fb457d3d90,dirty,546a2b82c9418393817a4beeea7a0ace75112f95a28c95ecb284e090942cdd88,KET,ket-default,1.0.0,4916e12863d306cbda2240606bd667e77d1c0d96bb8a3981c1d72a7d565887eb,7046029254386353131,20,104,519,415,1147,1622,159,584,988,1038,819,1294,39,464,780,830,819,1290,39,464,780,826,4
radixor-generalization-v1,4.3.0.dirty,14f61beb106bca21d78f828e2f8e35fb457d3d90,dirty,546a2b82c9418393817a4beeea7a0ace75112f95a28c95ecb284e090942cdd88,KET,ket-default,1.0.0,4916e12863d306cbda2240606bd667e77d1c0d96bb8a3981c1d72a7d565887eb,7046029254386353131,10,52,519,467,1099,1622,99,584,1000,1038,937,1460,41,526,896,934,937,1456,41,526,896,930,4
radixor-generalization-v1,4.3.0.dirty,14f61beb106bca21d78f828e2f8e35fb457d3d90,dirty,546a2b82c9418393817a4beeea7a0ace75112f95a28c95ecb284e090942cdd88,KET,ket-default,1.0.0,4916e12863d306cbda2240606bd667e77d1c0d96bb8a3981c1d72a7d565887eb,2611923443488327891,100,519,519,0,1618,1622,582,584,1036,1038,0,0,0,0,0,0,0,0,0,0,0,0,0
radixor-generalization-v1,4.3.0.dirty,14f61beb106bca21d78f828e2f8e35fb457d3d90,dirty,546a2b82c9418393817a4beeea7a0ace75112f95a28c95ecb284e090942cdd88,KET,ket-default,1.0.0,4916e12863d306cbda2240606bd667e77d1c0d96bb8a3981c1d72a7d565887eb,2611923443488327891,90,467,519,52,1564,1622,532,584,1032,1038,103,160,5,56,98,104,103,158,5,54,98,104,2
radixor-generalization-v1,4.3.0.dirty,14f61beb106bca21d78f828e2f8e35fb457d3d90,dirty,546a2b82c9418393817a4beeea7a0ace75112f95a28c95ecb284e090942cdd88,KET,ket-default,1.0.0,4916e12863d306cbda2240606bd667e77d1c0d96bb8a3981c1d72a7d565887eb,2611923443488327891,80,415,519,104,1520,1622,498,584,1022,1038,203,304,11,96,192,208,203,302,11,94,192,208,2
radixor-generalization-v1,4.3.0.dirty,14f61beb106bca21d78f828e2f8e35fb457d3d90,dirty,546a2b82c9418393817a4beeea7a0ace75112f95a28c95ecb284e090942cdd88,KET,ket-default,1.0.0,4916e12863d306cbda2240606bd667e77d1c0d96bb8a3981c1d72a7d565887eb,2611923443488327891,70,363,519,156,1449,1622,433,584,1016,1038,307,480,17,168,290,312,307,477,17,167,290,310,3
radixor-generalization-v1,4.3.0.dirty,14f61beb106bca21d78f828e2f8e35fb457d3d90,dirty,546a2b82c9418393817a4beeea7a0ace75112f95a28c95ecb284e090942cdd88,KET,ket-default,1.0.0,4916e12863d306cbda2240606bd667e77d1c0d96bb8a3981c1d72a7d565887eb,2611923443488327891,60,311,519,208,1377,1622,365,584,1012,1038,417,662,27,246,390,416,417,659,27,245,390,414,3
radixor-generalization-v1,4.3.0.dirty,14f61beb106bca21d78f828e2f8e35fb457d3d90,dirty,546a2b82c9418393817a4beeea7a0ace75112f95a28c95ecb284e090942cdd88,KET,ket-default,1.0.0,4916e12863d306cbda2240606bd667e77d1c0d96bb8a3981c1d72a7d565887eb,2611923443488327891,50,260,519,259,1330,1622,316,584,1014,1038,530,822,36,304,494,518,530,821,36,303,494,518,1
radixor-generalization-v1,4.3.0.dirty,14f61beb106bca21d78f828e2f8e35fb457d3d90,dirty,546a2b82c9418393817a4beeea7a0ace75112f95a28c95ecb284e090942cdd88,KET,ket-default,1.0.0,4916e12863d306cbda2240606bd667e77d1c0d96bb8a3981c1d72a7d565887eb,2611923443488327891,40,208,519,311,1282,1622,272,584,1010,1038,635,975,41,353,594,622,635,974,41,352,594,622,1
radixor-generalization-v1,4.3.0.dirty,14f61beb106bca21d78f828e2f8e35fb457d3d90,dirty,546a2b82c9418393817a4beeea7a0ace75112f95a28c95ecb284e090942cdd88,KET,ket-default,1.0.0,4916e12863d306cbda2240606bd667e77d1c0d96bb8a3981c1d72a7d565887eb,2611923443488327891,30,156,519,363,1207,1622,219,584,988,1038,717,1132,41,406,676,726,717,1131,41,405,676,726,1
radixor-generalization-v1,4.3.0.dirty,14f61beb106bca21d78f828e2f8e35fb457d3d90,dirty,546a2b82c9418393817a4beeea7a0ace75112f95a28c95ecb284e090942cdd88,KET,ket-default,1.0.0,4916e12863d306cbda2240606bd667e77d1c0d96bb8a3981c1d72a7d565887eb,2611923443488327891,20,104,519,415,1132,1622,150,584,982,1038,810,1300,36,470,774,830,810,1300,36,470,774,830,0
radixor-generalization-v1,4.3.0.dirty,14f61beb106bca21d78f828e2f8e35fb457d3d90,dirty,546a2b82c9418393817a4beeea7a0ace75112f95a28c95ecb284e090942cdd88,KET,ket-default,1.0.0,4916e12863d306cbda2240606bd667e77d1c0d96bb8a3981c1d72a7d565887eb,2611923443488327891,10,52,519,467,980,1622,100,584,880,1038,811,1453,35,519,776,934,811,1453,35,519,776,934,0
radixor-generalization-v1,4.3.0.dirty,14f61beb106bca21d78f828e2f8e35fb457d3d90,dirty,546a2b82c9418393817a4beeea7a0ace75112f95a28c95ecb284e090942cdd88,KET,ket-default,1.0.0,4916e12863d306cbda2240606bd667e77d1c0d96bb8a3981c1d72a7d565887eb,15111065706836454659,100,519,519,0,1618,1622,582,584,1036,1038,0,0,0,0,0,0,0,0,0,0,0,0,0
radixor-generalization-v1,4.3.0.dirty,14f61beb106bca21d78f828e2f8e35fb457d3d90,dirty,546a2b82c9418393817a4beeea7a0ace75112f95a28c95ecb284e090942cdd88,KET,ket-default,1.0.0,4916e12863d306cbda2240606bd667e77d1c0d96bb8a3981c1d72a7d565887eb,15111065706836454659,90,467,519,52,1570,1622,538,584,1032,1038,109,157,9,53,100,104,109,157,9,53,100,104,0
radixor-generalization-v1,4.3.0.dirty,14f61beb106bca21d78f828e2f8e35fb457d3d90,dirty,546a2b82c9418393817a4beeea7a0ace75112f95a28c95ecb284e090942cdd88,KET,ket-default,1.0.0,4916e12863d306cbda2240606bd667e77d1c0d96bb8a3981c1d72a7d565887eb,15111065706836454659,80,415,519,104,1514,1622,490,584,1024,1038,211,317,15,109,196,208,211,313,15,109,196,204,4
radixor-generalization-v1,4.3.0.dirty,14f61beb106bca21d78f828e2f8e35fb457d3d90,dirty,546a2b82c9418393817a4beeea7a0ace75112f95a28c95ecb284e090942cdd88,KET,ket-default,1.0.0,4916e12863d306cbda2240606bd667e77d1c0d96bb8a3981c1d72a7d565887eb,15111065706836454659,70,363,519,156,1453,1622,437,584,1016,1038,318,485,26,173,292,312,318,483,26,173,292,310,2
radixor-generalization-v1,4.3.0.dirty,14f61beb106bca21d78f828e2f8e35fb457d3d90,dirty,546a2b82c9418393817a4beeea7a0ace75112f95a28c95ecb284e090942cdd88,KET,ket-default,1.0.0,4916e12863d306cbda2240606bd667e77d1c0d96bb8a3981c1d72a7d565887eb,15111065706836454659,60,311,519,208,1407,1622,401,584,1006,1038,412,625,26,209,386,416,412,623,26,209,386,414,2
radixor-generalization-v1,4.3.0.dirty,14f61beb106bca21d78f828e2f8e35fb457d3d90,dirty,546a2b82c9418393817a4beeea7a0ace75112f95a28c95ecb284e090942cdd88,KET,ket-default,1.0.0,4916e12863d306cbda2240606bd667e77d1c0d96bb8a3981c1d72a7d565887eb,15111065706836454659,50,260,519,259,1343,1622,343,584,1000,1038,518,795,36,277,482,518,518,793,36,277,482,516,2
radixor-generalization-v1,4.3.0.dirty,14f61beb106bca21d78f828e2f8e35fb457d3d90,dirty,546a2b82c9418393817a4beeea7a0ace75112f95a28c95ecb284e090942cdd88,KET,ket-default,1.0.0,4916e12863d306cbda2240606bd667e77d1c0d96bb8a3981c1d72a7d565887eb,15111065706836454659,40,208,519,311,1248,1622,270,584,978,1038,601,973,37,351,564,622,601,971,37,351,564,620,2
radixor-generalization-v1,4.3.0.dirty,14f61beb106bca21d78f828e2f8e35fb457d3d90,dirty,546a2b82c9418393817a4beeea7a0ace75112f95a28c95ecb284e090942cdd88,KET,ket-default,1.0.0,4916e12863d306cbda2240606bd667e77d1c0d96bb8a3981c1d72a7d565887eb,15111065706836454659,30,156,519,363,1201,1622,223,584,978,1038,712,1131,44,405,668,726,712,1129,44,405,668,724,2
radixor-generalization-v1,4.3.0.dirty,14f61beb106bca21d78f828e2f8e35fb457d3d90,dirty,546a2b82c9418393817a4beeea7a0ace75112f95a28c95ecb284e090942cdd88,KET,ket-default,1.0.0,4916e12863d306cbda2240606bd667e77d1c0d96bb8a3981c1d72a7d565887eb,15111065706836454659,20,104,519,415,1121,1622,179,584,942,1038,784,1283,48,453,736,830,784,1283,48,453,736,830,0
radixor-generalization-v1,4.3.0.dirty,14f61beb106bca21d78f828e2f8e35fb457d3d90,dirty,546a2b82c9418393817a4beeea7a0ace75112f95a28c95ecb284e090942cdd88,KET,ket-default,1.0.0,4916e12863d306cbda2240606bd667e77d1c0d96bb8a3981c1d72a7d565887eb,15111065706836454659,10,52,519,467,1034,1622,100,584,934,1038,871,1459,41,525,830,934,871,1457,41,525,830,932,2
radixor-generalization-v1,4.3.0.dirty,14f61beb106bca21d78f828e2f8e35fb457d3d90,dirty,546a2b82c9418393817a4beeea7a0ace75112f95a28c95ecb284e090942cdd88,KMR,kmr-default,1.0.0,147729f9f3eb36dd1eaf35095cc57086e0aebf42ad4780aaf80034a5c0492948,2654435761,100,13981,13981,0,204300,206245,177908,178283,26392,27962,0,0,0,0,0,0,0,0,0,0,0,0,0
radixor-generalization-v1,4.3.0.dirty,14f61beb106bca21d78f828e2f8e35fb457d3d90,dirty,546a2b82c9418393817a4beeea7a0ace75112f95a28c95ecb284e090942cdd88,KMR,kmr-default,1.0.0,147729f9f3eb36dd1eaf35095cc57086e0aebf42ad4780aaf80034a5c0492948,2654435761,90,12583,13981,1398,201387,206245,175053,178283,26334,27962,16555,19823,14129,17027,2426,2796,16555,19556,14129,16924,2426,2632,267
radixor-generalization-v1,4.3.0.dirty,14f61beb106bca21d78f828e2f8e35fb457d3d90,dirty,546a2b82c9418393817a4beeea7a0ace75112f95a28c95ecb284e090942cdd88,KMR,kmr-default,1.0.0,147729f9f3eb36dd1eaf35095cc57086e0aebf42ad4780aaf80034a5c0492948,2654435761,80,11185,13981,2796,197457,206245,171213,178283,26244,27962,33116,40663,28266,35071,4850,5592,33116,40163,28266,34843,4850,5320,500
radixor-generalization-v1,4.3.0.dirty,14f61beb106bca21d78f828e2f8e35fb457d3d90,dirty,546a2b82c9418393817a4beeea7a0ace75112f95a28c95ecb284e090942cdd88,KMR,kmr-default,1.0.0,147729f9f3eb36dd1eaf35095cc57086e0aebf42ad4780aaf80034a5c0492948,2654435761,70,9787,13981,4194,193934,206245,167752,178283,26182,27962,50003,61399,42679,53011,7324,8388,50003,60730,42679,52702,7324,8028,669
radixor-generalization-v1,4.3.0.dirty,14f61beb106bca21d78f828e2f8e35fb457d3d90,dirty,546a2b82c9418393817a4beeea7a0ace75112f95a28c95ecb284e090942cdd88,KMR,kmr-default,1.0.0,147729f9f3eb36dd1eaf35095cc57086e0aebf42ad4780aaf80034a5c0492948,2654435761,60,8389,13981,5592,189358,206245,163300,178283,26058,27962,66292,82552,56502,71368,9790,11184,66292,81782,56502,70994,9790,10788,770
radixor-generalization-v1,4.3.0.dirty,14f61beb106bca21d78f828e2f8e35fb457d3d90,dirty,546a2b82c9418393817a4beeea7a0ace75112f95a28c95ecb284e090942cdd88,KMR,kmr-default,1.0.0,147729f9f3eb36dd1eaf35095cc57086e0aebf42ad4780aaf80034a5c0492948,2654435761,50,6991,13981,6990,184974,206245,159070,178283,25904,27962,83116,103947,70838,89967,12278,13980,83116,103188,70838,89594,12278,13594,759
radixor-generalization-v1,4.3.0.dirty,14f61beb106bca21d78f828e2f8e35fb457d3d90,dirty,546a2b82c9418393817a4beeea7a0ace75112f95a28c95ecb284e090942cdd88,KMR,kmr-default,1.0.0,147729f9f3eb36dd1eaf35095cc57086e0aebf42ad4780aaf80034a5c0492948,2654435761,40,5592,13981,8389,181093,206245,155329,178283,25764,27962,99485,124347,84671,107569,14814,16778,99485,123626,84671,107216,14814,16410,721
radixor-generalization-v1,4.3.0.dirty,14f61beb106bca21d78f828e2f8e35fb457d3d90,dirty,546a2b82c9418393817a4beeea7a0ace75112f95a28c95ecb284e090942cdd88,KMR,kmr-default,1.0.0,147729f9f3eb36dd1eaf35095cc57086e0aebf42ad4780aaf80034a5c0492948,2654435761,30,4194,13981,9787,177051,206245,151523,178283,25528,27962,116199,145239,98931,125665,17268,19574,116199,144611,98931,125365,17268,19246,628
radixor-generalization-v1,4.3.0.dirty,14f61beb106bca21d78f828e2f8e35fb457d3d90,dirty,546a2b82c9418393817a4beeea7a0ace75112f95a28c95ecb284e090942cdd88,KMR,kmr-default,1.0.0,147729f9f3eb36dd1eaf35095cc57086e0aebf42ad4780aaf80034a5c0492948,2654435761,20,2796,13981,11185,173304,206245,147988,178283,25316,27962,132324,165206,112548,142836,19776,22370,132324,164719,112548,142609,19776,22110,487
radixor-generalization-v1,4.3.0.dirty,14f61beb106bca21d78f828e2f8e35fb457d3d90,dirty,546a2b82c9418393817a4beeea7a0ace75112f95a28c95ecb284e090942cdd88,KMR,kmr-default,1.0.0,147729f9f3eb36dd1eaf35095cc57086e0aebf42ad4780aaf80034a5c0492948,2654435761,10,1398,13981,12583,169290,206245,144350,178283,24940,27962,148849,185797,126699,160631,22150,25166,148849,185551,126699,160515,22150,25036,246
radixor-generalization-v1,4.3.0.dirty,14f61beb106bca21d78f828e2f8e35fb457d3d90,dirty,546a2b82c9418393817a4beeea7a0ace75112f95a28c95ecb284e090942cdd88,KMR,kmr-default,1.0.0,147729f9f3eb36dd1eaf35095cc57086e0aebf42ad4780aaf80034a5c0492948,11400714819323198485,100,13981,13981,0,204300,206245,177908,178283,26392,27962,0,0,0,0,0,0,0,0,0,0,0,0,0
radixor-generalization-v1,4.3.0.dirty,14f61beb106bca21d78f828e2f8e35fb457d3d90,dirty,546a2b82c9418393817a4beeea7a0ace75112f95a28c95ecb284e090942cdd88,KMR,kmr-default,1.0.0,147729f9f3eb36dd1eaf35095cc57086e0aebf42ad4780aaf80034a5c0492948,11400714819323198485,90,12583,13981,1398,199871,206245,173551,178283,26320,27962,16916,21731,14474,18935,2442,2796,16916,21434,14474,18792,2442,2642,297
radixor-generalization-v1,4.3.0.dirty,14f61beb106bca21d78f828e2f8e35fb457d3d90,dirty,546a2b82c9418393817a4beeea7a0ace75112f95a28c95ecb284e090942cdd88,KMR,kmr-default,1.0.0,147729f9f3eb36dd1eaf35095cc57086e0aebf42ad4780aaf80034a5c0492948,11400714819323198485,80,11185,13981,2796,196192,206245,169942,178283,26250,27962,33468,42249,28532,36657,4936,5592,33468,41763,28532,36419,4936,5344,486
radixor-generalization-v1,4.3.0.dirty,14f61beb106bca21d78f828e2f8e35fb457d3d90,dirty,546a2b82c9418393817a4beeea7a0ace75112f95a28c95ecb284e090942cdd88,KMR,kmr-default,1.0.0,147729f9f3eb36dd1eaf35095cc57086e0aebf42ad4780aaf80034a5c0492948,11400714819323198485,70,9787,13981,4194,192423,206245,166279,178283,26144,27962,49667,62489,42249,54101,7418,8388,49667,61854,42249,53774,7418,8080,635
radixor-generalization-v1,4.3.0.dirty,14f61beb106bca21d78f828e2f8e35fb457d3d90,dirty,546a2b82c9418393817a4beeea7a0ace75112f95a28c95ecb284e090942cdd88,KMR,kmr-default,1.0.0,147729f9f3eb36dd1eaf35095cc57086e0aebf42ad4780aaf80034a5c0492948,11400714819323198485,60,8389,13981,5592,188900,206245,162854,178283,26046,27962,66302,82916,56426,71732,9876,11184,66302,82157,56426,71373,9876,10784,759
radixor-generalization-v1,4.3.0.dirty,14f61beb106bca21d78f828e2f8e35fb457d3d90,dirty,546a2b82c9418393817a4beeea7a0ace75112f95a28c95ecb284e090942cdd88,KMR,kmr-default,1.0.0,147729f9f3eb36dd1eaf35095cc57086e0aebf42ad4780aaf80034a5c0492948,11400714819323198485,50,6991,13981,6990,184882,206245,158938,178283,25944,27962,82643,103538,70277,89558,12366,13980,82643,102716,70277,89154,12366,13562,822
radixor-generalization-v1,4.3.0.dirty,14f61beb106bca21d78f828e2f8e35fb457d3d90,dirty,546a2b82c9418393817a4beeea7a0ace75112f95a28c95ecb284e090942cdd88,KMR,kmr-default,1.0.0,147729f9f3eb36dd1eaf35095cc57086e0aebf42ad4780aaf80034a5c0492948,11400714819323198485,40,5592,13981,8389,180410,206245,154700,178283,25710,27962,99203,124744,84419,107966,14784,16778,99203,123982,84419,107610,14784,16372,762
radixor-generalization-v1,4.3.0.dirty,14f61beb106bca21d78f828e2f8e35fb457d3d90,dirty,546a2b82c9418393817a4beeea7a0ace75112f95a28c95ecb284e090942cdd88,KMR,kmr-default,1.0.0,147729f9f3eb36dd1eaf35095cc57086e0aebf42ad4780aaf80034a5c0492948,11400714819323198485,30,4194,13981,9787,176612,206245,151172,178283,25440,27962,115704,145181,98510,125607,17194,19574,115704,144511,98510,125287,17194,19224,670
radixor-generalization-v1,4.3.0.dirty,14f61beb106bca21d78f828e2f8e35fb457d3d90,dirty,546a2b82c9418393817a4beeea7a0ace75112f95a28c95ecb284e090942cdd88,KMR,kmr-default,1.0.0,147729f9f3eb36dd1eaf35095cc57086e0aebf42ad4780aaf80034a5c0492948,11400714819323198485,20,2796,13981,11185,171984,206245,146734,178283,25250,27962,131965,166152,112237,143782,19728,22370,131965,165627,112237,143535,19728,22092,525
radixor-generalization-v1,4.3.0.dirty,14f61beb106bca21d78f828e2f8e35fb457d3d90,dirty,546a2b82c9418393817a4beeea7a0ace75112f95a28c95ecb284e090942cdd88,KMR,kmr-default,1.0.0,147729f9f3eb36dd1eaf35095cc57086e0aebf42ad4780aaf80034a5c0492948,11400714819323198485,10,1398,13981,12583,167563,206245,142753,178283,24810,27962,147733,186392,125699,161226,22034,25166,147733,186084,125699,161066,22034,25018,308
radixor-generalization-v1,4.3.0.dirty,14f61beb106bca21d78f828e2f8e35fb457d3d90,dirty,546a2b82c9418393817a4beeea7a0ace75112f95a28c95ecb284e090942cdd88,KMR,kmr-default,1.0.0,147729f9f3eb36dd1eaf35095cc57086e0aebf42ad4780aaf80034a5c0492948,7046029254386353131,100,13981,13981,0,204300,206245,177908,178283,26392,27962,0,0,0,0,0,0,0,0,0,0,0,0,0
radixor-generalization-v1,4.3.0.dirty,14f61beb106bca21d78f828e2f8e35fb457d3d90,dirty,546a2b82c9418393817a4beeea7a0ace75112f95a28c95ecb284e090942cdd88,KMR,kmr-default,1.0.0,147729f9f3eb36dd1eaf35095cc57086e0aebf42ad4780aaf80034a5c0492948,7046029254386353131,90,12583,13981,1398,200974,206245,174606,178283,26368,27962,16498,20190,14026,17394,2472,2796,16498,19900,14026,17262,2472,2638,290
radixor-generalization-v1,4.3.0.dirty,14f61beb106bca21d78f828e2f8e35fb457d3d90,dirty,546a2b82c9418393817a4beeea7a0ace75112f95a28c95ecb284e090942cdd88,KMR,kmr-default,1.0.0,147729f9f3eb36dd1eaf35095cc57086e0aebf42ad4780aaf80034a5c0492948,7046029254386353131,80,11185,13981,2796,197187,206245,170965,178283,26222,27962,33146,40935,28254,35343,4892,5592,33146,40432,28254,35114,4892,5318,503
radixor-generalization-v1,4.3.0.dirty,14f61beb106bca21d78f828e2f8e35fb457d3d90,dirty,546a2b82c9418393817a4beeea7a0ace75112f95a28c95ecb284e090942cdd88,KMR,kmr-default,1.0.0,147729f9f3eb36dd1eaf35095cc57086e0aebf42ad4780aaf80034a5c0492948,7046029254386353131,70,9787,13981,4194,194313,206245,168153,178283,26160,27962,49672,60631,42308,52243,7364,8388,49672,59955,42308,51943,7364,8012,676
radixor-generalization-v1,4.3.0.dirty,14f61beb106bca21d78f828e2f8e35fb457d3d90,dirty,546a2b82c9418393817a4beeea7a0ace75112f95a28c95ecb284e090942cdd88,KMR,kmr-default,1.0.0,147729f9f3eb36dd1eaf35095cc57086e0aebf42ad4780aaf80034a5c0492948,7046029254386353131,60,8389,13981,5592,190074,206245,164006,178283,26068,27962,66122,81587,56268,70403,9854,11184,66122,80794,56268,70056,9854,10738,793
radixor-generalization-v1,4.3.0.dirty,14f61beb106bca21d78f828e2f8e35fb457d3d90,dirty,546a2b82c9418393817a4beeea7a0ace75112f95a28c95ecb284e090942cdd88,KMR,kmr-default,1.0.0,147729f9f3eb36dd1eaf35095cc57086e0aebf42ad4780aaf80034a5c0492948,7046029254386353131,50,6991,13981,6990,186114,206245,160188,178283,25926,27962,82932,102533,70568,88553,12364,13980,82932,101728,70568,88204,12364,13524,805
radixor-generalization-v1,4.3.0.dirty,14f61beb106bca21d78f828e2f8e35fb457d3d90,dirty,546a2b82c9418393817a4beeea7a0ace75112f95a28c95ecb284e090942cdd88,KMR,kmr-default,1.0.0,147729f9f3eb36dd1eaf35095cc57086e0aebf42ad4780aaf80034a5c0492948,7046029254386353131,40,5592,13981,8389,181849,206245,156171,178283,25678,27962,99738,123809,84962,107031,14776,16778,99738,123013,84962,106681,14776,16332,796
radixor-generalization-v1,4.3.0.dirty,14f61beb106bca21d78f828e2f8e35fb457d3d90,dirty,546a2b82c9418393817a4beeea7a0ace75112f95a28c95ecb284e090942cdd88,KMR,kmr-default,1.0.0,147729f9f3eb36dd1eaf35095cc57086e0aebf42ad4780aaf80034a5c0492948,7046029254386353131,30,4194,13981,9787,177797,206245,152279,178283,25518,27962,115963,144213,98655,124639,17308,19574,115963,143559,98655,124333,17308,19226,654
radixor-generalization-v1,4.3.0.dirty,14f61beb106bca21d78f828e2f8e35fb457d3d90,dirty,546a2b82c9418393817a4beeea7a0ace75112f95a28c95ecb284e090942cdd88,KMR,kmr-default,1.0.0,147729f9f3eb36dd1eaf35095cc57086e0aebf42ad4780aaf80034a5c0492948,7046029254386353131,20,2796,13981,11185,173396,206245,148166,178283,25230,27962,131792,164534,112062,142164,19730,22370,131792,164059,112062,141949,19730,22110,475
radixor-generalization-v1,4.3.0.dirty,14f61beb106bca21d78f828e2f8e35fb457d3d90,dirty,546a2b82c9418393817a4beeea7a0ace75112f95a28c95ecb284e090942cdd88,KMR,kmr-default,1.0.0,147729f9f3eb36dd1eaf35095cc57086e0aebf42ad4780aaf80034a5c0492948,7046029254386353131,10,1398,13981,12583,169106,206245,144132,178283,24974,27962,148099,185212,125899,160046,22200,25166,148099,184936,125899,159918,22200,25018,276
radixor-generalization-v1,4.3.0.dirty,14f61beb106bca21d78f828e2f8e35fb457d3d90,dirty,546a2b82c9418393817a4beeea7a0ace75112f95a28c95ecb284e090942cdd88,KMR,kmr-default,1.0.0,147729f9f3eb36dd1eaf35095cc57086e0aebf42ad4780aaf80034a5c0492948,2611923443488327891,100,13981,13981,0,204300,206245,177908,178283,26392,27962,0,0,0,0,0,0,0,0,0,0,0,0,0
radixor-generalization-v1,4.3.0.dirty,14f61beb106bca21d78f828e2f8e35fb457d3d90,dirty,546a2b82c9418393817a4beeea7a0ace75112f95a28c95ecb284e090942cdd88,KMR,kmr-default,1.0.0,147729f9f3eb36dd1eaf35095cc57086e0aebf42ad4780aaf80034a5c0492948,2611923443488327891,90,12583,13981,1398,200928,206245,174570,178283,26358,27962,16806,20502,14312,17706,2494,2796,16806,20264,14312,17590,2494,2674,238
radixor-generalization-v1,4.3.0.dirty,14f61beb106bca21d78f828e2f8e35fb457d3d90,dirty,546a2b82c9418393817a4beeea7a0ace75112f95a28c95ecb284e090942cdd88,KMR,kmr-default,1.0.0,147729f9f3eb36dd1eaf35095cc57086e0aebf42ad4780aaf80034a5c0492948,2611923443488327891,80,11185,13981,2796,197301,206245,170989,178283,26312,27962,33320,41014,28368,35422,4952,5592,33320,40528,28368,35170,4952,5358,486
radixor-generalization-v1,4.3.0.dirty,14f61beb106bca21d78f828e2f8e35fb457d3d90,dirty,546a2b82c9418393817a4beeea7a0ace75112f95a28c95ecb284e090942cdd88,KMR,kmr-default,1.0.0,147729f9f3eb36dd1eaf35095cc57086e0aebf42ad4780aaf80034a5c0492948,2611923443488327891,70,9787,13981,4194,193417,206245,167249,178283,26168,27962,49782,61632,42398,53244,7384,8388,49782,61011,42398,52923,7384,8088,621
radixor-generalization-v1,4.3.0.dirty,14f61beb106bca21d78f828e2f8e35fb457d3d90,dirty,546a2b82c9418393817a4beeea7a0ace75112f95a28c95ecb284e090942cdd88,KMR,kmr-default,1.0.0,147729f9f3eb36dd1eaf35095cc57086e0aebf42ad4780aaf80034a5c0492948,2611923443488327891,60,8389,13981,5592,189354,206245,163364,178283,25990,27962,66153,82322,56369,71138,9784,11184,66153,81598,56369,70770,9784,10828,724
radixor-generalization-v1,4.3.0.dirty,14f61beb106bca21d78f828e2f8e35fb457d3d90,dirty,546a2b82c9418393817a4beeea7a0ace75112f95a28c95ecb284e090942cdd88,KMR,kmr-default,1.0.0,147729f9f3eb36dd1eaf35095cc57086e0aebf42ad4780aaf80034a5c0492948,2611923443488327891,50,6991,13981,6990,185555,206245,159715,178283,25840,27962,83143,103305,70875,89325,12268,13980,83143,102558,70875,88952,12268,13606,747
radixor-generalization-v1,4.3.0.dirty,14f61beb106bca21d78f828e2f8e35fb457d3d90,dirty,546a2b82c9418393817a4beeea7a0ace75112f95a28c95ecb284e090942cdd88,KMR,kmr-default,1.0.0,147729f9f3eb36dd1eaf35095cc57086e0aebf42ad4780aaf80034a5c0492948,2611923443488327891,40,5592,13981,8389,181590,206245,155836,178283,25754,27962,99685,123998,84861,107220,14824,16778,99685,123264,84861,106850,14824,16414,734
radixor-generalization-v1,4.3.0.dirty,14f61beb106bca21d78f828e2f8e35fb457d3d90,dirty,546a2b82c9418393817a4beeea7a0ace75112f95a28c95ecb284e090942cdd88,KMR,kmr-default,1.0.0,147729f9f3eb36dd1eaf35095cc57086e0aebf42ad4780aaf80034a5c0492948,2611923443488327891,30,4194,13981,9787,176941,206245,151331,178283,25610,27962,115072,144179,97708,124605,17364,19574,115072,143516,97708,124274,17364,19242,663
radixor-generalization-v1,4.3.0.dirty,14f61beb106bca21d78f828e2f8e35fb457d3d90,dirty,546a2b82c9418393817a4beeea7a0ace75112f95a28c95ecb284e090942cdd88,KMR,kmr-default,1.0.0,147729f9f3eb36dd1eaf35095cc57086e0aebf42ad4780aaf80034a5c0492948,2611923443488327891,20,2796,13981,11185,172959,206245,147705,178283,25254,27962,131989,165191,112263,142821,19726,22370,131989,164656,112263,142554,19726,22102,535
radixor-generalization-v1,4.3.0.dirty,14f61beb106bca21d78f828e2f8e35fb457d3d90,dirty,546a2b82c9418393817a4beeea7a0ace75112f95a28c95ecb284e090942cdd88,KMR,kmr-default,1.0.0,147729f9f3eb36dd1eaf35095cc57086e0aebf42ad4780aaf80034a5c0492948,2611923443488327891,10,1398,13981,12583,168102,206245,143188,178283,24914,27962,147864,185986,125726,160820,22138,25166,147864,185719,125726,160677,22138,25042,267
radixor-generalization-v1,4.3.0.dirty,14f61beb106bca21d78f828e2f8e35fb457d3d90,dirty,546a2b82c9418393817a4beeea7a0ace75112f95a28c95ecb284e090942cdd88,KMR,kmr-default,1.0.0,147729f9f3eb36dd1eaf35095cc57086e0aebf42ad4780aaf80034a5c0492948,15111065706836454659,100,13981,13981,0,204300,206245,177908,178283,26392,27962,0,0,0,0,0,0,0,0,0,0,0,0,0
radixor-generalization-v1,4.3.0.dirty,14f61beb106bca21d78f828e2f8e35fb457d3d90,dirty,546a2b82c9418393817a4beeea7a0ace75112f95a28c95ecb284e090942cdd88,KMR,kmr-default,1.0.0,147729f9f3eb36dd1eaf35095cc57086e0aebf42ad4780aaf80034a5c0492948,15111065706836454659,90,12583,13981,1398,200787,206245,174421,178283,26366,27962,16776,20688,14326,17892,2450,2796,16776,20384,14326,17744,2450,2640,304
radixor-generalization-v1,4.3.0.dirty,14f61beb106bca21d78f828e2f8e35fb457d3d90,dirty,546a2b82c9418393817a4beeea7a0ace75112f95a28c95ecb284e090942cdd88,KMR,kmr-default,1.0.0,147729f9f3eb36dd1eaf35095cc57086e0aebf42ad4780aaf80034a5c0492948,15111065706836454659,80,11185,13981,2796,197600,206245,171316,178283,26284,27962,33310,40714,28394,35122,4916,5592,33310,40223,28394,34897,4916,5326,491
radixor-generalization-v1,4.3.0.dirty,14f61beb106bca21d78f828e2f8e35fb457d3d90,dirty,546a2b82c9418393817a4beeea7a0ace75112f95a28c95ecb284e090942cdd88,KMR,kmr-default,1.0.0,147729f9f3eb36dd1eaf35095cc57086e0aebf42ad4780aaf80034a5c0492948,15111065706836454659,70,9787,13981,4194,193610,206245,167454,178283,26156,27962,49736,61374,42358,52986,7378,8388,49736,60771,42358,52707,7378,8064,603
radixor-generalization-v1,4.3.0.dirty,14f61beb106bca21d78f828e2f8e35fb457d3d90,dirty,546a2b82c9418393817a4beeea7a0ace75112f95a28c95ecb284e090942cdd88,KMR,kmr-default,1.0.0,147729f9f3eb36dd1eaf35095cc57086e0aebf42ad4780aaf80034a5c0492948,15111065706836454659,60,8389,13981,5592,189320,206245,163274,178283,26046,27962,66082,82279,56234,71095,9848,11184,66082,81557,56234,70761,9848,10796,722
radixor-generalization-v1,4.3.0.dirty,14f61beb106bca21d78f828e2f8e35fb457d3d90,dirty,546a2b82c9418393817a4beeea7a0ace75112f95a28c95ecb284e090942cdd88,KMR,kmr-default,1.0.0,147729f9f3eb36dd1eaf35095cc57086e0aebf42ad4780aaf80034a5c0492948,15111065706836454659,50,6991,13981,6990,185157,206245,159239,178283,25918,27962,82558,103138,70186,89158,12372,13980,82558,102363,70186,88777,12372,13586,775
radixor-generalization-v1,4.3.0.dirty,14f61beb106bca21d78f828e2f8e35fb457d3d90,dirty,546a2b82c9418393817a4beeea7a0ace75112f95a28c95ecb284e090942cdd88,KMR,kmr-default,1.0.0,147729f9f3eb36dd1eaf35095cc57086e0aebf42ad4780aaf80034a5c0492948,15111065706836454659,40,5592,13981,8389,181068,206245,155306,178283,25762,27962,98863,123698,83999,106920,14864,16778,98863,122960,83999,106572,14864,16388,738
radixor-generalization-v1,4.3.0.dirty,14f61beb106bca21d78f828e2f8e35fb457d3d90,dirty,546a2b82c9418393817a4beeea7a0ace75112f95a28c95ecb284e090942cdd88,KMR,kmr-default,1.0.0,147729f9f3eb36dd1eaf35095cc57086e0aebf42ad4780aaf80034a5c0492948,15111065706836454659,30,4194,13981,9787,176989,206245,151419,178283,25570,27962,115510,144560,98160,124986,17350,19574,115510,143856,98160,124656,17350,19200,704
radixor-generalization-v1,4.3.0.dirty,14f61beb106bca21d78f828e2f8e35fb457d3d90,dirty,546a2b82c9418393817a4beeea7a0ace75112f95a28c95ecb284e090942cdd88,KMR,kmr-default,1.0.0,147729f9f3eb36dd1eaf35095cc57086e0aebf42ad4780aaf80034a5c0492948,15111065706836454659,20,2796,13981,11185,172776,206245,147548,178283,25228,27962,131707,165072,111995,142702,19712,22370,131707,164583,111995,142475,19712,22108,489
radixor-generalization-v1,4.3.0.dirty,14f61beb106bca21d78f828e2f8e35fb457d3d90,dirty,546a2b82c9418393817a4beeea7a0ace75112f95a28c95ecb284e090942cdd88,KMR,kmr-default,1.0.0,147729f9f3eb36dd1eaf35095cc57086e0aebf42ad4780aaf80034a5c0492948,15111065706836454659,10,1398,13981,12583,169086,206245,144068,178283,25018,27962,147613,184742,125379,159576,22234,25166,147613,184448,125379,159444,22234,25004,294
radixor-generalization-v1,4.3.0.dirty,14f61beb106bca21d78f828e2f8e35fb457d3d90,dirty,546a2b82c9418393817a4beeea7a0ace75112f95a28c95ecb284e090942cdd88,KO_KR,ko-kr-default,1.0.0,bbcb468402ee54327dfd2101df5ef90869db06fe0543d85c1f62ac4d3beba155,2654435761,100,2672,2672,0,195344,196302,190002,190958,5342,5344,0,0,0,0,0,0,0,0,0,0,0,0,0
radixor-generalization-v1,4.3.0.dirty,14f61beb106bca21d78f828e2f8e35fb457d3d90,dirty,546a2b82c9418393817a4beeea7a0ace75112f95a28c95ecb284e090942cdd88,KO_KR,ko-kr-default,1.0.0,bbcb468402ee54327dfd2101df5ef90869db06fe0543d85c1f62ac4d3beba155,2654435761,90,2405,2672,267,192017,196302,186675,190958,5342,5344,16197,19758,15663,19224,534,534,16197,19524,15663,18990,534,534,234
radixor-generalization-v1,4.3.0.dirty,14f61beb106bca21d78f828e2f8e35fb457d3d90,dirty,546a2b82c9418393817a4beeea7a0ace75112f95a28c95ecb284e090942cdd88,KO_KR,ko-kr-default,1.0.0,bbcb468402ee54327dfd2101df5ef90869db06fe0543d85c1f62ac4d3beba155,2654435761,80,2138,2672,534,189998,196302,184660,190958,5338,5344,33555,39484,32493,38416,1062,1068,33555,38996,32493,37932,1062,1064,488
radixor-generalization-v1,4.3.0.dirty,14f61beb106bca21d78f828e2f8e35fb457d3d90,dirty,546a2b82c9418393817a4beeea7a0ace75112f95a28c95ecb284e090942cdd88,KO_KR,ko-kr-default,1.0.0,bbcb468402ee54327dfd2101df5ef90869db06fe0543d85c1f62ac4d3beba155,2654435761,70,1870,2672,802,187533,196302,182197,190958,5336,5344,50627,59151,49031,57547,1596,1604,50627,58649,49031,57047,1596,1602,502
radixor-generalization-v1,4.3.0.dirty,14f61beb106bca21d78f828e2f8e35fb457d3d90,dirty,546a2b82c9418393817a4beeea7a0ace75112f95a28c95ecb284e090942cdd88,KO_KR,ko-kr-default,1.0.0,bbcb468402ee54327dfd2101df5ef90869db06fe0543d85c1f62ac4d3beba155,2654435761,60,1603,2672,1069,184575,196302,179239,190958,5336,5344,67216,78701,65086,76563,2130,2138,67216,78292,65086,76156,2130,2136,409
radixor-generalization-v1,4.3.0.dirty,14f61beb106bca21d78f828e2f8e35fb457d3d90,dirty,546a2b82c9418393817a4beeea7a0ace75112f95a28c95ecb284e090942cdd88,KO_KR,ko-kr-default,1.0.0,bbcb468402ee54327dfd2101df5ef90869db06fe0543d85c1f62ac4d3beba155,2654435761,50,1336,2672,1336,180167,196302,174831,190958,5336,5344,82281,98235,79617,95563,2664,2672,82281,97824,79617,95154,2664,2670,411
radixor-generalization-v1,4.3.0.dirty,14f61beb106bca21d78f828e2f8e35fb457d3d90,dirty,546a2b82c9418393817a4beeea7a0ace75112f95a28c95ecb284e090942cdd88,KO_KR,ko-kr-default,1.0.0,bbcb468402ee54327dfd2101df5ef90869db06fe0543d85c1f62ac4d3beba155,2654435761,40,1069,2672,1603,176495,196302,171159,190958,5336,5344,97799,117425,94601,114219,3198,3206,97799,117113,94601,113907,3198,3206,312
radixor-generalization-v1,4.3.0.dirty,14f61beb106bca21d78f828e2f8e35fb457d3d90,dirty,546a2b82c9418393817a4beeea7a0ace75112f95a28c95ecb284e090942cdd88,KO_KR,ko-kr-default,1.0.0,bbcb468402ee54327dfd2101df5ef90869db06fe0543d85c1f62ac4d3beba155,2654435761,30,802,2672,1870,172741,196302,167413,190958,5328,5344,113575,137059,109851,133319,3724,3740,113575,136698,109851,132958,3724,3740,361
radixor-generalization-v1,4.3.0.dirty,14f61beb106bca21d78f828e2f8e35fb457d3d90,dirty,546a2b82c9418393817a4beeea7a0ace75112f95a28c95ecb284e090942cdd88,KO_KR,ko-kr-default,1.0.0,bbcb468402ee54327dfd2101df5ef90869db06fe0543d85c1f62ac4d3beba155,2654435761,20,534,2672,2138,168986,196302,163656,190958,5330,5344,129853,157126,125591,152850,4262,4276,129853,156840,125591,152564,4262,4276,286
radixor-generalization-v1,4.3.0.dirty,14f61beb106bca21d78f828e2f8e35fb457d3d90,dirty,546a2b82c9418393817a4beeea7a0ace75112f95a28c95ecb284e090942cdd88,KO_KR,ko-kr-default,1.0.0,bbcb468402ee54327dfd2101df5ef90869db06fe0543d85c1f62ac4d3beba155,2654435761,10,267,2672,2405,162826,196302,157492,190958,5334,5344,143017,176492,138217,171682,4800,4810,143017,176379,138217,171569,4800,4810,113
radixor-generalization-v1,4.3.0.dirty,14f61beb106bca21d78f828e2f8e35fb457d3d90,dirty,546a2b82c9418393817a4beeea7a0ace75112f95a28c95ecb284e090942cdd88,KO_KR,ko-kr-default,1.0.0,bbcb468402ee54327dfd2101df5ef90869db06fe0543d85c1f62ac4d3beba155,11400714819323198485,100,2672,2672,0,195344,196302,190002,190958,5342,5344,0,0,0,0,0,0,0,0,0,0,0,0,0
radixor-generalization-v1,4.3.0.dirty,14f61beb106bca21d78f828e2f8e35fb457d3d90,dirty,546a2b82c9418393817a4beeea7a0ace75112f95a28c95ecb284e090942cdd88,KO_KR,ko-kr-default,1.0.0,bbcb468402ee54327dfd2101df5ef90869db06fe0543d85c1f62ac4d3beba155,11400714819323198485,90,2405,2672,267,191883,196302,186541,190958,5342,5344,15722,19328,15190,18794,532,534,15722,19183,15190,18651,532,532,145
radixor-generalization-v1,4.3.0.dirty,14f61beb106bca21d78f828e2f8e35fb457d3d90,dirty,546a2b82c9418393817a4beeea7a0ace75112f95a28c95ecb284e090942cdd88,KO_KR,ko-kr-default,1.0.0,bbcb468402ee54327dfd2101df5ef90869db06fe0543d85c1f62ac4d3beba155,11400714819323198485,80,2138,2672,534,188299,196302,182957,190958,5342,5344,31428,38886,30362,37818,1066,1068,31428,38473,30362,37407,1066,1066,413
radixor-generalization-v1,4.3.0.dirty,14f61beb106bca21d78f828e2f8e35fb457d3d90,dirty,546a2b82c9418393817a4beeea7a0ace75112f95a28c95ecb284e090942cdd88,KO_KR,ko-kr-default,1.0.0,bbcb468402ee54327dfd2101df5ef90869db06fe0543d85c1f62ac4d3beba155,11400714819323198485,70,1870,2672,802,185096,196302,179758,190958,5338,5344,47648,58505,46050,56901,1598,1604,47648,57936,46050,56334,1598,1602,569
radixor-generalization-v1,4.3.0.dirty,14f61beb106bca21d78f828e2f8e35fb457d3d90,dirty,546a2b82c9418393817a4beeea7a0ace75112f95a28c95ecb284e090942cdd88,KO_KR,ko-kr-default,1.0.0,bbcb468402ee54327dfd2101df5ef90869db06fe0543d85c1f62ac4d3beba155,11400714819323198485,60,1603,2672,1069,181315,196302,175981,190958,5334,5344,63642,78360,61514,76222,2128,2138,63642,77809,61514,75675,2128,2134,551
radixor-generalization-v1,4.3.0.dirty,14f61beb106bca21d78f828e2f8e35fb457d3d90,dirty,546a2b82c9418393817a4beeea7a0ace75112f95a28c95ecb284e090942cdd88,KO_KR,ko-kr-default,1.0.0,bbcb468402ee54327dfd2101df5ef90869db06fe0543d85c1f62ac4d3beba155,11400714819323198485,50,1336,2672,1336,176580,196302,171244,190958,5336,5344,78320,97910,75656,95238,2664,2672,78320,97353,75656,94685,2664,2668,557
radixor-generalization-v1,4.3.0.dirty,14f61beb106bca21d78f828e2f8e35fb457d3d90,dirty,546a2b82c9418393817a4beeea7a0ace75112f95a28c95ecb284e090942cdd88,KO_KR,ko-kr-default,1.0.0,bbcb468402ee54327dfd2101df5ef90869db06fe0543d85c1f62ac4d3beba155,11400714819323198485,40,1069,2672,1603,170563,196302,165227,190958,5336,5344,91824,117486,88626,114280,3198,3206,91824,116973,88626,113771,3198,3202,513
radixor-generalization-v1,4.3.0.dirty,14f61beb106bca21d78f828e2f8e35fb457d3d90,dirty,546a2b82c9418393817a4beeea7a0ace75112f95a28c95ecb284e090942cdd88,KO_KR,ko-kr-default,1.0.0,bbcb468402ee54327dfd2101df5ef90869db06fe0543d85c1f62ac4d3beba155,11400714819323198485,30,802,2672,1870,163130,196302,157794,190958,5336,5344,104339,137482,100607,133742,3732,3740,104339,137078,100607,133340,3732,3738,404
radixor-generalization-v1,4.3.0.dirty,14f61beb106bca21d78f828e2f8e35fb457d3d90,dirty,546a2b82c9418393817a4beeea7a0ace75112f95a28c95ecb284e090942cdd88,KO_KR,ko-kr-default,1.0.0,bbcb468402ee54327dfd2101df5ef90869db06fe0543d85c1f62ac4d3beba155,11400714819323198485,20,534,2672,2138,152225,196302,146889,190958,5336,5344,113369,157417,109101,153141,4268,4276,113369,157235,109101,152959,4268,4276,182
radixor-generalization-v1,4.3.0.dirty,14f61beb106bca21d78f828e2f8e35fb457d3d90,dirty,546a2b82c9418393817a4beeea7a0ace75112f95a28c95ecb284e090942cdd88,KO_KR,ko-kr-default,1.0.0,bbcb468402ee54327dfd2101df5ef90869db06fe0543d85c1f62ac4d3beba155,11400714819323198485,10,267,2672,2405,136711,196302,131375,190958,5336,5344,117643,177234,112841,172424,4802,4810,117643,177029,112841,172219,4802,4810,205
radixor-generalization-v1,4.3.0.dirty,14f61beb106bca21d78f828e2f8e35fb457d3d90,dirty,546a2b82c9418393817a4beeea7a0ace75112f95a28c95ecb284e090942cdd88,KO_KR,ko-kr-default,1.0.0,bbcb468402ee54327dfd2101df5ef90869db06fe0543d85c1f62ac4d3beba155,7046029254386353131,100,2672,2672,0,195344,196302,190002,190958,5342,5344,0,0,0,0,0,0,0,0,0,0,0,0,0
radixor-generalization-v1,4.3.0.dirty,14f61beb106bca21d78f828e2f8e35fb457d3d90,dirty,546a2b82c9418393817a4beeea7a0ace75112f95a28c95ecb284e090942cdd88,KO_KR,ko-kr-default,1.0.0,bbcb468402ee54327dfd2101df5ef90869db06fe0543d85c1f62ac4d3beba155,7046029254386353131,90,2405,2672,267,192044,196302,186702,190958,5342,5344,15867,19306,15335,18772,532,534,15867,19167,15335,18635,532,532,139
radixor-generalization-v1,4.3.0.dirty,14f61beb106bca21d78f828e2f8e35fb457d3d90,dirty,546a2b82c9418393817a4beeea7a0ace75112f95a28c95ecb284e090942cdd88,KO_KR,ko-kr-default,1.0.0,bbcb468402ee54327dfd2101df5ef90869db06fe0543d85c1f62ac4d3beba155,7046029254386353131,80,2138,2672,534,187730,196302,182390,190958,5340,5344,31165,38919,30101,37851,1064,1068,31165,38779,30101,37713,1064,1066,140
radixor-generalization-v1,4.3.0.dirty,14f61beb106bca21d78f828e2f8e35fb457d3d90,dirty,546a2b82c9418393817a4beeea7a0ace75112f95a28c95ecb284e090942cdd88,KO_KR,ko-kr-default,1.0.0,bbcb468402ee54327dfd2101df5ef90869db06fe0543d85c1f62ac4d3beba155,7046029254386353131,70,1870,2672,802,183023,196302,177687,190958,5336,5344,45971,58599,44375,56995,1596,1604,45971,58293,44375,56691,1596,1602,306
radixor-generalization-v1,4.3.0.dirty,14f61beb106bca21d78f828e2f8e35fb457d3d90,dirty,546a2b82c9418393817a4beeea7a0ace75112f95a28c95ecb284e090942cdd88,KO_KR,ko-kr-default,1.0.0,bbcb468402ee54327dfd2101df5ef90869db06fe0543d85c1f62ac4d3beba155,7046029254386353131,60,1603,2672,1069,179663,196302,174327,190958,5336,5344,62415,78508,60285,76370,2130,2138,62415,78258,60285,76122,2130,2136,250
radixor-generalization-v1,4.3.0.dirty,14f61beb106bca21d78f828e2f8e35fb457d3d90,dirty,546a2b82c9418393817a4beeea7a0ace75112f95a28c95ecb284e090942cdd88,KO_KR,ko-kr-default,1.0.0,bbcb468402ee54327dfd2101df5ef90869db06fe0543d85c1f62ac4d3beba155,7046029254386353131,50,1336,2672,1336,174454,196302,169116,190958,5338,5344,76847,98272,74181,95600,2666,2672,76847,97899,74181,95229,2666,2670,373
radixor-generalization-v1,4.3.0.dirty,14f61beb106bca21d78f828e2f8e35fb457d3d90,dirty,546a2b82c9418393817a4beeea7a0ace75112f95a28c95ecb284e090942cdd88,KO_KR,ko-kr-default,1.0.0,bbcb468402ee54327dfd2101df5ef90869db06fe0543d85c1f62ac4d3beba155,7046029254386353131,40,1069,2672,1603,168461,196302,163123,190958,5338,5344,90171,117658,86971,114452,3200,3206,90171,117311,86971,114105,3200,3206,347
radixor-generalization-v1,4.3.0.dirty,14f61beb106bca21d78f828e2f8e35fb457d3d90,dirty,546a2b82c9418393817a4beeea7a0ace75112f95a28c95ecb284e090942cdd88,KO_KR,ko-kr-default,1.0.0,bbcb468402ee54327dfd2101df5ef90869db06fe0543d85c1f62ac4d3beba155,7046029254386353131,30,802,2672,1870,171809,196302,166477,190958,5332,5344,112868,137265,109140,133525,3728,3740,112868,136808,109140,133072,3728,3736,457
radixor-generalization-v1,4.3.0.dirty,14f61beb106bca21d78f828e2f8e35fb457d3d90,dirty,546a2b82c9418393817a4beeea7a0ace75112f95a28c95ecb284e090942cdd88,KO_KR,ko-kr-default,1.0.0,bbcb468402ee54327dfd2101df5ef90869db06fe0543d85c1f62ac4d3beba155,7046029254386353131,20,534,2672,2138,167193,196302,161867,190958,5326,5344,128199,157308,123941,153032,4258,4276,128199,156997,123941,152725,4258,4272,311
radixor-generalization-v1,4.3.0.dirty,14f61beb106bca21d78f828e2f8e35fb457d3d90,dirty,546a2b82c9418393817a4beeea7a0ace75112f95a28c95ecb284e090942cdd88,KO_KR,ko-kr-default,1.0.0,bbcb468402ee54327dfd2101df5ef90869db06fe0543d85c1f62ac4d3beba155,7046029254386353131,10,267,2672,2405,171677,196302,166345,190958,5332,5344,152102,176727,147304,171917,4798,4810,152102,176512,147304,171706,4798,4806,215
radixor-generalization-v1,4.3.0.dirty,14f61beb106bca21d78f828e2f8e35fb457d3d90,dirty,546a2b82c9418393817a4beeea7a0ace75112f95a28c95ecb284e090942cdd88,KO_KR,ko-kr-default,1.0.0,bbcb468402ee54327dfd2101df5ef90869db06fe0543d85c1f62ac4d3beba155,2611923443488327891,100,2672,2672,0,195344,196302,190002,190958,5342,5344,0,0,0,0,0,0,0,0,0,0,0,0,0
radixor-generalization-v1,4.3.0.dirty,14f61beb106bca21d78f828e2f8e35fb457d3d90,dirty,546a2b82c9418393817a4beeea7a0ace75112f95a28c95ecb284e090942cdd88,KO_KR,ko-kr-default,1.0.0,bbcb468402ee54327dfd2101df5ef90869db06fe0543d85c1f62ac4d3beba155,2611923443488327891,90,2405,2672,267,192038,196302,186696,190958,5342,5344,16216,19533,15682,18999,534,534,16216,19522,15682,18988,534,534,11
radixor-generalization-v1,4.3.0.dirty,14f61beb106bca21d78f828e2f8e35fb457d3d90,dirty,546a2b82c9418393817a4beeea7a0ace75112f95a28c95ecb284e090942cdd88,KO_KR,ko-kr-default,1.0.0,bbcb468402ee54327dfd2101df5ef90869db06fe0543d85c1f62ac4d3beba155,2611923443488327891,80,2138,2672,534,188196,196302,182854,190958,5342,5344,31769,39251,30701,38183,1068,1068,31769,38927,30701,37859,1068,1068,324
radixor-generalization-v1,4.3.0.dirty,14f61beb106bca21d78f828e2f8e35fb457d3d90,dirty,546a2b82c9418393817a4beeea7a0ace75112f95a28c95ecb284e090942cdd88,KO_KR,ko-kr-default,1.0.0,bbcb468402ee54327dfd2101df5ef90869db06fe0543d85c1f62ac4d3beba155,2611923443488327891,70,1870,2672,802,184158,196302,178818,190958,5340,5344,47277,58845,45677,57241,1600,1604,47277,58523,45677,56919,1600,1604,322
radixor-generalization-v1,4.3.0.dirty,14f61beb106bca21d78f828e2f8e35fb457d3d90,dirty,546a2b82c9418393817a4beeea7a0ace75112f95a28c95ecb284e090942cdd88,KO_KR,ko-kr-default,1.0.0,bbcb468402ee54327dfd2101df5ef90869db06fe0543d85c1f62ac4d3beba155,2611923443488327891,60,1603,2672,1069,182958,196302,177624,190958,5334,5344,65670,78621,63542,76483,2128,2138,65670,78230,63542,76096,2128,2134,391
radixor-generalization-v1,4.3.0.dirty,14f61beb106bca21d78f828e2f8e35fb457d3d90,dirty,546a2b82c9418393817a4beeea7a0ace75112f95a28c95ecb284e090942cdd88,KO_KR,ko-kr-default,1.0.0,bbcb468402ee54327dfd2101df5ef90869db06fe0543d85c1f62ac4d3beba155,2611923443488327891,50,1336,2672,1336,179051,196302,173717,190958,5334,5344,80588,97534,77926,94862,2662,2672,80588,97145,77926,94477,2662,2668,389
radixor-generalization-v1,4.3.0.dirty,14f61beb106bca21d78f828e2f8e35fb457d3d90,dirty,546a2b82c9418393817a4beeea7a0ace75112f95a28c95ecb284e090942cdd88,KO_KR,ko-kr-default,1.0.0,bbcb468402ee54327dfd2101df5ef90869db06fe0543d85c1f62ac4d3beba155,2611923443488327891,40,1069,2672,1603,174558,196302,169222,190958,5336,5344,95884,117498,92686,114292,3198,3206,95884,117008,92686,113804,3198,3204,490
radixor-generalization-v1,4.3.0.dirty,14f61beb106bca21d78f828e2f8e35fb457d3d90,dirty,546a2b82c9418393817a4beeea7a0ace75112f95a28c95ecb284e090942cdd88,KO_KR,ko-kr-default,1.0.0,bbcb468402ee54327dfd2101df5ef90869db06fe0543d85c1f62ac4d3beba155,2611923443488327891,30,802,2672,1870,168102,196302,162764,190958,5338,5344,108740,136906,105006,133166,3734,3740,108740,136451,105006,132713,3734,3738,455
radixor-generalization-v1,4.3.0.dirty,14f61beb106bca21d78f828e2f8e35fb457d3d90,dirty,546a2b82c9418393817a4beeea7a0ace75112f95a28c95ecb284e090942cdd88,KO_KR,ko-kr-default,1.0.0,bbcb468402ee54327dfd2101df5ef90869db06fe0543d85c1f62ac4d3beba155,2611923443488327891,20,534,2672,2138,165011,196302,159673,190958,5338,5344,125533,156790,121263,152514,4270,4276,125533,156556,121263,152280,4270,4276,234
radixor-generalization-v1,4.3.0.dirty,14f61beb106bca21d78f828e2f8e35fb457d3d90,dirty,546a2b82c9418393817a4beeea7a0ace75112f95a28c95ecb284e090942cdd88,KO_KR,ko-kr-default,1.0.0,bbcb468402ee54327dfd2101df5ef90869db06fe0543d85c1f62ac4d3beba155,2611923443488327891,10,267,2672,2405,172014,196302,166680,190958,5334,5344,152132,176420,147332,171610,4800,4810,152132,176323,147332,171513,4800,4810,97
radixor-generalization-v1,4.3.0.dirty,14f61beb106bca21d78f828e2f8e35fb457d3d90,dirty,546a2b82c9418393817a4beeea7a0ace75112f95a28c95ecb284e090942cdd88,KO_KR,ko-kr-default,1.0.0,bbcb468402ee54327dfd2101df5ef90869db06fe0543d85c1f62ac4d3beba155,15111065706836454659,100,2672,2672,0,195344,196302,190002,190958,5342,5344,0,0,0,0,0,0,0,0,0,0,0,0,0
radixor-generalization-v1,4.3.0.dirty,14f61beb106bca21d78f828e2f8e35fb457d3d90,dirty,546a2b82c9418393817a4beeea7a0ace75112f95a28c95ecb284e090942cdd88,KO_KR,ko-kr-default,1.0.0,bbcb468402ee54327dfd2101df5ef90869db06fe0543d85c1f62ac4d3beba155,15111065706836454659,90,2405,2672,267,192060,196302,186720,190958,5340,5344,16166,19567,15634,19033,532,534,16166,19450,15634,18916,532,534,117
radixor-generalization-v1,4.3.0.dirty,14f61beb106bca21d78f828e2f8e35fb457d3d90,dirty,546a2b82c9418393817a4beeea7a0ace75112f95a28c95ecb284e090942cdd88,KO_KR,ko-kr-default,1.0.0,bbcb468402ee54327dfd2101df5ef90869db06fe0543d85c1f62ac4d3beba155,15111065706836454659,80,2138,2672,534,188468,196302,183132,190958,5336,5344,31899,39151,30837,38083,1062,1068,31899,38776,30837,37708,1062,1068,375
radixor-generalization-v1,4.3.0.dirty,14f61beb106bca21d78f828e2f8e35fb457d3d90,dirty,546a2b82c9418393817a4beeea7a0ace75112f95a28c95ecb284e090942cdd88,KO_KR,ko-kr-default,1.0.0,bbcb468402ee54327dfd2101df5ef90869db06fe0543d85c1f62ac4d3beba155,15111065706836454659,70,1870,2672,802,187172,196302,181840,190958,5332,5344,50253,58924,48661,57320,1592,1604,50253,58487,48661,56885,1592,1602,437
radixor-generalization-v1,4.3.0.dirty,14f61beb106bca21d78f828e2f8e35fb457d3d90,dirty,546a2b82c9418393817a4beeea7a0ace75112f95a28c95ecb284e090942cdd88,KO_KR,ko-kr-default,1.0.0,bbcb468402ee54327dfd2101df5ef90869db06fe0543d85c1f62ac4d3beba155,15111065706836454659,60,1603,2672,1069,183048,196302,177714,190958,5334,5344,65565,78498,63437,76360,2128,2138,65565,77957,63437,75819,2128,2138,541
radixor-generalization-v1,4.3.0.dirty,14f61beb106bca21d78f828e2f8e35fb457d3d90,dirty,546a2b82c9418393817a4beeea7a0ace75112f95a28c95ecb284e090942cdd88,KO_KR,ko-kr-default,1.0.0,bbcb468402ee54327dfd2101df5ef90869db06fe0543d85c1f62ac4d3beba155,15111065706836454659,50,1336,2672,1336,178888,196302,173552,190958,5336,5344,80755,98067,78091,95395,2664,2672,80755,97497,78091,94825,2664,2672,570
radixor-generalization-v1,4.3.0.dirty,14f61beb106bca21d78f828e2f8e35fb457d3d90,dirty,546a2b82c9418393817a4beeea7a0ace75112f95a28c95ecb284e090942cdd88,KO_KR,ko-kr-default,1.0.0,bbcb468402ee54327dfd2101df5ef90869db06fe0543d85c1f62ac4d3beba155,15111065706836454659,40,1069,2672,1603,175532,196302,170196,190958,5336,5344,96875,117632,93677,114426,3198,3206,96875,116973,93677,113767,3198,3206,659
radixor-generalization-v1,4.3.0.dirty,14f61beb106bca21d78f828e2f8e35fb457d3d90,dirty,546a2b82c9418393817a4beeea7a0ace75112f95a28c95ecb284e090942cdd88,KO_KR,ko-kr-default,1.0.0,bbcb468402ee54327dfd2101df5ef90869db06fe0543d85c1f62ac4d3beba155,15111065706836454659,30,802,2672,1870,172309,196302,166975,190958,5334,5344,113399,137379,109669,133639,3730,3740,113399,136869,109669,133129,3730,3740,510
radixor-generalization-v1,4.3.0.dirty,14f61beb106bca21d78f828e2f8e35fb457d3d90,dirty,546a2b82c9418393817a4beeea7a0ace75112f95a28c95ecb284e090942cdd88,KO_KR,ko-kr-default,1.0.0,bbcb468402ee54327dfd2101df5ef90869db06fe0543d85c1f62ac4d3beba155,15111065706836454659,20,534,2672,2138,166210,196302,160876,190958,5334,5344,127073,157165,122807,152889,4266,4276,127073,156808,122807,152532,4266,4276,357
radixor-generalization-v1,4.3.0.dirty,14f61beb106bca21d78f828e2f8e35fb457d3d90,dirty,546a2b82c9418393817a4beeea7a0ace75112f95a28c95ecb284e090942cdd88,KO_KR,ko-kr-default,1.0.0,bbcb468402ee54327dfd2101df5ef90869db06fe0543d85c1f62ac4d3beba155,15111065706836454659,10,267,2672,2405,157014,196302,151680,190958,5334,5344,137457,176745,132657,171935,4800,4810,137457,176533,132657,171723,4800,4810,212
radixor-generalization-v1,4.3.0.dirty,14f61beb106bca21d78f828e2f8e35fb457d3d90,dirty,546a2b82c9418393817a4beeea7a0ace75112f95a28c95ecb284e090942cdd88,OCI,oci-default,1.0.0,7c5dcd14b47020d7676a1fc634a1d9f38a06728d69407386d8864cd909046c3c,2654435761,100,174,174,0,7639,7784,7291,7436,348,348,0,0,0,0,0,0,0,0,0,0,0,0,0
radixor-generalization-v1,4.3.0.dirty,14f61beb106bca21d78f828e2f8e35fb457d3d90,dirty,546a2b82c9418393817a4beeea7a0ace75112f95a28c95ecb284e090942cdd88,OCI,oci-default,1.0.0,7c5dcd14b47020d7676a1fc634a1d9f38a06728d69407386d8864cd909046c3c,2654435761,90,157,174,17,7470,7784,7122,7436,348,348,563,761,529,727,34,34,563,732,529,698,34,34,29
radixor-generalization-v1,4.3.0.dirty,14f61beb106bca21d78f828e2f8e35fb457d3d90,dirty,546a2b82c9418393817a4beeea7a0ace75112f95a28c95ecb284e090942cdd88,OCI,oci-default,1.0.0,7c5dcd14b47020d7676a1fc634a1d9f38a06728d69407386d8864cd909046c3c,2654435761,80,139,174,35,7354,7784,7006,7436,348,348,1257,1571,1187,1501,70,70,1257,1542,1187,1472,70,70,29
radixor-generalization-v1,4.3.0.dirty,14f61beb106bca21d78f828e2f8e35fb457d3d90,dirty,546a2b82c9418393817a4beeea7a0ace75112f95a28c95ecb284e090942cdd88,OCI,oci-default,1.0.0,7c5dcd14b47020d7676a1fc634a1d9f38a06728d69407386d8864cd909046c3c,2654435761,70,122,174,52,7312,7784,6964,7436,348,348,1979,2335,1875,2231,104,104,1979,2306,1875,2202,104,104,29
radixor-generalization-v1,4.3.0.dirty,14f61beb106bca21d78f828e2f8e35fb457d3d90,dirty,546a2b82c9418393817a4beeea7a0ace75112f95a28c95ecb284e090942cdd88,OCI,oci-default,1.0.0,7c5dcd14b47020d7676a1fc634a1d9f38a06728d69407386d8864cd909046c3c,2654435761,60,104,174,70,7176,7784,6828,7436,348,348,2621,3142,2481,3002,140,140,2621,3084,2481,2944,140,140,58
radixor-generalization-v1,4.3.0.dirty,14f61beb106bca21d78f828e2f8e35fb457d3d90,dirty,546a2b82c9418393817a4beeea7a0ace75112f95a28c95ecb284e090942cdd88,OCI,oci-default,1.0.0,7c5dcd14b47020d7676a1fc634a1d9f38a06728d69407386d8864cd909046c3c,2654435761,50,87,174,87,6953,7784,6605,7436,348,348,3118,3904,2944,3730,174,174,3118,3833,2944,3659,174,174,71
radixor-generalization-v1,4.3.0.dirty,14f61beb106bca21d78f828e2f8e35fb457d3d90,dirty,546a2b82c9418393817a4beeea7a0ace75112f95a28c95ecb284e090942cdd88,OCI,oci-default,1.0.0,7c5dcd14b47020d7676a1fc634a1d9f38a06728d69407386d8864cd909046c3c,2654435761,40,70,174,104,6803,7784,6463,7436,340,348,3732,4668,3532,4460,200,208,3732,4597,3532,4389,200,208,71
radixor-generalization-v1,4.3.0.dirty,14f61beb106bca21d78f828e2f8e35fb457d3d90,dirty,546a2b82c9418393817a4beeea7a0ace75112f95a28c95ecb284e090942cdd88,OCI,oci-default,1.0.0,7c5dcd14b47020d7676a1fc634a1d9f38a06728d69407386d8864cd909046c3c,2654435761,30,52,174,122,6564,7784,6224,7436,340,348,4225,5445,3989,5201,236,244,4225,5400,3989,5156,236,244,45
radixor-generalization-v1,4.3.0.dirty,14f61beb106bca21d78f828e2f8e35fb457d3d90,dirty,546a2b82c9418393817a4beeea7a0ace75112f95a28c95ecb284e090942cdd88,OCI,oci-default,1.0.0,7c5dcd14b47020d7676a1fc634a1d9f38a06728d69407386d8864cd909046c3c,2654435761,20,35,174,139,6120,7784,5780,7436,340,348,4545,6209,4275,5931,270,278,4545,6164,4275,5886,270,278,45
radixor-generalization-v1,4.3.0.dirty,14f61beb106bca21d78f828e2f8e35fb457d3d90,dirty,546a2b82c9418393817a4beeea7a0ace75112f95a28c95ecb284e090942cdd88,OCI,oci-default,1.0.0,7c5dcd14b47020d7676a1fc634a1d9f38a06728d69407386d8864cd909046c3c,2654435761,10,17,174,157,4884,7784,4536,7436,348,348,4120,7020,3806,6706,314,314,4120,6976,3806,6662,314,314,44
radixor-generalization-v1,4.3.0.dirty,14f61beb106bca21d78f828e2f8e35fb457d3d90,dirty,546a2b82c9418393817a4beeea7a0ace75112f95a28c95ecb284e090942cdd88,OCI,oci-default,1.0.0,7c5dcd14b47020d7676a1fc634a1d9f38a06728d69407386d8864cd909046c3c,11400714819323198485,100,174,174,0,7639,7784,7291,7436,348,348,0,0,0,0,0,0,0,0,0,0,0,0,0
radixor-generalization-v1,4.3.0.dirty,14f61beb106bca21d78f828e2f8e35fb457d3d90,dirty,546a2b82c9418393817a4beeea7a0ace75112f95a28c95ecb284e090942cdd88,OCI,oci-default,1.0.0,7c5dcd14b47020d7676a1fc634a1d9f38a06728d69407386d8864cd909046c3c,11400714819323198485,90,157,174,17,7561,7784,7213,7436,348,348,622,730,588,696,34,34,622,700,588,666,34,34,30
radixor-generalization-v1,4.3.0.dirty,14f61beb106bca21d78f828e2f8e35fb457d3d90,dirty,546a2b82c9418393817a4beeea7a0ace75112f95a28c95ecb284e090942cdd88,OCI,oci-default,1.0.0,7c5dcd14b47020d7676a1fc634a1d9f38a06728d69407386d8864cd909046c3c,11400714819323198485,80,139,174,35,7385,7784,7037,7436,348,348,1212,1538,1142,1468,70,70,1212,1466,1142,1396,70,70,72
radixor-generalization-v1,4.3.0.dirty,14f61beb106bca21d78f828e2f8e35fb457d3d90,dirty,546a2b82c9418393817a4beeea7a0ace75112f95a28c95ecb284e090942cdd88,OCI,oci-default,1.0.0,7c5dcd14b47020d7676a1fc634a1d9f38a06728d69407386d8864cd909046c3c,11400714819323198485,70,122,174,52,7256,7784,6908,7436,348,348,1846,2301,1742,2197,104,104,1846,2229,1742,2125,104,104,72
radixor-generalization-v1,4.3.0.dirty,14f61beb106bca21d78f828e2f8e35fb457d3d90,dirty,546a2b82c9418393817a4beeea7a0ace75112f95a28c95ecb284e090942cdd88,OCI,oci-default,1.0.0,7c5dcd14b47020d7676a1fc634a1d9f38a06728d69407386d8864cd909046c3c,11400714819323198485,60,104,174,70,7091,7784,6745,7436,346,348,2449,3113,2311,2973,138,140,2449,2996,2311,2858,138,138,117
radixor-generalization-v1,4.3.0.dirty,14f61beb106bca21d78f828e2f8e35fb457d3d90,dirty,546a2b82c9418393817a4beeea7a0ace75112f95a28c95ecb284e090942cdd88,OCI,oci-default,1.0.0,7c5dcd14b47020d7676a1fc634a1d9f38a06728d69407386d8864cd909046c3c,11400714819323198485,50,87,174,87,6985,7784,6639,7436,346,348,3107,3877,2935,3703,172,174,3107,3760,2935,3588,172,172,117
radixor-generalization-v1,4.3.0.dirty,14f61beb106bca21d78f828e2f8e35fb457d3d90,dirty,546a2b82c9418393817a4beeea7a0ace75112f95a28c95ecb284e090942cdd88,OCI,oci-default,1.0.0,7c5dcd14b47020d7676a1fc634a1d9f38a06728d69407386d8864cd909046c3c,11400714819323198485,40,70,174,104,6854,7784,6506,7436,348,348,3741,4642,3533,4434,208,208,3741,4613,3533,4405,208,208,29
radixor-generalization-v1,4.3.0.dirty,14f61beb106bca21d78f828e2f8e35fb457d3d90,dirty,546a2b82c9418393817a4beeea7a0ace75112f95a28c95ecb284e090942cdd88,OCI,oci-default,1.0.0,7c5dcd14b47020d7676a1fc634a1d9f38a06728d69407386d8864cd909046c3c,11400714819323198485,30,52,174,122,6563,7784,6215,7436,348,348,4259,5451,4015,5207,244,244,4259,5422,4015,5178,244,244,29
radixor-generalization-v1,4.3.0.dirty,14f61beb106bca21d78f828e2f8e35fb457d3d90,dirty,546a2b82c9418393817a4beeea7a0ace75112f95a28c95ecb284e090942cdd88,OCI,oci-default,1.0.0,7c5dcd14b47020d7676a1fc634a1d9f38a06728d69407386d8864cd909046c3c,11400714819323198485,20,35,174,139,6134,7784,5786,7436,348,348,4594,6215,4316,5937,278,278,4594,6186,4316,5908,278,278,29
radixor-generalization-v1,4.3.0.dirty,14f61beb106bca21d78f828e2f8e35fb457d3d90,dirty,546a2b82c9418393817a4beeea7a0ace75112f95a28c95ecb284e090942cdd88,OCI,oci-default,1.0.0,7c5dcd14b47020d7676a1fc634a1d9f38a06728d69407386d8864cd909046c3c,11400714819323198485,10,17,174,157,6016,7784,5668,7436,348,348,5282,7021,4968,6707,314,314,5282,7021,4968,6707,314,314,0
radixor-generalization-v1,4.3.0.dirty,14f61beb106bca21d78f828e2f8e35fb457d3d90,dirty,546a2b82c9418393817a4beeea7a0ace75112f95a28c95ecb284e090942cdd88,OCI,oci-default,1.0.0,7c5dcd14b47020d7676a1fc634a1d9f38a06728d69407386d8864cd909046c3c,7046029254386353131,100,174,174,0,7639,7784,7291,7436,348,348,0,0,0,0,0,0,0,0,0,0,0,0,0
radixor-generalization-v1,4.3.0.dirty,14f61beb106bca21d78f828e2f8e35fb457d3d90,dirty,546a2b82c9418393817a4beeea7a0ace75112f95a28c95ecb284e090942cdd88,OCI,oci-default,1.0.0,7c5dcd14b47020d7676a1fc634a1d9f38a06728d69407386d8864cd909046c3c,7046029254386353131,90,157,174,17,7522,7784,7174,7436,348,348,646,763,612,729,34,34,646,763,612,729,34,34,0
radixor-generalization-v1,4.3.0.dirty,14f61beb106bca21d78f828e2f8e35fb457d3d90,dirty,546a2b82c9418393817a4beeea7a0ace75112f95a28c95ecb284e090942cdd88,OCI,oci-default,1.0.0,7c5dcd14b47020d7676a1fc634a1d9f38a06728d69407386d8864cd909046c3c,7046029254386353131,80,139,174,35,7386,7784,7038,7436,348,348,1320,1573,1250,1503,70,70,1320,1573,1250,1503,70,70,0
radixor-generalization-v1,4.3.0.dirty,14f61beb106bca21d78f828e2f8e35fb457d3d90,dirty,546a2b82c9418393817a4beeea7a0ace75112f95a28c95ecb284e090942cdd88,OCI,oci-default,1.0.0,7c5dcd14b47020d7676a1fc634a1d9f38a06728d69407386d8864cd909046c3c,7046029254386353131,70,122,174,52,7197,7784,6851,7436,346,348,1745,2332,1643,2228,102,104,1745,2186,1643,2084,102,102,146
radixor-generalization-v1,4.3.0.dirty,14f61beb106bca21d78f828e2f8e35fb457d3d90,dirty,546a2b82c9418393817a4beeea7a0ace75112f95a28c95ecb284e090942cdd88,OCI,oci-default,1.0.0,7c5dcd14b47020d7676a1fc634a1d9f38a06728d69407386d8864cd909046c3c,7046029254386353131,60,104,174,70,7075,7784,6729,7436,346,348,2401,3110,2263,2970,138,140,2401,2964,2263,2826,138,138,146
radixor-generalization-v1,4.3.0.dirty,14f61beb106bca21d78f828e2f8e35fb457d3d90,dirty,546a2b82c9418393817a4beeea7a0ace75112f95a28c95ecb284e090942cdd88,OCI,oci-default,1.0.0,7c5dcd14b47020d7676a1fc634a1d9f38a06728d69407386d8864cd909046c3c,7046029254386353131,50,87,174,87,6830,7784,6484,7436,346,348,2920,3874,2748,3700,172,174,2920,3728,2748,3556,172,172,146
radixor-generalization-v1,4.3.0.dirty,14f61beb106bca21d78f828e2f8e35fb457d3d90,dirty,546a2b82c9418393817a4beeea7a0ace75112f95a28c95ecb284e090942cdd88,OCI,oci-default,1.0.0,7c5dcd14b47020d7676a1fc634a1d9f38a06728d69407386d8864cd909046c3c,7046029254386353131,40,70,174,104,6752,7784,6404,7436,348,348,3607,4639,3399,4431,208,208,3607,4580,3399,4372,208,208,59
radixor-generalization-v1,4.3.0.dirty,14f61beb106bca21d78f828e2f8e35fb457d3d90,dirty,546a2b82c9418393817a4beeea7a0ace75112f95a28c95ecb284e090942cdd88,OCI,oci-default,1.0.0,7c5dcd14b47020d7676a1fc634a1d9f38a06728d69407386d8864cd909046c3c,7046029254386353131,30,52,174,122,6531,7784,6183,7436,348,348,4197,5450,3953,5206,244,244,4197,5391,3953,5147,244,244,59
radixor-generalization-v1,4.3.0.dirty,14f61beb106bca21d78f828e2f8e35fb457d3d90,dirty,546a2b82c9418393817a4beeea7a0ace75112f95a28c95ecb284e090942cdd88,OCI,oci-default,1.0.0,7c5dcd14b47020d7676a1fc634a1d9f38a06728d69407386d8864cd909046c3c,7046029254386353131,20,35,174,139,5873,7784,5525,7436,348,348,4303,6214,4025,5936,278,278,4303,6184,4025,5906,278,278,30
radixor-generalization-v1,4.3.0.dirty,14f61beb106bca21d78f828e2f8e35fb457d3d90,dirty,546a2b82c9418393817a4beeea7a0ace75112f95a28c95ecb284e090942cdd88,OCI,oci-default,1.0.0,7c5dcd14b47020d7676a1fc634a1d9f38a06728d69407386d8864cd909046c3c,7046029254386353131,10,17,174,157,4842,7784,4494,7436,348,348,4079,7021,3765,6707,314,314,4079,7020,3765,6706,314,314,1
radixor-generalization-v1,4.3.0.dirty,14f61beb106bca21d78f828e2f8e35fb457d3d90,dirty,546a2b82c9418393817a4beeea7a0ace75112f95a28c95ecb284e090942cdd88,OCI,oci-default,1.0.0,7c5dcd14b47020d7676a1fc634a1d9f38a06728d69407386d8864cd909046c3c,2611923443488327891,100,174,174,0,7639,7784,7291,7436,348,348,0,0,0,0,0,0,0,0,0,0,0,0,0
radixor-generalization-v1,4.3.0.dirty,14f61beb106bca21d78f828e2f8e35fb457d3d90,dirty,546a2b82c9418393817a4beeea7a0ace75112f95a28c95ecb284e090942cdd88,OCI,oci-default,1.0.0,7c5dcd14b47020d7676a1fc634a1d9f38a06728d69407386d8864cd909046c3c,2611923443488327891,90,157,174,17,7381,7784,7033,7436,348,348,473,760,439,726,34,34,473,731,439,697,34,34,29
radixor-generalization-v1,4.3.0.dirty,14f61beb106bca21d78f828e2f8e35fb457d3d90,dirty,546a2b82c9418393817a4beeea7a0ace75112f95a28c95ecb284e090942cdd88,OCI,oci-default,1.0.0,7c5dcd14b47020d7676a1fc634a1d9f38a06728d69407386d8864cd909046c3c,2611923443488327891,80,139,174,35,7254,7784,6908,7436,346,348,1111,1569,1043,1499,68,70,1111,1495,1043,1427,68,68,74
radixor-generalization-v1,4.3.0.dirty,14f61beb106bca21d78f828e2f8e35fb457d3d90,dirty,546a2b82c9418393817a4beeea7a0ace75112f95a28c95ecb284e090942cdd88,OCI,oci-default,1.0.0,7c5dcd14b47020d7676a1fc634a1d9f38a06728d69407386d8864cd909046c3c,2611923443488327891,70,122,174,52,7085,7784,6739,7436,346,348,1674,2331,1572,2227,102,104,1674,2256,1572,2154,102,102,75
radixor-generalization-v1,4.3.0.dirty,14f61beb106bca21d78f828e2f8e35fb457d3d90,dirty,546a2b82c9418393817a4beeea7a0ace75112f95a28c95ecb284e090942cdd88,OCI,oci-default,1.0.0,7c5dcd14b47020d7676a1fc634a1d9f38a06728d69407386d8864cd909046c3c,2611923443488327891,60,104,174,70,7047,7784,6701,7436,346,348,2403,3140,2265,3000,138,140,2403,3024,2265,2886,138,138,116
radixor-generalization-v1,4.3.0.dirty,14f61beb106bca21d78f828e2f8e35fb457d3d90,dirty,546a2b82c9418393817a4beeea7a0ace75112f95a28c95ecb284e090942cdd88,OCI,oci-default,1.0.0,7c5dcd14b47020d7676a1fc634a1d9f38a06728d69407386d8864cd909046c3c,2611923443488327891,50,87,174,87,6915,7784,6569,7436,346,348,3037,3906,2865,3732,172,174,3037,3790,2865,3618,172,172,116
radixor-generalization-v1,4.3.0.dirty,14f61beb106bca21d78f828e2f8e35fb457d3d90,dirty,546a2b82c9418393817a4beeea7a0ace75112f95a28c95ecb284e090942cdd88,OCI,oci-default,1.0.0,7c5dcd14b47020d7676a1fc634a1d9f38a06728d69407386d8864cd909046c3c,2611923443488327891,40,70,174,104,6849,7784,6513,7436,336,348,3736,4671,3540,4463,196,208,3736,4642,3540,4434,196,208,29
radixor-generalization-v1,4.3.0.dirty,14f61beb106bca21d78f828e2f8e35fb457d3d90,dirty,546a2b82c9418393817a4beeea7a0ace75112f95a28c95ecb284e090942cdd88,OCI,oci-default,1.0.0,7c5dcd14b47020d7676a1fc634a1d9f38a06728d69407386d8864cd909046c3c,2611923443488327891,30,52,174,122,6636,7784,6300,7436,336,348,4333,5481,4101,5237,232,244,4333,5481,4101,5237,232,244,0
radixor-generalization-v1,4.3.0.dirty,14f61beb106bca21d78f828e2f8e35fb457d3d90,dirty,546a2b82c9418393817a4beeea7a0ace75112f95a28c95ecb284e090942cdd88,OCI,oci-default,1.0.0,7c5dcd14b47020d7676a1fc634a1d9f38a06728d69407386d8864cd909046c3c,2611923443488327891,20,35,174,139,6120,7784,5792,7436,328,348,4581,6245,4323,5967,258,278,4581,6245,4323,5967,258,278,0
radixor-generalization-v1,4.3.0.dirty,14f61beb106bca21d78f828e2f8e35fb457d3d90,dirty,546a2b82c9418393817a4beeea7a0ace75112f95a28c95ecb284e090942cdd88,OCI,oci-default,1.0.0,7c5dcd14b47020d7676a1fc634a1d9f38a06728d69407386d8864cd909046c3c,2611923443488327891,10,17,174,157,5280,7784,4952,7436,328,348,4517,7021,4223,6707,294,314,4517,7021,4223,6707,294,314,0
radixor-generalization-v1,4.3.0.dirty,14f61beb106bca21d78f828e2f8e35fb457d3d90,dirty,546a2b82c9418393817a4beeea7a0ace75112f95a28c95ecb284e090942cdd88,OCI,oci-default,1.0.0,7c5dcd14b47020d7676a1fc634a1d9f38a06728d69407386d8864cd909046c3c,15111065706836454659,100,174,174,0,7639,7784,7291,7436,348,348,0,0,0,0,0,0,0,0,0,0,0,0,0
radixor-generalization-v1,4.3.0.dirty,14f61beb106bca21d78f828e2f8e35fb457d3d90,dirty,546a2b82c9418393817a4beeea7a0ace75112f95a28c95ecb284e090942cdd88,OCI,oci-default,1.0.0,7c5dcd14b47020d7676a1fc634a1d9f38a06728d69407386d8864cd909046c3c,15111065706836454659,90,157,174,17,7514,7784,7166,7436,348,348,595,765,561,731,34,34,595,720,561,686,34,34,45
radixor-generalization-v1,4.3.0.dirty,14f61beb106bca21d78f828e2f8e35fb457d3d90,dirty,546a2b82c9418393817a4beeea7a0ace75112f95a28c95ecb284e090942cdd88,OCI,oci-default,1.0.0,7c5dcd14b47020d7676a1fc634a1d9f38a06728d69407386d8864cd909046c3c,15111065706836454659,80,139,174,35,7394,7784,7046,7436,348,348,1284,1574,1214,1504,70,70,1284,1529,1214,1459,70,70,45
radixor-generalization-v1,4.3.0.dirty,14f61beb106bca21d78f828e2f8e35fb457d3d90,dirty,546a2b82c9418393817a4beeea7a0ace75112f95a28c95ecb284e090942cdd88,OCI,oci-default,1.0.0,7c5dcd14b47020d7676a1fc634a1d9f38a06728d69407386d8864cd909046c3c,15111065706836454659,70,122,174,52,7216,7784,6868,7436,348,348,1871,2339,1767,2235,104,104,1871,2338,1767,2234,104,104,1
radixor-generalization-v1,4.3.0.dirty,14f61beb106bca21d78f828e2f8e35fb457d3d90,dirty,546a2b82c9418393817a4beeea7a0ace75112f95a28c95ecb284e090942cdd88,OCI,oci-default,1.0.0,7c5dcd14b47020d7676a1fc634a1d9f38a06728d69407386d8864cd909046c3c,15111065706836454659,60,104,174,70,6958,7784,6612,7436,346,348,2421,3147,2283,3007,138,140,2421,3146,2283,3006,138,140,1
radixor-generalization-v1,4.3.0.dirty,14f61beb106bca21d78f828e2f8e35fb457d3d90,dirty,546a2b82c9418393817a4beeea7a0ace75112f95a28c95ecb284e090942cdd88,OCI,oci-default,1.0.0,7c5dcd14b47020d7676a1fc634a1d9f38a06728d69407386d8864cd909046c3c,15111065706836454659,50,87,174,87,6860,7784,6514,7436,346,348,3010,3876,2838,3702,172,174,3010,3833,2838,3659,172,174,43
radixor-generalization-v1,4.3.0.dirty,14f61beb106bca21d78f828e2f8e35fb457d3d90,dirty,546a2b82c9418393817a4beeea7a0ace75112f95a28c95ecb284e090942cdd88,OCI,oci-default,1.0.0,7c5dcd14b47020d7676a1fc634a1d9f38a06728d69407386d8864cd909046c3c,15111065706836454659,40,70,174,104,6709,7784,6363,7436,346,348,3624,4641,3418,4433,206,208,3624,4598,3418,4390,206,208,43
radixor-generalization-v1,4.3.0.dirty,14f61beb106bca21d78f828e2f8e35fb457d3d90,dirty,546a2b82c9418393817a4beeea7a0ace75112f95a28c95ecb284e090942cdd88,OCI,oci-default,1.0.0,7c5dcd14b47020d7676a1fc634a1d9f38a06728d69407386d8864cd909046c3c,15111065706836454659,30,52,174,122,6577,7784,6229,7436,348,348,4301,5450,4057,5206,244,244,4301,5407,4057,5163,244,244,43
radixor-generalization-v1,4.3.0.dirty,14f61beb106bca21d78f828e2f8e35fb457d3d90,dirty,546a2b82c9418393817a4beeea7a0ace75112f95a28c95ecb284e090942cdd88,OCI,oci-default,1.0.0,7c5dcd14b47020d7676a1fc634a1d9f38a06728d69407386d8864cd909046c3c,15111065706836454659,20,35,174,139,6343,7784,5995,7436,348,348,4833,6216,4555,5938,278,278,4833,6173,4555,5895,278,278,43
radixor-generalization-v1,4.3.0.dirty,14f61beb106bca21d78f828e2f8e35fb457d3d90,dirty,546a2b82c9418393817a4beeea7a0ace75112f95a28c95ecb284e090942cdd88,OCI,oci-default,1.0.0,7c5dcd14b47020d7676a1fc634a1d9f38a06728d69407386d8864cd909046c3c,15111065706836454659,10,17,174,157,5231,7784,4883,7436,348,348,4471,7024,4157,6710,314,314,4471,6923,4157,6609,314,314,101
radixor-generalization-v1,4.3.0.dirty,14f61beb106bca21d78f828e2f8e35fb457d3d90,dirty,546a2b82c9418393817a4beeea7a0ace75112f95a28c95ecb284e090942cdd88,OM_ET,om-et-default,1.0.0,df01f908af60ba4a63933a91845d1241a37d366467026bd826ebec08689406bb,2654435761,100,84,84,0,740,740,572,572,168,168,0,0,0,0,0,0,0,0,0,0,0,0,0
radixor-generalization-v1,4.3.0.dirty,14f61beb106bca21d78f828e2f8e35fb457d3d90,dirty,546a2b82c9418393817a4beeea7a0ace75112f95a28c95ecb284e090942cdd88,OM_ET,om-et-default,1.0.0,df01f908af60ba4a63933a91845d1241a37d366467026bd826ebec08689406bb,2654435761,90,76,84,8,733,740,565,572,168,168,64,71,48,55,16,16,64,71,48,55,16,16,0
radixor-generalization-v1,4.3.0.dirty,14f61beb106bca21d78f828e2f8e35fb457d3d90,dirty,546a2b82c9418393817a4beeea7a0ace75112f95a28c95ecb284e090942cdd88,OM_ET,om-et-default,1.0.0,df01f908af60ba4a63933a91845d1241a37d366467026bd826ebec08689406bb,2654435761,80,67,84,17,726,740,558,572,168,168,136,150,102,116,34,34,136,150,102,116,34,34,0
radixor-generalization-v1,4.3.0.dirty,14f61beb106bca21d78f828e2f8e35fb457d3d90,dirty,546a2b82c9418393817a4beeea7a0ace75112f95a28c95ecb284e090942cdd88,OM_ET,om-et-default,1.0.0,df01f908af60ba4a63933a91845d1241a37d366467026bd826ebec08689406bb,2654435761,70,59,84,25,724,740,556,572,168,168,204,220,154,170,50,50,204,220,154,170,50,50,0
radixor-generalization-v1,4.3.0.dirty,14f61beb106bca21d78f828e2f8e35fb457d3d90,dirty,546a2b82c9418393817a4beeea7a0ace75112f95a28c95ecb284e090942cdd88,OM_ET,om-et-default,1.0.0,df01f908af60ba4a63933a91845d1241a37d366467026bd826ebec08689406bb,2654435761,60,50,84,34,708,740,540,572,168,168,269,301,201,233,68,68,269,301,201,233,68,68,0
radixor-generalization-v1,4.3.0.dirty,14f61beb106bca21d78f828e2f8e35fb457d3d90,dirty,546a2b82c9418393817a4beeea7a0ace75112f95a28c95ecb284e090942cdd88,OM_ET,om-et-default,1.0.0,df01f908af60ba4a63933a91845d1241a37d366467026bd826ebec08689406bb,2654435761,50,42,84,42,703,740,535,572,168,168,335,372,251,288,84,84,335,372,251,288,84,84,0
radixor-generalization-v1,4.3.0.dirty,14f61beb106bca21d78f828e2f8e35fb457d3d90,dirty,546a2b82c9418393817a4beeea7a0ace75112f95a28c95ecb284e090942cdd88,OM_ET,om-et-default,1.0.0,df01f908af60ba4a63933a91845d1241a37d366467026bd826ebec08689406bb,2654435761,40,34,84,50,668,740,500,572,168,168,371,443,271,343,100,100,371,443,271,343,100,100,0
radixor-generalization-v1,4.3.0.dirty,14f61beb106bca21d78f828e2f8e35fb457d3d90,dirty,546a2b82c9418393817a4beeea7a0ace75112f95a28c95ecb284e090942cdd88,OM_ET,om-et-default,1.0.0,df01f908af60ba4a63933a91845d1241a37d366467026bd826ebec08689406bb,2654435761,30,25,84,59,630,740,462,572,168,168,412,522,294,404,118,118,412,522,294,404,118,118,0
radixor-generalization-v1,4.3.0.dirty,14f61beb106bca21d78f828e2f8e35fb457d3d90,dirty,546a2b82c9418393817a4beeea7a0ace75112f95a28c95ecb284e090942cdd88,OM_ET,om-et-default,1.0.0,df01f908af60ba4a63933a91845d1241a37d366467026bd826ebec08689406bb,2654435761,20,17,84,67,609,740,441,572,168,168,461,592,327,458,134,134,461,592,327,458,134,134,0
radixor-generalization-v1,4.3.0.dirty,14f61beb106bca21d78f828e2f8e35fb457d3d90,dirty,546a2b82c9418393817a4beeea7a0ace75112f95a28c95ecb284e090942cdd88,OM_ET,om-et-default,1.0.0,df01f908af60ba4a63933a91845d1241a37d366467026bd826ebec08689406bb,2654435761,10,8,84,76,644,740,476,572,168,168,574,670,422,518,152,152,574,670,422,518,152,152,0
radixor-generalization-v1,4.3.0.dirty,14f61beb106bca21d78f828e2f8e35fb457d3d90,dirty,546a2b82c9418393817a4beeea7a0ace75112f95a28c95ecb284e090942cdd88,OM_ET,om-et-default,1.0.0,df01f908af60ba4a63933a91845d1241a37d366467026bd826ebec08689406bb,11400714819323198485,100,84,84,0,740,740,572,572,168,168,0,0,0,0,0,0,0,0,0,0,0,0,0
radixor-generalization-v1,4.3.0.dirty,14f61beb106bca21d78f828e2f8e35fb457d3d90,dirty,546a2b82c9418393817a4beeea7a0ace75112f95a28c95ecb284e090942cdd88,OM_ET,om-et-default,1.0.0,df01f908af60ba4a63933a91845d1241a37d366467026bd826ebec08689406bb,11400714819323198485,90,76,84,8,739,740,571,572,168,168,71,72,55,56,16,16,71,72,55,56,16,16,0
radixor-generalization-v1,4.3.0.dirty,14f61beb106bca21d78f828e2f8e35fb457d3d90,dirty,546a2b82c9418393817a4beeea7a0ace75112f95a28c95ecb284e090942cdd88,OM_ET,om-et-default,1.0.0,df01f908af60ba4a63933a91845d1241a37d366467026bd826ebec08689406bb,11400714819323198485,80,67,84,17,731,740,563,572,168,168,144,153,110,119,34,34,144,153,110,119,34,34,0
radixor-generalization-v1,4.3.0.dirty,14f61beb106bca21d78f828e2f8e35fb457d3d90,dirty,546a2b82c9418393817a4beeea7a0ace75112f95a28c95ecb284e090942cdd88,OM_ET,om-et-default,1.0.0,df01f908af60ba4a63933a91845d1241a37d366467026bd826ebec08689406bb,11400714819323198485,70,59,84,25,728,740,560,572,168,168,210,222,160,172,50,50,210,222,160,172,50,50,0
radixor-generalization-v1,4.3.0.dirty,14f61beb106bca21d78f828e2f8e35fb457d3d90,dirty,546a2b82c9418393817a4beeea7a0ace75112f95a28c95ecb284e090942cdd88,OM_ET,om-et-default,1.0.0,df01f908af60ba4a63933a91845d1241a37d366467026bd826ebec08689406bb,11400714819323198485,60,50,84,34,719,740,551,572,168,168,281,302,213,234,68,68,281,302,213,234,68,68,0
radixor-generalization-v1,4.3.0.dirty,14f61beb106bca21d78f828e2f8e35fb457d3d90,dirty,546a2b82c9418393817a4beeea7a0ace75112f95a28c95ecb284e090942cdd88,OM_ET,om-et-default,1.0.0,df01f908af60ba4a63933a91845d1241a37d366467026bd826ebec08689406bb,11400714819323198485,50,42,84,42,707,740,539,572,168,168,339,372,255,288,84,84,339,372,255,288,84,84,0
radixor-generalization-v1,4.3.0.dirty,14f61beb106bca21d78f828e2f8e35fb457d3d90,dirty,546a2b82c9418393817a4beeea7a0ace75112f95a28c95ecb284e090942cdd88,OM_ET,om-et-default,1.0.0,df01f908af60ba4a63933a91845d1241a37d366467026bd826ebec08689406bb,11400714819323198485,40,34,84,50,687,740,519,572,168,168,390,443,290,343,100,100,390,443,290,343,100,100,0
radixor-generalization-v1,4.3.0.dirty,14f61beb106bca21d78f828e2f8e35fb457d3d90,dirty,546a2b82c9418393817a4beeea7a0ace75112f95a28c95ecb284e090942cdd88,OM_ET,om-et-default,1.0.0,df01f908af60ba4a63933a91845d1241a37d366467026bd826ebec08689406bb,11400714819323198485,30,25,84,59,709,740,541,572,168,168,491,522,373,404,118,118,491,522,373,404,118,118,0
radixor-generalization-v1,4.3.0.dirty,14f61beb106bca21d78f828e2f8e35fb457d3d90,dirty,546a2b82c9418393817a4beeea7a0ace75112f95a28c95ecb284e090942cdd88,OM_ET,om-et-default,1.0.0,df01f908af60ba4a63933a91845d1241a37d366467026bd826ebec08689406bb,11400714819323198485,20,17,84,67,682,740,514,572,168,168,532,590,398,456,134,134,532,590,398,456,134,134,0
radixor-generalization-v1,4.3.0.dirty,14f61beb106bca21d78f828e2f8e35fb457d3d90,dirty,546a2b82c9418393817a4beeea7a0ace75112f95a28c95ecb284e090942cdd88,OM_ET,om-et-default,1.0.0,df01f908af60ba4a63933a91845d1241a37d366467026bd826ebec08689406bb,11400714819323198485,10,8,84,76,621,740,453,572,168,168,551,670,399,518,152,152,551,670,399,518,152,152,0
radixor-generalization-v1,4.3.0.dirty,14f61beb106bca21d78f828e2f8e35fb457d3d90,dirty,546a2b82c9418393817a4beeea7a0ace75112f95a28c95ecb284e090942cdd88,OM_ET,om-et-default,1.0.0,df01f908af60ba4a63933a91845d1241a37d366467026bd826ebec08689406bb,7046029254386353131,100,84,84,0,740,740,572,572,168,168,0,0,0,0,0,0,0,0,0,0,0,0,0
radixor-generalization-v1,4.3.0.dirty,14f61beb106bca21d78f828e2f8e35fb457d3d90,dirty,546a2b82c9418393817a4beeea7a0ace75112f95a28c95ecb284e090942cdd88,OM_ET,om-et-default,1.0.0,df01f908af60ba4a63933a91845d1241a37d366467026bd826ebec08689406bb,7046029254386353131,90,76,84,8,739,740,571,572,168,168,70,71,54,55,16,16,70,71,54,55,16,16,0
radixor-generalization-v1,4.3.0.dirty,14f61beb106bca21d78f828e2f8e35fb457d3d90,dirty,546a2b82c9418393817a4beeea7a0ace75112f95a28c95ecb284e090942cdd88,OM_ET,om-et-default,1.0.0,df01f908af60ba4a63933a91845d1241a37d366467026bd826ebec08689406bb,7046029254386353131,80,67,84,17,733,740,565,572,168,168,143,150,109,116,34,34,143,150,109,116,34,34,0
radixor-generalization-v1,4.3.0.dirty,14f61beb106bca21d78f828e2f8e35fb457d3d90,dirty,546a2b82c9418393817a4beeea7a0ace75112f95a28c95ecb284e090942cdd88,OM_ET,om-et-default,1.0.0,df01f908af60ba4a63933a91845d1241a37d366467026bd826ebec08689406bb,7046029254386353131,70,59,84,25,720,740,552,572,168,168,201,221,151,171,50,50,201,221,151,171,50,50,0
radixor-generalization-v1,4.3.0.dirty,14f61beb106bca21d78f828e2f8e35fb457d3d90,dirty,546a2b82c9418393817a4beeea7a0ace75112f95a28c95ecb284e090942cdd88,OM_ET,om-et-default,1.0.0,df01f908af60ba4a63933a91845d1241a37d366467026bd826ebec08689406bb,7046029254386353131,60,50,84,34,708,740,540,572,168,168,270,302,202,234,68,68,270,302,202,234,68,68,0
radixor-generalization-v1,4.3.0.dirty,14f61beb106bca21d78f828e2f8e35fb457d3d90,dirty,546a2b82c9418393817a4beeea7a0ace75112f95a28c95ecb284e090942cdd88,OM_ET,om-et-default,1.0.0,df01f908af60ba4a63933a91845d1241a37d366467026bd826ebec08689406bb,7046029254386353131,50,42,84,42,703,740,535,572,168,168,334,371,250,287,84,84,334,371,250,287,84,84,0
radixor-generalization-v1,4.3.0.dirty,14f61beb106bca21d78f828e2f8e35fb457d3d90,dirty,546a2b82c9418393817a4beeea7a0ace75112f95a28c95ecb284e090942cdd88,OM_ET,om-et-default,1.0.0,df01f908af60ba4a63933a91845d1241a37d366467026bd826ebec08689406bb,7046029254386353131,40,34,84,50,686,740,518,572,168,168,386,440,286,340,100,100,386,440,286,340,100,100,0
radixor-generalization-v1,4.3.0.dirty,14f61beb106bca21d78f828e2f8e35fb457d3d90,dirty,546a2b82c9418393817a4beeea7a0ace75112f95a28c95ecb284e090942cdd88,OM_ET,om-et-default,1.0.0,df01f908af60ba4a63933a91845d1241a37d366467026bd826ebec08689406bb,7046029254386353131,30,25,84,59,704,740,536,572,168,168,484,520,366,402,118,118,484,520,366,402,118,118,0
radixor-generalization-v1,4.3.0.dirty,14f61beb106bca21d78f828e2f8e35fb457d3d90,dirty,546a2b82c9418393817a4beeea7a0ace75112f95a28c95ecb284e090942cdd88,OM_ET,om-et-default,1.0.0,df01f908af60ba4a63933a91845d1241a37d366467026bd826ebec08689406bb,7046029254386353131,20,17,84,67,657,740,489,572,168,168,508,591,374,457,134,134,508,591,374,457,134,134,0
radixor-generalization-v1,4.3.0.dirty,14f61beb106bca21d78f828e2f8e35fb457d3d90,dirty,546a2b82c9418393817a4beeea7a0ace75112f95a28c95ecb284e090942cdd88,OM_ET,om-et-default,1.0.0,df01f908af60ba4a63933a91845d1241a37d366467026bd826ebec08689406bb,7046029254386353131,10,8,84,76,628,740,460,572,168,168,557,669,405,517,152,152,557,669,405,517,152,152,0
radixor-generalization-v1,4.3.0.dirty,14f61beb106bca21d78f828e2f8e35fb457d3d90,dirty,546a2b82c9418393817a4beeea7a0ace75112f95a28c95ecb284e090942cdd88,OM_ET,om-et-default,1.0.0,df01f908af60ba4a63933a91845d1241a37d366467026bd826ebec08689406bb,2611923443488327891,100,84,84,0,740,740,572,572,168,168,0,0,0,0,0,0,0,0,0,0,0,0,0
radixor-generalization-v1,4.3.0.dirty,14f61beb106bca21d78f828e2f8e35fb457d3d90,dirty,546a2b82c9418393817a4beeea7a0ace75112f95a28c95ecb284e090942cdd88,OM_ET,om-et-default,1.0.0,df01f908af60ba4a63933a91845d1241a37d366467026bd826ebec08689406bb,2611923443488327891,90,76,84,8,735,740,567,572,168,168,66,71,50,55,16,16,66,71,50,55,16,16,0
radixor-generalization-v1,4.3.0.dirty,14f61beb106bca21d78f828e2f8e35fb457d3d90,dirty,546a2b82c9418393817a4beeea7a0ace75112f95a28c95ecb284e090942cdd88,OM_ET,om-et-default,1.0.0,df01f908af60ba4a63933a91845d1241a37d366467026bd826ebec08689406bb,2611923443488327891,80,67,84,17,729,740,561,572,168,168,139,150,105,116,34,34,139,150,105,116,34,34,0
radixor-generalization-v1,4.3.0.dirty,14f61beb106bca21d78f828e2f8e35fb457d3d90,dirty,546a2b82c9418393817a4beeea7a0ace75112f95a28c95ecb284e090942cdd88,OM_ET,om-et-default,1.0.0,df01f908af60ba4a63933a91845d1241a37d366467026bd826ebec08689406bb,2611923443488327891,70,59,84,25,724,740,556,572,168,168,206,222,156,172,50,50,206,222,156,172,50,50,0
radixor-generalization-v1,4.3.0.dirty,14f61beb106bca21d78f828e2f8e35fb457d3d90,dirty,546a2b82c9418393817a4beeea7a0ace75112f95a28c95ecb284e090942cdd88,OM_ET,om-et-default,1.0.0,df01f908af60ba4a63933a91845d1241a37d366467026bd826ebec08689406bb,2611923443488327891,60,50,84,34,720,740,552,572,168,168,280,300,212,232,68,68,280,300,212,232,68,68,0
radixor-generalization-v1,4.3.0.dirty,14f61beb106bca21d78f828e2f8e35fb457d3d90,dirty,546a2b82c9418393817a4beeea7a0ace75112f95a28c95ecb284e090942cdd88,OM_ET,om-et-default,1.0.0,df01f908af60ba4a63933a91845d1241a37d366467026bd826ebec08689406bb,2611923443488327891,50,42,84,42,720,740,552,572,168,168,349,369,265,285,84,84,349,369,265,285,84,84,0
radixor-generalization-v1,4.3.0.dirty,14f61beb106bca21d78f828e2f8e35fb457d3d90,dirty,546a2b82c9418393817a4beeea7a0ace75112f95a28c95ecb284e090942cdd88,OM_ET,om-et-default,1.0.0,df01f908af60ba4a63933a91845d1241a37d366467026bd826ebec08689406bb,2611923443488327891,40,34,84,50,711,740,543,572,168,168,410,439,310,339,100,100,410,439,310,339,100,100,0
radixor-generalization-v1,4.3.0.dirty,14f61beb106bca21d78f828e2f8e35fb457d3d90,dirty,546a2b82c9418393817a4beeea7a0ace75112f95a28c95ecb284e090942cdd88,OM_ET,om-et-default,1.0.0,df01f908af60ba4a63933a91845d1241a37d366467026bd826ebec08689406bb,2611923443488327891,30,25,84,59,696,740,528,572,168,168,475,519,357,401,118,118,475,519,357,401,118,118,0
radixor-generalization-v1,4.3.0.dirty,14f61beb106bca21d78f828e2f8e35fb457d3d90,dirty,546a2b82c9418393817a4beeea7a0ace75112f95a28c95ecb284e090942cdd88,OM_ET,om-et-default,1.0.0,df01f908af60ba4a63933a91845d1241a37d366467026bd826ebec08689406bb,2611923443488327891,20,17,84,67,702,740,534,572,168,168,551,589,417,455,134,134,551,589,417,455,134,134,0
radixor-generalization-v1,4.3.0.dirty,14f61beb106bca21d78f828e2f8e35fb457d3d90,dirty,546a2b82c9418393817a4beeea7a0ace75112f95a28c95ecb284e090942cdd88,OM_ET,om-et-default,1.0.0,df01f908af60ba4a63933a91845d1241a37d366467026bd826ebec08689406bb,2611923443488327891,10,8,84,76,650,740,482,572,168,168,579,669,427,517,152,152,579,669,427,517,152,152,0
radixor-generalization-v1,4.3.0.dirty,14f61beb106bca21d78f828e2f8e35fb457d3d90,dirty,546a2b82c9418393817a4beeea7a0ace75112f95a28c95ecb284e090942cdd88,OM_ET,om-et-default,1.0.0,df01f908af60ba4a63933a91845d1241a37d366467026bd826ebec08689406bb,15111065706836454659,100,84,84,0,740,740,572,572,168,168,0,0,0,0,0,0,0,0,0,0,0,0,0
radixor-generalization-v1,4.3.0.dirty,14f61beb106bca21d78f828e2f8e35fb457d3d90,dirty,546a2b82c9418393817a4beeea7a0ace75112f95a28c95ecb284e090942cdd88,OM_ET,om-et-default,1.0.0,df01f908af60ba4a63933a91845d1241a37d366467026bd826ebec08689406bb,15111065706836454659,90,76,84,8,736,740,568,572,168,168,66,70,50,54,16,16,66,70,50,54,16,16,0
radixor-generalization-v1,4.3.0.dirty,14f61beb106bca21d78f828e2f8e35fb457d3d90,dirty,546a2b82c9418393817a4beeea7a0ace75112f95a28c95ecb284e090942cdd88,OM_ET,om-et-default,1.0.0,df01f908af60ba4a63933a91845d1241a37d366467026bd826ebec08689406bb,15111065706836454659,80,67,84,17,721,740,553,572,168,168,129,148,95,114,34,34,129,148,95,114,34,34,0
radixor-generalization-v1,4.3.0.dirty,14f61beb106bca21d78f828e2f8e35fb457d3d90,dirty,546a2b82c9418393817a4beeea7a0ace75112f95a28c95ecb284e090942cdd88,OM_ET,om-et-default,1.0.0,df01f908af60ba4a63933a91845d1241a37d366467026bd826ebec08689406bb,15111065706836454659,70,59,84,25,712,740,544,572,168,168,191,219,141,169,50,50,191,219,141,169,50,50,0
radixor-generalization-v1,4.3.0.dirty,14f61beb106bca21d78f828e2f8e35fb457d3d90,dirty,546a2b82c9418393817a4beeea7a0ace75112f95a28c95ecb284e090942cdd88,OM_ET,om-et-default,1.0.0,df01f908af60ba4a63933a91845d1241a37d366467026bd826ebec08689406bb,15111065706836454659,60,50,84,34,709,740,541,572,168,168,267,298,199,230,68,68,267,298,199,230,68,68,0
radixor-generalization-v1,4.3.0.dirty,14f61beb106bca21d78f828e2f8e35fb457d3d90,dirty,546a2b82c9418393817a4beeea7a0ace75112f95a28c95ecb284e090942cdd88,OM_ET,om-et-default,1.0.0,df01f908af60ba4a63933a91845d1241a37d366467026bd826ebec08689406bb,15111065706836454659,50,42,84,42,708,740,540,572,168,168,337,369,253,285,84,84,337,369,253,285,84,84,0
radixor-generalization-v1,4.3.0.dirty,14f61beb106bca21d78f828e2f8e35fb457d3d90,dirty,546a2b82c9418393817a4beeea7a0ace75112f95a28c95ecb284e090942cdd88,OM_ET,om-et-default,1.0.0,df01f908af60ba4a63933a91845d1241a37d366467026bd826ebec08689406bb,15111065706836454659,40,34,84,50,697,740,529,572,168,168,398,441,298,341,100,100,398,441,298,341,100,100,0
radixor-generalization-v1,4.3.0.dirty,14f61beb106bca21d78f828e2f8e35fb457d3d90,dirty,546a2b82c9418393817a4beeea7a0ace75112f95a28c95ecb284e090942cdd88,OM_ET,om-et-default,1.0.0,df01f908af60ba4a63933a91845d1241a37d366467026bd826ebec08689406bb,15111065706836454659,30,25,84,59,648,740,480,572,168,168,430,522,312,404,118,118,430,522,312,404,118,118,0
radixor-generalization-v1,4.3.0.dirty,14f61beb106bca21d78f828e2f8e35fb457d3d90,dirty,546a2b82c9418393817a4beeea7a0ace75112f95a28c95ecb284e090942cdd88,OM_ET,om-et-default,1.0.0,df01f908af60ba4a63933a91845d1241a37d366467026bd826ebec08689406bb,15111065706836454659,20,17,84,67,588,740,420,572,168,168,440,592,306,458,134,134,440,592,306,458,134,134,0
radixor-generalization-v1,4.3.0.dirty,14f61beb106bca21d78f828e2f8e35fb457d3d90,dirty,546a2b82c9418393817a4beeea7a0ace75112f95a28c95ecb284e090942cdd88,OM_ET,om-et-default,1.0.0,df01f908af60ba4a63933a91845d1241a37d366467026bd826ebec08689406bb,15111065706836454659,10,8,84,76,510,740,342,572,168,168,439,669,287,517,152,152,439,669,287,517,152,152,0
radixor-generalization-v1,4.3.0.dirty,14f61beb106bca21d78f828e2f8e35fb457d3d90,dirty,546a2b82c9418393817a4beeea7a0ace75112f95a28c95ecb284e090942cdd88,SAH,sah-default,1.0.0,c5b361c9e1df64d60813c96cbea4d228d97fbc76e71bbaccb87609a13e6b67e8,2654435761,100,5622,5622,0,531824,534266,521038,523022,10786,11244,0,0,0,0,0,0,0,0,0,0,0,0,0
radixor-generalization-v1,4.3.0.dirty,14f61beb106bca21d78f828e2f8e35fb457d3d90,dirty,546a2b82c9418393817a4beeea7a0ace75112f95a28c95ecb284e090942cdd88,SAH,sah-default,1.0.0,c5b361c9e1df64d60813c96cbea4d228d97fbc76e71bbaccb87609a13e6b67e8,2654435761,90,5060,5622,562,525698,534266,514994,523022,10704,11244,46363,52934,45397,51810,966,1124,46363,52546,45397,51464,966,1082,388
radixor-generalization-v1,4.3.0.dirty,14f61beb106bca21d78f828e2f8e35fb457d3d90,dirty,546a2b82c9418393817a4beeea7a0ace75112f95a28c95ecb284e090942cdd88,SAH,sah-default,1.0.0,c5b361c9e1df64d60813c96cbea4d228d97fbc76e71bbaccb87609a13e6b67e8,2654435761,80,4498,5622,1124,519175,534266,508553,523022,10622,11244,92370,105779,90440,103531,1930,2248,92370,105148,90440,102994,1930,2154,631
radixor-generalization-v1,4.3.0.dirty,14f61beb106bca21d78f828e2f8e35fb457d3d90,dirty,546a2b82c9418393817a4beeea7a0ace75112f95a28c95ecb284e090942cdd88,SAH,sah-default,1.0.0,c5b361c9e1df64d60813c96cbea4d228d97fbc76e71bbaccb87609a13e6b67e8,2654435761,70,3935,5622,1687,511494,534266,500974,523022,10520,11244,138086,159618,135210,156244,2876,3374,138086,158726,135210,155480,2876,3246,892
radixor-generalization-v1,4.3.0.dirty,14f61beb106bca21d78f828e2f8e35fb457d3d90,dirty,546a2b82c9418393817a4beeea7a0ace75112f95a28c95ecb284e090942cdd88,SAH,sah-default,1.0.0,c5b361c9e1df64d60813c96cbea4d228d97fbc76e71bbaccb87609a13e6b67e8,2654435761,60,3373,5622,2249,504838,534266,494446,523022,10392,11244,184124,212662,180312,208164,3812,4498,184124,211608,180312,207250,3812,4358,1054
radixor-generalization-v1,4.3.0.dirty,14f61beb106bca21d78f828e2f8e35fb457d3d90,dirty,546a2b82c9418393817a4beeea7a0ace75112f95a28c95ecb284e090942cdd88,SAH,sah-default,1.0.0,c5b361c9e1df64d60813c96cbea4d228d97fbc76e71bbaccb87609a13e6b67e8,2654435761,50,2811,5622,2811,498252,534266,487976,523022,10276,11244,231504,266901,226734,261279,4770,5622,231504,265755,226734,260281,4770,5474,1146
radixor-generalization-v1,4.3.0.dirty,14f61beb106bca21d78f828e2f8e35fb457d3d90,dirty,546a2b82c9418393817a4beeea7a0ace75112f95a28c95ecb284e090942cdd88,SAH,sah-default,1.0.0,c5b361c9e1df64d60813c96cbea4d228d97fbc76e71bbaccb87609a13e6b67e8,2654435761,40,2249,5622,3373,490184,534266,480000,523022,10184,11244,278999,322737,273241,315991,5758,6746,278999,321555,273241,314939,5758,6616,1182
radixor-generalization-v1,4.3.0.dirty,14f61beb106bca21d78f828e2f8e35fb457d3d90,dirty,546a2b82c9418393817a4beeea7a0ace75112f95a28c95ecb284e090942cdd88,SAH,sah-default,1.0.0,c5b361c9e1df64d60813c96cbea4d228d97fbc76e71bbaccb87609a13e6b67e8,2654435761,30,1687,5622,3935,480250,534266,470146,523022,10104,11244,321883,375725,315107,367855,6776,7870,321883,374678,315107,366942,6776,7736,1047
radixor-generalization-v1,4.3.0.dirty,14f61beb106bca21d78f828e2f8e35fb457d3d90,dirty,546a2b82c9418393817a4beeea7a0ace75112f95a28c95ecb284e090942cdd88,SAH,sah-default,1.0.0,c5b361c9e1df64d60813c96cbea4d228d97fbc76e71bbaccb87609a13e6b67e8,2654435761,20,1124,5622,4498,467723,534266,457765,523022,9958,11244,361527,427978,353795,418982,7732,8996,361527,427095,353795,418203,7732,8892,883
radixor-generalization-v1,4.3.0.dirty,14f61beb106bca21d78f828e2f8e35fb457d3d90,dirty,546a2b82c9418393817a4beeea7a0ace75112f95a28c95ecb284e090942cdd88,SAH,sah-default,1.0.0,c5b361c9e1df64d60813c96cbea4d228d97fbc76e71bbaccb87609a13e6b67e8,2654435761,10,562,5622,5060,442451,534266,432555,523022,9896,11244,389824,481601,381042,471481,8782,10120,389824,481137,381042,471077,8782,10060,464
radixor-generalization-v1,4.3.0.dirty,14f61beb106bca21d78f828e2f8e35fb457d3d90,dirty,546a2b82c9418393817a4beeea7a0ace75112f95a28c95ecb284e090942cdd88,SAH,sah-default,1.0.0,c5b361c9e1df64d60813c96cbea4d228d97fbc76e71bbaccb87609a13e6b67e8,11400714819323198485,100,5622,5622,0,531824,534266,521038,523022,10786,11244,0,0,0,0,0,0,0,0,0,0,0,0,0
radixor-generalization-v1,4.3.0.dirty,14f61beb106bca21d78f828e2f8e35fb457d3d90,dirty,546a2b82c9418393817a4beeea7a0ace75112f95a28c95ecb284e090942cdd88,SAH,sah-default,1.0.0,c5b361c9e1df64d60813c96cbea4d228d97fbc76e71bbaccb87609a13e6b67e8,11400714819323198485,90,5060,5622,562,525229,534266,514507,523022,10722,11244,47222,54220,46252,53096,970,1124,47222,53854,46252,52782,970,1072,366
radixor-generalization-v1,4.3.0.dirty,14f61beb106bca21d78f828e2f8e35fb457d3d90,dirty,546a2b82c9418393817a4beeea7a0ace75112f95a28c95ecb284e090942cdd88,SAH,sah-default,1.0.0,c5b361c9e1df64d60813c96cbea4d228d97fbc76e71bbaccb87609a13e6b67e8,11400714819323198485,80,4498,5622,1124,518517,534266,507851,523022,10666,11244,92964,107196,91002,104948,1962,2248,92964,106379,91002,104223,1962,2156,817
radixor-generalization-v1,4.3.0.dirty,14f61beb106bca21d78f828e2f8e35fb457d3d90,dirty,546a2b82c9418393817a4beeea7a0ace75112f95a28c95ecb284e090942cdd88,SAH,sah-default,1.0.0,c5b361c9e1df64d60813c96cbea4d228d97fbc76e71bbaccb87609a13e6b67e8,11400714819323198485,70,3935,5622,1687,512494,534266,501930,523022,10564,11244,139275,159944,136375,156570,2900,3374,139275,158893,136375,155637,2900,3256,1051
radixor-generalization-v1,4.3.0.dirty,14f61beb106bca21d78f828e2f8e35fb457d3d90,dirty,546a2b82c9418393817a4beeea7a0ace75112f95a28c95ecb284e090942cdd88,SAH,sah-default,1.0.0,c5b361c9e1df64d60813c96cbea4d228d97fbc76e71bbaccb87609a13e6b67e8,11400714819323198485,60,3373,5622,2249,505007,534266,494539,523022,10468,11244,184949,213354,181063,208856,3886,4498,184949,212275,181063,207899,3886,4376,1079
radixor-generalization-v1,4.3.0.dirty,14f61beb106bca21d78f828e2f8e35fb457d3d90,dirty,546a2b82c9418393817a4beeea7a0ace75112f95a28c95ecb284e090942cdd88,SAH,sah-default,1.0.0,c5b361c9e1df64d60813c96cbea4d228d97fbc76e71bbaccb87609a13e6b67e8,11400714819323198485,50,2811,5622,2811,497555,534266,487173,523022,10382,11244,231149,267203,226283,261581,4866,5622,231149,266076,226283,260582,4866,5494,1127
radixor-generalization-v1,4.3.0.dirty,14f61beb106bca21d78f828e2f8e35fb457d3d90,dirty,546a2b82c9418393817a4beeea7a0ace75112f95a28c95ecb284e090942cdd88,SAH,sah-default,1.0.0,c5b361c9e1df64d60813c96cbea4d228d97fbc76e71bbaccb87609a13e6b67e8,11400714819323198485,40,2249,5622,3373,488653,534266,478409,523022,10244,11244,274787,320029,268981,313283,5806,6746,274787,318831,268981,312199,5806,6632,1198
radixor-generalization-v1,4.3.0.dirty,14f61beb106bca21d78f828e2f8e35fb457d3d90,dirty,546a2b82c9418393817a4beeea7a0ace75112f95a28c95ecb284e090942cdd88,SAH,sah-default,1.0.0,c5b361c9e1df64d60813c96cbea4d228d97fbc76e71bbaccb87609a13e6b67e8,11400714819323198485,30,1687,5622,3935,477084,534266,466902,523022,10182,11244,317169,374167,310321,366297,6848,7870,317169,373029,310321,365261,6848,7768,1138
radixor-generalization-v1,4.3.0.dirty,14f61beb106bca21d78f828e2f8e35fb457d3d90,dirty,546a2b82c9418393817a4beeea7a0ace75112f95a28c95ecb284e090942cdd88,SAH,sah-default,1.0.0,c5b361c9e1df64d60813c96cbea4d228d97fbc76e71bbaccb87609a13e6b67e8,11400714819323198485,20,1124,5622,4498,466748,534266,456758,523022,9990,11244,359595,427019,351837,418023,7758,8996,359595,426176,351837,417260,7758,8916,843
radixor-generalization-v1,4.3.0.dirty,14f61beb106bca21d78f828e2f8e35fb457d3d90,dirty,546a2b82c9418393817a4beeea7a0ace75112f95a28c95ecb284e090942cdd88,SAH,sah-default,1.0.0,c5b361c9e1df64d60813c96cbea4d228d97fbc76e71bbaccb87609a13e6b67e8,11400714819323198485,10,562,5622,5060,452734,534266,442932,523022,9802,11244,398943,480468,390261,470348,8682,10120,398943,480078,390261,470006,8682,10072,390
radixor-generalization-v1,4.3.0.dirty,14f61beb106bca21d78f828e2f8e35fb457d3d90,dirty,546a2b82c9418393817a4beeea7a0ace75112f95a28c95ecb284e090942cdd88,SAH,sah-default,1.0.0,c5b361c9e1df64d60813c96cbea4d228d97fbc76e71bbaccb87609a13e6b67e8,7046029254386353131,100,5622,5622,0,531824,534266,521038,523022,10786,11244,0,0,0,0,0,0,0,0,0,0,0,0,0
radixor-generalization-v1,4.3.0.dirty,14f61beb106bca21d78f828e2f8e35fb457d3d90,dirty,546a2b82c9418393817a4beeea7a0ace75112f95a28c95ecb284e090942cdd88,SAH,sah-default,1.0.0,c5b361c9e1df64d60813c96cbea4d228d97fbc76e71bbaccb87609a13e6b67e8,7046029254386353131,90,5060,5622,562,523627,534266,512913,523022,10714,11244,44320,52937,43354,51813,966,1124,44320,52578,43354,51508,966,1070,359
radixor-generalization-v1,4.3.0.dirty,14f61beb106bca21d78f828e2f8e35fb457d3d90,dirty,546a2b82c9418393817a4beeea7a0ace75112f95a28c95ecb284e090942cdd88,SAH,sah-default,1.0.0,c5b361c9e1df64d60813c96cbea4d228d97fbc76e71bbaccb87609a13e6b67e8,7046029254386353131,80,4498,5622,1124,517037,534266,506377,523022,10660,11244,89694,105282,87760,103034,1934,2248,89694,104622,87760,102464,1934,2158,660
radixor-generalization-v1,4.3.0.dirty,14f61beb106bca21d78f828e2f8e35fb457d3d90,dirty,546a2b82c9418393817a4beeea7a0ace75112f95a28c95ecb284e090942cdd88,SAH,sah-default,1.0.0,c5b361c9e1df64d60813c96cbea4d228d97fbc76e71bbaccb87609a13e6b67e8,7046029254386353131,70,3935,5622,1687,510511,534266,499945,523022,10566,11244,135195,157619,132277,154245,2918,3374,135195,156744,132277,153478,2918,3266,875
radixor-generalization-v1,4.3.0.dirty,14f61beb106bca21d78f828e2f8e35fb457d3d90,dirty,546a2b82c9418393817a4beeea7a0ace75112f95a28c95ecb284e090942cdd88,SAH,sah-default,1.0.0,c5b361c9e1df64d60813c96cbea4d228d97fbc76e71bbaccb87609a13e6b67e8,7046029254386353131,60,3373,5622,2249,502764,534266,492310,523022,10454,11244,181078,211668,177202,207170,3876,4498,181078,210540,177202,206166,3876,4374,1128
radixor-generalization-v1,4.3.0.dirty,14f61beb106bca21d78f828e2f8e35fb457d3d90,dirty,546a2b82c9418393817a4beeea7a0ace75112f95a28c95ecb284e090942cdd88,SAH,sah-default,1.0.0,c5b361c9e1df64d60813c96cbea4d228d97fbc76e71bbaccb87609a13e6b67e8,7046029254386353131,50,2811,5622,2811,495516,534266,485138,523022,10378,11244,226300,264379,221436,258757,4864,5622,226300,263279,221436,257797,4864,5482,1100
radixor-generalization-v1,4.3.0.dirty,14f61beb106bca21d78f828e2f8e35fb457d3d90,dirty,546a2b82c9418393817a4beeea7a0ace75112f95a28c95ecb284e090942cdd88,SAH,sah-default,1.0.0,c5b361c9e1df64d60813c96cbea4d228d97fbc76e71bbaccb87609a13e6b67e8,7046029254386353131,40,2249,5622,3373,489882,534266,479662,523022,10220,11244,274204,318174,268404,311428,5800,6746,274204,317092,268404,310478,5800,6614,1082
radixor-generalization-v1,4.3.0.dirty,14f61beb106bca21d78f828e2f8e35fb457d3d90,dirty,546a2b82c9418393817a4beeea7a0ace75112f95a28c95ecb284e090942cdd88,SAH,sah-default,1.0.0,c5b361c9e1df64d60813c96cbea4d228d97fbc76e71bbaccb87609a13e6b67e8,7046029254386353131,30,1687,5622,3935,478927,534266,468833,523022,10094,11244,316227,371390,309463,363520,6764,7870,316227,370365,309463,362635,6764,7730,1025
radixor-generalization-v1,4.3.0.dirty,14f61beb106bca21d78f828e2f8e35fb457d3d90,dirty,546a2b82c9418393817a4beeea7a0ace75112f95a28c95ecb284e090942cdd88,SAH,sah-default,1.0.0,c5b361c9e1df64d60813c96cbea4d228d97fbc76e71bbaccb87609a13e6b67e8,7046029254386353131,20,1124,5622,4498,467873,534266,457891,523022,9982,11244,359115,425390,351357,416394,7758,8996,359115,424707,351357,415807,7758,8900,683
radixor-generalization-v1,4.3.0.dirty,14f61beb106bca21d78f828e2f8e35fb457d3d90,dirty,546a2b82c9418393817a4beeea7a0ace75112f95a28c95ecb284e090942cdd88,SAH,sah-default,1.0.0,c5b361c9e1df64d60813c96cbea4d228d97fbc76e71bbaccb87609a13e6b67e8,7046029254386353131,10,562,5622,5060,448404,534266,438590,523022,9814,11244,392959,478797,384263,468677,8696,10120,392959,478410,384263,468360,8696,10050,387
radixor-generalization-v1,4.3.0.dirty,14f61beb106bca21d78f828e2f8e35fb457d3d90,dirty,546a2b82c9418393817a4beeea7a0ace75112f95a28c95ecb284e090942cdd88,SAH,sah-default,1.0.0,c5b361c9e1df64d60813c96cbea4d228d97fbc76e71bbaccb87609a13e6b67e8,2611923443488327891,100,5622,5622,0,531824,534266,521038,523022,10786,11244,0,0,0,0,0,0,0,0,0,0,0,0,0
radixor-generalization-v1,4.3.0.dirty,14f61beb106bca21d78f828e2f8e35fb457d3d90,dirty,546a2b82c9418393817a4beeea7a0ace75112f95a28c95ecb284e090942cdd88,SAH,sah-default,1.0.0,c5b361c9e1df64d60813c96cbea4d228d97fbc76e71bbaccb87609a13e6b67e8,2611923443488327891,90,5060,5622,562,525212,534266,514476,523022,10736,11244,46047,53070,45071,51946,976,1124,46047,52680,45071,51622,976,1058,390
radixor-generalization-v1,4.3.0.dirty,14f61beb106bca21d78f828e2f8e35fb457d3d90,dirty,546a2b82c9418393817a4beeea7a0ace75112f95a28c95ecb284e090942cdd88,SAH,sah-default,1.0.0,c5b361c9e1df64d60813c96cbea4d228d97fbc76e71bbaccb87609a13e6b67e8,2611923443488327891,80,4498,5622,1124,517404,534266,506730,523022,10674,11244,91201,106520,89237,104272,1964,2248,91201,105711,89237,103571,1964,2140,809
radixor-generalization-v1,4.3.0.dirty,14f61beb106bca21d78f828e2f8e35fb457d3d90,dirty,546a2b82c9418393817a4beeea7a0ace75112f95a28c95ecb284e090942cdd88,SAH,sah-default,1.0.0,c5b361c9e1df64d60813c96cbea4d228d97fbc76e71bbaccb87609a13e6b67e8,2611923443488327891,70,3935,5622,1687,510562,534266,499942,523022,10620,11244,137387,159891,134417,156517,2970,3374,137387,158838,134417,155596,2970,3242,1053
radixor-generalization-v1,4.3.0.dirty,14f61beb106bca21d78f828e2f8e35fb457d3d90,dirty,546a2b82c9418393817a4beeea7a0ace75112f95a28c95ecb284e090942cdd88,SAH,sah-default,1.0.0,c5b361c9e1df64d60813c96cbea4d228d97fbc76e71bbaccb87609a13e6b67e8,2611923443488327891,60,3373,5622,2249,502312,534266,491762,523022,10550,11244,183280,214409,179320,209911,3960,4498,183280,213155,179320,208799,3960,4356,1254
radixor-generalization-v1,4.3.0.dirty,14f61beb106bca21d78f828e2f8e35fb457d3d90,dirty,546a2b82c9418393817a4beeea7a0ace75112f95a28c95ecb284e090942cdd88,SAH,sah-default,1.0.0,c5b361c9e1df64d60813c96cbea4d228d97fbc76e71bbaccb87609a13e6b67e8,2611923443488327891,50,2811,5622,2811,494419,534266,484011,523022,10408,11244,229165,268565,224281,262943,4884,5622,229165,267213,224281,261755,4884,5458,1352
radixor-generalization-v1,4.3.0.dirty,14f61beb106bca21d78f828e2f8e35fb457d3d90,dirty,546a2b82c9418393817a4beeea7a0ace75112f95a28c95ecb284e090942cdd88,SAH,sah-default,1.0.0,c5b361c9e1df64d60813c96cbea4d228d97fbc76e71bbaccb87609a13e6b67e8,2611923443488327891,40,2249,5622,3373,484949,534266,474651,523022,10298,11244,273677,322700,267819,315954,5858,6746,273677,321563,267819,314965,5858,6598,1137
radixor-generalization-v1,4.3.0.dirty,14f61beb106bca21d78f828e2f8e35fb457d3d90,dirty,546a2b82c9418393817a4beeea7a0ace75112f95a28c95ecb284e090942cdd88,SAH,sah-default,1.0.0,c5b361c9e1df64d60813c96cbea4d228d97fbc76e71bbaccb87609a13e6b67e8,2611923443488327891,30,1687,5622,3935,478761,534266,468583,523022,10178,11244,319880,375209,313038,367339,6842,7870,319880,374301,313038,366561,6842,7740,908
radixor-generalization-v1,4.3.0.dirty,14f61beb106bca21d78f828e2f8e35fb457d3d90,dirty,546a2b82c9418393817a4beeea7a0ace75112f95a28c95ecb284e090942cdd88,SAH,sah-default,1.0.0,c5b361c9e1df64d60813c96cbea4d228d97fbc76e71bbaccb87609a13e6b67e8,2611923443488327891,20,1124,5622,4498,468664,534266,458624,523022,10040,11244,362202,427736,354398,418740,7804,8996,362202,427141,354398,418233,7804,8908,595
radixor-generalization-v1,4.3.0.dirty,14f61beb106bca21d78f828e2f8e35fb457d3d90,dirty,546a2b82c9418393817a4beeea7a0ace75112f95a28c95ecb284e090942cdd88,SAH,sah-default,1.0.0,c5b361c9e1df64d60813c96cbea4d228d97fbc76e71bbaccb87609a13e6b67e8,2611923443488327891,10,562,5622,5060,453221,534266,443391,523022,9830,11244,400177,481209,391469,471089,8708,10120,400177,480916,391469,470836,8708,10080,293
radixor-generalization-v1,4.3.0.dirty,14f61beb106bca21d78f828e2f8e35fb457d3d90,dirty,546a2b82c9418393817a4beeea7a0ace75112f95a28c95ecb284e090942cdd88,SAH,sah-default,1.0.0,c5b361c9e1df64d60813c96cbea4d228d97fbc76e71bbaccb87609a13e6b67e8,15111065706836454659,100,5622,5622,0,531824,534266,521038,523022,10786,11244,0,0,0,0,0,0,0,0,0,0,0,0,0
radixor-generalization-v1,4.3.0.dirty,14f61beb106bca21d78f828e2f8e35fb457d3d90,dirty,546a2b82c9418393817a4beeea7a0ace75112f95a28c95ecb284e090942cdd88,SAH,sah-default,1.0.0,c5b361c9e1df64d60813c96cbea4d228d97fbc76e71bbaccb87609a13e6b67e8,15111065706836454659,90,5060,5622,562,524395,534266,513661,523022,10734,11244,46958,54790,45968,53666,990,1124,46958,54416,45968,53344,990,1072,374
radixor-generalization-v1,4.3.0.dirty,14f61beb106bca21d78f828e2f8e35fb457d3d90,dirty,546a2b82c9418393817a4beeea7a0ace75112f95a28c95ecb284e090942cdd88,SAH,sah-default,1.0.0,c5b361c9e1df64d60813c96cbea4d228d97fbc76e71bbaccb87609a13e6b67e8,15111065706836454659,80,4498,5622,1124,517818,534266,507216,523022,10602,11244,93103,107825,91181,105577,1922,2248,93103,107201,91181,105031,1922,2170,624
radixor-generalization-v1,4.3.0.dirty,14f61beb106bca21d78f828e2f8e35fb457d3d90,dirty,546a2b82c9418393817a4beeea7a0ace75112f95a28c95ecb284e090942cdd88,SAH,sah-default,1.0.0,c5b361c9e1df64d60813c96cbea4d228d97fbc76e71bbaccb87609a13e6b67e8,15111065706836454659,70,3935,5622,1687,511075,534266,500519,523022,10556,11244,138920,160771,136020,157397,2900,3374,138920,159912,136020,156656,2900,3256,859
radixor-generalization-v1,4.3.0.dirty,14f61beb106bca21d78f828e2f8e35fb457d3d90,dirty,546a2b82c9418393817a4beeea7a0ace75112f95a28c95ecb284e090942cdd88,SAH,sah-default,1.0.0,c5b361c9e1df64d60813c96cbea4d228d97fbc76e71bbaccb87609a13e6b67e8,15111065706836454659,60,3373,5622,2249,502356,534266,491900,523022,10456,11244,184332,215197,180456,210699,3876,4498,184332,214192,180456,209840,3876,4352,1005
radixor-generalization-v1,4.3.0.dirty,14f61beb106bca21d78f828e2f8e35fb457d3d90,dirty,546a2b82c9418393817a4beeea7a0ace75112f95a28c95ecb284e090942cdd88,SAH,sah-default,1.0.0,c5b361c9e1df64d60813c96cbea4d228d97fbc76e71bbaccb87609a13e6b67e8,15111065706836454659,50,2811,5622,2811,494423,534266,484035,523022,10388,11244,229825,268832,224933,263210,4892,5622,229825,267836,224933,262370,4892,5466,996
radixor-generalization-v1,4.3.0.dirty,14f61beb106bca21d78f828e2f8e35fb457d3d90,dirty,546a2b82c9418393817a4beeea7a0ace75112f95a28c95ecb284e090942cdd88,SAH,sah-default,1.0.0,c5b361c9e1df64d60813c96cbea4d228d97fbc76e71bbaccb87609a13e6b67e8,15111065706836454659,40,2249,5622,3373,489092,534266,478792,523022,10300,11244,277598,322205,271708,315459,5890,6746,277598,321147,271708,314563,5890,6584,1058
radixor-generalization-v1,4.3.0.dirty,14f61beb106bca21d78f828e2f8e35fb457d3d90,dirty,546a2b82c9418393817a4beeea7a0ace75112f95a28c95ecb284e090942cdd88,SAH,sah-default,1.0.0,c5b361c9e1df64d60813c96cbea4d228d97fbc76e71bbaccb87609a13e6b67e8,15111065706836454659,30,1687,5622,3935,481624,534266,471498,523022,10126,11244,322890,375190,316086,367320,6804,7870,322890,374212,316086,366484,6804,7728,978
radixor-generalization-v1,4.3.0.dirty,14f61beb106bca21d78f828e2f8e35fb457d3d90,dirty,546a2b82c9418393817a4beeea7a0ace75112f95a28c95ecb284e090942cdd88,SAH,sah-default,1.0.0,c5b361c9e1df64d60813c96cbea4d228d97fbc76e71bbaccb87609a13e6b67e8,15111065706836454659,20,1124,5622,4498,473439,534266,463421,523022,10018,11244,366674,427317,358888,418321,7786,8996,366674,426550,358888,417670,7786,8880,767
radixor-generalization-v1,4.3.0.dirty,14f61beb106bca21d78f828e2f8e35fb457d3d90,dirty,546a2b82c9418393817a4beeea7a0ace75112f95a28c95ecb284e090942cdd88,SAH,sah-default,1.0.0,c5b361c9e1df64d60813c96cbea4d228d97fbc76e71bbaccb87609a13e6b67e8,15111065706836454659,10,562,5622,5060,453409,534266,443451,523022,9958,11244,400058,480885,391218,470765,8840,10120,400058,480477,391218,470419,8840,10058,408
radixor-generalization-v1,4.3.0.dirty,14f61beb106bca21d78f828e2f8e35fb457d3d90,dirty,546a2b82c9418393817a4beeea7a0ace75112f95a28c95ecb284e090942cdd88,SAN,san-default,1.0.0,bf94e3c36639ce16b0c11a6e9ab62baebc8acea18d14926a597585cbb179e708,2654435761,100,54,54,0,109,109,1,1,108,108,0,0,0,0,0,0,0,0,0,0,0,0,0
radixor-generalization-v1,4.3.0.dirty,14f61beb106bca21d78f828e2f8e35fb457d3d90,dirty,546a2b82c9418393817a4beeea7a0ace75112f95a28c95ecb284e090942cdd88,SAN,san-default,1.0.0,bf94e3c36639ce16b0c11a6e9ab62baebc8acea18d14926a597585cbb179e708,2654435761,90,49,54,5,109,109,1,1,108,108,10,10,0,0,10,10,10,10,0,0,10,10,0
radixor-generalization-v1,4.3.0.dirty,14f61beb106bca21d78f828e2f8e35fb457d3d90,dirty,546a2b82c9418393817a4beeea7a0ace75112f95a28c95ecb284e090942cdd88,SAN,san-default,1.0.0,bf94e3c36639ce16b0c11a6e9ab62baebc8acea18d14926a597585cbb179e708,2654435761,80,43,54,11,109,109,1,1,108,108,22,22,0,0,22,22,22,22,0,0,22,22,0
radixor-generalization-v1,4.3.0.dirty,14f61beb106bca21d78f828e2f8e35fb457d3d90,dirty,546a2b82c9418393817a4beeea7a0ace75112f95a28c95ecb284e090942cdd88,SAN,san-default,1.0.0,bf94e3c36639ce16b0c11a6e9ab62baebc8acea18d14926a597585cbb179e708,2654435761,70,38,54,16,108,109,0,1,108,108,32,33,0,1,32,32,32,33,0,1,32,32,0
radixor-generalization-v1,4.3.0.dirty,14f61beb106bca21d78f828e2f8e35fb457d3d90,dirty,546a2b82c9418393817a4beeea7a0ace75112f95a28c95ecb284e090942cdd88,SAN,san-default,1.0.0,bf94e3c36639ce16b0c11a6e9ab62baebc8acea18d14926a597585cbb179e708,2654435761,60,32,54,22,108,109,0,1,108,108,44,45,0,1,44,44,44,45,0,1,44,44,0
radixor-generalization-v1,4.3.0.dirty,14f61beb106bca21d78f828e2f8e35fb457d3d90,dirty,546a2b82c9418393817a4beeea7a0ace75112f95a28c95ecb284e090942cdd88,SAN,san-default,1.0.0,bf94e3c36639ce16b0c11a6e9ab62baebc8acea18d14926a597585cbb179e708,2654435761,50,27,54,27,108,109,0,1,108,108,54,55,0,1,54,54,54,55,0,1,54,54,0
radixor-generalization-v1,4.3.0.dirty,14f61beb106bca21d78f828e2f8e35fb457d3d90,dirty,546a2b82c9418393817a4beeea7a0ace75112f95a28c95ecb284e090942cdd88,SAN,san-default,1.0.0,bf94e3c36639ce16b0c11a6e9ab62baebc8acea18d14926a597585cbb179e708,2654435761,40,22,54,32,108,109,0,1,108,108,64,65,0,1,64,64,64,65,0,1,64,64,0
radixor-generalization-v1,4.3.0.dirty,14f61beb106bca21d78f828e2f8e35fb457d3d90,dirty,546a2b82c9418393817a4beeea7a0ace75112f95a28c95ecb284e090942cdd88,SAN,san-default,1.0.0,bf94e3c36639ce16b0c11a6e9ab62baebc8acea18d14926a597585cbb179e708,2654435761,30,16,54,38,108,109,0,1,108,108,76,77,0,1,76,76,76,77,0,1,76,76,0
radixor-generalization-v1,4.3.0.dirty,14f61beb106bca21d78f828e2f8e35fb457d3d90,dirty,546a2b82c9418393817a4beeea7a0ace75112f95a28c95ecb284e090942cdd88,SAN,san-default,1.0.0,bf94e3c36639ce16b0c11a6e9ab62baebc8acea18d14926a597585cbb179e708,2654435761,20,11,54,43,108,109,0,1,108,108,86,87,0,1,86,86,86,87,0,1,86,86,0
radixor-generalization-v1,4.3.0.dirty,14f61beb106bca21d78f828e2f8e35fb457d3d90,dirty,546a2b82c9418393817a4beeea7a0ace75112f95a28c95ecb284e090942cdd88,SAN,san-default,1.0.0,bf94e3c36639ce16b0c11a6e9ab62baebc8acea18d14926a597585cbb179e708,2654435761,10,5,54,49,108,109,0,1,108,108,98,99,0,1,98,98,98,99,0,1,98,98,0
radixor-generalization-v1,4.3.0.dirty,14f61beb106bca21d78f828e2f8e35fb457d3d90,dirty,546a2b82c9418393817a4beeea7a0ace75112f95a28c95ecb284e090942cdd88,SAN,san-default,1.0.0,bf94e3c36639ce16b0c11a6e9ab62baebc8acea18d14926a597585cbb179e708,11400714819323198485,100,54,54,0,109,109,1,1,108,108,0,0,0,0,0,0,0,0,0,0,0,0,0
radixor-generalization-v1,4.3.0.dirty,14f61beb106bca21d78f828e2f8e35fb457d3d90,dirty,546a2b82c9418393817a4beeea7a0ace75112f95a28c95ecb284e090942cdd88,SAN,san-default,1.0.0,bf94e3c36639ce16b0c11a6e9ab62baebc8acea18d14926a597585cbb179e708,11400714819323198485,90,49,54,5,109,109,1,1,108,108,10,10,0,0,10,10,10,10,0,0,10,10,0
radixor-generalization-v1,4.3.0.dirty,14f61beb106bca21d78f828e2f8e35fb457d3d90,dirty,546a2b82c9418393817a4beeea7a0ace75112f95a28c95ecb284e090942cdd88,SAN,san-default,1.0.0,bf94e3c36639ce16b0c11a6e9ab62baebc8acea18d14926a597585cbb179e708,11400714819323198485,80,43,54,11,109,109,1,1,108,108,22,22,0,0,22,22,22,22,0,0,22,22,0
radixor-generalization-v1,4.3.0.dirty,14f61beb106bca21d78f828e2f8e35fb457d3d90,dirty,546a2b82c9418393817a4beeea7a0ace75112f95a28c95ecb284e090942cdd88,SAN,san-default,1.0.0,bf94e3c36639ce16b0c11a6e9ab62baebc8acea18d14926a597585cbb179e708,11400714819323198485,70,38,54,16,109,109,1,1,108,108,32,32,0,0,32,32,32,32,0,0,32,32,0
radixor-generalization-v1,4.3.0.dirty,14f61beb106bca21d78f828e2f8e35fb457d3d90,dirty,546a2b82c9418393817a4beeea7a0ace75112f95a28c95ecb284e090942cdd88,SAN,san-default,1.0.0,bf94e3c36639ce16b0c11a6e9ab62baebc8acea18d14926a597585cbb179e708,11400714819323198485,60,32,54,22,108,109,0,1,108,108,44,45,0,1,44,44,44,45,0,1,44,44,0
radixor-generalization-v1,4.3.0.dirty,14f61beb106bca21d78f828e2f8e35fb457d3d90,dirty,546a2b82c9418393817a4beeea7a0ace75112f95a28c95ecb284e090942cdd88,SAN,san-default,1.0.0,bf94e3c36639ce16b0c11a6e9ab62baebc8acea18d14926a597585cbb179e708,11400714819323198485,50,27,54,27,108,109,0,1,108,108,54,55,0,1,54,54,54,55,0,1,54,54,0
radixor-generalization-v1,4.3.0.dirty,14f61beb106bca21d78f828e2f8e35fb457d3d90,dirty,546a2b82c9418393817a4beeea7a0ace75112f95a28c95ecb284e090942cdd88,SAN,san-default,1.0.0,bf94e3c36639ce16b0c11a6e9ab62baebc8acea18d14926a597585cbb179e708,11400714819323198485,40,22,54,32,108,109,0,1,108,108,64,65,0,1,64,64,64,65,0,1,64,64,0
radixor-generalization-v1,4.3.0.dirty,14f61beb106bca21d78f828e2f8e35fb457d3d90,dirty,546a2b82c9418393817a4beeea7a0ace75112f95a28c95ecb284e090942cdd88,SAN,san-default,1.0.0,bf94e3c36639ce16b0c11a6e9ab62baebc8acea18d14926a597585cbb179e708,11400714819323198485,30,16,54,38,108,109,0,1,108,108,76,77,0,1,76,76,76,77,0,1,76,76,0
radixor-generalization-v1,4.3.0.dirty,14f61beb106bca21d78f828e2f8e35fb457d3d90,dirty,546a2b82c9418393817a4beeea7a0ace75112f95a28c95ecb284e090942cdd88,SAN,san-default,1.0.0,bf94e3c36639ce16b0c11a6e9ab62baebc8acea18d14926a597585cbb179e708,11400714819323198485,20,11,54,43,108,109,0,1,108,108,86,87,0,1,86,86,86,87,0,1,86,86,0
radixor-generalization-v1,4.3.0.dirty,14f61beb106bca21d78f828e2f8e35fb457d3d90,dirty,546a2b82c9418393817a4beeea7a0ace75112f95a28c95ecb284e090942cdd88,SAN,san-default,1.0.0,bf94e3c36639ce16b0c11a6e9ab62baebc8acea18d14926a597585cbb179e708,11400714819323198485,10,5,54,49,108,109,0,1,108,108,98,99,0,1,98,98,98,99,0,1,98,98,0
radixor-generalization-v1,4.3.0.dirty,14f61beb106bca21d78f828e2f8e35fb457d3d90,dirty,546a2b82c9418393817a4beeea7a0ace75112f95a28c95ecb284e090942cdd88,SAN,san-default,1.0.0,bf94e3c36639ce16b0c11a6e9ab62baebc8acea18d14926a597585cbb179e708,7046029254386353131,100,54,54,0,109,109,1,1,108,108,0,0,0,0,0,0,0,0,0,0,0,0,0
radixor-generalization-v1,4.3.0.dirty,14f61beb106bca21d78f828e2f8e35fb457d3d90,dirty,546a2b82c9418393817a4beeea7a0ace75112f95a28c95ecb284e090942cdd88,SAN,san-default,1.0.0,bf94e3c36639ce16b0c11a6e9ab62baebc8acea18d14926a597585cbb179e708,7046029254386353131,90,49,54,5,109,109,1,1,108,108,10,10,0,0,10,10,10,10,0,0,10,10,0
radixor-generalization-v1,4.3.0.dirty,14f61beb106bca21d78f828e2f8e35fb457d3d90,dirty,546a2b82c9418393817a4beeea7a0ace75112f95a28c95ecb284e090942cdd88,SAN,san-default,1.0.0,bf94e3c36639ce16b0c11a6e9ab62baebc8acea18d14926a597585cbb179e708,7046029254386353131,80,43,54,11,109,109,1,1,108,108,22,22,0,0,22,22,22,22,0,0,22,22,0
radixor-generalization-v1,4.3.0.dirty,14f61beb106bca21d78f828e2f8e35fb457d3d90,dirty,546a2b82c9418393817a4beeea7a0ace75112f95a28c95ecb284e090942cdd88,SAN,san-default,1.0.0,bf94e3c36639ce16b0c11a6e9ab62baebc8acea18d14926a597585cbb179e708,7046029254386353131,70,38,54,16,109,109,1,1,108,108,32,32,0,0,32,32,32,32,0,0,32,32,0
radixor-generalization-v1,4.3.0.dirty,14f61beb106bca21d78f828e2f8e35fb457d3d90,dirty,546a2b82c9418393817a4beeea7a0ace75112f95a28c95ecb284e090942cdd88,SAN,san-default,1.0.0,bf94e3c36639ce16b0c11a6e9ab62baebc8acea18d14926a597585cbb179e708,7046029254386353131,60,32,54,22,109,109,1,1,108,108,44,44,0,0,44,44,44,44,0,0,44,44,0
radixor-generalization-v1,4.3.0.dirty,14f61beb106bca21d78f828e2f8e35fb457d3d90,dirty,546a2b82c9418393817a4beeea7a0ace75112f95a28c95ecb284e090942cdd88,SAN,san-default,1.0.0,bf94e3c36639ce16b0c11a6e9ab62baebc8acea18d14926a597585cbb179e708,7046029254386353131,50,27,54,27,105,109,1,1,104,108,50,54,0,0,50,54,50,54,0,0,50,54,0
radixor-generalization-v1,4.3.0.dirty,14f61beb106bca21d78f828e2f8e35fb457d3d90,dirty,546a2b82c9418393817a4beeea7a0ace75112f95a28c95ecb284e090942cdd88,SAN,san-default,1.0.0,bf94e3c36639ce16b0c11a6e9ab62baebc8acea18d14926a597585cbb179e708,7046029254386353131,40,22,54,32,105,109,1,1,104,108,60,64,0,0,60,64,60,64,0,0,60,64,0
radixor-generalization-v1,4.3.0.dirty,14f61beb106bca21d78f828e2f8e35fb457d3d90,dirty,546a2b82c9418393817a4beeea7a0ace75112f95a28c95ecb284e090942cdd88,SAN,san-default,1.0.0,bf94e3c36639ce16b0c11a6e9ab62baebc8acea18d14926a597585cbb179e708,7046029254386353131,30,16,54,38,105,109,1,1,104,108,72,76,0,0,72,76,72,76,0,0,72,76,0
radixor-generalization-v1,4.3.0.dirty,14f61beb106bca21d78f828e2f8e35fb457d3d90,dirty,546a2b82c9418393817a4beeea7a0ace75112f95a28c95ecb284e090942cdd88,SAN,san-default,1.0.0,bf94e3c36639ce16b0c11a6e9ab62baebc8acea18d14926a597585cbb179e708,7046029254386353131,20,11,54,43,105,109,1,1,104,108,82,86,0,0,82,86,82,86,0,0,82,86,0
radixor-generalization-v1,4.3.0.dirty,14f61beb106bca21d78f828e2f8e35fb457d3d90,dirty,546a2b82c9418393817a4beeea7a0ace75112f95a28c95ecb284e090942cdd88,SAN,san-default,1.0.0,bf94e3c36639ce16b0c11a6e9ab62baebc8acea18d14926a597585cbb179e708,7046029254386353131,10,5,54,49,105,109,1,1,104,108,94,98,0,0,94,98,94,98,0,0,94,98,0
radixor-generalization-v1,4.3.0.dirty,14f61beb106bca21d78f828e2f8e35fb457d3d90,dirty,546a2b82c9418393817a4beeea7a0ace75112f95a28c95ecb284e090942cdd88,SAN,san-default,1.0.0,bf94e3c36639ce16b0c11a6e9ab62baebc8acea18d14926a597585cbb179e708,2611923443488327891,100,54,54,0,109,109,1,1,108,108,0,0,0,0,0,0,0,0,0,0,0,0,0
radixor-generalization-v1,4.3.0.dirty,14f61beb106bca21d78f828e2f8e35fb457d3d90,dirty,546a2b82c9418393817a4beeea7a0ace75112f95a28c95ecb284e090942cdd88,SAN,san-default,1.0.0,bf94e3c36639ce16b0c11a6e9ab62baebc8acea18d14926a597585cbb179e708,2611923443488327891,90,49,54,5,109,109,1,1,108,108,10,10,0,0,10,10,10,10,0,0,10,10,0
radixor-generalization-v1,4.3.0.dirty,14f61beb106bca21d78f828e2f8e35fb457d3d90,dirty,546a2b82c9418393817a4beeea7a0ace75112f95a28c95ecb284e090942cdd88,SAN,san-default,1.0.0,bf94e3c36639ce16b0c11a6e9ab62baebc8acea18d14926a597585cbb179e708,2611923443488327891,80,43,54,11,109,109,1,1,108,108,22,22,0,0,22,22,22,22,0,0,22,22,0
radixor-generalization-v1,4.3.0.dirty,14f61beb106bca21d78f828e2f8e35fb457d3d90,dirty,546a2b82c9418393817a4beeea7a0ace75112f95a28c95ecb284e090942cdd88,SAN,san-default,1.0.0,bf94e3c36639ce16b0c11a6e9ab62baebc8acea18d14926a597585cbb179e708,2611923443488327891,70,38,54,16,109,109,1,1,108,108,32,32,0,0,32,32,32,32,0,0,32,32,0
radixor-generalization-v1,4.3.0.dirty,14f61beb106bca21d78f828e2f8e35fb457d3d90,dirty,546a2b82c9418393817a4beeea7a0ace75112f95a28c95ecb284e090942cdd88,SAN,san-default,1.0.0,bf94e3c36639ce16b0c11a6e9ab62baebc8acea18d14926a597585cbb179e708,2611923443488327891,60,32,54,22,109,109,1,1,108,108,44,44,0,0,44,44,44,44,0,0,44,44,0
radixor-generalization-v1,4.3.0.dirty,14f61beb106bca21d78f828e2f8e35fb457d3d90,dirty,546a2b82c9418393817a4beeea7a0ace75112f95a28c95ecb284e090942cdd88,SAN,san-default,1.0.0,bf94e3c36639ce16b0c11a6e9ab62baebc8acea18d14926a597585cbb179e708,2611923443488327891,50,27,54,27,105,109,1,1,104,108,50,54,0,0,50,54,50,54,0,0,50,54,0
radixor-generalization-v1,4.3.0.dirty,14f61beb106bca21d78f828e2f8e35fb457d3d90,dirty,546a2b82c9418393817a4beeea7a0ace75112f95a28c95ecb284e090942cdd88,SAN,san-default,1.0.0,bf94e3c36639ce16b0c11a6e9ab62baebc8acea18d14926a597585cbb179e708,2611923443488327891,40,22,54,32,105,109,1,1,104,108,60,64,0,0,60,64,60,64,0,0,60,64,0
radixor-generalization-v1,4.3.0.dirty,14f61beb106bca21d78f828e2f8e35fb457d3d90,dirty,546a2b82c9418393817a4beeea7a0ace75112f95a28c95ecb284e090942cdd88,SAN,san-default,1.0.0,bf94e3c36639ce16b0c11a6e9ab62baebc8acea18d14926a597585cbb179e708,2611923443488327891,30,16,54,38,105,109,1,1,104,108,72,76,0,0,72,76,72,76,0,0,72,76,0
radixor-generalization-v1,4.3.0.dirty,14f61beb106bca21d78f828e2f8e35fb457d3d90,dirty,546a2b82c9418393817a4beeea7a0ace75112f95a28c95ecb284e090942cdd88,SAN,san-default,1.0.0,bf94e3c36639ce16b0c11a6e9ab62baebc8acea18d14926a597585cbb179e708,2611923443488327891,20,11,54,43,108,109,0,1,108,108,86,87,0,1,86,86,86,87,0,1,86,86,0
radixor-generalization-v1,4.3.0.dirty,14f61beb106bca21d78f828e2f8e35fb457d3d90,dirty,546a2b82c9418393817a4beeea7a0ace75112f95a28c95ecb284e090942cdd88,SAN,san-default,1.0.0,bf94e3c36639ce16b0c11a6e9ab62baebc8acea18d14926a597585cbb179e708,2611923443488327891,10,5,54,49,108,109,0,1,108,108,98,99,0,1,98,98,98,99,0,1,98,98,0
radixor-generalization-v1,4.3.0.dirty,14f61beb106bca21d78f828e2f8e35fb457d3d90,dirty,546a2b82c9418393817a4beeea7a0ace75112f95a28c95ecb284e090942cdd88,SAN,san-default,1.0.0,bf94e3c36639ce16b0c11a6e9ab62baebc8acea18d14926a597585cbb179e708,15111065706836454659,100,54,54,0,109,109,1,1,108,108,0,0,0,0,0,0,0,0,0,0,0,0,0
radixor-generalization-v1,4.3.0.dirty,14f61beb106bca21d78f828e2f8e35fb457d3d90,dirty,546a2b82c9418393817a4beeea7a0ace75112f95a28c95ecb284e090942cdd88,SAN,san-default,1.0.0,bf94e3c36639ce16b0c11a6e9ab62baebc8acea18d14926a597585cbb179e708,15111065706836454659,90,49,54,5,109,109,1,1,108,108,10,10,0,0,10,10,10,10,0,0,10,10,0
radixor-generalization-v1,4.3.0.dirty,14f61beb106bca21d78f828e2f8e35fb457d3d90,dirty,546a2b82c9418393817a4beeea7a0ace75112f95a28c95ecb284e090942cdd88,SAN,san-default,1.0.0,bf94e3c36639ce16b0c11a6e9ab62baebc8acea18d14926a597585cbb179e708,15111065706836454659,80,43,54,11,109,109,1,1,108,108,22,22,0,0,22,22,22,22,0,0,22,22,0
radixor-generalization-v1,4.3.0.dirty,14f61beb106bca21d78f828e2f8e35fb457d3d90,dirty,546a2b82c9418393817a4beeea7a0ace75112f95a28c95ecb284e090942cdd88,SAN,san-default,1.0.0,bf94e3c36639ce16b0c11a6e9ab62baebc8acea18d14926a597585cbb179e708,15111065706836454659,70,38,54,16,108,109,0,1,108,108,32,33,0,1,32,32,32,33,0,1,32,32,0
radixor-generalization-v1,4.3.0.dirty,14f61beb106bca21d78f828e2f8e35fb457d3d90,dirty,546a2b82c9418393817a4beeea7a0ace75112f95a28c95ecb284e090942cdd88,SAN,san-default,1.0.0,bf94e3c36639ce16b0c11a6e9ab62baebc8acea18d14926a597585cbb179e708,15111065706836454659,60,32,54,22,108,109,0,1,108,108,44,45,0,1,44,44,44,45,0,1,44,44,0
radixor-generalization-v1,4.3.0.dirty,14f61beb106bca21d78f828e2f8e35fb457d3d90,dirty,546a2b82c9418393817a4beeea7a0ace75112f95a28c95ecb284e090942cdd88,SAN,san-default,1.0.0,bf94e3c36639ce16b0c11a6e9ab62baebc8acea18d14926a597585cbb179e708,15111065706836454659,50,27,54,27,108,109,0,1,108,108,54,55,0,1,54,54,54,55,0,1,54,54,0
radixor-generalization-v1,4.3.0.dirty,14f61beb106bca21d78f828e2f8e35fb457d3d90,dirty,546a2b82c9418393817a4beeea7a0ace75112f95a28c95ecb284e090942cdd88,SAN,san-default,1.0.0,bf94e3c36639ce16b0c11a6e9ab62baebc8acea18d14926a597585cbb179e708,15111065706836454659,40,22,54,32,108,109,0,1,108,108,64,65,0,1,64,64,64,65,0,1,64,64,0
radixor-generalization-v1,4.3.0.dirty,14f61beb106bca21d78f828e2f8e35fb457d3d90,dirty,546a2b82c9418393817a4beeea7a0ace75112f95a28c95ecb284e090942cdd88,SAN,san-default,1.0.0,bf94e3c36639ce16b0c11a6e9ab62baebc8acea18d14926a597585cbb179e708,15111065706836454659,30,16,54,38,108,109,0,1,108,108,76,77,0,1,76,76,76,77,0,1,76,76,0
radixor-generalization-v1,4.3.0.dirty,14f61beb106bca21d78f828e2f8e35fb457d3d90,dirty,546a2b82c9418393817a4beeea7a0ace75112f95a28c95ecb284e090942cdd88,SAN,san-default,1.0.0,bf94e3c36639ce16b0c11a6e9ab62baebc8acea18d14926a597585cbb179e708,15111065706836454659,20,11,54,43,108,109,0,1,108,108,86,87,0,1,86,86,86,87,0,1,86,86,0
radixor-generalization-v1,4.3.0.dirty,14f61beb106bca21d78f828e2f8e35fb457d3d90,dirty,546a2b82c9418393817a4beeea7a0ace75112f95a28c95ecb284e090942cdd88,SAN,san-default,1.0.0,bf94e3c36639ce16b0c11a6e9ab62baebc8acea18d14926a597585cbb179e708,15111065706836454659,10,5,54,49,108,109,0,1,108,108,98,99,0,1,98,98,98,99,0,1,98,98,0
radixor-generalization-v1,4.3.0.dirty,14f61beb106bca21d78f828e2f8e35fb457d3d90,dirty,546a2b82c9418393817a4beeea7a0ace75112f95a28c95ecb284e090942cdd88,SL_SI,sl-si-default,1.0.0,b59e7199dce258b404729e4d708172c535733cfae430a26f1c4faa3d25dc323e,2654435761,100,2531,2531,0,27631,27734,22569,22672,5062,5062,0,0,0,0,0,0,0,0,0,0,0,0,0
radixor-generalization-v1,4.3.0.dirty,14f61beb106bca21d78f828e2f8e35fb457d3d90,dirty,546a2b82c9418393817a4beeea7a0ace75112f95a28c95ecb284e090942cdd88,SL_SI,sl-si-default,1.0.0,b59e7199dce258b404729e4d708172c535733cfae430a26f1c4faa3d25dc323e,2654435761,90,2278,2531,253,26149,27734,21097,22672,5052,5062,1328,2826,832,2320,496,506,1328,2810,832,2304,496,506,16
radixor-generalization-v1,4.3.0.dirty,14f61beb106bca21d78f828e2f8e35fb457d3d90,dirty,546a2b82c9418393817a4beeea7a0ace75112f95a28c95ecb284e090942cdd88,SL_SI,sl-si-default,1.0.0,b59e7199dce258b404729e4d708172c535733cfae430a26f1c4faa3d25dc323e,2654435761,80,2025,2531,506,24842,27734,19808,22672,5034,5062,2704,5534,1720,4522,984,1012,2704,5493,1720,4481,984,1012,41
radixor-generalization-v1,4.3.0.dirty,14f61beb106bca21d78f828e2f8e35fb457d3d90,dirty,546a2b82c9418393817a4beeea7a0ace75112f95a28c95ecb284e090942cdd88,SL_SI,sl-si-default,1.0.0,b59e7199dce258b404729e4d708172c535733cfae430a26f1c4faa3d25dc323e,2654435761,70,1772,2531,759,23305,27734,18295,22672,5010,5062,3996,8375,2530,6857,1466,1518,3996,8333,2530,6815,1466,1518,42
radixor-generalization-v1,4.3.0.dirty,14f61beb106bca21d78f828e2f8e35fb457d3d90,dirty,546a2b82c9418393817a4beeea7a0ace75112f95a28c95ecb284e090942cdd88,SL_SI,sl-si-default,1.0.0,b59e7199dce258b404729e4d708172c535733cfae430a26f1c4faa3d25dc323e,2654435761,60,1519,2531,1012,21840,27734,16832,22672,5008,5062,5240,11089,3270,9065,1970,2024,5240,11047,3270,9023,1970,2024,42
radixor-generalization-v1,4.3.0.dirty,14f61beb106bca21d78f828e2f8e35fb457d3d90,dirty,546a2b82c9418393817a4beeea7a0ace75112f95a28c95ecb284e090942cdd88,SL_SI,sl-si-default,1.0.0,b59e7199dce258b404729e4d708172c535733cfae430a26f1c4faa3d25dc323e,2654435761,50,1266,2531,1265,20286,27734,15316,22672,4970,5062,6435,13855,3997,11325,2438,2530,6435,13801,3997,11271,2438,2530,54
radixor-generalization-v1,4.3.0.dirty,14f61beb106bca21d78f828e2f8e35fb457d3d90,dirty,546a2b82c9418393817a4beeea7a0ace75112f95a28c95ecb284e090942cdd88,SL_SI,sl-si-default,1.0.0,b59e7199dce258b404729e4d708172c535733cfae430a26f1c4faa3d25dc323e,2654435761,40,1012,2531,1519,18385,27734,13413,22672,4972,5062,7400,16725,4452,13687,2948,3038,7400,16679,4452,13641,2948,3038,46
radixor-generalization-v1,4.3.0.dirty,14f61beb106bca21d78f828e2f8e35fb457d3d90,dirty,546a2b82c9418393817a4beeea7a0ace75112f95a28c95ecb284e090942cdd88,SL_SI,sl-si-default,1.0.0,b59e7199dce258b404729e4d708172c535733cfae430a26f1c4faa3d25dc323e,2654435761,30,759,2531,1772,16355,27734,11419,22672,4936,5062,8092,19469,4674,15925,3418,3544,8092,19417,4674,15873,3418,3544,52
radixor-generalization-v1,4.3.0.dirty,14f61beb106bca21d78f828e2f8e35fb457d3d90,dirty,546a2b82c9418393817a4beeea7a0ace75112f95a28c95ecb284e090942cdd88,SL_SI,sl-si-default,1.0.0,b59e7199dce258b404729e4d708172c535733cfae430a26f1c4faa3d25dc323e,2654435761,20,506,2531,2025,14364,27734,9468,22672,4896,5062,8760,22129,4876,18079,3884,4050,8760,22086,4876,18036,3884,4050,43
radixor-generalization-v1,4.3.0.dirty,14f61beb106bca21d78f828e2f8e35fb457d3d90,dirty,546a2b82c9418393817a4beeea7a0ace75112f95a28c95ecb284e090942cdd88,SL_SI,sl-si-default,1.0.0,b59e7199dce258b404729e4d708172c535733cfae430a26f1c4faa3d25dc323e,2654435761,10,253,2531,2278,11366,27734,6588,22672,4778,5062,8532,24899,4260,20343,4272,4556,8532,24869,4260,20313,4272,4556,30
radixor-generalization-v1,4.3.0.dirty,14f61beb106bca21d78f828e2f8e35fb457d3d90,dirty,546a2b82c9418393817a4beeea7a0ace75112f95a28c95ecb284e090942cdd88,SL_SI,sl-si-default,1.0.0,b59e7199dce258b404729e4d708172c535733cfae430a26f1c4faa3d25dc323e,11400714819323198485,100,2531,2531,0,27631,27734,22569,22672,5062,5062,0,0,0,0,0,0,0,0,0,0,0,0,0
radixor-generalization-v1,4.3.0.dirty,14f61beb106bca21d78f828e2f8e35fb457d3d90,dirty,546a2b82c9418393817a4beeea7a0ace75112f95a28c95ecb284e090942cdd88,SL_SI,sl-si-default,1.0.0,b59e7199dce258b404729e4d708172c535733cfae430a26f1c4faa3d25dc323e,11400714819323198485,90,2278,2531,253,26270,27734,21226,22672,5044,5062,1457,2838,969,2332,488,506,1457,2821,969,2315,488,506,17
radixor-generalization-v1,4.3.0.dirty,14f61beb106bca21d78f828e2f8e35fb457d3d90,dirty,546a2b82c9418393817a4beeea7a0ace75112f95a28c95ecb284e090942cdd88,SL_SI,sl-si-default,1.0.0,b59e7199dce258b404729e4d708172c535733cfae430a26f1c4faa3d25dc323e,11400714819323198485,80,2025,2531,506,24843,27734,19813,22672,5030,5062,2793,5623,1813,4611,980,1012,2793,5584,1813,4572,980,1012,39
radixor-generalization-v1,4.3.0.dirty,14f61beb106bca21d78f828e2f8e35fb457d3d90,dirty,546a2b82c9418393817a4beeea7a0ace75112f95a28c95ecb284e090942cdd88,SL_SI,sl-si-default,1.0.0,b59e7199dce258b404729e4d708172c535733cfae430a26f1c4faa3d25dc323e,11400714819323198485,70,1772,2531,759,23421,27734,18413,22672,5008,5062,4143,8403,2679,6885,1464,1518,4143,8363,2679,6845,1464,1518,40
radixor-generalization-v1,4.3.0.dirty,14f61beb106bca21d78f828e2f8e35fb457d3d90,dirty,546a2b82c9418393817a4beeea7a0ace75112f95a28c95ecb284e090942cdd88,SL_SI,sl-si-default,1.0.0,b59e7199dce258b404729e4d708172c535733cfae430a26f1c4faa3d25dc323e,11400714819323198485,60,1519,2531,1012,21752,27734,16780,22672,4972,5062,5256,11189,3322,9165,1934,2024,5256,11148,3322,9124,1934,2024,41
radixor-generalization-v1,4.3.0.dirty,14f61beb106bca21d78f828e2f8e35fb457d3d90,dirty,546a2b82c9418393817a4beeea7a0ace75112f95a28c95ecb284e090942cdd88,SL_SI,sl-si-default,1.0.0,b59e7199dce258b404729e4d708172c535733cfae430a26f1c4faa3d25dc323e,11400714819323198485,50,1266,2531,1265,20029,27734,15063,22672,4966,5062,6239,13916,3805,11386,2434,2530,6239,13863,3805,11333,2434,2530,53
radixor-generalization-v1,4.3.0.dirty,14f61beb106bca21d78f828e2f8e35fb457d3d90,dirty,546a2b82c9418393817a4beeea7a0ace75112f95a28c95ecb284e090942cdd88,SL_SI,sl-si-default,1.0.0,b59e7199dce258b404729e4d708172c535733cfae430a26f1c4faa3d25dc323e,11400714819323198485,40,1012,2531,1519,18006,27734,13110,22672,4896,5062,6995,16706,4123,13668,2872,3038,6995,16662,4123,13624,2872,3038,44
radixor-generalization-v1,4.3.0.dirty,14f61beb106bca21d78f828e2f8e35fb457d3d90,dirty,546a2b82c9418393817a4beeea7a0ace75112f95a28c95ecb284e090942cdd88,SL_SI,sl-si-default,1.0.0,b59e7199dce258b404729e4d708172c535733cfae430a26f1c4faa3d25dc323e,11400714819323198485,30,759,2531,1772,15777,27734,10915,22672,4862,5062,7572,19518,4228,15974,3344,3544,7572,19479,4228,15935,3344,3544,39
radixor-generalization-v1,4.3.0.dirty,14f61beb106bca21d78f828e2f8e35fb457d3d90,dirty,546a2b82c9418393817a4beeea7a0ace75112f95a28c95ecb284e090942cdd88,SL_SI,sl-si-default,1.0.0,b59e7199dce258b404729e4d708172c535733cfae430a26f1c4faa3d25dc323e,11400714819323198485,20,506,2531,2025,13486,27734,8638,22672,4848,5062,7996,22240,4160,18190,3836,4050,7996,22198,4160,18148,3836,4050,42
radixor-generalization-v1,4.3.0.dirty,14f61beb106bca21d78f828e2f8e35fb457d3d90,dirty,546a2b82c9418393817a4beeea7a0ace75112f95a28c95ecb284e090942cdd88,SL_SI,sl-si-default,1.0.0,b59e7199dce258b404729e4d708172c535733cfae430a26f1c4faa3d25dc323e,11400714819323198485,10,253,2531,2278,10680,27734,5914,22672,4766,5062,7937,24991,3677,20435,4260,4556,7937,24977,3677,20421,4260,4556,14
radixor-generalization-v1,4.3.0.dirty,14f61beb106bca21d78f828e2f8e35fb457d3d90,dirty,546a2b82c9418393817a4beeea7a0ace75112f95a28c95ecb284e090942cdd88,SL_SI,sl-si-default,1.0.0,b59e7199dce258b404729e4d708172c535733cfae430a26f1c4faa3d25dc323e,7046029254386353131,100,2531,2531,0,27631,27734,22569,22672,5062,5062,0,0,0,0,0,0,0,0,0,0,0,0,0
radixor-generalization-v1,4.3.0.dirty,14f61beb106bca21d78f828e2f8e35fb457d3d90,dirty,546a2b82c9418393817a4beeea7a0ace75112f95a28c95ecb284e090942cdd88,SL_SI,sl-si-default,1.0.0,b59e7199dce258b404729e4d708172c535733cfae430a26f1c4faa3d25dc323e,7046029254386353131,90,2278,2531,253,26107,27734,21061,22672,5046,5062,1327,2862,837,2356,490,506,1327,2851,837,2345,490,506,11
radixor-generalization-v1,4.3.0.dirty,14f61beb106bca21d78f828e2f8e35fb457d3d90,dirty,546a2b82c9418393817a4beeea7a0ace75112f95a28c95ecb284e090942cdd88,SL_SI,sl-si-default,1.0.0,b59e7199dce258b404729e4d708172c535733cfae430a26f1c4faa3d25dc323e,7046029254386353131,80,2025,2531,506,24689,27734,19655,22672,5034,5062,2676,5640,1692,4628,984,1012,2676,5618,1692,4606,984,1012,22
radixor-generalization-v1,4.3.0.dirty,14f61beb106bca21d78f828e2f8e35fb457d3d90,dirty,546a2b82c9418393817a4beeea7a0ace75112f95a28c95ecb284e090942cdd88,SL_SI,sl-si-default,1.0.0,b59e7199dce258b404729e4d708172c535733cfae430a26f1c4faa3d25dc323e,7046029254386353131,70,1772,2531,759,23163,27734,18147,22672,5016,5062,3892,8416,2420,6898,1472,1518,3892,8361,2420,6843,1472,1518,55
radixor-generalization-v1,4.3.0.dirty,14f61beb106bca21d78f828e2f8e35fb457d3d90,dirty,546a2b82c9418393817a4beeea7a0ace75112f95a28c95ecb284e090942cdd88,SL_SI,sl-si-default,1.0.0,b59e7199dce258b404729e4d708172c535733cfae430a26f1c4faa3d25dc323e,7046029254386353131,60,1519,2531,1012,21688,27734,16692,22672,4996,5062,5120,11132,3162,9108,1958,2024,5120,11077,3162,9053,1958,2024,55
radixor-generalization-v1,4.3.0.dirty,14f61beb106bca21d78f828e2f8e35fb457d3d90,dirty,546a2b82c9418393817a4beeea7a0ace75112f95a28c95ecb284e090942cdd88,SL_SI,sl-si-default,1.0.0,b59e7199dce258b404729e4d708172c535733cfae430a26f1c4faa3d25dc323e,7046029254386353131,50,1266,2531,1265,19909,27734,14935,22672,4974,5062,6133,13939,3691,11409,2442,2530,6133,13882,3691,11352,2442,2530,57
radixor-generalization-v1,4.3.0.dirty,14f61beb106bca21d78f828e2f8e35fb457d3d90,dirty,546a2b82c9418393817a4beeea7a0ace75112f95a28c95ecb284e090942cdd88,SL_SI,sl-si-default,1.0.0,b59e7199dce258b404729e4d708172c535733cfae430a26f1c4faa3d25dc323e,7046029254386353131,40,1012,2531,1519,18071,27734,13137,22672,4934,5062,7065,16718,4155,13680,2910,3038,7065,16660,4155,13622,2910,3038,58
radixor-generalization-v1,4.3.0.dirty,14f61beb106bca21d78f828e2f8e35fb457d3d90,dirty,546a2b82c9418393817a4beeea7a0ace75112f95a28c95ecb284e090942cdd88,SL_SI,sl-si-default,1.0.0,b59e7199dce258b404729e4d708172c535733cfae430a26f1c4faa3d25dc323e,7046029254386353131,30,759,2531,1772,15982,27734,11104,22672,4878,5062,7811,19556,4451,16012,3360,3544,7811,19516,4451,15972,3360,3544,40
radixor-generalization-v1,4.3.0.dirty,14f61beb106bca21d78f828e2f8e35fb457d3d90,dirty,546a2b82c9418393817a4beeea7a0ace75112f95a28c95ecb284e090942cdd88,SL_SI,sl-si-default,1.0.0,b59e7199dce258b404729e4d708172c535733cfae430a26f1c4faa3d25dc323e,7046029254386353131,20,506,2531,2025,13922,27734,9056,22672,4866,5062,8562,22369,4708,18319,3854,4050,8562,22342,4708,18292,3854,4050,27
radixor-generalization-v1,4.3.0.dirty,14f61beb106bca21d78f828e2f8e35fb457d3d90,dirty,546a2b82c9418393817a4beeea7a0ace75112f95a28c95ecb284e090942cdd88,SL_SI,sl-si-default,1.0.0,b59e7199dce258b404729e4d708172c535733cfae430a26f1c4faa3d25dc323e,7046029254386353131,10,253,2531,2278,11598,27734,6772,22672,4826,5062,8930,25066,4610,20510,4320,4556,8930,25055,4610,20499,4320,4556,11
radixor-generalization-v1,4.3.0.dirty,14f61beb106bca21d78f828e2f8e35fb457d3d90,dirty,546a2b82c9418393817a4beeea7a0ace75112f95a28c95ecb284e090942cdd88,SL_SI,sl-si-default,1.0.0,b59e7199dce258b404729e4d708172c535733cfae430a26f1c4faa3d25dc323e,2611923443488327891,100,2531,2531,0,27631,27734,22569,22672,5062,5062,0,0,0,0,0,0,0,0,0,0,0,0,0
radixor-generalization-v1,4.3.0.dirty,14f61beb106bca21d78f828e2f8e35fb457d3d90,dirty,546a2b82c9418393817a4beeea7a0ace75112f95a28c95ecb284e090942cdd88,SL_SI,sl-si-default,1.0.0,b59e7199dce258b404729e4d708172c535733cfae430a26f1c4faa3d25dc323e,2611923443488327891,90,2278,2531,253,26424,27734,21378,22672,5046,5062,1545,2799,1055,2293,490,506,1545,2753,1055,2247,490,506,46
radixor-generalization-v1,4.3.0.dirty,14f61beb106bca21d78f828e2f8e35fb457d3d90,dirty,546a2b82c9418393817a4beeea7a0ace75112f95a28c95ecb284e090942cdd88,SL_SI,sl-si-default,1.0.0,b59e7199dce258b404729e4d708172c535733cfae430a26f1c4faa3d25dc323e,2611923443488327891,80,2025,2531,506,24915,27734,19881,22672,5034,5062,2753,5527,1769,4515,984,1012,2753,5471,1769,4459,984,1012,56
radixor-generalization-v1,4.3.0.dirty,14f61beb106bca21d78f828e2f8e35fb457d3d90,dirty,546a2b82c9418393817a4beeea7a0ace75112f95a28c95ecb284e090942cdd88,SL_SI,sl-si-default,1.0.0,b59e7199dce258b404729e4d708172c535733cfae430a26f1c4faa3d25dc323e,2611923443488327891,70,1772,2531,759,23141,27734,18141,22672,5000,5062,3777,8340,2321,6822,1456,1518,3777,8273,2321,6755,1456,1518,67
radixor-generalization-v1,4.3.0.dirty,14f61beb106bca21d78f828e2f8e35fb457d3d90,dirty,546a2b82c9418393817a4beeea7a0ace75112f95a28c95ecb284e090942cdd88,SL_SI,sl-si-default,1.0.0,b59e7199dce258b404729e4d708172c535733cfae430a26f1c4faa3d25dc323e,2611923443488327891,60,1519,2531,1012,21567,27734,16587,22672,4980,5062,4997,11146,3055,9122,1942,2024,4997,11077,3055,9053,1942,2024,69
radixor-generalization-v1,4.3.0.dirty,14f61beb106bca21d78f828e2f8e35fb457d3d90,dirty,546a2b82c9418393817a4beeea7a0ace75112f95a28c95ecb284e090942cdd88,SL_SI,sl-si-default,1.0.0,b59e7199dce258b404729e4d708172c535733cfae430a26f1c4faa3d25dc323e,2611923443488327891,50,1266,2531,1265,19876,27734,14914,22672,4962,5062,6083,13927,3653,11397,2430,2530,6083,13865,3653,11335,2430,2530,62
radixor-generalization-v1,4.3.0.dirty,14f61beb106bca21d78f828e2f8e35fb457d3d90,dirty,546a2b82c9418393817a4beeea7a0ace75112f95a28c95ecb284e090942cdd88,SL_SI,sl-si-default,1.0.0,b59e7199dce258b404729e4d708172c535733cfae430a26f1c4faa3d25dc323e,2611923443488327891,40,1012,2531,1519,18270,27734,13332,22672,4938,5062,7203,16662,4289,13624,2914,3038,7203,16604,4289,13566,2914,3038,58
radixor-generalization-v1,4.3.0.dirty,14f61beb106bca21d78f828e2f8e35fb457d3d90,dirty,546a2b82c9418393817a4beeea7a0ace75112f95a28c95ecb284e090942cdd88,SL_SI,sl-si-default,1.0.0,b59e7199dce258b404729e4d708172c535733cfae430a26f1c4faa3d25dc323e,2611923443488327891,30,759,2531,1772,16073,27734,11173,22672,4900,5062,7808,19467,4426,15923,3382,3544,7808,19412,4426,15868,3382,3544,55
radixor-generalization-v1,4.3.0.dirty,14f61beb106bca21d78f828e2f8e35fb457d3d90,dirty,546a2b82c9418393817a4beeea7a0ace75112f95a28c95ecb284e090942cdd88,SL_SI,sl-si-default,1.0.0,b59e7199dce258b404729e4d708172c535733cfae430a26f1c4faa3d25dc323e,2611923443488327891,20,506,2531,2025,14060,27734,9200,22672,4860,5062,8506,22178,4658,18128,3848,4050,8506,22138,4658,18088,3848,4050,40
radixor-generalization-v1,4.3.0.dirty,14f61beb106bca21d78f828e2f8e35fb457d3d90,dirty,546a2b82c9418393817a4beeea7a0ace75112f95a28c95ecb284e090942cdd88,SL_SI,sl-si-default,1.0.0,b59e7199dce258b404729e4d708172c535733cfae430a26f1c4faa3d25dc323e,2611923443488327891,10,253,2531,2278,10874,27734,6166,22672,4708,5062,8067,24927,3865,20371,4202,4556,8067,24916,3865,20360,4202,4556,11
radixor-generalization-v1,4.3.0.dirty,14f61beb106bca21d78f828e2f8e35fb457d3d90,dirty,546a2b82c9418393817a4beeea7a0ace75112f95a28c95ecb284e090942cdd88,SL_SI,sl-si-default,1.0.0,b59e7199dce258b404729e4d708172c535733cfae430a26f1c4faa3d25dc323e,15111065706836454659,100,2531,2531,0,27631,27734,22569,22672,5062,5062,0,0,0,0,0,0,0,0,0,0,0,0,0
radixor-generalization-v1,4.3.0.dirty,14f61beb106bca21d78f828e2f8e35fb457d3d90,dirty,546a2b82c9418393817a4beeea7a0ace75112f95a28c95ecb284e090942cdd88,SL_SI,sl-si-default,1.0.0,b59e7199dce258b404729e4d708172c535733cfae430a26f1c4faa3d25dc323e,15111065706836454659,90,2278,2531,253,26139,27734,21097,22672,5042,5062,1309,2813,823,2307,486,506,1309,2801,823,2295,486,506,12
radixor-generalization-v1,4.3.0.dirty,14f61beb106bca21d78f828e2f8e35fb457d3d90,dirty,546a2b82c9418393817a4beeea7a0ace75112f95a28c95ecb284e090942cdd88,SL_SI,sl-si-default,1.0.0,b59e7199dce258b404729e4d708172c535733cfae430a26f1c4faa3d25dc323e,15111065706836454659,80,2025,2531,506,24720,27734,19688,22672,5032,5062,2601,5544,1619,4532,982,1012,2601,5516,1619,4504,982,1012,28
radixor-generalization-v1,4.3.0.dirty,14f61beb106bca21d78f828e2f8e35fb457d3d90,dirty,546a2b82c9418393817a4beeea7a0ace75112f95a28c95ecb284e090942cdd88,SL_SI,sl-si-default,1.0.0,b59e7199dce258b404729e4d708172c535733cfae430a26f1c4faa3d25dc323e,15111065706836454659,70,1772,2531,759,23456,27734,18444,22672,5012,5062,3994,8214,2526,6696,1468,1518,3994,8178,2526,6660,1468,1518,36
radixor-generalization-v1,4.3.0.dirty,14f61beb106bca21d78f828e2f8e35fb457d3d90,dirty,546a2b82c9418393817a4beeea7a0ace75112f95a28c95ecb284e090942cdd88,SL_SI,sl-si-default,1.0.0,b59e7199dce258b404729e4d708172c535733cfae430a26f1c4faa3d25dc323e,15111065706836454659,60,1519,2531,1012,21880,27734,16904,22672,4976,5062,5150,10975,3212,8951,1938,2024,5150,10916,3212,8892,1938,2024,59
radixor-generalization-v1,4.3.0.dirty,14f61beb106bca21d78f828e2f8e35fb457d3d90,dirty,546a2b82c9418393817a4beeea7a0ace75112f95a28c95ecb284e090942cdd88,SL_SI,sl-si-default,1.0.0,b59e7199dce258b404729e4d708172c535733cfae430a26f1c4faa3d25dc323e,15111065706836454659,50,1266,2531,1265,20287,27734,15341,22672,4946,5062,6349,13777,3935,11247,2414,2530,6349,13715,3935,11185,2414,2530,62
radixor-generalization-v1,4.3.0.dirty,14f61beb106bca21d78f828e2f8e35fb457d3d90,dirty,546a2b82c9418393817a4beeea7a0ace75112f95a28c95ecb284e090942cdd88,SL_SI,sl-si-default,1.0.0,b59e7199dce258b404729e4d708172c535733cfae430a26f1c4faa3d25dc323e,15111065706836454659,40,1012,2531,1519,18659,27734,13735,22672,4924,5062,7490,16548,4590,13510,2900,3038,7490,16504,4590,13466,2900,3038,44
radixor-generalization-v1,4.3.0.dirty,14f61beb106bca21d78f828e2f8e35fb457d3d90,dirty,546a2b82c9418393817a4beeea7a0ace75112f95a28c95ecb284e090942cdd88,SL_SI,sl-si-default,1.0.0,b59e7199dce258b404729e4d708172c535733cfae430a26f1c4faa3d25dc323e,15111065706836454659,30,759,2531,1772,16698,27734,11818,22672,4880,5062,8276,19303,4914,15759,3362,3544,8276,19263,4914,15719,3362,3544,40
radixor-generalization-v1,4.3.0.dirty,14f61beb106bca21d78f828e2f8e35fb457d3d90,dirty,546a2b82c9418393817a4beeea7a0ace75112f95a28c95ecb284e090942cdd88,SL_SI,sl-si-default,1.0.0,b59e7199dce258b404729e4d708172c535733cfae430a26f1c4faa3d25dc323e,15111065706836454659,20,506,2531,2025,13974,27734,9160,22672,4814,5062,8346,22102,4544,18052,3802,4050,8346,22075,4544,18025,3802,4050,27
radixor-generalization-v1,4.3.0.dirty,14f61beb106bca21d78f828e2f8e35fb457d3d90,dirty,546a2b82c9418393817a4beeea7a0ace75112f95a28c95ecb284e090942cdd88,SL_SI,sl-si-default,1.0.0,b59e7199dce258b404729e4d708172c535733cfae430a26f1c4faa3d25dc323e,15111065706836454659,10,253,2531,2278,11027,27734,6167,22672,4860,5062,8180,24887,3826,20331,4354,4556,8180,24875,3826,20319,4354,4556,12
radixor-generalization-v1,4.3.0.dirty,14f61beb106bca21d78f828e2f8e35fb457d3d90,dirty,546a2b82c9418393817a4beeea7a0ace75112f95a28c95ecb284e090942cdd88,SLP,slp-default,1.0.0,fb4cc41d286579f2c0992e282bbfa7e0ccc251526119cf51ad752f363ac352be,2654435761,100,21,21,0,62,62,20,20,42,42,0,0,0,0,0,0,0,0,0,0,0,0,0
radixor-generalization-v1,4.3.0.dirty,14f61beb106bca21d78f828e2f8e35fb457d3d90,dirty,546a2b82c9418393817a4beeea7a0ace75112f95a28c95ecb284e090942cdd88,SLP,slp-default,1.0.0,fb4cc41d286579f2c0992e282bbfa7e0ccc251526119cf51ad752f363ac352be,2654435761,90,19,21,2,60,62,18,20,42,42,4,6,0,2,4,4,4,6,0,2,4,4,0
radixor-generalization-v1,4.3.0.dirty,14f61beb106bca21d78f828e2f8e35fb457d3d90,dirty,546a2b82c9418393817a4beeea7a0ace75112f95a28c95ecb284e090942cdd88,SLP,slp-default,1.0.0,fb4cc41d286579f2c0992e282bbfa7e0ccc251526119cf51ad752f363ac352be,2654435761,80,17,21,4,58,62,16,20,42,42,8,12,0,4,8,8,8,12,0,4,8,8,0
radixor-generalization-v1,4.3.0.dirty,14f61beb106bca21d78f828e2f8e35fb457d3d90,dirty,546a2b82c9418393817a4beeea7a0ace75112f95a28c95ecb284e090942cdd88,SLP,slp-default,1.0.0,fb4cc41d286579f2c0992e282bbfa7e0ccc251526119cf51ad752f363ac352be,2654435761,70,15,21,6,56,62,14,20,42,42,12,18,0,6,12,12,12,18,0,6,12,12,0
radixor-generalization-v1,4.3.0.dirty,14f61beb106bca21d78f828e2f8e35fb457d3d90,dirty,546a2b82c9418393817a4beeea7a0ace75112f95a28c95ecb284e090942cdd88,SLP,slp-default,1.0.0,fb4cc41d286579f2c0992e282bbfa7e0ccc251526119cf51ad752f363ac352be,2654435761,60,13,21,8,54,62,12,20,42,42,16,24,0,8,16,16,16,24,0,8,16,16,0
radixor-generalization-v1,4.3.0.dirty,14f61beb106bca21d78f828e2f8e35fb457d3d90,dirty,546a2b82c9418393817a4beeea7a0ace75112f95a28c95ecb284e090942cdd88,SLP,slp-default,1.0.0,fb4cc41d286579f2c0992e282bbfa7e0ccc251526119cf51ad752f363ac352be,2654435761,50,11,21,10,52,62,10,20,42,42,20,30,0,10,20,20,20,30,0,10,20,20,0
radixor-generalization-v1,4.3.0.dirty,14f61beb106bca21d78f828e2f8e35fb457d3d90,dirty,546a2b82c9418393817a4beeea7a0ace75112f95a28c95ecb284e090942cdd88,SLP,slp-default,1.0.0,fb4cc41d286579f2c0992e282bbfa7e0ccc251526119cf51ad752f363ac352be,2654435761,40,8,21,13,49,62,7,20,42,42,26,39,0,13,26,26,26,39,0,13,26,26,0
radixor-generalization-v1,4.3.0.dirty,14f61beb106bca21d78f828e2f8e35fb457d3d90,dirty,546a2b82c9418393817a4beeea7a0ace75112f95a28c95ecb284e090942cdd88,SLP,slp-default,1.0.0,fb4cc41d286579f2c0992e282bbfa7e0ccc251526119cf51ad752f363ac352be,2654435761,30,6,21,15,48,62,6,20,42,42,30,44,0,14,30,30,30,44,0,14,30,30,0
radixor-generalization-v1,4.3.0.dirty,14f61beb106bca21d78f828e2f8e35fb457d3d90,dirty,546a2b82c9418393817a4beeea7a0ace75112f95a28c95ecb284e090942cdd88,SLP,slp-default,1.0.0,fb4cc41d286579f2c0992e282bbfa7e0ccc251526119cf51ad752f363ac352be,2654435761,20,4,21,17,46,62,4,20,42,42,34,50,0,16,34,34,34,50,0,16,34,34,0
radixor-generalization-v1,4.3.0.dirty,14f61beb106bca21d78f828e2f8e35fb457d3d90,dirty,546a2b82c9418393817a4beeea7a0ace75112f95a28c95ecb284e090942cdd88,SLP,slp-default,1.0.0,fb4cc41d286579f2c0992e282bbfa7e0ccc251526119cf51ad752f363ac352be,2654435761,10,2,21,19,44,62,2,20,42,42,38,56,0,18,38,38,38,56,0,18,38,38,0
radixor-generalization-v1,4.3.0.dirty,14f61beb106bca21d78f828e2f8e35fb457d3d90,dirty,546a2b82c9418393817a4beeea7a0ace75112f95a28c95ecb284e090942cdd88,SLP,slp-default,1.0.0,fb4cc41d286579f2c0992e282bbfa7e0ccc251526119cf51ad752f363ac352be,11400714819323198485,100,21,21,0,62,62,20,20,42,42,0,0,0,0,0,0,0,0,0,0,0,0,0
radixor-generalization-v1,4.3.0.dirty,14f61beb106bca21d78f828e2f8e35fb457d3d90,dirty,546a2b82c9418393817a4beeea7a0ace75112f95a28c95ecb284e090942cdd88,SLP,slp-default,1.0.0,fb4cc41d286579f2c0992e282bbfa7e0ccc251526119cf51ad752f363ac352be,11400714819323198485,90,19,21,2,61,62,19,20,42,42,4,5,0,1,4,4,4,5,0,1,4,4,0
radixor-generalization-v1,4.3.0.dirty,14f61beb106bca21d78f828e2f8e35fb457d3d90,dirty,546a2b82c9418393817a4beeea7a0ace75112f95a28c95ecb284e090942cdd88,SLP,slp-default,1.0.0,fb4cc41d286579f2c0992e282bbfa7e0ccc251526119cf51ad752f363ac352be,11400714819323198485,80,17,21,4,59,62,17,20,42,42,8,11,0,3,8,8,8,11,0,3,8,8,0
radixor-generalization-v1,4.3.0.dirty,14f61beb106bca21d78f828e2f8e35fb457d3d90,dirty,546a2b82c9418393817a4beeea7a0ace75112f95a28c95ecb284e090942cdd88,SLP,slp-default,1.0.0,fb4cc41d286579f2c0992e282bbfa7e0ccc251526119cf51ad752f363ac352be,11400714819323198485,70,15,21,6,57,62,15,20,42,42,12,17,0,5,12,12,12,17,0,5,12,12,0
radixor-generalization-v1,4.3.0.dirty,14f61beb106bca21d78f828e2f8e35fb457d3d90,dirty,546a2b82c9418393817a4beeea7a0ace75112f95a28c95ecb284e090942cdd88,SLP,slp-default,1.0.0,fb4cc41d286579f2c0992e282bbfa7e0ccc251526119cf51ad752f363ac352be,11400714819323198485,60,13,21,8,55,62,13,20,42,42,16,23,0,7,16,16,16,23,0,7,16,16,0
radixor-generalization-v1,4.3.0.dirty,14f61beb106bca21d78f828e2f8e35fb457d3d90,dirty,546a2b82c9418393817a4beeea7a0ace75112f95a28c95ecb284e090942cdd88,SLP,slp-default,1.0.0,fb4cc41d286579f2c0992e282bbfa7e0ccc251526119cf51ad752f363ac352be,11400714819323198485,50,11,21,10,53,62,11,20,42,42,20,29,0,9,20,20,20,29,0,9,20,20,0
radixor-generalization-v1,4.3.0.dirty,14f61beb106bca21d78f828e2f8e35fb457d3d90,dirty,546a2b82c9418393817a4beeea7a0ace75112f95a28c95ecb284e090942cdd88,SLP,slp-default,1.0.0,fb4cc41d286579f2c0992e282bbfa7e0ccc251526119cf51ad752f363ac352be,11400714819323198485,40,8,21,13,50,62,8,20,42,42,26,38,0,12,26,26,26,38,0,12,26,26,0
radixor-generalization-v1,4.3.0.dirty,14f61beb106bca21d78f828e2f8e35fb457d3d90,dirty,546a2b82c9418393817a4beeea7a0ace75112f95a28c95ecb284e090942cdd88,SLP,slp-default,1.0.0,fb4cc41d286579f2c0992e282bbfa7e0ccc251526119cf51ad752f363ac352be,11400714819323198485,30,6,21,15,48,62,6,20,42,42,30,44,0,14,30,30,30,44,0,14,30,30,0
radixor-generalization-v1,4.3.0.dirty,14f61beb106bca21d78f828e2f8e35fb457d3d90,dirty,546a2b82c9418393817a4beeea7a0ace75112f95a28c95ecb284e090942cdd88,SLP,slp-default,1.0.0,fb4cc41d286579f2c0992e282bbfa7e0ccc251526119cf51ad752f363ac352be,11400714819323198485,20,4,21,17,46,62,4,20,42,42,34,50,0,16,34,34,34,50,0,16,34,34,0
radixor-generalization-v1,4.3.0.dirty,14f61beb106bca21d78f828e2f8e35fb457d3d90,dirty,546a2b82c9418393817a4beeea7a0ace75112f95a28c95ecb284e090942cdd88,SLP,slp-default,1.0.0,fb4cc41d286579f2c0992e282bbfa7e0ccc251526119cf51ad752f363ac352be,11400714819323198485,10,2,21,19,44,62,2,20,42,42,38,56,0,18,38,38,38,56,0,18,38,38,0
radixor-generalization-v1,4.3.0.dirty,14f61beb106bca21d78f828e2f8e35fb457d3d90,dirty,546a2b82c9418393817a4beeea7a0ace75112f95a28c95ecb284e090942cdd88,SLP,slp-default,1.0.0,fb4cc41d286579f2c0992e282bbfa7e0ccc251526119cf51ad752f363ac352be,7046029254386353131,100,21,21,0,62,62,20,20,42,42,0,0,0,0,0,0,0,0,0,0,0,0,0
radixor-generalization-v1,4.3.0.dirty,14f61beb106bca21d78f828e2f8e35fb457d3d90,dirty,546a2b82c9418393817a4beeea7a0ace75112f95a28c95ecb284e090942cdd88,SLP,slp-default,1.0.0,fb4cc41d286579f2c0992e282bbfa7e0ccc251526119cf51ad752f363ac352be,7046029254386353131,90,19,21,2,61,62,19,20,42,42,4,5,0,1,4,4,4,5,0,1,4,4,0
radixor-generalization-v1,4.3.0.dirty,14f61beb106bca21d78f828e2f8e35fb457d3d90,dirty,546a2b82c9418393817a4beeea7a0ace75112f95a28c95ecb284e090942cdd88,SLP,slp-default,1.0.0,fb4cc41d286579f2c0992e282bbfa7e0ccc251526119cf51ad752f363ac352be,7046029254386353131,80,17,21,4,59,62,17,20,42,42,8,11,0,3,8,8,8,11,0,3,8,8,0
radixor-generalization-v1,4.3.0.dirty,14f61beb106bca21d78f828e2f8e35fb457d3d90,dirty,546a2b82c9418393817a4beeea7a0ace75112f95a28c95ecb284e090942cdd88,SLP,slp-default,1.0.0,fb4cc41d286579f2c0992e282bbfa7e0ccc251526119cf51ad752f363ac352be,7046029254386353131,70,15,21,6,57,62,15,20,42,42,12,17,0,5,12,12,12,17,0,5,12,12,0
radixor-generalization-v1,4.3.0.dirty,14f61beb106bca21d78f828e2f8e35fb457d3d90,dirty,546a2b82c9418393817a4beeea7a0ace75112f95a28c95ecb284e090942cdd88,SLP,slp-default,1.0.0,fb4cc41d286579f2c0992e282bbfa7e0ccc251526119cf51ad752f363ac352be,7046029254386353131,60,13,21,8,55,62,13,20,42,42,16,23,0,7,16,16,16,23,0,7,16,16,0
radixor-generalization-v1,4.3.0.dirty,14f61beb106bca21d78f828e2f8e35fb457d3d90,dirty,546a2b82c9418393817a4beeea7a0ace75112f95a28c95ecb284e090942cdd88,SLP,slp-default,1.0.0,fb4cc41d286579f2c0992e282bbfa7e0ccc251526119cf51ad752f363ac352be,7046029254386353131,50,11,21,10,53,62,11,20,42,42,20,29,0,9,20,20,20,29,0,9,20,20,0
radixor-generalization-v1,4.3.0.dirty,14f61beb106bca21d78f828e2f8e35fb457d3d90,dirty,546a2b82c9418393817a4beeea7a0ace75112f95a28c95ecb284e090942cdd88,SLP,slp-default,1.0.0,fb4cc41d286579f2c0992e282bbfa7e0ccc251526119cf51ad752f363ac352be,7046029254386353131,40,8,21,13,50,62,8,20,42,42,26,38,0,12,26,26,26,38,0,12,26,26,0
radixor-generalization-v1,4.3.0.dirty,14f61beb106bca21d78f828e2f8e35fb457d3d90,dirty,546a2b82c9418393817a4beeea7a0ace75112f95a28c95ecb284e090942cdd88,SLP,slp-default,1.0.0,fb4cc41d286579f2c0992e282bbfa7e0ccc251526119cf51ad752f363ac352be,7046029254386353131,30,6,21,15,48,62,6,20,42,42,30,44,0,14,30,30,30,44,0,14,30,30,0
radixor-generalization-v1,4.3.0.dirty,14f61beb106bca21d78f828e2f8e35fb457d3d90,dirty,546a2b82c9418393817a4beeea7a0ace75112f95a28c95ecb284e090942cdd88,SLP,slp-default,1.0.0,fb4cc41d286579f2c0992e282bbfa7e0ccc251526119cf51ad752f363ac352be,7046029254386353131,20,4,21,17,46,62,4,20,42,42,34,50,0,16,34,34,34,50,0,16,34,34,0
radixor-generalization-v1,4.3.0.dirty,14f61beb106bca21d78f828e2f8e35fb457d3d90,dirty,546a2b82c9418393817a4beeea7a0ace75112f95a28c95ecb284e090942cdd88,SLP,slp-default,1.0.0,fb4cc41d286579f2c0992e282bbfa7e0ccc251526119cf51ad752f363ac352be,7046029254386353131,10,2,21,19,44,62,2,20,42,42,38,56,0,18,38,38,38,56,0,18,38,38,0
radixor-generalization-v1,4.3.0.dirty,14f61beb106bca21d78f828e2f8e35fb457d3d90,dirty,546a2b82c9418393817a4beeea7a0ace75112f95a28c95ecb284e090942cdd88,SLP,slp-default,1.0.0,fb4cc41d286579f2c0992e282bbfa7e0ccc251526119cf51ad752f363ac352be,2611923443488327891,100,21,21,0,62,62,20,20,42,42,0,0,0,0,0,0,0,0,0,0,0,0,0
radixor-generalization-v1,4.3.0.dirty,14f61beb106bca21d78f828e2f8e35fb457d3d90,dirty,546a2b82c9418393817a4beeea7a0ace75112f95a28c95ecb284e090942cdd88,SLP,slp-default,1.0.0,fb4cc41d286579f2c0992e282bbfa7e0ccc251526119cf51ad752f363ac352be,2611923443488327891,90,19,21,2,61,62,19,20,42,42,4,5,0,1,4,4,4,5,0,1,4,4,0
radixor-generalization-v1,4.3.0.dirty,14f61beb106bca21d78f828e2f8e35fb457d3d90,dirty,546a2b82c9418393817a4beeea7a0ace75112f95a28c95ecb284e090942cdd88,SLP,slp-default,1.0.0,fb4cc41d286579f2c0992e282bbfa7e0ccc251526119cf51ad752f363ac352be,2611923443488327891,80,17,21,4,59,62,17,20,42,42,8,11,0,3,8,8,8,11,0,3,8,8,0
radixor-generalization-v1,4.3.0.dirty,14f61beb106bca21d78f828e2f8e35fb457d3d90,dirty,546a2b82c9418393817a4beeea7a0ace75112f95a28c95ecb284e090942cdd88,SLP,slp-default,1.0.0,fb4cc41d286579f2c0992e282bbfa7e0ccc251526119cf51ad752f363ac352be,2611923443488327891,70,15,21,6,57,62,15,20,42,42,12,17,0,5,12,12,12,17,0,5,12,12,0
radixor-generalization-v1,4.3.0.dirty,14f61beb106bca21d78f828e2f8e35fb457d3d90,dirty,546a2b82c9418393817a4beeea7a0ace75112f95a28c95ecb284e090942cdd88,SLP,slp-default,1.0.0,fb4cc41d286579f2c0992e282bbfa7e0ccc251526119cf51ad752f363ac352be,2611923443488327891,60,13,21,8,55,62,13,20,42,42,16,23,0,7,16,16,16,23,0,7,16,16,0
radixor-generalization-v1,4.3.0.dirty,14f61beb106bca21d78f828e2f8e35fb457d3d90,dirty,546a2b82c9418393817a4beeea7a0ace75112f95a28c95ecb284e090942cdd88,SLP,slp-default,1.0.0,fb4cc41d286579f2c0992e282bbfa7e0ccc251526119cf51ad752f363ac352be,2611923443488327891,50,11,21,10,53,62,11,20,42,42,20,29,0,9,20,20,20,29,0,9,20,20,0
radixor-generalization-v1,4.3.0.dirty,14f61beb106bca21d78f828e2f8e35fb457d3d90,dirty,546a2b82c9418393817a4beeea7a0ace75112f95a28c95ecb284e090942cdd88,SLP,slp-default,1.0.0,fb4cc41d286579f2c0992e282bbfa7e0ccc251526119cf51ad752f363ac352be,2611923443488327891,40,8,21,13,50,62,8,20,42,42,26,38,0,12,26,26,26,38,0,12,26,26,0
radixor-generalization-v1,4.3.0.dirty,14f61beb106bca21d78f828e2f8e35fb457d3d90,dirty,546a2b82c9418393817a4beeea7a0ace75112f95a28c95ecb284e090942cdd88,SLP,slp-default,1.0.0,fb4cc41d286579f2c0992e282bbfa7e0ccc251526119cf51ad752f363ac352be,2611923443488327891,30,6,21,15,48,62,6,20,42,42,30,44,0,14,30,30,30,44,0,14,30,30,0
radixor-generalization-v1,4.3.0.dirty,14f61beb106bca21d78f828e2f8e35fb457d3d90,dirty,546a2b82c9418393817a4beeea7a0ace75112f95a28c95ecb284e090942cdd88,SLP,slp-default,1.0.0,fb4cc41d286579f2c0992e282bbfa7e0ccc251526119cf51ad752f363ac352be,2611923443488327891,20,4,21,17,46,62,4,20,42,42,34,50,0,16,34,34,34,50,0,16,34,34,0
radixor-generalization-v1,4.3.0.dirty,14f61beb106bca21d78f828e2f8e35fb457d3d90,dirty,546a2b82c9418393817a4beeea7a0ace75112f95a28c95ecb284e090942cdd88,SLP,slp-default,1.0.0,fb4cc41d286579f2c0992e282bbfa7e0ccc251526119cf51ad752f363ac352be,2611923443488327891,10,2,21,19,44,62,2,20,42,42,38,56,0,18,38,38,38,56,0,18,38,38,0
radixor-generalization-v1,4.3.0.dirty,14f61beb106bca21d78f828e2f8e35fb457d3d90,dirty,546a2b82c9418393817a4beeea7a0ace75112f95a28c95ecb284e090942cdd88,SLP,slp-default,1.0.0,fb4cc41d286579f2c0992e282bbfa7e0ccc251526119cf51ad752f363ac352be,15111065706836454659,100,21,21,0,62,62,20,20,42,42,0,0,0,0,0,0,0,0,0,0,0,0,0
radixor-generalization-v1,4.3.0.dirty,14f61beb106bca21d78f828e2f8e35fb457d3d90,dirty,546a2b82c9418393817a4beeea7a0ace75112f95a28c95ecb284e090942cdd88,SLP,slp-default,1.0.0,fb4cc41d286579f2c0992e282bbfa7e0ccc251526119cf51ad752f363ac352be,15111065706836454659,90,19,21,2,60,62,18,20,42,42,4,6,0,2,4,4,4,6,0,2,4,4,0
radixor-generalization-v1,4.3.0.dirty,14f61beb106bca21d78f828e2f8e35fb457d3d90,dirty,546a2b82c9418393817a4beeea7a0ace75112f95a28c95ecb284e090942cdd88,SLP,slp-default,1.0.0,fb4cc41d286579f2c0992e282bbfa7e0ccc251526119cf51ad752f363ac352be,15111065706836454659,80,17,21,4,58,62,16,20,42,42,8,12,0,4,8,8,8,12,0,4,8,8,0
radixor-generalization-v1,4.3.0.dirty,14f61beb106bca21d78f828e2f8e35fb457d3d90,dirty,546a2b82c9418393817a4beeea7a0ace75112f95a28c95ecb284e090942cdd88,SLP,slp-default,1.0.0,fb4cc41d286579f2c0992e282bbfa7e0ccc251526119cf51ad752f363ac352be,15111065706836454659,70,15,21,6,56,62,14,20,42,42,12,18,0,6,12,12,12,18,0,6,12,12,0
radixor-generalization-v1,4.3.0.dirty,14f61beb106bca21d78f828e2f8e35fb457d3d90,dirty,546a2b82c9418393817a4beeea7a0ace75112f95a28c95ecb284e090942cdd88,SLP,slp-default,1.0.0,fb4cc41d286579f2c0992e282bbfa7e0ccc251526119cf51ad752f363ac352be,15111065706836454659,60,13,21,8,54,62,12,20,42,42,16,24,0,8,16,16,16,24,0,8,16,16,0
radixor-generalization-v1,4.3.0.dirty,14f61beb106bca21d78f828e2f8e35fb457d3d90,dirty,546a2b82c9418393817a4beeea7a0ace75112f95a28c95ecb284e090942cdd88,SLP,slp-default,1.0.0,fb4cc41d286579f2c0992e282bbfa7e0ccc251526119cf51ad752f363ac352be,15111065706836454659,50,11,21,10,53,62,11,20,42,42,20,29,0,9,20,20,20,29,0,9,20,20,0
radixor-generalization-v1,4.3.0.dirty,14f61beb106bca21d78f828e2f8e35fb457d3d90,dirty,546a2b82c9418393817a4beeea7a0ace75112f95a28c95ecb284e090942cdd88,SLP,slp-default,1.0.0,fb4cc41d286579f2c0992e282bbfa7e0ccc251526119cf51ad752f363ac352be,15111065706836454659,40,8,21,13,50,62,8,20,42,42,26,38,0,12,26,26,26,38,0,12,26,26,0
radixor-generalization-v1,4.3.0.dirty,14f61beb106bca21d78f828e2f8e35fb457d3d90,dirty,546a2b82c9418393817a4beeea7a0ace75112f95a28c95ecb284e090942cdd88,SLP,slp-default,1.0.0,fb4cc41d286579f2c0992e282bbfa7e0ccc251526119cf51ad752f363ac352be,15111065706836454659,30,6,21,15,48,62,6,20,42,42,30,44,0,14,30,30,30,44,0,14,30,30,0
radixor-generalization-v1,4.3.0.dirty,14f61beb106bca21d78f828e2f8e35fb457d3d90,dirty,546a2b82c9418393817a4beeea7a0ace75112f95a28c95ecb284e090942cdd88,SLP,slp-default,1.0.0,fb4cc41d286579f2c0992e282bbfa7e0ccc251526119cf51ad752f363ac352be,15111065706836454659,20,4,21,17,46,62,4,20,42,42,34,50,0,16,34,34,34,50,0,16,34,34,0
radixor-generalization-v1,4.3.0.dirty,14f61beb106bca21d78f828e2f8e35fb457d3d90,dirty,546a2b82c9418393817a4beeea7a0ace75112f95a28c95ecb284e090942cdd88,SLP,slp-default,1.0.0,fb4cc41d286579f2c0992e282bbfa7e0ccc251526119cf51ad752f363ac352be,15111065706836454659,10,2,21,19,44,62,2,20,42,42,38,56,0,18,38,38,38,56,0,18,38,38,0
radixor-generalization-v1,4.3.0.dirty,14f61beb106bca21d78f828e2f8e35fb457d3d90,dirty,546a2b82c9418393817a4beeea7a0ace75112f95a28c95ecb284e090942cdd88,TAT,tat-default,1.0.0,1617b08152da422aa295ef7f990e9e30ec8834eeeb9555cba805d96142462779,2654435761,100,1258,1258,0,8740,8745,6226,6229,2514,2516,0,0,0,0,0,0,0,0,0,0,0,0,0
radixor-generalization-v1,4.3.0.dirty,14f61beb106bca21d78f828e2f8e35fb457d3d90,dirty,546a2b82c9418393817a4beeea7a0ace75112f95a28c95ecb284e090942cdd88,TAT,tat-default,1.0.0,1617b08152da422aa295ef7f990e9e30ec8834eeeb9555cba805d96142462779,2654435761,90,1132,1258,126,8704,8745,6200,6229,2504,2516,839,877,599,625,240,252,839,877,599,625,240,252,0
radixor-generalization-v1,4.3.0.dirty,14f61beb106bca21d78f828e2f8e35fb457d3d90,dirty,546a2b82c9418393817a4beeea7a0ace75112f95a28c95ecb284e090942cdd88,TAT,tat-default,1.0.0,1617b08152da422aa295ef7f990e9e30ec8834eeeb9555cba805d96142462779,2654435761,80,1006,1258,252,8660,8745,6172,6229,2488,2516,1671,1754,1195,1250,476,504,1671,1753,1195,1249,476,504,1
radixor-generalization-v1,4.3.0.dirty,14f61beb106bca21d78f828e2f8e35fb457d3d90,dirty,546a2b82c9418393817a4beeea7a0ace75112f95a28c95ecb284e090942cdd88,TAT,tat-default,1.0.0,1617b08152da422aa295ef7f990e9e30ec8834eeeb9555cba805d96142462779,2654435761,70,881,1258,377,8616,8745,6148,6229,2468,2516,2493,2621,1787,1867,706,754,2493,2618,1787,1866,706,752,3
radixor-generalization-v1,4.3.0.dirty,14f61beb106bca21d78f828e2f8e35fb457d3d90,dirty,546a2b82c9418393817a4beeea7a0ace75112f95a28c95ecb284e090942cdd88,TAT,tat-default,1.0.0,1617b08152da422aa295ef7f990e9e30ec8834eeeb9555cba805d96142462779,2654435761,60,755,1258,503,8596,8745,6132,6229,2464,2516,3350,3498,2396,2492,954,1006,3350,3495,2396,2491,954,1004,3
radixor-generalization-v1,4.3.0.dirty,14f61beb106bca21d78f828e2f8e35fb457d3d90,dirty,546a2b82c9418393817a4beeea7a0ace75112f95a28c95ecb284e090942cdd88,TAT,tat-default,1.0.0,1617b08152da422aa295ef7f990e9e30ec8834eeeb9555cba805d96142462779,2654435761,50,629,1258,629,8545,8745,6093,6229,2452,2516,4170,4369,2976,3111,1194,1258,4170,4368,2976,3110,1194,1258,1
radixor-generalization-v1,4.3.0.dirty,14f61beb106bca21d78f828e2f8e35fb457d3d90,dirty,546a2b82c9418393817a4beeea7a0ace75112f95a28c95ecb284e090942cdd88,TAT,tat-default,1.0.0,1617b08152da422aa295ef7f990e9e30ec8834eeeb9555cba805d96142462779,2654435761,40,503,1258,755,8478,8745,6058,6229,2420,2516,4981,5247,3567,3737,1414,1510,4981,5246,3567,3736,1414,1510,1
radixor-generalization-v1,4.3.0.dirty,14f61beb106bca21d78f828e2f8e35fb457d3d90,dirty,546a2b82c9418393817a4beeea7a0ace75112f95a28c95ecb284e090942cdd88,TAT,tat-default,1.0.0,1617b08152da422aa295ef7f990e9e30ec8834eeeb9555cba805d96142462779,2654435761,30,377,1258,881,8423,8745,6011,6229,2412,2516,5801,6123,4143,4361,1658,1762,5801,6122,4143,4360,1658,1762,1
radixor-generalization-v1,4.3.0.dirty,14f61beb106bca21d78f828e2f8e35fb457d3d90,dirty,546a2b82c9418393817a4beeea7a0ace75112f95a28c95ecb284e090942cdd88,TAT,tat-default,1.0.0,1617b08152da422aa295ef7f990e9e30ec8834eeeb9555cba805d96142462779,2654435761,20,252,1258,1006,8353,8745,5947,6229,2406,2516,6602,6994,4700,4982,1902,2012,6602,6993,4700,4981,1902,2012,1
radixor-generalization-v1,4.3.0.dirty,14f61beb106bca21d78f828e2f8e35fb457d3d90,dirty,546a2b82c9418393817a4beeea7a0ace75112f95a28c95ecb284e090942cdd88,TAT,tat-default,1.0.0,1617b08152da422aa295ef7f990e9e30ec8834eeeb9555cba805d96142462779,2654435761,10,126,1258,1132,8223,8745,5899,6229,2324,2516,7349,7871,5277,5607,2072,2264,7349,7870,5277,5606,2072,2264,1
radixor-generalization-v1,4.3.0.dirty,14f61beb106bca21d78f828e2f8e35fb457d3d90,dirty,546a2b82c9418393817a4beeea7a0ace75112f95a28c95ecb284e090942cdd88,TAT,tat-default,1.0.0,1617b08152da422aa295ef7f990e9e30ec8834eeeb9555cba805d96142462779,11400714819323198485,100,1258,1258,0,8740,8745,6226,6229,2514,2516,0,0,0,0,0,0,0,0,0,0,0,0,0
radixor-generalization-v1,4.3.0.dirty,14f61beb106bca21d78f828e2f8e35fb457d3d90,dirty,546a2b82c9418393817a4beeea7a0ace75112f95a28c95ecb284e090942cdd88,TAT,tat-default,1.0.0,1617b08152da422aa295ef7f990e9e30ec8834eeeb9555cba805d96142462779,11400714819323198485,90,1132,1258,126,8708,8745,6200,6229,2508,2516,842,876,598,624,244,252,842,874,598,624,244,250,2
radixor-generalization-v1,4.3.0.dirty,14f61beb106bca21d78f828e2f8e35fb457d3d90,dirty,546a2b82c9418393817a4beeea7a0ace75112f95a28c95ecb284e090942cdd88,TAT,tat-default,1.0.0,1617b08152da422aa295ef7f990e9e30ec8834eeeb9555cba805d96142462779,11400714819323198485,80,1006,1258,252,8674,8745,6174,6229,2500,2516,1686,1754,1198,1250,488,504,1686,1754,1198,1250,488,504,0
radixor-generalization-v1,4.3.0.dirty,14f61beb106bca21d78f828e2f8e35fb457d3d90,dirty,546a2b82c9418393817a4beeea7a0ace75112f95a28c95ecb284e090942cdd88,TAT,tat-default,1.0.0,1617b08152da422aa295ef7f990e9e30ec8834eeeb9555cba805d96142462779,11400714819323198485,70,881,1258,377,8610,8745,6146,6229,2464,2516,2490,2624,1788,1870,702,754,2490,2620,1788,1870,702,750,4
radixor-generalization-v1,4.3.0.dirty,14f61beb106bca21d78f828e2f8e35fb457d3d90,dirty,546a2b82c9418393817a4beeea7a0ace75112f95a28c95ecb284e090942cdd88,TAT,tat-default,1.0.0,1617b08152da422aa295ef7f990e9e30ec8834eeeb9555cba805d96142462779,11400714819323198485,60,755,1258,503,8592,8745,6130,6229,2462,2516,3350,3502,2398,2496,952,1006,3350,3498,2398,2496,952,1002,4
radixor-generalization-v1,4.3.0.dirty,14f61beb106bca21d78f828e2f8e35fb457d3d90,dirty,546a2b82c9418393817a4beeea7a0ace75112f95a28c95ecb284e090942cdd88,TAT,tat-default,1.0.0,1617b08152da422aa295ef7f990e9e30ec8834eeeb9555cba805d96142462779,11400714819323198485,50,629,1258,629,8550,8745,6098,6229,2452,2516,4184,4379,2990,3121,1194,1258,4184,4373,2990,3121,1194,1252,6
radixor-generalization-v1,4.3.0.dirty,14f61beb106bca21d78f828e2f8e35fb457d3d90,dirty,546a2b82c9418393817a4beeea7a0ace75112f95a28c95ecb284e090942cdd88,TAT,tat-default,1.0.0,1617b08152da422aa295ef7f990e9e30ec8834eeeb9555cba805d96142462779,11400714819323198485,40,503,1258,755,8512,8745,6088,6229,2424,2516,5022,5255,3604,3745,1418,1510,5022,5253,3604,3745,1418,1508,2
radixor-generalization-v1,4.3.0.dirty,14f61beb106bca21d78f828e2f8e35fb457d3d90,dirty,546a2b82c9418393817a4beeea7a0ace75112f95a28c95ecb284e090942cdd88,TAT,tat-default,1.0.0,1617b08152da422aa295ef7f990e9e30ec8834eeeb9555cba805d96142462779,11400714819323198485,30,377,1258,881,8419,8745,6037,6229,2382,2516,5805,6131,4177,4369,1628,1762,5805,6129,4177,4369,1628,1760,2
radixor-generalization-v1,4.3.0.dirty,14f61beb106bca21d78f828e2f8e35fb457d3d90,dirty,546a2b82c9418393817a4beeea7a0ace75112f95a28c95ecb284e090942cdd88,TAT,tat-default,1.0.0,1617b08152da422aa295ef7f990e9e30ec8834eeeb9555cba805d96142462779,11400714819323198485,20,252,1258,1006,8325,8745,5979,6229,2346,2516,6578,6998,4736,4986,1842,2012,6578,6996,4736,4986,1842,2010,2
radixor-generalization-v1,4.3.0.dirty,14f61beb106bca21d78f828e2f8e35fb457d3d90,dirty,546a2b82c9418393817a4beeea7a0ace75112f95a28c95ecb284e090942cdd88,TAT,tat-default,1.0.0,1617b08152da422aa295ef7f990e9e30ec8834eeeb9555cba805d96142462779,11400714819323198485,10,126,1258,1132,8294,8745,5978,6229,2316,2516,7422,7873,5358,5609,2064,2264,7422,7871,5358,5609,2064,2262,2
radixor-generalization-v1,4.3.0.dirty,14f61beb106bca21d78f828e2f8e35fb457d3d90,dirty,546a2b82c9418393817a4beeea7a0ace75112f95a28c95ecb284e090942cdd88,TAT,tat-default,1.0.0,1617b08152da422aa295ef7f990e9e30ec8834eeeb9555cba805d96142462779,7046029254386353131,100,1258,1258,0,8740,8745,6226,6229,2514,2516,0,0,0,0,0,0,0,0,0,0,0,0,0
radixor-generalization-v1,4.3.0.dirty,14f61beb106bca21d78f828e2f8e35fb457d3d90,dirty,546a2b82c9418393817a4beeea7a0ace75112f95a28c95ecb284e090942cdd88,TAT,tat-default,1.0.0,1617b08152da422aa295ef7f990e9e30ec8834eeeb9555cba805d96142462779,7046029254386353131,90,1132,1258,126,8696,8745,6194,6229,2502,2516,830,876,590,624,240,252,830,873,590,623,240,250,3
radixor-generalization-v1,4.3.0.dirty,14f61beb106bca21d78f828e2f8e35fb457d3d90,dirty,546a2b82c9418393817a4beeea7a0ace75112f95a28c95ecb284e090942cdd88,TAT,tat-default,1.0.0,1617b08152da422aa295ef7f990e9e30ec8834eeeb9555cba805d96142462779,7046029254386353131,80,1006,1258,252,8661,8745,6165,6229,2496,2516,1668,1749,1182,1245,486,504,1668,1746,1182,1244,486,502,3
radixor-generalization-v1,4.3.0.dirty,14f61beb106bca21d78f828e2f8e35fb457d3d90,dirty,546a2b82c9418393817a4beeea7a0ace75112f95a28c95ecb284e090942cdd88,TAT,tat-default,1.0.0,1617b08152da422aa295ef7f990e9e30ec8834eeeb9555cba805d96142462779,7046029254386353131,70,881,1258,377,8609,8745,6119,6229,2490,2516,2480,2614,1750,1860,730,754,2480,2609,1750,1859,730,750,5
radixor-generalization-v1,4.3.0.dirty,14f61beb106bca21d78f828e2f8e35fb457d3d90,dirty,546a2b82c9418393817a4beeea7a0ace75112f95a28c95ecb284e090942cdd88,TAT,tat-default,1.0.0,1617b08152da422aa295ef7f990e9e30ec8834eeeb9555cba805d96142462779,7046029254386353131,60,755,1258,503,8577,8745,6095,6229,2482,2516,3320,3488,2348,2482,972,1006,3320,3483,2348,2481,972,1002,5
radixor-generalization-v1,4.3.0.dirty,14f61beb106bca21d78f828e2f8e35fb457d3d90,dirty,546a2b82c9418393817a4beeea7a0ace75112f95a28c95ecb284e090942cdd88,TAT,tat-default,1.0.0,1617b08152da422aa295ef7f990e9e30ec8834eeeb9555cba805d96142462779,7046029254386353131,50,629,1258,629,8549,8745,6087,6229,2462,2516,4168,4364,2964,3106,1204,1258,4168,4359,2964,3105,1204,1254,5
radixor-generalization-v1,4.3.0.dirty,14f61beb106bca21d78f828e2f8e35fb457d3d90,dirty,546a2b82c9418393817a4beeea7a0ace75112f95a28c95ecb284e090942cdd88,TAT,tat-default,1.0.0,1617b08152da422aa295ef7f990e9e30ec8834eeeb9555cba805d96142462779,7046029254386353131,40,503,1258,755,8466,8745,6012,6229,2454,2516,4960,5239,3512,3729,1448,1510,4960,5234,3512,3728,1448,1506,5
radixor-generalization-v1,4.3.0.dirty,14f61beb106bca21d78f828e2f8e35fb457d3d90,dirty,546a2b82c9418393817a4beeea7a0ace75112f95a28c95ecb284e090942cdd88,TAT,tat-default,1.0.0,1617b08152da422aa295ef7f990e9e30ec8834eeeb9555cba805d96142462779,7046029254386353131,30,377,1258,881,8358,8745,5950,6229,2408,2516,5729,6116,4075,4354,1654,1762,5729,6111,4075,4353,1654,1758,5
radixor-generalization-v1,4.3.0.dirty,14f61beb106bca21d78f828e2f8e35fb457d3d90,dirty,546a2b82c9418393817a4beeea7a0ace75112f95a28c95ecb284e090942cdd88,TAT,tat-default,1.0.0,1617b08152da422aa295ef7f990e9e30ec8834eeeb9555cba805d96142462779,7046029254386353131,20,252,1258,1006,8324,8745,5924,6229,2400,2516,6568,6989,4672,4977,1896,2012,6568,6988,4672,4976,1896,2012,1
radixor-generalization-v1,4.3.0.dirty,14f61beb106bca21d78f828e2f8e35fb457d3d90,dirty,546a2b82c9418393817a4beeea7a0ace75112f95a28c95ecb284e090942cdd88,TAT,tat-default,1.0.0,1617b08152da422aa295ef7f990e9e30ec8834eeeb9555cba805d96142462779,7046029254386353131,10,126,1258,1132,8123,8745,5749,6229,2374,2516,7245,7867,5123,5603,2122,2264,7245,7866,5123,5602,2122,2264,1
radixor-generalization-v1,4.3.0.dirty,14f61beb106bca21d78f828e2f8e35fb457d3d90,dirty,546a2b82c9418393817a4beeea7a0ace75112f95a28c95ecb284e090942cdd88,TAT,tat-default,1.0.0,1617b08152da422aa295ef7f990e9e30ec8834eeeb9555cba805d96142462779,2611923443488327891,100,1258,1258,0,8740,8745,6226,6229,2514,2516,0,0,0,0,0,0,0,0,0,0,0,0,0
radixor-generalization-v1,4.3.0.dirty,14f61beb106bca21d78f828e2f8e35fb457d3d90,dirty,546a2b82c9418393817a4beeea7a0ace75112f95a28c95ecb284e090942cdd88,TAT,tat-default,1.0.0,1617b08152da422aa295ef7f990e9e30ec8834eeeb9555cba805d96142462779,2611923443488327891,90,1132,1258,126,8691,8745,6191,6229,2500,2516,823,872,585,620,238,252,823,872,585,620,238,252,0
radixor-generalization-v1,4.3.0.dirty,14f61beb106bca21d78f828e2f8e35fb457d3d90,dirty,546a2b82c9418393817a4beeea7a0ace75112f95a28c95ecb284e090942cdd88,TAT,tat-default,1.0.0,1617b08152da422aa295ef7f990e9e30ec8834eeeb9555cba805d96142462779,2611923443488327891,80,1006,1258,252,8643,8745,6165,6229,2478,2516,1648,1748,1182,1244,466,504,1648,1746,1182,1242,466,504,2
radixor-generalization-v1,4.3.0.dirty,14f61beb106bca21d78f828e2f8e35fb457d3d90,dirty,546a2b82c9418393817a4beeea7a0ace75112f95a28c95ecb284e090942cdd88,TAT,tat-default,1.0.0,1617b08152da422aa295ef7f990e9e30ec8834eeeb9555cba805d96142462779,2611923443488327891,70,881,1258,377,8617,8745,6139,6229,2478,2516,2486,2613,1770,1859,716,754,2486,2610,1770,1856,716,754,3
radixor-generalization-v1,4.3.0.dirty,14f61beb106bca21d78f828e2f8e35fb457d3d90,dirty,546a2b82c9418393817a4beeea7a0ace75112f95a28c95ecb284e090942cdd88,TAT,tat-default,1.0.0,1617b08152da422aa295ef7f990e9e30ec8834eeeb9555cba805d96142462779,2611923443488327891,60,755,1258,503,8570,8745,6096,6229,2474,2516,3319,3493,2355,2487,964,1006,3319,3490,2355,2484,964,1006,3
radixor-generalization-v1,4.3.0.dirty,14f61beb106bca21d78f828e2f8e35fb457d3d90,dirty,546a2b82c9418393817a4beeea7a0ace75112f95a28c95ecb284e090942cdd88,TAT,tat-default,1.0.0,1617b08152da422aa295ef7f990e9e30ec8834eeeb9555cba805d96142462779,2611923443488327891,50,629,1258,629,8504,8745,6054,6229,2450,2516,4132,4372,2940,3114,1192,1258,4132,4371,2940,3113,1192,1258,1
radixor-generalization-v1,4.3.0.dirty,14f61beb106bca21d78f828e2f8e35fb457d3d90,dirty,546a2b82c9418393817a4beeea7a0ace75112f95a28c95ecb284e090942cdd88,TAT,tat-default,1.0.0,1617b08152da422aa295ef7f990e9e30ec8834eeeb9555cba805d96142462779,2611923443488327891,40,503,1258,755,8476,8745,6028,6229,2448,2516,4977,5245,3535,3735,1442,1510,4977,5244,3535,3734,1442,1510,1
radixor-generalization-v1,4.3.0.dirty,14f61beb106bca21d78f828e2f8e35fb457d3d90,dirty,546a2b82c9418393817a4beeea7a0ace75112f95a28c95ecb284e090942cdd88,TAT,tat-default,1.0.0,1617b08152da422aa295ef7f990e9e30ec8834eeeb9555cba805d96142462779,2611923443488327891,30,377,1258,881,8427,8745,6007,6229,2420,2516,5807,6124,4141,4362,1666,1762,5807,6123,4141,4361,1666,1762,1
radixor-generalization-v1,4.3.0.dirty,14f61beb106bca21d78f828e2f8e35fb457d3d90,dirty,546a2b82c9418393817a4beeea7a0ace75112f95a28c95ecb284e090942cdd88,TAT,tat-default,1.0.0,1617b08152da422aa295ef7f990e9e30ec8834eeeb9555cba805d96142462779,2611923443488327891,20,252,1258,1006,8404,8745,6020,6229,2384,2516,6655,6996,4775,4984,1880,2012,6655,6994,4775,4984,1880,2010,2
radixor-generalization-v1,4.3.0.dirty,14f61beb106bca21d78f828e2f8e35fb457d3d90,dirty,546a2b82c9418393817a4beeea7a0ace75112f95a28c95ecb284e090942cdd88,TAT,tat-default,1.0.0,1617b08152da422aa295ef7f990e9e30ec8834eeeb9555cba805d96142462779,2611923443488327891,10,126,1258,1132,8280,8745,5938,6229,2342,2516,7407,7872,5317,5608,2090,2264,7407,7872,5317,5608,2090,2264,0
radixor-generalization-v1,4.3.0.dirty,14f61beb106bca21d78f828e2f8e35fb457d3d90,dirty,546a2b82c9418393817a4beeea7a0ace75112f95a28c95ecb284e090942cdd88,TAT,tat-default,1.0.0,1617b08152da422aa295ef7f990e9e30ec8834eeeb9555cba805d96142462779,15111065706836454659,100,1258,1258,0,8740,8745,6226,6229,2514,2516,0,0,0,0,0,0,0,0,0,0,0,0,0
radixor-generalization-v1,4.3.0.dirty,14f61beb106bca21d78f828e2f8e35fb457d3d90,dirty,546a2b82c9418393817a4beeea7a0ace75112f95a28c95ecb284e090942cdd88,TAT,tat-default,1.0.0,1617b08152da422aa295ef7f990e9e30ec8834eeeb9555cba805d96142462779,15111065706836454659,90,1132,1258,126,8701,8745,6199,6229,2502,2516,834,876,596,624,238,252,834,872,596,624,238,248,4
radixor-generalization-v1,4.3.0.dirty,14f61beb106bca21d78f828e2f8e35fb457d3d90,dirty,546a2b82c9418393817a4beeea7a0ace75112f95a28c95ecb284e090942cdd88,TAT,tat-default,1.0.0,1617b08152da422aa295ef7f990e9e30ec8834eeeb9555cba805d96142462779,15111065706836454659,80,1006,1258,252,8672,8745,6180,6229,2492,2516,1683,1754,1203,1250,480,504,1683,1750,1203,1250,480,500,4
radixor-generalization-v1,4.3.0.dirty,14f61beb106bca21d78f828e2f8e35fb457d3d90,dirty,546a2b82c9418393817a4beeea7a0ace75112f95a28c95ecb284e090942cdd88,TAT,tat-default,1.0.0,1617b08152da422aa295ef7f990e9e30ec8834eeeb9555cba805d96142462779,15111065706836454659,70,881,1258,377,8629,8745,6143,6229,2486,2516,2509,2623,1785,1869,724,754,2509,2619,1785,1869,724,750,4
radixor-generalization-v1,4.3.0.dirty,14f61beb106bca21d78f828e2f8e35fb457d3d90,dirty,546a2b82c9418393817a4beeea7a0ace75112f95a28c95ecb284e090942cdd88,TAT,tat-default,1.0.0,1617b08152da422aa295ef7f990e9e30ec8834eeeb9555cba805d96142462779,15111065706836454659,60,755,1258,503,8596,8745,6124,6229,2472,2516,3352,3499,2390,2493,962,1006,3352,3497,2390,2493,962,1004,2
radixor-generalization-v1,4.3.0.dirty,14f61beb106bca21d78f828e2f8e35fb457d3d90,dirty,546a2b82c9418393817a4beeea7a0ace75112f95a28c95ecb284e090942cdd88,TAT,tat-default,1.0.0,1617b08152da422aa295ef7f990e9e30ec8834eeeb9555cba805d96142462779,15111065706836454659,50,629,1258,629,8539,8745,6083,6229,2456,2516,4169,4375,2971,3117,1198,1258,4169,4370,2971,3116,1198,1254,5
radixor-generalization-v1,4.3.0.dirty,14f61beb106bca21d78f828e2f8e35fb457d3d90,dirty,546a2b82c9418393817a4beeea7a0ace75112f95a28c95ecb284e090942cdd88,TAT,tat-default,1.0.0,1617b08152da422aa295ef7f990e9e30ec8834eeeb9555cba805d96142462779,15111065706836454659,40,503,1258,755,8492,8745,6054,6229,2438,2516,4999,5252,3567,3742,1432,1510,4999,5249,3567,3741,1432,1508,3
radixor-generalization-v1,4.3.0.dirty,14f61beb106bca21d78f828e2f8e35fb457d3d90,dirty,546a2b82c9418393817a4beeea7a0ace75112f95a28c95ecb284e090942cdd88,TAT,tat-default,1.0.0,1617b08152da422aa295ef7f990e9e30ec8834eeeb9555cba805d96142462779,15111065706836454659,30,377,1258,881,8447,8745,6033,6229,2414,2516,5830,6128,4170,4366,1660,1762,5830,6125,4170,4365,1660,1760,3
radixor-generalization-v1,4.3.0.dirty,14f61beb106bca21d78f828e2f8e35fb457d3d90,dirty,546a2b82c9418393817a4beeea7a0ace75112f95a28c95ecb284e090942cdd88,TAT,tat-default,1.0.0,1617b08152da422aa295ef7f990e9e30ec8834eeeb9555cba805d96142462779,15111065706836454659,20,252,1258,1006,8324,8745,5926,6229,2398,2516,6571,6992,4677,4980,1894,2012,6571,6992,4677,4980,1894,2012,0
radixor-generalization-v1,4.3.0.dirty,14f61beb106bca21d78f828e2f8e35fb457d3d90,dirty,546a2b82c9418393817a4beeea7a0ace75112f95a28c95ecb284e090942cdd88,TAT,tat-default,1.0.0,1617b08152da422aa295ef7f990e9e30ec8834eeeb9555cba805d96142462779,15111065706836454659,10,126,1258,1132,8153,8745,5731,6229,2422,2516,7275,7867,5105,5603,2170,2264,7275,7867,5105,5603,2170,2264,0
radixor-generalization-v1,4.3.0.dirty,14f61beb106bca21d78f828e2f8e35fb457d3d90,dirty,546a2b82c9418393817a4beeea7a0ace75112f95a28c95ecb284e090942cdd88,TG_TJ,tg-tj-default,1.0.0,4809cdc83d745d0db145d74c6654e4732b83bf70e32df3a208aac22a0db4d6b1,2654435761,100,75,75,0,153,153,3,3,150,150,0,0,0,0,0,0,0,0,0,0,0,0,0
radixor-generalization-v1,4.3.0.dirty,14f61beb106bca21d78f828e2f8e35fb457d3d90,dirty,546a2b82c9418393817a4beeea7a0ace75112f95a28c95ecb284e090942cdd88,TG_TJ,tg-tj-default,1.0.0,4809cdc83d745d0db145d74c6654e4732b83bf70e32df3a208aac22a0db4d6b1,2654435761,90,68,75,7,152,153,2,3,150,150,14,15,0,1,14,14,14,15,0,1,14,14,0
radixor-generalization-v1,4.3.0.dirty,14f61beb106bca21d78f828e2f8e35fb457d3d90,dirty,546a2b82c9418393817a4beeea7a0ace75112f95a28c95ecb284e090942cdd88,TG_TJ,tg-tj-default,1.0.0,4809cdc83d745d0db145d74c6654e4732b83bf70e32df3a208aac22a0db4d6b1,2654435761,80,60,75,15,151,153,1,3,150,150,30,32,0,2,30,30,30,32,0,2,30,30,0
radixor-generalization-v1,4.3.0.dirty,14f61beb106bca21d78f828e2f8e35fb457d3d90,dirty,546a2b82c9418393817a4beeea7a0ace75112f95a28c95ecb284e090942cdd88,TG_TJ,tg-tj-default,1.0.0,4809cdc83d745d0db145d74c6654e4732b83bf70e32df3a208aac22a0db4d6b1,2654435761,70,53,75,22,150,153,0,3,150,150,44,47,0,3,44,44,44,47,0,3,44,44,0
radixor-generalization-v1,4.3.0.dirty,14f61beb106bca21d78f828e2f8e35fb457d3d90,dirty,546a2b82c9418393817a4beeea7a0ace75112f95a28c95ecb284e090942cdd88,TG_TJ,tg-tj-default,1.0.0,4809cdc83d745d0db145d74c6654e4732b83bf70e32df3a208aac22a0db4d6b1,2654435761,60,45,75,30,150,153,0,3,150,150,60,63,0,3,60,60,60,63,0,3,60,60,0
radixor-generalization-v1,4.3.0.dirty,14f61beb106bca21d78f828e2f8e35fb457d3d90,dirty,546a2b82c9418393817a4beeea7a0ace75112f95a28c95ecb284e090942cdd88,TG_TJ,tg-tj-default,1.0.0,4809cdc83d745d0db145d74c6654e4732b83bf70e32df3a208aac22a0db4d6b1,2654435761,50,38,75,37,150,153,0,3,150,150,74,77,0,3,74,74,74,77,0,3,74,74,0
radixor-generalization-v1,4.3.0.dirty,14f61beb106bca21d78f828e2f8e35fb457d3d90,dirty,546a2b82c9418393817a4beeea7a0ace75112f95a28c95ecb284e090942cdd88,TG_TJ,tg-tj-default,1.0.0,4809cdc83d745d0db145d74c6654e4732b83bf70e32df3a208aac22a0db4d6b1,2654435761,40,30,75,45,150,153,0,3,150,150,90,93,0,3,90,90,90,93,0,3,90,90,0
radixor-generalization-v1,4.3.0.dirty,14f61beb106bca21d78f828e2f8e35fb457d3d90,dirty,546a2b82c9418393817a4beeea7a0ace75112f95a28c95ecb284e090942cdd88,TG_TJ,tg-tj-default,1.0.0,4809cdc83d745d0db145d74c6654e4732b83bf70e32df3a208aac22a0db4d6b1,2654435761,30,23,75,52,150,153,0,3,150,150,104,107,0,3,104,104,104,107,0,3,104,104,0
radixor-generalization-v1,4.3.0.dirty,14f61beb106bca21d78f828e2f8e35fb457d3d90,dirty,546a2b82c9418393817a4beeea7a0ace75112f95a28c95ecb284e090942cdd88,TG_TJ,tg-tj-default,1.0.0,4809cdc83d745d0db145d74c6654e4732b83bf70e32df3a208aac22a0db4d6b1,2654435761,20,15,75,60,150,153,0,3,150,150,120,123,0,3,120,120,120,123,0,3,120,120,0
radixor-generalization-v1,4.3.0.dirty,14f61beb106bca21d78f828e2f8e35fb457d3d90,dirty,546a2b82c9418393817a4beeea7a0ace75112f95a28c95ecb284e090942cdd88,TG_TJ,tg-tj-default,1.0.0,4809cdc83d745d0db145d74c6654e4732b83bf70e32df3a208aac22a0db4d6b1,2654435761,10,8,75,67,150,153,0,3,150,150,134,137,0,3,134,134,134,137,0,3,134,134,0
radixor-generalization-v1,4.3.0.dirty,14f61beb106bca21d78f828e2f8e35fb457d3d90,dirty,546a2b82c9418393817a4beeea7a0ace75112f95a28c95ecb284e090942cdd88,TG_TJ,tg-tj-default,1.0.0,4809cdc83d745d0db145d74c6654e4732b83bf70e32df3a208aac22a0db4d6b1,11400714819323198485,100,75,75,0,153,153,3,3,150,150,0,0,0,0,0,0,0,0,0,0,0,0,0
radixor-generalization-v1,4.3.0.dirty,14f61beb106bca21d78f828e2f8e35fb457d3d90,dirty,546a2b82c9418393817a4beeea7a0ace75112f95a28c95ecb284e090942cdd88,TG_TJ,tg-tj-default,1.0.0,4809cdc83d745d0db145d74c6654e4732b83bf70e32df3a208aac22a0db4d6b1,11400714819323198485,90,68,75,7,153,153,3,3,150,150,14,14,0,0,14,14,14,14,0,0,14,14,0
radixor-generalization-v1,4.3.0.dirty,14f61beb106bca21d78f828e2f8e35fb457d3d90,dirty,546a2b82c9418393817a4beeea7a0ace75112f95a28c95ecb284e090942cdd88,TG_TJ,tg-tj-default,1.0.0,4809cdc83d745d0db145d74c6654e4732b83bf70e32df3a208aac22a0db4d6b1,11400714819323198485,80,60,75,15,153,153,3,3,150,150,30,30,0,0,30,30,30,30,0,0,30,30,0
radixor-generalization-v1,4.3.0.dirty,14f61beb106bca21d78f828e2f8e35fb457d3d90,dirty,546a2b82c9418393817a4beeea7a0ace75112f95a28c95ecb284e090942cdd88,TG_TJ,tg-tj-default,1.0.0,4809cdc83d745d0db145d74c6654e4732b83bf70e32df3a208aac22a0db4d6b1,11400714819323198485,70,53,75,22,152,153,2,3,150,150,44,45,0,1,44,44,44,45,0,1,44,44,0
radixor-generalization-v1,4.3.0.dirty,14f61beb106bca21d78f828e2f8e35fb457d3d90,dirty,546a2b82c9418393817a4beeea7a0ace75112f95a28c95ecb284e090942cdd88,TG_TJ,tg-tj-default,1.0.0,4809cdc83d745d0db145d74c6654e4732b83bf70e32df3a208aac22a0db4d6b1,11400714819323198485,60,45,75,30,152,153,2,3,150,150,60,61,0,1,60,60,60,61,0,1,60,60,0
radixor-generalization-v1,4.3.0.dirty,14f61beb106bca21d78f828e2f8e35fb457d3d90,dirty,546a2b82c9418393817a4beeea7a0ace75112f95a28c95ecb284e090942cdd88,TG_TJ,tg-tj-default,1.0.0,4809cdc83d745d0db145d74c6654e4732b83bf70e32df3a208aac22a0db4d6b1,11400714819323198485,50,38,75,37,152,153,2,3,150,150,74,75,0,1,74,74,74,75,0,1,74,74,0
radixor-generalization-v1,4.3.0.dirty,14f61beb106bca21d78f828e2f8e35fb457d3d90,dirty,546a2b82c9418393817a4beeea7a0ace75112f95a28c95ecb284e090942cdd88,TG_TJ,tg-tj-default,1.0.0,4809cdc83d745d0db145d74c6654e4732b83bf70e32df3a208aac22a0db4d6b1,11400714819323198485,40,30,75,45,151,153,1,3,150,150,90,92,0,2,90,90,90,92,0,2,90,90,0
radixor-generalization-v1,4.3.0.dirty,14f61beb106bca21d78f828e2f8e35fb457d3d90,dirty,546a2b82c9418393817a4beeea7a0ace75112f95a28c95ecb284e090942cdd88,TG_TJ,tg-tj-default,1.0.0,4809cdc83d745d0db145d74c6654e4732b83bf70e32df3a208aac22a0db4d6b1,11400714819323198485,30,23,75,52,150,153,0,3,150,150,104,107,0,3,104,104,104,107,0,3,104,104,0
radixor-generalization-v1,4.3.0.dirty,14f61beb106bca21d78f828e2f8e35fb457d3d90,dirty,546a2b82c9418393817a4beeea7a0ace75112f95a28c95ecb284e090942cdd88,TG_TJ,tg-tj-default,1.0.0,4809cdc83d745d0db145d74c6654e4732b83bf70e32df3a208aac22a0db4d6b1,11400714819323198485,20,15,75,60,150,153,0,3,150,150,120,123,0,3,120,120,120,123,0,3,120,120,0
radixor-generalization-v1,4.3.0.dirty,14f61beb106bca21d78f828e2f8e35fb457d3d90,dirty,546a2b82c9418393817a4beeea7a0ace75112f95a28c95ecb284e090942cdd88,TG_TJ,tg-tj-default,1.0.0,4809cdc83d745d0db145d74c6654e4732b83bf70e32df3a208aac22a0db4d6b1,11400714819323198485,10,8,75,67,150,153,0,3,150,150,134,137,0,3,134,134,134,137,0,3,134,134,0
radixor-generalization-v1,4.3.0.dirty,14f61beb106bca21d78f828e2f8e35fb457d3d90,dirty,546a2b82c9418393817a4beeea7a0ace75112f95a28c95ecb284e090942cdd88,TG_TJ,tg-tj-default,1.0.0,4809cdc83d745d0db145d74c6654e4732b83bf70e32df3a208aac22a0db4d6b1,7046029254386353131,100,75,75,0,153,153,3,3,150,150,0,0,0,0,0,0,0,0,0,0,0,0,0
radixor-generalization-v1,4.3.0.dirty,14f61beb106bca21d78f828e2f8e35fb457d3d90,dirty,546a2b82c9418393817a4beeea7a0ace75112f95a28c95ecb284e090942cdd88,TG_TJ,tg-tj-default,1.0.0,4809cdc83d745d0db145d74c6654e4732b83bf70e32df3a208aac22a0db4d6b1,7046029254386353131,90,68,75,7,153,153,3,3,150,150,14,14,0,0,14,14,14,14,0,0,14,14,0
radixor-generalization-v1,4.3.0.dirty,14f61beb106bca21d78f828e2f8e35fb457d3d90,dirty,546a2b82c9418393817a4beeea7a0ace75112f95a28c95ecb284e090942cdd88,TG_TJ,tg-tj-default,1.0.0,4809cdc83d745d0db145d74c6654e4732b83bf70e32df3a208aac22a0db4d6b1,7046029254386353131,80,60,75,15,153,153,3,3,150,150,30,30,0,0,30,30,30,30,0,0,30,30,0
radixor-generalization-v1,4.3.0.dirty,14f61beb106bca21d78f828e2f8e35fb457d3d90,dirty,546a2b82c9418393817a4beeea7a0ace75112f95a28c95ecb284e090942cdd88,TG_TJ,tg-tj-default,1.0.0,4809cdc83d745d0db145d74c6654e4732b83bf70e32df3a208aac22a0db4d6b1,7046029254386353131,70,53,75,22,152,153,2,3,150,150,44,45,0,1,44,44,44,45,0,1,44,44,0
radixor-generalization-v1,4.3.0.dirty,14f61beb106bca21d78f828e2f8e35fb457d3d90,dirty,546a2b82c9418393817a4beeea7a0ace75112f95a28c95ecb284e090942cdd88,TG_TJ,tg-tj-default,1.0.0,4809cdc83d745d0db145d74c6654e4732b83bf70e32df3a208aac22a0db4d6b1,7046029254386353131,60,45,75,30,151,153,1,3,150,150,60,62,0,2,60,60,60,62,0,2,60,60,0
radixor-generalization-v1,4.3.0.dirty,14f61beb106bca21d78f828e2f8e35fb457d3d90,dirty,546a2b82c9418393817a4beeea7a0ace75112f95a28c95ecb284e090942cdd88,TG_TJ,tg-tj-default,1.0.0,4809cdc83d745d0db145d74c6654e4732b83bf70e32df3a208aac22a0db4d6b1,7046029254386353131,50,38,75,37,151,153,1,3,150,150,74,76,0,2,74,74,74,76,0,2,74,74,0
radixor-generalization-v1,4.3.0.dirty,14f61beb106bca21d78f828e2f8e35fb457d3d90,dirty,546a2b82c9418393817a4beeea7a0ace75112f95a28c95ecb284e090942cdd88,TG_TJ,tg-tj-default,1.0.0,4809cdc83d745d0db145d74c6654e4732b83bf70e32df3a208aac22a0db4d6b1,7046029254386353131,40,30,75,45,151,153,1,3,150,150,90,92,0,2,90,90,90,92,0,2,90,90,0
radixor-generalization-v1,4.3.0.dirty,14f61beb106bca21d78f828e2f8e35fb457d3d90,dirty,546a2b82c9418393817a4beeea7a0ace75112f95a28c95ecb284e090942cdd88,TG_TJ,tg-tj-default,1.0.0,4809cdc83d745d0db145d74c6654e4732b83bf70e32df3a208aac22a0db4d6b1,7046029254386353131,30,23,75,52,151,153,1,3,150,150,104,106,0,2,104,104,104,106,0,2,104,104,0
radixor-generalization-v1,4.3.0.dirty,14f61beb106bca21d78f828e2f8e35fb457d3d90,dirty,546a2b82c9418393817a4beeea7a0ace75112f95a28c95ecb284e090942cdd88,TG_TJ,tg-tj-default,1.0.0,4809cdc83d745d0db145d74c6654e4732b83bf70e32df3a208aac22a0db4d6b1,7046029254386353131,20,15,75,60,150,153,0,3,150,150,120,123,0,3,120,120,120,123,0,3,120,120,0
radixor-generalization-v1,4.3.0.dirty,14f61beb106bca21d78f828e2f8e35fb457d3d90,dirty,546a2b82c9418393817a4beeea7a0ace75112f95a28c95ecb284e090942cdd88,TG_TJ,tg-tj-default,1.0.0,4809cdc83d745d0db145d74c6654e4732b83bf70e32df3a208aac22a0db4d6b1,7046029254386353131,10,8,75,67,150,153,0,3,150,150,134,137,0,3,134,134,134,137,0,3,134,134,0
radixor-generalization-v1,4.3.0.dirty,14f61beb106bca21d78f828e2f8e35fb457d3d90,dirty,546a2b82c9418393817a4beeea7a0ace75112f95a28c95ecb284e090942cdd88,TG_TJ,tg-tj-default,1.0.0,4809cdc83d745d0db145d74c6654e4732b83bf70e32df3a208aac22a0db4d6b1,2611923443488327891,100,75,75,0,153,153,3,3,150,150,0,0,0,0,0,0,0,0,0,0,0,0,0
radixor-generalization-v1,4.3.0.dirty,14f61beb106bca21d78f828e2f8e35fb457d3d90,dirty,546a2b82c9418393817a4beeea7a0ace75112f95a28c95ecb284e090942cdd88,TG_TJ,tg-tj-default,1.0.0,4809cdc83d745d0db145d74c6654e4732b83bf70e32df3a208aac22a0db4d6b1,2611923443488327891,90,68,75,7,153,153,3,3,150,150,14,14,0,0,14,14,14,14,0,0,14,14,0
radixor-generalization-v1,4.3.0.dirty,14f61beb106bca21d78f828e2f8e35fb457d3d90,dirty,546a2b82c9418393817a4beeea7a0ace75112f95a28c95ecb284e090942cdd88,TG_TJ,tg-tj-default,1.0.0,4809cdc83d745d0db145d74c6654e4732b83bf70e32df3a208aac22a0db4d6b1,2611923443488327891,80,60,75,15,153,153,3,3,150,150,30,30,0,0,30,30,30,30,0,0,30,30,0
radixor-generalization-v1,4.3.0.dirty,14f61beb106bca21d78f828e2f8e35fb457d3d90,dirty,546a2b82c9418393817a4beeea7a0ace75112f95a28c95ecb284e090942cdd88,TG_TJ,tg-tj-default,1.0.0,4809cdc83d745d0db145d74c6654e4732b83bf70e32df3a208aac22a0db4d6b1,2611923443488327891,70,53,75,22,153,153,3,3,150,150,44,44,0,0,44,44,44,44,0,0,44,44,0
radixor-generalization-v1,4.3.0.dirty,14f61beb106bca21d78f828e2f8e35fb457d3d90,dirty,546a2b82c9418393817a4beeea7a0ace75112f95a28c95ecb284e090942cdd88,TG_TJ,tg-tj-default,1.0.0,4809cdc83d745d0db145d74c6654e4732b83bf70e32df3a208aac22a0db4d6b1,2611923443488327891,60,45,75,30,152,153,2,3,150,150,60,61,0,1,60,60,60,61,0,1,60,60,0
radixor-generalization-v1,4.3.0.dirty,14f61beb106bca21d78f828e2f8e35fb457d3d90,dirty,546a2b82c9418393817a4beeea7a0ace75112f95a28c95ecb284e090942cdd88,TG_TJ,tg-tj-default,1.0.0,4809cdc83d745d0db145d74c6654e4732b83bf70e32df3a208aac22a0db4d6b1,2611923443488327891,50,38,75,37,152,153,2,3,150,150,74,75,0,1,74,74,74,75,0,1,74,74,0
radixor-generalization-v1,4.3.0.dirty,14f61beb106bca21d78f828e2f8e35fb457d3d90,dirty,546a2b82c9418393817a4beeea7a0ace75112f95a28c95ecb284e090942cdd88,TG_TJ,tg-tj-default,1.0.0,4809cdc83d745d0db145d74c6654e4732b83bf70e32df3a208aac22a0db4d6b1,2611923443488327891,40,30,75,45,152,153,2,3,150,150,90,91,0,1,90,90,90,91,0,1,90,90,0
radixor-generalization-v1,4.3.0.dirty,14f61beb106bca21d78f828e2f8e35fb457d3d90,dirty,546a2b82c9418393817a4beeea7a0ace75112f95a28c95ecb284e090942cdd88,TG_TJ,tg-tj-default,1.0.0,4809cdc83d745d0db145d74c6654e4732b83bf70e32df3a208aac22a0db4d6b1,2611923443488327891,30,23,75,52,152,153,2,3,150,150,104,105,0,1,104,104,104,105,0,1,104,104,0
radixor-generalization-v1,4.3.0.dirty,14f61beb106bca21d78f828e2f8e35fb457d3d90,dirty,546a2b82c9418393817a4beeea7a0ace75112f95a28c95ecb284e090942cdd88,TG_TJ,tg-tj-default,1.0.0,4809cdc83d745d0db145d74c6654e4732b83bf70e32df3a208aac22a0db4d6b1,2611923443488327891,20,15,75,60,151,153,1,3,150,150,120,122,0,2,120,120,120,122,0,2,120,120,0
radixor-generalization-v1,4.3.0.dirty,14f61beb106bca21d78f828e2f8e35fb457d3d90,dirty,546a2b82c9418393817a4beeea7a0ace75112f95a28c95ecb284e090942cdd88,TG_TJ,tg-tj-default,1.0.0,4809cdc83d745d0db145d74c6654e4732b83bf70e32df3a208aac22a0db4d6b1,2611923443488327891,10,8,75,67,150,153,0,3,150,150,134,137,0,3,134,134,134,137,0,3,134,134,0
radixor-generalization-v1,4.3.0.dirty,14f61beb106bca21d78f828e2f8e35fb457d3d90,dirty,546a2b82c9418393817a4beeea7a0ace75112f95a28c95ecb284e090942cdd88,TG_TJ,tg-tj-default,1.0.0,4809cdc83d745d0db145d74c6654e4732b83bf70e32df3a208aac22a0db4d6b1,15111065706836454659,100,75,75,0,153,153,3,3,150,150,0,0,0,0,0,0,0,0,0,0,0,0,0
radixor-generalization-v1,4.3.0.dirty,14f61beb106bca21d78f828e2f8e35fb457d3d90,dirty,546a2b82c9418393817a4beeea7a0ace75112f95a28c95ecb284e090942cdd88,TG_TJ,tg-tj-default,1.0.0,4809cdc83d745d0db145d74c6654e4732b83bf70e32df3a208aac22a0db4d6b1,15111065706836454659,90,68,75,7,153,153,3,3,150,150,14,14,0,0,14,14,14,14,0,0,14,14,0
radixor-generalization-v1,4.3.0.dirty,14f61beb106bca21d78f828e2f8e35fb457d3d90,dirty,546a2b82c9418393817a4beeea7a0ace75112f95a28c95ecb284e090942cdd88,TG_TJ,tg-tj-default,1.0.0,4809cdc83d745d0db145d74c6654e4732b83bf70e32df3a208aac22a0db4d6b1,15111065706836454659,80,60,75,15,153,153,3,3,150,150,30,30,0,0,30,30,30,30,0,0,30,30,0
radixor-generalization-v1,4.3.0.dirty,14f61beb106bca21d78f828e2f8e35fb457d3d90,dirty,546a2b82c9418393817a4beeea7a0ace75112f95a28c95ecb284e090942cdd88,TG_TJ,tg-tj-default,1.0.0,4809cdc83d745d0db145d74c6654e4732b83bf70e32df3a208aac22a0db4d6b1,15111065706836454659,70,53,75,22,152,153,2,3,150,150,44,45,0,1,44,44,44,45,0,1,44,44,0
radixor-generalization-v1,4.3.0.dirty,14f61beb106bca21d78f828e2f8e35fb457d3d90,dirty,546a2b82c9418393817a4beeea7a0ace75112f95a28c95ecb284e090942cdd88,TG_TJ,tg-tj-default,1.0.0,4809cdc83d745d0db145d74c6654e4732b83bf70e32df3a208aac22a0db4d6b1,15111065706836454659,60,45,75,30,152,153,2,3,150,150,60,61,0,1,60,60,60,61,0,1,60,60,0
radixor-generalization-v1,4.3.0.dirty,14f61beb106bca21d78f828e2f8e35fb457d3d90,dirty,546a2b82c9418393817a4beeea7a0ace75112f95a28c95ecb284e090942cdd88,TG_TJ,tg-tj-default,1.0.0,4809cdc83d745d0db145d74c6654e4732b83bf70e32df3a208aac22a0db4d6b1,15111065706836454659,50,38,75,37,152,153,2,3,150,150,74,75,0,1,74,74,74,75,0,1,74,74,0
radixor-generalization-v1,4.3.0.dirty,14f61beb106bca21d78f828e2f8e35fb457d3d90,dirty,546a2b82c9418393817a4beeea7a0ace75112f95a28c95ecb284e090942cdd88,TG_TJ,tg-tj-default,1.0.0,4809cdc83d745d0db145d74c6654e4732b83bf70e32df3a208aac22a0db4d6b1,15111065706836454659,40,30,75,45,152,153,2,3,150,150,90,91,0,1,90,90,90,91,0,1,90,90,0
radixor-generalization-v1,4.3.0.dirty,14f61beb106bca21d78f828e2f8e35fb457d3d90,dirty,546a2b82c9418393817a4beeea7a0ace75112f95a28c95ecb284e090942cdd88,TG_TJ,tg-tj-default,1.0.0,4809cdc83d745d0db145d74c6654e4732b83bf70e32df3a208aac22a0db4d6b1,15111065706836454659,30,23,75,52,152,153,2,3,150,150,104,105,0,1,104,104,104,105,0,1,104,104,0
radixor-generalization-v1,4.3.0.dirty,14f61beb106bca21d78f828e2f8e35fb457d3d90,dirty,546a2b82c9418393817a4beeea7a0ace75112f95a28c95ecb284e090942cdd88,TG_TJ,tg-tj-default,1.0.0,4809cdc83d745d0db145d74c6654e4732b83bf70e32df3a208aac22a0db4d6b1,15111065706836454659,20,15,75,60,152,153,2,3,150,150,120,121,0,1,120,120,120,121,0,1,120,120,0
radixor-generalization-v1,4.3.0.dirty,14f61beb106bca21d78f828e2f8e35fb457d3d90,dirty,546a2b82c9418393817a4beeea7a0ace75112f95a28c95ecb284e090942cdd88,TG_TJ,tg-tj-default,1.0.0,4809cdc83d745d0db145d74c6654e4732b83bf70e32df3a208aac22a0db4d6b1,15111065706836454659,10,8,75,67,144,153,2,3,142,150,127,136,1,2,126,134,127,136,1,2,126,134,0
radixor-generalization-v1,4.3.0.dirty,14f61beb106bca21d78f828e2f8e35fb457d3d90,dirty,546a2b82c9418393817a4beeea7a0ace75112f95a28c95ecb284e090942cdd88,TK_TM,tk-tm-default,1.0.0,3821730499cd42fa7974c907d08377763e1cc1a6f85784b638d22f87124317e2,2654435761,100,68,68,0,872,872,736,736,136,136,0,0,0,0,0,0,0,0,0,0,0,0,0
radixor-generalization-v1,4.3.0.dirty,14f61beb106bca21d78f828e2f8e35fb457d3d90,dirty,546a2b82c9418393817a4beeea7a0ace75112f95a28c95ecb284e090942cdd88,TK_TM,tk-tm-default,1.0.0,3821730499cd42fa7974c907d08377763e1cc1a6f85784b638d22f87124317e2,2654435761,90,61,68,7,858,872,722,736,136,136,76,90,62,76,14,14,76,90,62,76,14,14,0
radixor-generalization-v1,4.3.0.dirty,14f61beb106bca21d78f828e2f8e35fb457d3d90,dirty,546a2b82c9418393817a4beeea7a0ace75112f95a28c95ecb284e090942cdd88,TK_TM,tk-tm-default,1.0.0,3821730499cd42fa7974c907d08377763e1cc1a6f85784b638d22f87124317e2,2654435761,80,54,68,14,841,872,707,736,134,136,143,174,117,146,26,28,143,174,117,146,26,28,0
radixor-generalization-v1,4.3.0.dirty,14f61beb106bca21d78f828e2f8e35fb457d3d90,dirty,546a2b82c9418393817a4beeea7a0ace75112f95a28c95ecb284e090942cdd88,TK_TM,tk-tm-default,1.0.0,3821730499cd42fa7974c907d08377763e1cc1a6f85784b638d22f87124317e2,2654435761,70,48,68,20,797,872,667,736,130,136,175,250,141,210,34,40,175,250,141,210,34,40,0
radixor-generalization-v1,4.3.0.dirty,14f61beb106bca21d78f828e2f8e35fb457d3d90,dirty,546a2b82c9418393817a4beeea7a0ace75112f95a28c95ecb284e090942cdd88,TK_TM,tk-tm-default,1.0.0,3821730499cd42fa7974c907d08377763e1cc1a6f85784b638d22f87124317e2,2654435761,60,41,68,27,783,872,655,736,128,136,251,340,205,286,46,54,251,340,205,286,46,54,0
radixor-generalization-v1,4.3.0.dirty,14f61beb106bca21d78f828e2f8e35fb457d3d90,dirty,546a2b82c9418393817a4beeea7a0ace75112f95a28c95ecb284e090942cdd88,TK_TM,tk-tm-default,1.0.0,3821730499cd42fa7974c907d08377763e1cc1a6f85784b638d22f87124317e2,2654435761,50,34,68,34,780,872,660,736,120,136,339,431,287,363,52,68,339,431,287,363,52,68,0
radixor-generalization-v1,4.3.0.dirty,14f61beb106bca21d78f828e2f8e35fb457d3d90,dirty,546a2b82c9418393817a4beeea7a0ace75112f95a28c95ecb284e090942cdd88,TK_TM,tk-tm-default,1.0.0,3821730499cd42fa7974c907d08377763e1cc1a6f85784b638d22f87124317e2,2654435761,40,27,68,41,747,872,627,736,120,136,397,522,331,440,66,82,397,522,331,440,66,82,0
radixor-generalization-v1,4.3.0.dirty,14f61beb106bca21d78f828e2f8e35fb457d3d90,dirty,546a2b82c9418393817a4beeea7a0ace75112f95a28c95ecb284e090942cdd88,TK_TM,tk-tm-default,1.0.0,3821730499cd42fa7974c907d08377763e1cc1a6f85784b638d22f87124317e2,2654435761,30,20,68,48,703,872,585,736,118,136,444,613,366,517,78,96,444,613,366,517,78,96,0
radixor-generalization-v1,4.3.0.dirty,14f61beb106bca21d78f828e2f8e35fb457d3d90,dirty,546a2b82c9418393817a4beeea7a0ace75112f95a28c95ecb284e090942cdd88,TK_TM,tk-tm-default,1.0.0,3821730499cd42fa7974c907d08377763e1cc1a6f85784b638d22f87124317e2,2654435761,20,14,68,54,668,872,550,736,118,136,487,691,397,583,90,108,487,691,397,583,90,108,0
radixor-generalization-v1,4.3.0.dirty,14f61beb106bca21d78f828e2f8e35fb457d3d90,dirty,546a2b82c9418393817a4beeea7a0ace75112f95a28c95ecb284e090942cdd88,TK_TM,tk-tm-default,1.0.0,3821730499cd42fa7974c907d08377763e1cc1a6f85784b638d22f87124317e2,2654435761,10,7,68,61,642,872,526,736,116,136,552,782,450,660,102,122,552,782,450,660,102,122,0
radixor-generalization-v1,4.3.0.dirty,14f61beb106bca21d78f828e2f8e35fb457d3d90,dirty,546a2b82c9418393817a4beeea7a0ace75112f95a28c95ecb284e090942cdd88,TK_TM,tk-tm-default,1.0.0,3821730499cd42fa7974c907d08377763e1cc1a6f85784b638d22f87124317e2,11400714819323198485,100,68,68,0,872,872,736,736,136,136,0,0,0,0,0,0,0,0,0,0,0,0,0
radixor-generalization-v1,4.3.0.dirty,14f61beb106bca21d78f828e2f8e35fb457d3d90,dirty,546a2b82c9418393817a4beeea7a0ace75112f95a28c95ecb284e090942cdd88,TK_TM,tk-tm-default,1.0.0,3821730499cd42fa7974c907d08377763e1cc1a6f85784b638d22f87124317e2,11400714819323198485,90,61,68,7,844,872,710,736,134,136,63,91,51,77,12,14,63,91,51,77,12,14,0
radixor-generalization-v1,4.3.0.dirty,14f61beb106bca21d78f828e2f8e35fb457d3d90,dirty,546a2b82c9418393817a4beeea7a0ace75112f95a28c95ecb284e090942cdd88,TK_TM,tk-tm-default,1.0.0,3821730499cd42fa7974c907d08377763e1cc1a6f85784b638d22f87124317e2,11400714819323198485,80,54,68,14,818,872,686,736,132,136,127,181,103,153,24,28,127,181,103,153,24,28,0
radixor-generalization-v1,4.3.0.dirty,14f61beb106bca21d78f828e2f8e35fb457d3d90,dirty,546a2b82c9418393817a4beeea7a0ace75112f95a28c95ecb284e090942cdd88,TK_TM,tk-tm-default,1.0.0,3821730499cd42fa7974c907d08377763e1cc1a6f85784b638d22f87124317e2,11400714819323198485,70,48,68,20,795,872,663,736,132,136,182,259,146,219,36,40,182,259,146,219,36,40,0
radixor-generalization-v1,4.3.0.dirty,14f61beb106bca21d78f828e2f8e35fb457d3d90,dirty,546a2b82c9418393817a4beeea7a0ace75112f95a28c95ecb284e090942cdd88,TK_TM,tk-tm-default,1.0.0,3821730499cd42fa7974c907d08377763e1cc1a6f85784b638d22f87124317e2,11400714819323198485,60,41,68,27,767,872,637,736,130,136,243,348,195,294,48,54,243,348,195,294,48,54,0
radixor-generalization-v1,4.3.0.dirty,14f61beb106bca21d78f828e2f8e35fb457d3d90,dirty,546a2b82c9418393817a4beeea7a0ace75112f95a28c95ecb284e090942cdd88,TK_TM,tk-tm-default,1.0.0,3821730499cd42fa7974c907d08377763e1cc1a6f85784b638d22f87124317e2,11400714819323198485,50,34,68,34,754,872,628,736,126,136,320,438,262,370,58,68,320,438,262,370,58,68,0
radixor-generalization-v1,4.3.0.dirty,14f61beb106bca21d78f828e2f8e35fb457d3d90,dirty,546a2b82c9418393817a4beeea7a0ace75112f95a28c95ecb284e090942cdd88,TK_TM,tk-tm-default,1.0.0,3821730499cd42fa7974c907d08377763e1cc1a6f85784b638d22f87124317e2,11400714819323198485,40,27,68,41,727,872,603,736,124,136,383,528,313,446,70,82,383,528,313,446,70,82,0
radixor-generalization-v1,4.3.0.dirty,14f61beb106bca21d78f828e2f8e35fb457d3d90,dirty,546a2b82c9418393817a4beeea7a0ace75112f95a28c95ecb284e090942cdd88,TK_TM,tk-tm-default,1.0.0,3821730499cd42fa7974c907d08377763e1cc1a6f85784b638d22f87124317e2,11400714819323198485,30,20,68,48,683,872,563,736,120,136,430,619,350,523,80,96,430,619,350,523,80,96,0
radixor-generalization-v1,4.3.0.dirty,14f61beb106bca21d78f828e2f8e35fb457d3d90,dirty,546a2b82c9418393817a4beeea7a0ace75112f95a28c95ecb284e090942cdd88,TK_TM,tk-tm-default,1.0.0,3821730499cd42fa7974c907d08377763e1cc1a6f85784b638d22f87124317e2,11400714819323198485,20,14,68,54,636,872,516,736,120,136,455,691,363,583,92,108,455,691,363,583,92,108,0
radixor-generalization-v1,4.3.0.dirty,14f61beb106bca21d78f828e2f8e35fb457d3d90,dirty,546a2b82c9418393817a4beeea7a0ace75112f95a28c95ecb284e090942cdd88,TK_TM,tk-tm-default,1.0.0,3821730499cd42fa7974c907d08377763e1cc1a6f85784b638d22f87124317e2,11400714819323198485,10,7,68,61,429,872,307,736,122,136,338,781,230,659,108,122,338,781,230,659,108,122,0
radixor-generalization-v1,4.3.0.dirty,14f61beb106bca21d78f828e2f8e35fb457d3d90,dirty,546a2b82c9418393817a4beeea7a0ace75112f95a28c95ecb284e090942cdd88,TK_TM,tk-tm-default,1.0.0,3821730499cd42fa7974c907d08377763e1cc1a6f85784b638d22f87124317e2,7046029254386353131,100,68,68,0,872,872,736,736,136,136,0,0,0,0,0,0,0,0,0,0,0,0,0
radixor-generalization-v1,4.3.0.dirty,14f61beb106bca21d78f828e2f8e35fb457d3d90,dirty,546a2b82c9418393817a4beeea7a0ace75112f95a28c95ecb284e090942cdd88,TK_TM,tk-tm-default,1.0.0,3821730499cd42fa7974c907d08377763e1cc1a6f85784b638d22f87124317e2,7046029254386353131,90,61,68,7,859,872,723,736,136,136,78,91,64,77,14,14,78,91,64,77,14,14,0
radixor-generalization-v1,4.3.0.dirty,14f61beb106bca21d78f828e2f8e35fb457d3d90,dirty,546a2b82c9418393817a4beeea7a0ace75112f95a28c95ecb284e090942cdd88,TK_TM,tk-tm-default,1.0.0,3821730499cd42fa7974c907d08377763e1cc1a6f85784b638d22f87124317e2,7046029254386353131,80,54,68,14,827,872,697,736,130,136,137,182,115,154,22,28,137,182,115,154,22,28,0
radixor-generalization-v1,4.3.0.dirty,14f61beb106bca21d78f828e2f8e35fb457d3d90,dirty,546a2b82c9418393817a4beeea7a0ace75112f95a28c95ecb284e090942cdd88,TK_TM,tk-tm-default,1.0.0,3821730499cd42fa7974c907d08377763e1cc1a6f85784b638d22f87124317e2,7046029254386353131,70,48,68,20,812,872,682,736,130,136,199,259,165,219,34,40,199,259,165,219,34,40,0
radixor-generalization-v1,4.3.0.dirty,14f61beb106bca21d78f828e2f8e35fb457d3d90,dirty,546a2b82c9418393817a4beeea7a0ace75112f95a28c95ecb284e090942cdd88,TK_TM,tk-tm-default,1.0.0,3821730499cd42fa7974c907d08377763e1cc1a6f85784b638d22f87124317e2,7046029254386353131,60,41,68,27,795,872,667,736,128,136,273,350,227,296,46,54,273,350,227,296,46,54,0
radixor-generalization-v1,4.3.0.dirty,14f61beb106bca21d78f828e2f8e35fb457d3d90,dirty,546a2b82c9418393817a4beeea7a0ace75112f95a28c95ecb284e090942cdd88,TK_TM,tk-tm-default,1.0.0,3821730499cd42fa7974c907d08377763e1cc1a6f85784b638d22f87124317e2,7046029254386353131,50,34,68,34,773,872,645,736,128,136,342,441,282,373,60,68,342,441,282,373,60,68,0
radixor-generalization-v1,4.3.0.dirty,14f61beb106bca21d78f828e2f8e35fb457d3d90,dirty,546a2b82c9418393817a4beeea7a0ace75112f95a28c95ecb284e090942cdd88,TK_TM,tk-tm-default,1.0.0,3821730499cd42fa7974c907d08377763e1cc1a6f85784b638d22f87124317e2,7046029254386353131,40,27,68,41,740,872,614,736,126,136,398,530,326,448,72,82,398,530,326,448,72,82,0
radixor-generalization-v1,4.3.0.dirty,14f61beb106bca21d78f828e2f8e35fb457d3d90,dirty,546a2b82c9418393817a4beeea7a0ace75112f95a28c95ecb284e090942cdd88,TK_TM,tk-tm-default,1.0.0,3821730499cd42fa7974c907d08377763e1cc1a6f85784b638d22f87124317e2,7046029254386353131,30,20,68,48,699,872,571,736,128,136,441,614,353,518,88,96,441,614,353,518,88,96,0
radixor-generalization-v1,4.3.0.dirty,14f61beb106bca21d78f828e2f8e35fb457d3d90,dirty,546a2b82c9418393817a4beeea7a0ace75112f95a28c95ecb284e090942cdd88,TK_TM,tk-tm-default,1.0.0,3821730499cd42fa7974c907d08377763e1cc1a6f85784b638d22f87124317e2,7046029254386353131,20,14,68,54,674,872,546,736,128,136,493,691,393,583,100,108,493,691,393,583,100,108,0
radixor-generalization-v1,4.3.0.dirty,14f61beb106bca21d78f828e2f8e35fb457d3d90,dirty,546a2b82c9418393817a4beeea7a0ace75112f95a28c95ecb284e090942cdd88,TK_TM,tk-tm-default,1.0.0,3821730499cd42fa7974c907d08377763e1cc1a6f85784b638d22f87124317e2,7046029254386353131,10,7,68,61,629,872,505,736,124,136,539,782,429,660,110,122,539,782,429,660,110,122,0
radixor-generalization-v1,4.3.0.dirty,14f61beb106bca21d78f828e2f8e35fb457d3d90,dirty,546a2b82c9418393817a4beeea7a0ace75112f95a28c95ecb284e090942cdd88,TK_TM,tk-tm-default,1.0.0,3821730499cd42fa7974c907d08377763e1cc1a6f85784b638d22f87124317e2,2611923443488327891,100,68,68,0,872,872,736,736,136,136,0,0,0,0,0,0,0,0,0,0,0,0,0
radixor-generalization-v1,4.3.0.dirty,14f61beb106bca21d78f828e2f8e35fb457d3d90,dirty,546a2b82c9418393817a4beeea7a0ace75112f95a28c95ecb284e090942cdd88,TK_TM,tk-tm-default,1.0.0,3821730499cd42fa7974c907d08377763e1cc1a6f85784b638d22f87124317e2,2611923443488327891,90,61,68,7,849,872,717,736,132,136,67,90,57,76,10,14,67,90,57,76,10,14,0
radixor-generalization-v1,4.3.0.dirty,14f61beb106bca21d78f828e2f8e35fb457d3d90,dirty,546a2b82c9418393817a4beeea7a0ace75112f95a28c95ecb284e090942cdd88,TK_TM,tk-tm-default,1.0.0,3821730499cd42fa7974c907d08377763e1cc1a6f85784b638d22f87124317e2,2611923443488327891,80,54,68,14,837,872,707,736,130,136,146,181,124,153,22,28,146,181,124,153,22,28,0
radixor-generalization-v1,4.3.0.dirty,14f61beb106bca21d78f828e2f8e35fb457d3d90,dirty,546a2b82c9418393817a4beeea7a0ace75112f95a28c95ecb284e090942cdd88,TK_TM,tk-tm-default,1.0.0,3821730499cd42fa7974c907d08377763e1cc1a6f85784b638d22f87124317e2,2611923443488327891,70,48,68,20,825,872,697,736,128,136,205,252,173,212,32,40,205,252,173,212,32,40,0
radixor-generalization-v1,4.3.0.dirty,14f61beb106bca21d78f828e2f8e35fb457d3d90,dirty,546a2b82c9418393817a4beeea7a0ace75112f95a28c95ecb284e090942cdd88,TK_TM,tk-tm-default,1.0.0,3821730499cd42fa7974c907d08377763e1cc1a6f85784b638d22f87124317e2,2611923443488327891,60,41,68,27,816,872,690,736,126,136,286,342,242,288,44,54,286,342,242,288,44,54,0
radixor-generalization-v1,4.3.0.dirty,14f61beb106bca21d78f828e2f8e35fb457d3d90,dirty,546a2b82c9418393817a4beeea7a0ace75112f95a28c95ecb284e090942cdd88,TK_TM,tk-tm-default,1.0.0,3821730499cd42fa7974c907d08377763e1cc1a6f85784b638d22f87124317e2,2611923443488327891,50,34,68,34,788,872,660,736,128,136,349,433,289,365,60,68,349,433,289,365,60,68,0
radixor-generalization-v1,4.3.0.dirty,14f61beb106bca21d78f828e2f8e35fb457d3d90,dirty,546a2b82c9418393817a4beeea7a0ace75112f95a28c95ecb284e090942cdd88,TK_TM,tk-tm-default,1.0.0,3821730499cd42fa7974c907d08377763e1cc1a6f85784b638d22f87124317e2,2611923443488327891,40,27,68,41,749,872,623,736,126,136,401,524,329,442,72,82,401,524,329,442,72,82,0
radixor-generalization-v1,4.3.0.dirty,14f61beb106bca21d78f828e2f8e35fb457d3d90,dirty,546a2b82c9418393817a4beeea7a0ace75112f95a28c95ecb284e090942cdd88,TK_TM,tk-tm-default,1.0.0,3821730499cd42fa7974c907d08377763e1cc1a6f85784b638d22f87124317e2,2611923443488327891,30,20,68,48,715,872,589,736,126,136,457,614,371,518,86,96,457,614,371,518,86,96,0
radixor-generalization-v1,4.3.0.dirty,14f61beb106bca21d78f828e2f8e35fb457d3d90,dirty,546a2b82c9418393817a4beeea7a0ace75112f95a28c95ecb284e090942cdd88,TK_TM,tk-tm-default,1.0.0,3821730499cd42fa7974c907d08377763e1cc1a6f85784b638d22f87124317e2,2611923443488327891,20,14,68,54,683,872,559,736,124,136,503,692,407,584,96,108,503,692,407,584,96,108,0
radixor-generalization-v1,4.3.0.dirty,14f61beb106bca21d78f828e2f8e35fb457d3d90,dirty,546a2b82c9418393817a4beeea7a0ace75112f95a28c95ecb284e090942cdd88,TK_TM,tk-tm-default,1.0.0,3821730499cd42fa7974c907d08377763e1cc1a6f85784b638d22f87124317e2,2611923443488327891,10,7,68,61,611,872,489,736,122,136,522,783,414,661,108,122,522,783,414,661,108,122,0
radixor-generalization-v1,4.3.0.dirty,14f61beb106bca21d78f828e2f8e35fb457d3d90,dirty,546a2b82c9418393817a4beeea7a0ace75112f95a28c95ecb284e090942cdd88,TK_TM,tk-tm-default,1.0.0,3821730499cd42fa7974c907d08377763e1cc1a6f85784b638d22f87124317e2,15111065706836454659,100,68,68,0,872,872,736,736,136,136,0,0,0,0,0,0,0,0,0,0,0,0,0
radixor-generalization-v1,4.3.0.dirty,14f61beb106bca21d78f828e2f8e35fb457d3d90,dirty,546a2b82c9418393817a4beeea7a0ace75112f95a28c95ecb284e090942cdd88,TK_TM,tk-tm-default,1.0.0,3821730499cd42fa7974c907d08377763e1cc1a6f85784b638d22f87124317e2,15111065706836454659,90,61,68,7,847,872,711,736,136,136,66,91,52,77,14,14,66,91,52,77,14,14,0
radixor-generalization-v1,4.3.0.dirty,14f61beb106bca21d78f828e2f8e35fb457d3d90,dirty,546a2b82c9418393817a4beeea7a0ace75112f95a28c95ecb284e090942cdd88,TK_TM,tk-tm-default,1.0.0,3821730499cd42fa7974c907d08377763e1cc1a6f85784b638d22f87124317e2,15111065706836454659,80,54,68,14,830,872,698,736,132,136,140,182,116,154,24,28,140,182,116,154,24,28,0
radixor-generalization-v1,4.3.0.dirty,14f61beb106bca21d78f828e2f8e35fb457d3d90,dirty,546a2b82c9418393817a4beeea7a0ace75112f95a28c95ecb284e090942cdd88,TK_TM,tk-tm-default,1.0.0,3821730499cd42fa7974c907d08377763e1cc1a6f85784b638d22f87124317e2,15111065706836454659,70,48,68,20,804,872,676,736,128,136,191,259,159,219,32,40,191,259,159,219,32,40,0
radixor-generalization-v1,4.3.0.dirty,14f61beb106bca21d78f828e2f8e35fb457d3d90,dirty,546a2b82c9418393817a4beeea7a0ace75112f95a28c95ecb284e090942cdd88,TK_TM,tk-tm-default,1.0.0,3821730499cd42fa7974c907d08377763e1cc1a6f85784b638d22f87124317e2,15111065706836454659,60,41,68,27,782,872,656,736,126,136,259,349,215,295,44,54,259,349,215,295,44,54,0
radixor-generalization-v1,4.3.0.dirty,14f61beb106bca21d78f828e2f8e35fb457d3d90,dirty,546a2b82c9418393817a4beeea7a0ace75112f95a28c95ecb284e090942cdd88,TK_TM,tk-tm-default,1.0.0,3821730499cd42fa7974c907d08377763e1cc1a6f85784b638d22f87124317e2,15111065706836454659,50,34,68,34,768,872,646,736,122,136,334,438,280,370,54,68,334,438,280,370,54,68,0
radixor-generalization-v1,4.3.0.dirty,14f61beb106bca21d78f828e2f8e35fb457d3d90,dirty,546a2b82c9418393817a4beeea7a0ace75112f95a28c95ecb284e090942cdd88,TK_TM,tk-tm-default,1.0.0,3821730499cd42fa7974c907d08377763e1cc1a6f85784b638d22f87124317e2,15111065706836454659,40,27,68,41,735,872,615,736,120,136,386,523,320,441,66,82,386,523,320,441,66,82,0
radixor-generalization-v1,4.3.0.dirty,14f61beb106bca21d78f828e2f8e35fb457d3d90,dirty,546a2b82c9418393817a4beeea7a0ace75112f95a28c95ecb284e090942cdd88,TK_TM,tk-tm-default,1.0.0,3821730499cd42fa7974c907d08377763e1cc1a6f85784b638d22f87124317e2,15111065706836454659,30,20,68,48,717,872,599,736,118,136,458,613,380,517,78,96,458,613,380,517,78,96,0
radixor-generalization-v1,4.3.0.dirty,14f61beb106bca21d78f828e2f8e35fb457d3d90,dirty,546a2b82c9418393817a4beeea7a0ace75112f95a28c95ecb284e090942cdd88,TK_TM,tk-tm-default,1.0.0,3821730499cd42fa7974c907d08377763e1cc1a6f85784b638d22f87124317e2,15111065706836454659,20,14,68,54,673,872,551,736,122,136,492,691,398,583,94,108,492,691,398,583,94,108,0
radixor-generalization-v1,4.3.0.dirty,14f61beb106bca21d78f828e2f8e35fb457d3d90,dirty,546a2b82c9418393817a4beeea7a0ace75112f95a28c95ecb284e090942cdd88,TK_TM,tk-tm-default,1.0.0,3821730499cd42fa7974c907d08377763e1cc1a6f85784b638d22f87124317e2,15111065706836454659,10,7,68,61,622,872,500,736,122,136,532,782,424,660,108,122,532,782,424,660,108,122,0
radixor-generalization-v1,4.3.0.dirty,14f61beb106bca21d78f828e2f8e35fb457d3d90,dirty,546a2b82c9418393817a4beeea7a0ace75112f95a28c95ecb284e090942cdd88,TYV,tyv-default,1.0.0,7b4189ea74cbc151a0dfa22c01dd30b105a53f9f1be561033184df0d5fecd7b6,2654435761,100,5032,5032,0,496307,499024,486535,488960,9772,10064,0,0,0,0,0,0,0,0,0,0,0,0,0
radixor-generalization-v1,4.3.0.dirty,14f61beb106bca21d78f828e2f8e35fb457d3d90,dirty,546a2b82c9418393817a4beeea7a0ace75112f95a28c95ecb284e090942cdd88,TYV,tyv-default,1.0.0,7b4189ea74cbc151a0dfa22c01dd30b105a53f9f1be561033184df0d5fecd7b6,2654435761,90,4529,5032,503,489745,499024,480035,488960,9710,10064,42430,49327,41542,48321,888,1006,42430,49047,41542,48093,888,954,280
radixor-generalization-v1,4.3.0.dirty,14f61beb106bca21d78f828e2f8e35fb457d3d90,dirty,546a2b82c9418393817a4beeea7a0ace75112f95a28c95ecb284e090942cdd88,TYV,tyv-default,1.0.0,7b4189ea74cbc151a0dfa22c01dd30b105a53f9f1be561033184df0d5fecd7b6,2654435761,80,4026,5032,1006,483075,499024,473443,488960,9632,10064,85217,99173,83441,97161,1776,2012,85217,98535,83441,96601,1776,1934,638
radixor-generalization-v1,4.3.0.dirty,14f61beb106bca21d78f828e2f8e35fb457d3d90,dirty,546a2b82c9418393817a4beeea7a0ace75112f95a28c95ecb284e090942cdd88,TYV,tyv-default,1.0.0,7b4189ea74cbc151a0dfa22c01dd30b105a53f9f1be561033184df0d5fecd7b6,2654435761,70,3522,5032,1510,476382,499024,466822,488960,9560,10064,127457,148708,124781,145688,2676,3020,127457,147559,124781,144637,2676,2922,1149
radixor-generalization-v1,4.3.0.dirty,14f61beb106bca21d78f828e2f8e35fb457d3d90,dirty,546a2b82c9418393817a4beeea7a0ace75112f95a28c95ecb284e090942cdd88,TYV,tyv-default,1.0.0,7b4189ea74cbc151a0dfa22c01dd30b105a53f9f1be561033184df0d5fecd7b6,2654435761,60,3019,5032,2013,469044,499024,459554,488960,9490,10064,169275,198305,165703,194279,3572,4026,169275,196904,165703,192994,3572,3910,1401
radixor-generalization-v1,4.3.0.dirty,14f61beb106bca21d78f828e2f8e35fb457d3d90,dirty,546a2b82c9418393817a4beeea7a0ace75112f95a28c95ecb284e090942cdd88,TYV,tyv-default,1.0.0,7b4189ea74cbc151a0dfa22c01dd30b105a53f9f1be561033184df0d5fecd7b6,2654435761,50,2516,5032,2516,459708,499024,450292,488960,9416,10064,208741,247495,204279,242463,4462,5032,208741,245923,204279,241011,4462,4912,1572
radixor-generalization-v1,4.3.0.dirty,14f61beb106bca21d78f828e2f8e35fb457d3d90,dirty,546a2b82c9418393817a4beeea7a0ace75112f95a28c95ecb284e090942cdd88,TYV,tyv-default,1.0.0,7b4189ea74cbc151a0dfa22c01dd30b105a53f9f1be561033184df0d5fecd7b6,2654435761,40,2013,5032,3019,451043,499024,441721,488960,9322,10064,249846,297520,244502,291482,5344,6038,249846,295979,244502,290053,5344,5926,1541
radixor-generalization-v1,4.3.0.dirty,14f61beb106bca21d78f828e2f8e35fb457d3d90,dirty,546a2b82c9418393817a4beeea7a0ace75112f95a28c95ecb284e090942cdd88,TYV,tyv-default,1.0.0,7b4189ea74cbc151a0dfa22c01dd30b105a53f9f1be561033184df0d5fecd7b6,2654435761,30,1510,5032,3522,442154,499024,432918,488960,9236,10064,291154,347884,284914,340840,6240,7044,291154,346473,284914,339537,6240,6936,1411
radixor-generalization-v1,4.3.0.dirty,14f61beb106bca21d78f828e2f8e35fb457d3d90,dirty,546a2b82c9418393817a4beeea7a0ace75112f95a28c95ecb284e090942cdd88,TYV,tyv-default,1.0.0,7b4189ea74cbc151a0dfa22c01dd30b105a53f9f1be561033184df0d5fecd7b6,2654435761,20,1006,5032,4026,430802,499024,421636,488960,9166,10064,330116,398303,322950,390251,7166,8052,330116,397191,322950,389213,7166,7978,1112
radixor-generalization-v1,4.3.0.dirty,14f61beb106bca21d78f828e2f8e35fb457d3d90,dirty,546a2b82c9418393817a4beeea7a0ace75112f95a28c95ecb284e090942cdd88,TYV,tyv-default,1.0.0,7b4189ea74cbc151a0dfa22c01dd30b105a53f9f1be561033184df0d5fecd7b6,2654435761,10,503,5032,4529,413186,499024,404232,488960,8954,10064,363472,449293,355516,440235,7956,9058,363472,448881,355516,439851,7956,9030,412
radixor-generalization-v1,4.3.0.dirty,14f61beb106bca21d78f828e2f8e35fb457d3d90,dirty,546a2b82c9418393817a4beeea7a0ace75112f95a28c95ecb284e090942cdd88,TYV,tyv-default,1.0.0,7b4189ea74cbc151a0dfa22c01dd30b105a53f9f1be561033184df0d5fecd7b6,11400714819323198485,100,5032,5032,0,496307,499024,486535,488960,9772,10064,0,0,0,0,0,0,0,0,0,0,0,0,0
radixor-generalization-v1,4.3.0.dirty,14f61beb106bca21d78f828e2f8e35fb457d3d90,dirty,546a2b82c9418393817a4beeea7a0ace75112f95a28c95ecb284e090942cdd88,TYV,tyv-default,1.0.0,7b4189ea74cbc151a0dfa22c01dd30b105a53f9f1be561033184df0d5fecd7b6,11400714819323198485,90,4529,5032,503,489864,499024,480170,488960,9694,10064,42053,49069,41167,48063,886,1006,42053,48501,41167,47537,886,964,568
radixor-generalization-v1,4.3.0.dirty,14f61beb106bca21d78f828e2f8e35fb457d3d90,dirty,546a2b82c9418393817a4beeea7a0ace75112f95a28c95ecb284e090942cdd88,TYV,tyv-default,1.0.0,7b4189ea74cbc151a0dfa22c01dd30b105a53f9f1be561033184df0d5fecd7b6,11400714819323198485,80,4026,5032,1006,483315,499024,473677,488960,9638,10064,85406,99501,83606,97489,1800,2012,85406,98552,83606,96606,1800,1946,949
radixor-generalization-v1,4.3.0.dirty,14f61beb106bca21d78f828e2f8e35fb457d3d90,dirty,546a2b82c9418393817a4beeea7a0ace75112f95a28c95ecb284e090942cdd88,TYV,tyv-default,1.0.0,7b4189ea74cbc151a0dfa22c01dd30b105a53f9f1be561033184df0d5fecd7b6,11400714819323198485,70,3522,5032,1510,477591,499024,468053,488960,9538,10064,128664,148938,125998,145918,2666,3020,128664,147811,125998,144887,2666,2924,1127
radixor-generalization-v1,4.3.0.dirty,14f61beb106bca21d78f828e2f8e35fb457d3d90,dirty,546a2b82c9418393817a4beeea7a0ace75112f95a28c95ecb284e090942cdd88,TYV,tyv-default,1.0.0,7b4189ea74cbc151a0dfa22c01dd30b105a53f9f1be561033184df0d5fecd7b6,11400714819323198485,60,3019,5032,2013,470554,499024,461088,488960,9466,10064,171259,198757,167691,194731,3568,4026,171259,197607,167691,193687,3568,3920,1150
radixor-generalization-v1,4.3.0.dirty,14f61beb106bca21d78f828e2f8e35fb457d3d90,dirty,546a2b82c9418393817a4beeea7a0ace75112f95a28c95ecb284e090942cdd88,TYV,tyv-default,1.0.0,7b4189ea74cbc151a0dfa22c01dd30b105a53f9f1be561033184df0d5fecd7b6,11400714819323198485,50,2516,5032,2516,463302,499024,453900,488960,9402,10064,213544,248684,209076,243652,4468,5032,213544,247525,209076,242607,4468,4918,1159
radixor-generalization-v1,4.3.0.dirty,14f61beb106bca21d78f828e2f8e35fb457d3d90,dirty,546a2b82c9418393817a4beeea7a0ace75112f95a28c95ecb284e090942cdd88,TYV,tyv-default,1.0.0,7b4189ea74cbc151a0dfa22c01dd30b105a53f9f1be561033184df0d5fecd7b6,11400714819323198485,40,2013,5032,3019,454458,499024,445134,488960,9324,10064,253929,298068,248573,292030,5356,6038,253929,297057,248573,291135,5356,5922,1011
radixor-generalization-v1,4.3.0.dirty,14f61beb106bca21d78f828e2f8e35fb457d3d90,dirty,546a2b82c9418393817a4beeea7a0ace75112f95a28c95ecb284e090942cdd88,TYV,tyv-default,1.0.0,7b4189ea74cbc151a0dfa22c01dd30b105a53f9f1be561033184df0d5fecd7b6,11400714819323198485,30,1510,5032,3522,446551,499024,437325,488960,9226,10064,295938,348177,289708,341133,6230,7044,295938,347228,289708,340296,6230,6932,949
radixor-generalization-v1,4.3.0.dirty,14f61beb106bca21d78f828e2f8e35fb457d3d90,dirty,546a2b82c9418393817a4beeea7a0ace75112f95a28c95ecb284e090942cdd88,TYV,tyv-default,1.0.0,7b4189ea74cbc151a0dfa22c01dd30b105a53f9f1be561033184df0d5fecd7b6,11400714819323198485,20,1006,5032,4026,438049,499024,428893,488960,9156,10064,337910,398870,330760,390818,7150,8052,337910,398048,330760,390086,7150,7962,822
radixor-generalization-v1,4.3.0.dirty,14f61beb106bca21d78f828e2f8e35fb457d3d90,dirty,546a2b82c9418393817a4beeea7a0ace75112f95a28c95ecb284e090942cdd88,TYV,tyv-default,1.0.0,7b4189ea74cbc151a0dfa22c01dd30b105a53f9f1be561033184df0d5fecd7b6,11400714819323198485,10,503,5032,4529,423964,499024,415072,488960,8892,10064,374387,449439,366497,440381,7890,9058,374387,449087,366497,440077,7890,9010,352
radixor-generalization-v1,4.3.0.dirty,14f61beb106bca21d78f828e2f8e35fb457d3d90,dirty,546a2b82c9418393817a4beeea7a0ace75112f95a28c95ecb284e090942cdd88,TYV,tyv-default,1.0.0,7b4189ea74cbc151a0dfa22c01dd30b105a53f9f1be561033184df0d5fecd7b6,7046029254386353131,100,5032,5032,0,496307,499024,486535,488960,9772,10064,0,0,0,0,0,0,0,0,0,0,0,0,0
radixor-generalization-v1,4.3.0.dirty,14f61beb106bca21d78f828e2f8e35fb457d3d90,dirty,546a2b82c9418393817a4beeea7a0ace75112f95a28c95ecb284e090942cdd88,TYV,tyv-default,1.0.0,7b4189ea74cbc151a0dfa22c01dd30b105a53f9f1be561033184df0d5fecd7b6,7046029254386353131,90,4529,5032,503,489551,499024,479841,488960,9710,10064,43898,51116,42996,50110,902,1006,43898,50660,42996,49690,902,970,456
radixor-generalization-v1,4.3.0.dirty,14f61beb106bca21d78f828e2f8e35fb457d3d90,dirty,546a2b82c9418393817a4beeea7a0ace75112f95a28c95ecb284e090942cdd88,TYV,tyv-default,1.0.0,7b4189ea74cbc151a0dfa22c01dd30b105a53f9f1be561033184df0d5fecd7b6,7046029254386353131,80,4026,5032,1006,482056,499024,472398,488960,9658,10064,85993,101272,84183,99260,1810,2012,85993,100489,84183,98531,1810,1958,783
radixor-generalization-v1,4.3.0.dirty,14f61beb106bca21d78f828e2f8e35fb457d3d90,dirty,546a2b82c9418393817a4beeea7a0ace75112f95a28c95ecb284e090942cdd88,TYV,tyv-default,1.0.0,7b4189ea74cbc151a0dfa22c01dd30b105a53f9f1be561033184df0d5fecd7b6,7046029254386353131,70,3522,5032,1510,476059,499024,466475,488960,9584,10064,128602,150264,125894,147244,2708,3020,128602,149214,125894,146262,2708,2952,1050
radixor-generalization-v1,4.3.0.dirty,14f61beb106bca21d78f828e2f8e35fb457d3d90,dirty,546a2b82c9418393817a4beeea7a0ace75112f95a28c95ecb284e090942cdd88,TYV,tyv-default,1.0.0,7b4189ea74cbc151a0dfa22c01dd30b105a53f9f1be561033184df0d5fecd7b6,7046029254386353131,60,3019,5032,2013,469552,499024,460048,488960,9504,10064,171965,200383,168373,196357,3592,4026,171965,199289,168373,195345,3592,3944,1094
radixor-generalization-v1,4.3.0.dirty,14f61beb106bca21d78f828e2f8e35fb457d3d90,dirty,546a2b82c9418393817a4beeea7a0ace75112f95a28c95ecb284e090942cdd88,TYV,tyv-default,1.0.0,7b4189ea74cbc151a0dfa22c01dd30b105a53f9f1be561033184df0d5fecd7b6,7046029254386353131,50,2516,5032,2516,462768,499024,453326,488960,9442,10064,214209,249777,209709,244745,4500,5032,214209,248514,209709,243584,4500,4930,1263
radixor-generalization-v1,4.3.0.dirty,14f61beb106bca21d78f828e2f8e35fb457d3d90,dirty,546a2b82c9418393817a4beeea7a0ace75112f95a28c95ecb284e090942cdd88,TYV,tyv-default,1.0.0,7b4189ea74cbc151a0dfa22c01dd30b105a53f9f1be561033184df0d5fecd7b6,7046029254386353131,40,2013,5032,3019,454191,499024,444817,488960,9374,10064,255972,300320,250554,294282,5418,6038,255972,299066,250554,293124,5418,5942,1254
radixor-generalization-v1,4.3.0.dirty,14f61beb106bca21d78f828e2f8e35fb457d3d90,dirty,546a2b82c9418393817a4beeea7a0ace75112f95a28c95ecb284e090942cdd88,TYV,tyv-default,1.0.0,7b4189ea74cbc151a0dfa22c01dd30b105a53f9f1be561033184df0d5fecd7b6,7046029254386353131,30,1510,5032,3522,443654,499024,434342,488960,9312,10064,294461,349523,288135,342479,6326,7044,294461,348468,288135,341512,6326,6956,1055
radixor-generalization-v1,4.3.0.dirty,14f61beb106bca21d78f828e2f8e35fb457d3d90,dirty,546a2b82c9418393817a4beeea7a0ace75112f95a28c95ecb284e090942cdd88,TYV,tyv-default,1.0.0,7b4189ea74cbc151a0dfa22c01dd30b105a53f9f1be561033184df0d5fecd7b6,7046029254386353131,20,1006,5032,4026,432294,499024,423060,488960,9234,10064,333540,400118,326302,392066,7238,8052,333540,399265,326302,391271,7238,7994,853
radixor-generalization-v1,4.3.0.dirty,14f61beb106bca21d78f828e2f8e35fb457d3d90,dirty,546a2b82c9418393817a4beeea7a0ace75112f95a28c95ecb284e090942cdd88,TYV,tyv-default,1.0.0,7b4189ea74cbc151a0dfa22c01dd30b105a53f9f1be561033184df0d5fecd7b6,7046029254386353131,10,503,5032,4529,418895,499024,409825,488960,9070,10064,368675,448762,360607,439704,8068,9058,368675,448253,360607,439241,8068,9012,509
radixor-generalization-v1,4.3.0.dirty,14f61beb106bca21d78f828e2f8e35fb457d3d90,dirty,546a2b82c9418393817a4beeea7a0ace75112f95a28c95ecb284e090942cdd88,TYV,tyv-default,1.0.0,7b4189ea74cbc151a0dfa22c01dd30b105a53f9f1be561033184df0d5fecd7b6,2611923443488327891,100,5032,5032,0,496307,499024,486535,488960,9772,10064,0,0,0,0,0,0,0,0,0,0,0,0,0
radixor-generalization-v1,4.3.0.dirty,14f61beb106bca21d78f828e2f8e35fb457d3d90,dirty,546a2b82c9418393817a4beeea7a0ace75112f95a28c95ecb284e090942cdd88,TYV,tyv-default,1.0.0,7b4189ea74cbc151a0dfa22c01dd30b105a53f9f1be561033184df0d5fecd7b6,2611923443488327891,90,4529,5032,503,490377,499024,480651,488960,9726,10064,43455,49886,42551,48880,904,1006,43455,49388,42551,48436,904,952,498
radixor-generalization-v1,4.3.0.dirty,14f61beb106bca21d78f828e2f8e35fb457d3d90,dirty,546a2b82c9418393817a4beeea7a0ace75112f95a28c95ecb284e090942cdd88,TYV,tyv-default,1.0.0,7b4189ea74cbc151a0dfa22c01dd30b105a53f9f1be561033184df0d5fecd7b6,2611923443488327891,80,4026,5032,1006,483740,499024,474080,488960,9660,10064,85300,98868,83518,96856,1782,2012,85300,97916,83518,95992,1782,1924,952
radixor-generalization-v1,4.3.0.dirty,14f61beb106bca21d78f828e2f8e35fb457d3d90,dirty,546a2b82c9418393817a4beeea7a0ace75112f95a28c95ecb284e090942cdd88,TYV,tyv-default,1.0.0,7b4189ea74cbc151a0dfa22c01dd30b105a53f9f1be561033184df0d5fecd7b6,2611923443488327891,70,3522,5032,1510,476170,499024,466574,488960,9596,10064,127444,149059,124780,146039,2664,3020,127444,147688,124780,144792,2664,2896,1371
radixor-generalization-v1,4.3.0.dirty,14f61beb106bca21d78f828e2f8e35fb457d3d90,dirty,546a2b82c9418393817a4beeea7a0ace75112f95a28c95ecb284e090942cdd88,TYV,tyv-default,1.0.0,7b4189ea74cbc151a0dfa22c01dd30b105a53f9f1be561033184df0d5fecd7b6,2611923443488327891,60,3019,5032,2013,468476,499024,458920,488960,9556,10064,168583,198231,164987,194205,3596,4026,168583,196811,164987,192901,3596,3910,1420
radixor-generalization-v1,4.3.0.dirty,14f61beb106bca21d78f828e2f8e35fb457d3d90,dirty,546a2b82c9418393817a4beeea7a0ace75112f95a28c95ecb284e090942cdd88,TYV,tyv-default,1.0.0,7b4189ea74cbc151a0dfa22c01dd30b105a53f9f1be561033184df0d5fecd7b6,2611923443488327891,50,2516,5032,2516,461206,499024,451712,488960,9494,10064,212591,249821,208065,244789,4526,5032,212591,248504,208065,243574,4526,4930,1317
radixor-generalization-v1,4.3.0.dirty,14f61beb106bca21d78f828e2f8e35fb457d3d90,dirty,546a2b82c9418393817a4beeea7a0ace75112f95a28c95ecb284e090942cdd88,TYV,tyv-default,1.0.0,7b4189ea74cbc151a0dfa22c01dd30b105a53f9f1be561033184df0d5fecd7b6,2611923443488327891,40,2013,5032,3019,454114,499024,444750,488960,9364,10064,255311,299875,249935,293837,5376,6038,255311,298538,249935,292596,5376,5942,1337
radixor-generalization-v1,4.3.0.dirty,14f61beb106bca21d78f828e2f8e35fb457d3d90,dirty,546a2b82c9418393817a4beeea7a0ace75112f95a28c95ecb284e090942cdd88,TYV,tyv-default,1.0.0,7b4189ea74cbc151a0dfa22c01dd30b105a53f9f1be561033184df0d5fecd7b6,2611923443488327891,30,1510,5032,3522,442875,499024,433561,488960,9314,10064,293902,349892,287588,342848,6314,7044,293902,348638,287588,341684,6314,6954,1254
radixor-generalization-v1,4.3.0.dirty,14f61beb106bca21d78f828e2f8e35fb457d3d90,dirty,546a2b82c9418393817a4beeea7a0ace75112f95a28c95ecb284e090942cdd88,TYV,tyv-default,1.0.0,7b4189ea74cbc151a0dfa22c01dd30b105a53f9f1be561033184df0d5fecd7b6,2611923443488327891,20,1006,5032,4026,431512,499024,422368,488960,9144,10064,331424,398870,324282,390818,7142,8052,331424,397927,324282,389937,7142,7990,943
radixor-generalization-v1,4.3.0.dirty,14f61beb106bca21d78f828e2f8e35fb457d3d90,dirty,546a2b82c9418393817a4beeea7a0ace75112f95a28c95ecb284e090942cdd88,TYV,tyv-default,1.0.0,7b4189ea74cbc151a0dfa22c01dd30b105a53f9f1be561033184df0d5fecd7b6,2611923443488327891,10,503,5032,4529,409151,499024,400115,488960,9036,10064,359757,449622,351723,440564,8034,9058,359757,449132,351723,440106,8034,9026,490
radixor-generalization-v1,4.3.0.dirty,14f61beb106bca21d78f828e2f8e35fb457d3d90,dirty,546a2b82c9418393817a4beeea7a0ace75112f95a28c95ecb284e090942cdd88,TYV,tyv-default,1.0.0,7b4189ea74cbc151a0dfa22c01dd30b105a53f9f1be561033184df0d5fecd7b6,15111065706836454659,100,5032,5032,0,496307,499024,486535,488960,9772,10064,0,0,0,0,0,0,0,0,0,0,0,0,0
radixor-generalization-v1,4.3.0.dirty,14f61beb106bca21d78f828e2f8e35fb457d3d90,dirty,546a2b82c9418393817a4beeea7a0ace75112f95a28c95ecb284e090942cdd88,TYV,tyv-default,1.0.0,7b4189ea74cbc151a0dfa22c01dd30b105a53f9f1be561033184df0d5fecd7b6,15111065706836454659,90,4529,5032,503,490607,499024,480899,488960,9708,10064,42827,48888,41919,47882,908,1006,42827,48614,41919,47632,908,982,274
radixor-generalization-v1,4.3.0.dirty,14f61beb106bca21d78f828e2f8e35fb457d3d90,dirty,546a2b82c9418393817a4beeea7a0ace75112f95a28c95ecb284e090942cdd88,TYV,tyv-default,1.0.0,7b4189ea74cbc151a0dfa22c01dd30b105a53f9f1be561033184df0d5fecd7b6,15111065706836454659,80,4026,5032,1006,484077,499024,474459,488960,9618,10064,85631,98695,83863,96683,1768,2012,85631,97959,83863,96025,1768,1934,736
radixor-generalization-v1,4.3.0.dirty,14f61beb106bca21d78f828e2f8e35fb457d3d90,dirty,546a2b82c9418393817a4beeea7a0ace75112f95a28c95ecb284e090942cdd88,TYV,tyv-default,1.0.0,7b4189ea74cbc151a0dfa22c01dd30b105a53f9f1be561033184df0d5fecd7b6,15111065706836454659,70,3522,5032,1510,477413,499024,467873,488960,9540,10064,128056,148155,125394,145135,2662,3020,128056,147199,125394,144283,2662,2916,956
radixor-generalization-v1,4.3.0.dirty,14f61beb106bca21d78f828e2f8e35fb457d3d90,dirty,546a2b82c9418393817a4beeea7a0ace75112f95a28c95ecb284e090942cdd88,TYV,tyv-default,1.0.0,7b4189ea74cbc151a0dfa22c01dd30b105a53f9f1be561033184df0d5fecd7b6,15111065706836454659,60,3019,5032,2013,469812,499024,460332,488960,9480,10064,171874,200098,168312,196072,3562,4026,171874,198716,168312,194826,3562,3890,1382
radixor-generalization-v1,4.3.0.dirty,14f61beb106bca21d78f828e2f8e35fb457d3d90,dirty,546a2b82c9418393817a4beeea7a0ace75112f95a28c95ecb284e090942cdd88,TYV,tyv-default,1.0.0,7b4189ea74cbc151a0dfa22c01dd30b105a53f9f1be561033184df0d5fecd7b6,15111065706836454659,50,2516,5032,2516,463052,499024,453644,488960,9408,10064,214618,249940,210154,244908,4464,5032,214618,248481,210154,243589,4464,4892,1459
radixor-generalization-v1,4.3.0.dirty,14f61beb106bca21d78f828e2f8e35fb457d3d90,dirty,546a2b82c9418393817a4beeea7a0ace75112f95a28c95ecb284e090942cdd88,TYV,tyv-default,1.0.0,7b4189ea74cbc151a0dfa22c01dd30b105a53f9f1be561033184df0d5fecd7b6,15111065706836454659,40,2013,5032,3019,454441,499024,445111,488960,9330,10064,255274,299442,249918,293404,5356,6038,255274,297998,249918,292098,5356,5900,1444
radixor-generalization-v1,4.3.0.dirty,14f61beb106bca21d78f828e2f8e35fb457d3d90,dirty,546a2b82c9418393817a4beeea7a0ace75112f95a28c95ecb284e090942cdd88,TYV,tyv-default,1.0.0,7b4189ea74cbc151a0dfa22c01dd30b105a53f9f1be561033184df0d5fecd7b6,15111065706836454659,30,1510,5032,3522,442434,499024,433164,488960,9270,10064,293381,349784,287105,342740,6276,7044,293381,348510,287105,341570,6276,6940,1274
radixor-generalization-v1,4.3.0.dirty,14f61beb106bca21d78f828e2f8e35fb457d3d90,dirty,546a2b82c9418393817a4beeea7a0ace75112f95a28c95ecb284e090942cdd88,TYV,tyv-default,1.0.0,7b4189ea74cbc151a0dfa22c01dd30b105a53f9f1be561033184df0d5fecd7b6,15111065706836454659,20,1006,5032,4026,433184,499024,424022,488960,9162,10064,332713,398476,325555,390424,7158,8052,332713,397441,325555,389471,7158,7970,1035
radixor-generalization-v1,4.3.0.dirty,14f61beb106bca21d78f828e2f8e35fb457d3d90,dirty,546a2b82c9418393817a4beeea7a0ace75112f95a28c95ecb284e090942cdd88,TYV,tyv-default,1.0.0,7b4189ea74cbc151a0dfa22c01dd30b105a53f9f1be561033184df0d5fecd7b6,15111065706836454659,10,503,5032,4529,421955,499024,412965,488960,8990,10064,371557,448614,363569,439556,7988,9058,371557,448134,363569,439120,7988,9014,480
radixor-generalization-v1,4.3.0.dirty,14f61beb106bca21d78f828e2f8e35fb457d3d90,dirty,546a2b82c9418393817a4beeea7a0ace75112f95a28c95ecb284e090942cdd88,UR_PK,ur-pk-default,1.0.0,588e4e2644f121073adc8a62f8f5c14e9fcaa5e57ed29ada787596c0248eb426,2654435761,100,162,162,0,1043,1047,719,723,324,324,0,0,0,0,0,0,0,0,0,0,0,0,0
radixor-generalization-v1,4.3.0.dirty,14f61beb106bca21d78f828e2f8e35fb457d3d90,dirty,546a2b82c9418393817a4beeea7a0ace75112f95a28c95ecb284e090942cdd88,UR_PK,ur-pk-default,1.0.0,588e4e2644f121073adc8a62f8f5c14e9fcaa5e57ed29ada787596c0248eb426,2654435761,90,146,162,16,1006,1047,688,723,318,324,62,99,36,67,26,32,62,99,36,67,26,32,0
radixor-generalization-v1,4.3.0.dirty,14f61beb106bca21d78f828e2f8e35fb457d3d90,dirty,546a2b82c9418393817a4beeea7a0ace75112f95a28c95ecb284e090942cdd88,UR_PK,ur-pk-default,1.0.0,588e4e2644f121073adc8a62f8f5c14e9fcaa5e57ed29ada787596c0248eb426,2654435761,80,130,162,32,955,1047,641,723,314,324,115,204,61,140,54,64,115,203,61,139,54,64,1
radixor-generalization-v1,4.3.0.dirty,14f61beb106bca21d78f828e2f8e35fb457d3d90,dirty,546a2b82c9418393817a4beeea7a0ace75112f95a28c95ecb284e090942cdd88,UR_PK,ur-pk-default,1.0.0,588e4e2644f121073adc8a62f8f5c14e9fcaa5e57ed29ada787596c0248eb426,2654435761,70,113,162,49,929,1047,627,723,302,324,184,299,108,201,76,98,184,298,108,200,76,98,1
radixor-generalization-v1,4.3.0.dirty,14f61beb106bca21d78f828e2f8e35fb457d3d90,dirty,546a2b82c9418393817a4beeea7a0ace75112f95a28c95ecb284e090942cdd88,UR_PK,ur-pk-default,1.0.0,588e4e2644f121073adc8a62f8f5c14e9fcaa5e57ed29ada787596c0248eb426,2654435761,60,97,162,65,876,1047,578,723,298,324,242,411,138,281,104,130,242,409,138,279,104,130,2
radixor-generalization-v1,4.3.0.dirty,14f61beb106bca21d78f828e2f8e35fb457d3d90,dirty,546a2b82c9418393817a4beeea7a0ace75112f95a28c95ecb284e090942cdd88,UR_PK,ur-pk-default,1.0.0,588e4e2644f121073adc8a62f8f5c14e9fcaa5e57ed29ada787596c0248eb426,2654435761,50,81,162,81,832,1047,548,723,284,324,291,504,169,342,122,162,291,503,169,341,122,162,1
radixor-generalization-v1,4.3.0.dirty,14f61beb106bca21d78f828e2f8e35fb457d3d90,dirty,546a2b82c9418393817a4beeea7a0ace75112f95a28c95ecb284e090942cdd88,UR_PK,ur-pk-default,1.0.0,588e4e2644f121073adc8a62f8f5c14e9fcaa5e57ed29ada787596c0248eb426,2654435761,40,65,162,97,797,1047,517,723,280,324,353,601,203,407,150,194,353,601,203,407,150,194,0
radixor-generalization-v1,4.3.0.dirty,14f61beb106bca21d78f828e2f8e35fb457d3d90,dirty,546a2b82c9418393817a4beeea7a0ace75112f95a28c95ecb284e090942cdd88,UR_PK,ur-pk-default,1.0.0,588e4e2644f121073adc8a62f8f5c14e9fcaa5e57ed29ada787596c0248eb426,2654435761,30,49,162,113,764,1047,478,723,286,324,419,701,231,475,188,226,419,701,231,475,188,226,0
radixor-generalization-v1,4.3.0.dirty,14f61beb106bca21d78f828e2f8e35fb457d3d90,dirty,546a2b82c9418393817a4beeea7a0ace75112f95a28c95ecb284e090942cdd88,UR_PK,ur-pk-default,1.0.0,588e4e2644f121073adc8a62f8f5c14e9fcaa5e57ed29ada787596c0248eb426,2654435761,20,32,162,130,754,1047,476,723,278,324,524,817,310,557,214,260,524,816,310,556,214,260,1
radixor-generalization-v1,4.3.0.dirty,14f61beb106bca21d78f828e2f8e35fb457d3d90,dirty,546a2b82c9418393817a4beeea7a0ace75112f95a28c95ecb284e090942cdd88,UR_PK,ur-pk-default,1.0.0,588e4e2644f121073adc8a62f8f5c14e9fcaa5e57ed29ada787596c0248eb426,2654435761,10,16,162,146,659,1047,377,723,282,324,540,928,290,636,250,292,540,927,290,635,250,292,1
radixor-generalization-v1,4.3.0.dirty,14f61beb106bca21d78f828e2f8e35fb457d3d90,dirty,546a2b82c9418393817a4beeea7a0ace75112f95a28c95ecb284e090942cdd88,UR_PK,ur-pk-default,1.0.0,588e4e2644f121073adc8a62f8f5c14e9fcaa5e57ed29ada787596c0248eb426,11400714819323198485,100,162,162,0,1043,1047,719,723,324,324,0,0,0,0,0,0,0,0,0,0,0,0,0
radixor-generalization-v1,4.3.0.dirty,14f61beb106bca21d78f828e2f8e35fb457d3d90,dirty,546a2b82c9418393817a4beeea7a0ace75112f95a28c95ecb284e090942cdd88,UR_PK,ur-pk-default,1.0.0,588e4e2644f121073adc8a62f8f5c14e9fcaa5e57ed29ada787596c0248eb426,11400714819323198485,90,146,162,16,1008,1047,684,723,324,324,80,117,48,85,32,32,80,115,48,83,32,32,2
radixor-generalization-v1,4.3.0.dirty,14f61beb106bca21d78f828e2f8e35fb457d3d90,dirty,546a2b82c9418393817a4beeea7a0ace75112f95a28c95ecb284e090942cdd88,UR_PK,ur-pk-default,1.0.0,588e4e2644f121073adc8a62f8f5c14e9fcaa5e57ed29ada787596c0248eb426,11400714819323198485,80,130,162,32,977,1047,653,723,324,324,161,229,97,165,64,64,161,227,97,163,64,64,2
radixor-generalization-v1,4.3.0.dirty,14f61beb106bca21d78f828e2f8e35fb457d3d90,dirty,546a2b82c9418393817a4beeea7a0ace75112f95a28c95ecb284e090942cdd88,UR_PK,ur-pk-default,1.0.0,588e4e2644f121073adc8a62f8f5c14e9fcaa5e57ed29ada787596c0248eb426,11400714819323198485,70,113,162,49,942,1047,626,723,316,324,241,346,151,248,90,98,241,342,151,246,90,96,4
radixor-generalization-v1,4.3.0.dirty,14f61beb106bca21d78f828e2f8e35fb457d3d90,dirty,546a2b82c9418393817a4beeea7a0ace75112f95a28c95ecb284e090942cdd88,UR_PK,ur-pk-default,1.0.0,588e4e2644f121073adc8a62f8f5c14e9fcaa5e57ed29ada787596c0248eb426,11400714819323198485,60,97,162,65,900,1047,586,723,314,324,302,449,182,319,120,130,302,445,182,317,120,128,4
radixor-generalization-v1,4.3.0.dirty,14f61beb106bca21d78f828e2f8e35fb457d3d90,dirty,546a2b82c9418393817a4beeea7a0ace75112f95a28c95ecb284e090942cdd88,UR_PK,ur-pk-default,1.0.0,588e4e2644f121073adc8a62f8f5c14e9fcaa5e57ed29ada787596c0248eb426,11400714819323198485,50,81,162,81,875,1047,563,723,312,324,374,546,224,384,150,162,374,543,224,383,150,160,3
radixor-generalization-v1,4.3.0.dirty,14f61beb106bca21d78f828e2f8e35fb457d3d90,dirty,546a2b82c9418393817a4beeea7a0ace75112f95a28c95ecb284e090942cdd88,UR_PK,ur-pk-default,1.0.0,588e4e2644f121073adc8a62f8f5c14e9fcaa5e57ed29ada787596c0248eb426,11400714819323198485,40,65,162,97,821,1047,519,723,302,324,417,643,245,449,172,194,417,643,245,449,172,194,0
radixor-generalization-v1,4.3.0.dirty,14f61beb106bca21d78f828e2f8e35fb457d3d90,dirty,546a2b82c9418393817a4beeea7a0ace75112f95a28c95ecb284e090942cdd88,UR_PK,ur-pk-default,1.0.0,588e4e2644f121073adc8a62f8f5c14e9fcaa5e57ed29ada787596c0248eb426,11400714819323198485,30,49,162,113,757,1047,467,723,290,324,444,734,252,508,192,226,444,734,252,508,192,226,0
radixor-generalization-v1,4.3.0.dirty,14f61beb106bca21d78f828e2f8e35fb457d3d90,dirty,546a2b82c9418393817a4beeea7a0ace75112f95a28c95ecb284e090942cdd88,UR_PK,ur-pk-default,1.0.0,588e4e2644f121073adc8a62f8f5c14e9fcaa5e57ed29ada787596c0248eb426,11400714819323198485,20,32,162,130,688,1047,400,723,288,324,491,850,267,590,224,260,491,850,267,590,224,260,0
radixor-generalization-v1,4.3.0.dirty,14f61beb106bca21d78f828e2f8e35fb457d3d90,dirty,546a2b82c9418393817a4beeea7a0ace75112f95a28c95ecb284e090942cdd88,UR_PK,ur-pk-default,1.0.0,588e4e2644f121073adc8a62f8f5c14e9fcaa5e57ed29ada787596c0248eb426,11400714819323198485,10,16,162,146,690,1047,394,723,296,324,581,938,317,646,264,292,581,938,317,646,264,292,0
radixor-generalization-v1,4.3.0.dirty,14f61beb106bca21d78f828e2f8e35fb457d3d90,dirty,546a2b82c9418393817a4beeea7a0ace75112f95a28c95ecb284e090942cdd88,UR_PK,ur-pk-default,1.0.0,588e4e2644f121073adc8a62f8f5c14e9fcaa5e57ed29ada787596c0248eb426,7046029254386353131,100,162,162,0,1043,1047,719,723,324,324,0,0,0,0,0,0,0,0,0,0,0,0,0
radixor-generalization-v1,4.3.0.dirty,14f61beb106bca21d78f828e2f8e35fb457d3d90,dirty,546a2b82c9418393817a4beeea7a0ace75112f95a28c95ecb284e090942cdd88,UR_PK,ur-pk-default,1.0.0,588e4e2644f121073adc8a62f8f5c14e9fcaa5e57ed29ada787596c0248eb426,7046029254386353131,90,146,162,16,988,1047,666,723,322,324,77,134,47,102,30,32,77,132,47,100,30,32,2
radixor-generalization-v1,4.3.0.dirty,14f61beb106bca21d78f828e2f8e35fb457d3d90,dirty,546a2b82c9418393817a4beeea7a0ace75112f95a28c95ecb284e090942cdd88,UR_PK,ur-pk-default,1.0.0,588e4e2644f121073adc8a62f8f5c14e9fcaa5e57ed29ada787596c0248eb426,7046029254386353131,80,130,162,32,956,1047,640,723,316,324,142,232,86,168,56,64,142,229,86,165,56,64,3
radixor-generalization-v1,4.3.0.dirty,14f61beb106bca21d78f828e2f8e35fb457d3d90,dirty,546a2b82c9418393817a4beeea7a0ace75112f95a28c95ecb284e090942cdd88,UR_PK,ur-pk-default,1.0.0,588e4e2644f121073adc8a62f8f5c14e9fcaa5e57ed29ada787596c0248eb426,7046029254386353131,70,113,162,49,912,1047,602,723,310,324,212,347,128,249,84,98,212,342,128,246,84,96,5
radixor-generalization-v1,4.3.0.dirty,14f61beb106bca21d78f828e2f8e35fb457d3d90,dirty,546a2b82c9418393817a4beeea7a0ace75112f95a28c95ecb284e090942cdd88,UR_PK,ur-pk-default,1.0.0,588e4e2644f121073adc8a62f8f5c14e9fcaa5e57ed29ada787596c0248eb426,7046029254386353131,60,97,162,65,861,1047,555,723,306,324,258,444,146,314,112,130,258,439,146,311,112,128,5
radixor-generalization-v1,4.3.0.dirty,14f61beb106bca21d78f828e2f8e35fb457d3d90,dirty,546a2b82c9418393817a4beeea7a0ace75112f95a28c95ecb284e090942cdd88,UR_PK,ur-pk-default,1.0.0,588e4e2644f121073adc8a62f8f5c14e9fcaa5e57ed29ada787596c0248eb426,7046029254386353131,50,81,162,81,843,1047,537,723,306,324,328,532,184,370,144,162,328,528,184,368,144,160,4
radixor-generalization-v1,4.3.0.dirty,14f61beb106bca21d78f828e2f8e35fb457d3d90,dirty,546a2b82c9418393817a4beeea7a0ace75112f95a28c95ecb284e090942cdd88,UR_PK,ur-pk-default,1.0.0,588e4e2644f121073adc8a62f8f5c14e9fcaa5e57ed29ada787596c0248eb426,7046029254386353131,40,65,162,97,791,1047,493,723,298,324,379,635,211,441,168,194,379,632,211,440,168,192,3
radixor-generalization-v1,4.3.0.dirty,14f61beb106bca21d78f828e2f8e35fb457d3d90,dirty,546a2b82c9418393817a4beeea7a0ace75112f95a28c95ecb284e090942cdd88,UR_PK,ur-pk-default,1.0.0,588e4e2644f121073adc8a62f8f5c14e9fcaa5e57ed29ada787596c0248eb426,7046029254386353131,30,49,162,113,767,1047,469,723,298,324,458,738,258,512,200,226,458,737,258,511,200,226,1
radixor-generalization-v1,4.3.0.dirty,14f61beb106bca21d78f828e2f8e35fb457d3d90,dirty,546a2b82c9418393817a4beeea7a0ace75112f95a28c95ecb284e090942cdd88,UR_PK,ur-pk-default,1.0.0,588e4e2644f121073adc8a62f8f5c14e9fcaa5e57ed29ada787596c0248eb426,7046029254386353131,20,32,162,130,743,1047,485,723,258,324,513,817,319,557,194,260,513,816,319,556,194,260,1
radixor-generalization-v1,4.3.0.dirty,14f61beb106bca21d78f828e2f8e35fb457d3d90,dirty,546a2b82c9418393817a4beeea7a0ace75112f95a28c95ecb284e090942cdd88,UR_PK,ur-pk-default,1.0.0,588e4e2644f121073adc8a62f8f5c14e9fcaa5e57ed29ada787596c0248eb426,7046029254386353131,10,16,162,146,673,1047,421,723,252,324,541,915,321,623,220,292,541,914,321,622,220,292,1
radixor-generalization-v1,4.3.0.dirty,14f61beb106bca21d78f828e2f8e35fb457d3d90,dirty,546a2b82c9418393817a4beeea7a0ace75112f95a28c95ecb284e090942cdd88,UR_PK,ur-pk-default,1.0.0,588e4e2644f121073adc8a62f8f5c14e9fcaa5e57ed29ada787596c0248eb426,2611923443488327891,100,162,162,0,1043,1047,719,723,324,324,0,0,0,0,0,0,0,0,0,0,0,0,0
radixor-generalization-v1,4.3.0.dirty,14f61beb106bca21d78f828e2f8e35fb457d3d90,dirty,546a2b82c9418393817a4beeea7a0ace75112f95a28c95ecb284e090942cdd88,UR_PK,ur-pk-default,1.0.0,588e4e2644f121073adc8a62f8f5c14e9fcaa5e57ed29ada787596c0248eb426,2611923443488327891,90,146,162,16,1012,1047,692,723,320,324,63,94,35,62,28,32,63,94,35,62,28,32,0
radixor-generalization-v1,4.3.0.dirty,14f61beb106bca21d78f828e2f8e35fb457d3d90,dirty,546a2b82c9418393817a4beeea7a0ace75112f95a28c95ecb284e090942cdd88,UR_PK,ur-pk-default,1.0.0,588e4e2644f121073adc8a62f8f5c14e9fcaa5e57ed29ada787596c0248eb426,2611923443488327891,80,130,162,32,967,1047,653,723,314,324,123,199,69,135,54,64,123,199,69,135,54,64,0
radixor-generalization-v1,4.3.0.dirty,14f61beb106bca21d78f828e2f8e35fb457d3d90,dirty,546a2b82c9418393817a4beeea7a0ace75112f95a28c95ecb284e090942cdd88,UR_PK,ur-pk-default,1.0.0,588e4e2644f121073adc8a62f8f5c14e9fcaa5e57ed29ada787596c0248eb426,2611923443488327891,70,113,162,49,930,1047,618,723,312,324,195,308,109,210,86,98,195,308,109,210,86,98,0
radixor-generalization-v1,4.3.0.dirty,14f61beb106bca21d78f828e2f8e35fb457d3d90,dirty,546a2b82c9418393817a4beeea7a0ace75112f95a28c95ecb284e090942cdd88,UR_PK,ur-pk-default,1.0.0,588e4e2644f121073adc8a62f8f5c14e9fcaa5e57ed29ada787596c0248eb426,2611923443488327891,60,97,162,65,879,1047,577,723,302,324,232,397,124,267,108,130,232,396,124,266,108,130,1
radixor-generalization-v1,4.3.0.dirty,14f61beb106bca21d78f828e2f8e35fb457d3d90,dirty,546a2b82c9418393817a4beeea7a0ace75112f95a28c95ecb284e090942cdd88,UR_PK,ur-pk-default,1.0.0,588e4e2644f121073adc8a62f8f5c14e9fcaa5e57ed29ada787596c0248eb426,2611923443488327891,50,81,162,81,822,1047,524,723,298,324,277,500,141,338,136,162,277,497,141,337,136,160,3
radixor-generalization-v1,4.3.0.dirty,14f61beb106bca21d78f828e2f8e35fb457d3d90,dirty,546a2b82c9418393817a4beeea7a0ace75112f95a28c95ecb284e090942cdd88,UR_PK,ur-pk-default,1.0.0,588e4e2644f121073adc8a62f8f5c14e9fcaa5e57ed29ada787596c0248eb426,2611923443488327891,40,65,162,97,795,1047,501,723,294,324,354,605,190,411,164,194,354,601,190,409,164,192,4
radixor-generalization-v1,4.3.0.dirty,14f61beb106bca21d78f828e2f8e35fb457d3d90,dirty,546a2b82c9418393817a4beeea7a0ace75112f95a28c95ecb284e090942cdd88,UR_PK,ur-pk-default,1.0.0,588e4e2644f121073adc8a62f8f5c14e9fcaa5e57ed29ada787596c0248eb426,2611923443488327891,30,49,162,113,742,1047,446,723,296,324,419,724,221,498,198,226,419,722,221,496,198,226,2
radixor-generalization-v1,4.3.0.dirty,14f61beb106bca21d78f828e2f8e35fb457d3d90,dirty,546a2b82c9418393817a4beeea7a0ace75112f95a28c95ecb284e090942cdd88,UR_PK,ur-pk-default,1.0.0,588e4e2644f121073adc8a62f8f5c14e9fcaa5e57ed29ada787596c0248eb426,2611923443488327891,20,32,162,130,705,1047,403,723,302,324,484,826,246,566,238,260,484,825,246,565,238,260,1
radixor-generalization-v1,4.3.0.dirty,14f61beb106bca21d78f828e2f8e35fb457d3d90,dirty,546a2b82c9418393817a4beeea7a0ace75112f95a28c95ecb284e090942cdd88,UR_PK,ur-pk-default,1.0.0,588e4e2644f121073adc8a62f8f5c14e9fcaa5e57ed29ada787596c0248eb426,2611923443488327891,10,16,162,146,697,1047,387,723,310,324,609,959,331,667,278,292,609,959,331,667,278,292,0
radixor-generalization-v1,4.3.0.dirty,14f61beb106bca21d78f828e2f8e35fb457d3d90,dirty,546a2b82c9418393817a4beeea7a0ace75112f95a28c95ecb284e090942cdd88,UR_PK,ur-pk-default,1.0.0,588e4e2644f121073adc8a62f8f5c14e9fcaa5e57ed29ada787596c0248eb426,15111065706836454659,100,162,162,0,1043,1047,719,723,324,324,0,0,0,0,0,0,0,0,0,0,0,0,0
radixor-generalization-v1,4.3.0.dirty,14f61beb106bca21d78f828e2f8e35fb457d3d90,dirty,546a2b82c9418393817a4beeea7a0ace75112f95a28c95ecb284e090942cdd88,UR_PK,ur-pk-default,1.0.0,588e4e2644f121073adc8a62f8f5c14e9fcaa5e57ed29ada787596c0248eb426,15111065706836454659,90,146,162,16,1001,1047,681,723,320,324,75,117,47,85,28,32,75,117,47,85,28,32,0
radixor-generalization-v1,4.3.0.dirty,14f61beb106bca21d78f828e2f8e35fb457d3d90,dirty,546a2b82c9418393817a4beeea7a0ace75112f95a28c95ecb284e090942cdd88,UR_PK,ur-pk-default,1.0.0,588e4e2644f121073adc8a62f8f5c14e9fcaa5e57ed29ada787596c0248eb426,15111065706836454659,80,130,162,32,971,1047,653,723,318,324,155,227,97,163,58,64,155,227,97,163,58,64,0
radixor-generalization-v1,4.3.0.dirty,14f61beb106bca21d78f828e2f8e35fb457d3d90,dirty,546a2b82c9418393817a4beeea7a0ace75112f95a28c95ecb284e090942cdd88,UR_PK,ur-pk-default,1.0.0,588e4e2644f121073adc8a62f8f5c14e9fcaa5e57ed29ada787596c0248eb426,15111065706836454659,70,113,162,49,924,1047,610,723,314,324,225,346,137,248,88,98,225,344,137,246,88,98,2
radixor-generalization-v1,4.3.0.dirty,14f61beb106bca21d78f828e2f8e35fb457d3d90,dirty,546a2b82c9418393817a4beeea7a0ace75112f95a28c95ecb284e090942cdd88,UR_PK,ur-pk-default,1.0.0,588e4e2644f121073adc8a62f8f5c14e9fcaa5e57ed29ada787596c0248eb426,15111065706836454659,60,97,162,65,877,1047,563,723,314,324,309,478,189,348,120,130,309,475,189,345,120,130,3
radixor-generalization-v1,4.3.0.dirty,14f61beb106bca21d78f828e2f8e35fb457d3d90,dirty,546a2b82c9418393817a4beeea7a0ace75112f95a28c95ecb284e090942cdd88,UR_PK,ur-pk-default,1.0.0,588e4e2644f121073adc8a62f8f5c14e9fcaa5e57ed29ada787596c0248eb426,15111065706836454659,50,81,162,81,804,1047,488,723,316,324,357,599,203,437,154,162,357,597,203,435,154,162,2
radixor-generalization-v1,4.3.0.dirty,14f61beb106bca21d78f828e2f8e35fb457d3d90,dirty,546a2b82c9418393817a4beeea7a0ace75112f95a28c95ecb284e090942cdd88,UR_PK,ur-pk-default,1.0.0,588e4e2644f121073adc8a62f8f5c14e9fcaa5e57ed29ada787596c0248eb426,15111065706836454659,40,65,162,97,741,1047,425,723,316,324,398,703,212,509,186,194,398,702,212,508,186,194,1
radixor-generalization-v1,4.3.0.dirty,14f61beb106bca21d78f828e2f8e35fb457d3d90,dirty,546a2b82c9418393817a4beeea7a0ace75112f95a28c95ecb284e090942cdd88,UR_PK,ur-pk-default,1.0.0,588e4e2644f121073adc8a62f8f5c14e9fcaa5e57ed29ada787596c0248eb426,15111065706836454659,30,49,162,113,672,1047,388,723,284,324,405,779,219,553,186,226,405,779,219,553,186,226,0
radixor-generalization-v1,4.3.0.dirty,14f61beb106bca21d78f828e2f8e35fb457d3d90,dirty,546a2b82c9418393817a4beeea7a0ace75112f95a28c95ecb284e090942cdd88,UR_PK,ur-pk-default,1.0.0,588e4e2644f121073adc8a62f8f5c14e9fcaa5e57ed29ada787596c0248eb426,15111065706836454659,20,32,162,130,593,1047,273,723,320,324,439,893,183,633,256,260,439,893,183,633,256,260,0
radixor-generalization-v1,4.3.0.dirty,14f61beb106bca21d78f828e2f8e35fb457d3d90,dirty,546a2b82c9418393817a4beeea7a0ace75112f95a28c95ecb284e090942cdd88,UR_PK,ur-pk-default,1.0.0,588e4e2644f121073adc8a62f8f5c14e9fcaa5e57ed29ada787596c0248eb426,15111065706836454659,10,16,162,146,603,1047,289,723,314,324,521,965,239,673,282,292,521,965,239,673,282,292,0
radixor-generalization-v1,4.3.0.dirty,14f61beb106bca21d78f828e2f8e35fb457d3d90,dirty,546a2b82c9418393817a4beeea7a0ace75112f95a28c95ecb284e090942cdd88,VEC,vec-default,1.0.0,29d9dee4846c6fee65c69116c9ac2cfa370719af04cf206050ce08b9c5acfb0d,2654435761,100,368,368,0,8963,9056,8227,8320,736,736,0,0,0,0,0,0,0,0,0,0,0,0,0
radixor-generalization-v1,4.3.0.dirty,14f61beb106bca21d78f828e2f8e35fb457d3d90,dirty,546a2b82c9418393817a4beeea7a0ace75112f95a28c95ecb284e090942cdd88,VEC,vec-default,1.0.0,29d9dee4846c6fee65c69116c9ac2cfa370719af04cf206050ce08b9c5acfb0d,2654435761,90,331,368,37,8816,9056,8080,8320,736,736,764,913,690,839,74,74,764,911,690,837,74,74,2
radixor-generalization-v1,4.3.0.dirty,14f61beb106bca21d78f828e2f8e35fb457d3d90,dirty,546a2b82c9418393817a4beeea7a0ace75112f95a28c95ecb284e090942cdd88,VEC,vec-default,1.0.0,29d9dee4846c6fee65c69116c9ac2cfa370719af04cf206050ce08b9c5acfb0d,2654435761,80,294,368,74,8726,9056,7990,8320,736,736,1555,1820,1407,1672,148,148,1555,1793,1407,1645,148,148,27
radixor-generalization-v1,4.3.0.dirty,14f61beb106bca21d78f828e2f8e35fb457d3d90,dirty,546a2b82c9418393817a4beeea7a0ace75112f95a28c95ecb284e090942cdd88,VEC,vec-default,1.0.0,29d9dee4846c6fee65c69116c9ac2cfa370719af04cf206050ce08b9c5acfb0d,2654435761,70,258,368,110,8534,9056,7798,8320,736,736,2233,2706,2013,2486,220,220,2233,2663,2013,2443,220,220,43
radixor-generalization-v1,4.3.0.dirty,14f61beb106bca21d78f828e2f8e35fb457d3d90,dirty,546a2b82c9418393817a4beeea7a0ace75112f95a28c95ecb284e090942cdd88,VEC,vec-default,1.0.0,29d9dee4846c6fee65c69116c9ac2cfa370719af04cf206050ce08b9c5acfb0d,2654435761,60,221,368,147,8287,9056,7551,8320,736,736,2840,3608,2546,3314,294,294,2840,3519,2546,3225,294,294,89
radixor-generalization-v1,4.3.0.dirty,14f61beb106bca21d78f828e2f8e35fb457d3d90,dirty,546a2b82c9418393817a4beeea7a0ace75112f95a28c95ecb284e090942cdd88,VEC,vec-default,1.0.0,29d9dee4846c6fee65c69116c9ac2cfa370719af04cf206050ce08b9c5acfb0d,2654435761,50,184,368,184,8063,9056,7327,8320,736,736,3524,4516,3156,4148,368,368,3524,4427,3156,4059,368,368,89
radixor-generalization-v1,4.3.0.dirty,14f61beb106bca21d78f828e2f8e35fb457d3d90,dirty,546a2b82c9418393817a4beeea7a0ace75112f95a28c95ecb284e090942cdd88,VEC,vec-default,1.0.0,29d9dee4846c6fee65c69116c9ac2cfa370719af04cf206050ce08b9c5acfb0d,2654435761,40,147,368,221,7988,9056,7252,8320,736,736,4348,5415,3906,4973,442,442,4348,5351,3906,4909,442,442,64
radixor-generalization-v1,4.3.0.dirty,14f61beb106bca21d78f828e2f8e35fb457d3d90,dirty,546a2b82c9418393817a4beeea7a0ace75112f95a28c95ecb284e090942cdd88,VEC,vec-default,1.0.0,29d9dee4846c6fee65c69116c9ac2cfa370719af04cf206050ce08b9c5acfb0d,2654435761,30,110,368,258,7751,9056,7015,8320,736,736,5030,6335,4514,5819,516,516,5030,6270,4514,5754,516,516,65
radixor-generalization-v1,4.3.0.dirty,14f61beb106bca21d78f828e2f8e35fb457d3d90,dirty,546a2b82c9418393817a4beeea7a0ace75112f95a28c95ecb284e090942cdd88,VEC,vec-default,1.0.0,29d9dee4846c6fee65c69116c9ac2cfa370719af04cf206050ce08b9c5acfb0d,2654435761,20,74,368,294,7154,9056,6418,8320,736,736,5325,7227,4737,6639,588,588,5325,7177,4737,6589,588,588,50
radixor-generalization-v1,4.3.0.dirty,14f61beb106bca21d78f828e2f8e35fb457d3d90,dirty,546a2b82c9418393817a4beeea7a0ace75112f95a28c95ecb284e090942cdd88,VEC,vec-default,1.0.0,29d9dee4846c6fee65c69116c9ac2cfa370719af04cf206050ce08b9c5acfb0d,2654435761,10,37,368,331,7366,9056,6634,8320,732,736,6450,8140,5792,7478,658,662,6450,8139,5792,7477,658,662,1
radixor-generalization-v1,4.3.0.dirty,14f61beb106bca21d78f828e2f8e35fb457d3d90,dirty,546a2b82c9418393817a4beeea7a0ace75112f95a28c95ecb284e090942cdd88,VEC,vec-default,1.0.0,29d9dee4846c6fee65c69116c9ac2cfa370719af04cf206050ce08b9c5acfb0d,11400714819323198485,100,368,368,0,8963,9056,8227,8320,736,736,0,0,0,0,0,0,0,0,0,0,0,0,0
radixor-generalization-v1,4.3.0.dirty,14f61beb106bca21d78f828e2f8e35fb457d3d90,dirty,546a2b82c9418393817a4beeea7a0ace75112f95a28c95ecb284e090942cdd88,VEC,vec-default,1.0.0,29d9dee4846c6fee65c69116c9ac2cfa370719af04cf206050ce08b9c5acfb0d,11400714819323198485,90,331,368,37,8828,9056,8092,8320,736,736,776,913,702,839,74,74,776,911,702,837,74,74,2
radixor-generalization-v1,4.3.0.dirty,14f61beb106bca21d78f828e2f8e35fb457d3d90,dirty,546a2b82c9418393817a4beeea7a0ace75112f95a28c95ecb284e090942cdd88,VEC,vec-default,1.0.0,29d9dee4846c6fee65c69116c9ac2cfa370719af04cf206050ce08b9c5acfb0d,11400714819323198485,80,294,368,74,8643,9056,7907,8320,736,736,1461,1807,1313,1659,148,148,1461,1781,1313,1633,148,148,26
radixor-generalization-v1,4.3.0.dirty,14f61beb106bca21d78f828e2f8e35fb457d3d90,dirty,546a2b82c9418393817a4beeea7a0ace75112f95a28c95ecb284e090942cdd88,VEC,vec-default,1.0.0,29d9dee4846c6fee65c69116c9ac2cfa370719af04cf206050ce08b9c5acfb0d,11400714819323198485,70,258,368,110,8480,9056,7744,8320,736,736,2149,2684,1929,2464,220,220,2149,2632,1929,2412,220,220,52
radixor-generalization-v1,4.3.0.dirty,14f61beb106bca21d78f828e2f8e35fb457d3d90,dirty,546a2b82c9418393817a4beeea7a0ace75112f95a28c95ecb284e090942cdd88,VEC,vec-default,1.0.0,29d9dee4846c6fee65c69116c9ac2cfa370719af04cf206050ce08b9c5acfb0d,11400714819323198485,60,221,368,147,8127,9056,7391,8320,736,736,2701,3590,2407,3296,294,294,2701,3537,2407,3243,294,294,53
radixor-generalization-v1,4.3.0.dirty,14f61beb106bca21d78f828e2f8e35fb457d3d90,dirty,546a2b82c9418393817a4beeea7a0ace75112f95a28c95ecb284e090942cdd88,VEC,vec-default,1.0.0,29d9dee4846c6fee65c69116c9ac2cfa370719af04cf206050ce08b9c5acfb0d,11400714819323198485,50,184,368,184,7966,9056,7230,8320,736,736,3439,4504,3071,4136,368,368,3439,4440,3071,4072,368,368,64
radixor-generalization-v1,4.3.0.dirty,14f61beb106bca21d78f828e2f8e35fb457d3d90,dirty,546a2b82c9418393817a4beeea7a0ace75112f95a28c95ecb284e090942cdd88,VEC,vec-default,1.0.0,29d9dee4846c6fee65c69116c9ac2cfa370719af04cf206050ce08b9c5acfb0d,11400714819323198485,40,147,368,221,7682,9056,6952,8320,730,736,4075,5426,3639,4984,436,442,4075,5385,3639,4943,436,442,41
radixor-generalization-v1,4.3.0.dirty,14f61beb106bca21d78f828e2f8e35fb457d3d90,dirty,546a2b82c9418393817a4beeea7a0ace75112f95a28c95ecb284e090942cdd88,VEC,vec-default,1.0.0,29d9dee4846c6fee65c69116c9ac2cfa370719af04cf206050ce08b9c5acfb0d,11400714819323198485,30,110,368,258,7508,9056,6802,8320,706,736,4818,6343,4332,5827,486,516,4818,6325,4332,5809,486,516,18
radixor-generalization-v1,4.3.0.dirty,14f61beb106bca21d78f828e2f8e35fb457d3d90,dirty,546a2b82c9418393817a4beeea7a0ace75112f95a28c95ecb284e090942cdd88,VEC,vec-default,1.0.0,29d9dee4846c6fee65c69116c9ac2cfa370719af04cf206050ce08b9c5acfb0d,11400714819323198485,20,74,368,294,7361,9056,6659,8320,702,736,5524,7219,4970,6631,554,588,5524,7178,4970,6590,554,588,41
radixor-generalization-v1,4.3.0.dirty,14f61beb106bca21d78f828e2f8e35fb457d3d90,dirty,546a2b82c9418393817a4beeea7a0ace75112f95a28c95ecb284e090942cdd88,VEC,vec-default,1.0.0,29d9dee4846c6fee65c69116c9ac2cfa370719af04cf206050ce08b9c5acfb0d,11400714819323198485,10,37,368,331,6956,9056,6254,8320,702,736,6032,8132,5404,7470,628,662,6032,8117,5404,7455,628,662,15
radixor-generalization-v1,4.3.0.dirty,14f61beb106bca21d78f828e2f8e35fb457d3d90,dirty,546a2b82c9418393817a4beeea7a0ace75112f95a28c95ecb284e090942cdd88,VEC,vec-default,1.0.0,29d9dee4846c6fee65c69116c9ac2cfa370719af04cf206050ce08b9c5acfb0d,7046029254386353131,100,368,368,0,8963,9056,8227,8320,736,736,0,0,0,0,0,0,0,0,0,0,0,0,0
radixor-generalization-v1,4.3.0.dirty,14f61beb106bca21d78f828e2f8e35fb457d3d90,dirty,546a2b82c9418393817a4beeea7a0ace75112f95a28c95ecb284e090942cdd88,VEC,vec-default,1.0.0,29d9dee4846c6fee65c69116c9ac2cfa370719af04cf206050ce08b9c5acfb0d,7046029254386353131,90,331,368,37,8791,9056,8055,8320,736,736,698,909,624,835,74,74,698,870,624,796,74,74,39
radixor-generalization-v1,4.3.0.dirty,14f61beb106bca21d78f828e2f8e35fb457d3d90,dirty,546a2b82c9418393817a4beeea7a0ace75112f95a28c95ecb284e090942cdd88,VEC,vec-default,1.0.0,29d9dee4846c6fee65c69116c9ac2cfa370719af04cf206050ce08b9c5acfb0d,7046029254386353131,80,294,368,74,8644,9056,7908,8320,736,736,1465,1823,1317,1675,148,148,1465,1799,1317,1651,148,148,24
radixor-generalization-v1,4.3.0.dirty,14f61beb106bca21d78f828e2f8e35fb457d3d90,dirty,546a2b82c9418393817a4beeea7a0ace75112f95a28c95ecb284e090942cdd88,VEC,vec-default,1.0.0,29d9dee4846c6fee65c69116c9ac2cfa370719af04cf206050ce08b9c5acfb0d,7046029254386353131,70,258,368,110,8423,9056,7687,8320,736,736,2139,2721,1919,2501,220,220,2139,2694,1919,2474,220,220,27
radixor-generalization-v1,4.3.0.dirty,14f61beb106bca21d78f828e2f8e35fb457d3d90,dirty,546a2b82c9418393817a4beeea7a0ace75112f95a28c95ecb284e090942cdd88,VEC,vec-default,1.0.0,29d9dee4846c6fee65c69116c9ac2cfa370719af04cf206050ce08b9c5acfb0d,7046029254386353131,60,221,368,147,8237,9056,7501,8320,736,736,2857,3626,2563,3332,294,294,2857,3598,2563,3304,294,294,28
radixor-generalization-v1,4.3.0.dirty,14f61beb106bca21d78f828e2f8e35fb457d3d90,dirty,546a2b82c9418393817a4beeea7a0ace75112f95a28c95ecb284e090942cdd88,VEC,vec-default,1.0.0,29d9dee4846c6fee65c69116c9ac2cfa370719af04cf206050ce08b9c5acfb0d,7046029254386353131,50,184,368,184,8075,9056,7339,8320,736,736,3589,4525,3221,4157,368,368,3589,4493,3221,4125,368,368,32
radixor-generalization-v1,4.3.0.dirty,14f61beb106bca21d78f828e2f8e35fb457d3d90,dirty,546a2b82c9418393817a4beeea7a0ace75112f95a28c95ecb284e090942cdd88,VEC,vec-default,1.0.0,29d9dee4846c6fee65c69116c9ac2cfa370719af04cf206050ce08b9c5acfb0d,7046029254386353131,40,147,368,221,7938,9056,7202,8320,736,736,4365,5438,3923,4996,442,442,4365,5430,3923,4988,442,442,8
radixor-generalization-v1,4.3.0.dirty,14f61beb106bca21d78f828e2f8e35fb457d3d90,dirty,546a2b82c9418393817a4beeea7a0ace75112f95a28c95ecb284e090942cdd88,VEC,vec-default,1.0.0,29d9dee4846c6fee65c69116c9ac2cfa370719af04cf206050ce08b9c5acfb0d,7046029254386353131,30,110,368,258,7861,9056,7125,8320,736,736,5187,6360,4671,5844,516,516,5187,6335,4671,5819,516,516,25
radixor-generalization-v1,4.3.0.dirty,14f61beb106bca21d78f828e2f8e35fb457d3d90,dirty,546a2b82c9418393817a4beeea7a0ace75112f95a28c95ecb284e090942cdd88,VEC,vec-default,1.0.0,29d9dee4846c6fee65c69116c9ac2cfa370719af04cf206050ce08b9c5acfb0d,7046029254386353131,20,74,368,294,7677,9056,6941,8320,736,736,5887,7245,5299,6657,588,588,5887,7219,5299,6631,588,588,26
radixor-generalization-v1,4.3.0.dirty,14f61beb106bca21d78f828e2f8e35fb457d3d90,dirty,546a2b82c9418393817a4beeea7a0ace75112f95a28c95ecb284e090942cdd88,VEC,vec-default,1.0.0,29d9dee4846c6fee65c69116c9ac2cfa370719af04cf206050ce08b9c5acfb0d,7046029254386353131,10,37,368,331,6220,9056,5484,8320,736,736,5311,8147,4649,7485,662,662,5311,8121,4649,7459,662,662,26
radixor-generalization-v1,4.3.0.dirty,14f61beb106bca21d78f828e2f8e35fb457d3d90,dirty,546a2b82c9418393817a4beeea7a0ace75112f95a28c95ecb284e090942cdd88,VEC,vec-default,1.0.0,29d9dee4846c6fee65c69116c9ac2cfa370719af04cf206050ce08b9c5acfb0d,2611923443488327891,100,368,368,0,8963,9056,8227,8320,736,736,0,0,0,0,0,0,0,0,0,0,0,0,0
radixor-generalization-v1,4.3.0.dirty,14f61beb106bca21d78f828e2f8e35fb457d3d90,dirty,546a2b82c9418393817a4beeea7a0ace75112f95a28c95ecb284e090942cdd88,VEC,vec-default,1.0.0,29d9dee4846c6fee65c69116c9ac2cfa370719af04cf206050ce08b9c5acfb0d,2611923443488327891,90,331,368,37,8795,9056,8059,8320,736,736,705,921,631,847,74,74,705,873,631,799,74,74,48
radixor-generalization-v1,4.3.0.dirty,14f61beb106bca21d78f828e2f8e35fb457d3d90,dirty,546a2b82c9418393817a4beeea7a0ace75112f95a28c95ecb284e090942cdd88,VEC,vec-default,1.0.0,29d9dee4846c6fee65c69116c9ac2cfa370719af04cf206050ce08b9c5acfb0d,2611923443488327891,80,294,368,74,8621,9056,7885,8320,736,736,1425,1815,1277,1667,148,148,1425,1767,1277,1619,148,148,48
radixor-generalization-v1,4.3.0.dirty,14f61beb106bca21d78f828e2f8e35fb457d3d90,dirty,546a2b82c9418393817a4beeea7a0ace75112f95a28c95ecb284e090942cdd88,VEC,vec-default,1.0.0,29d9dee4846c6fee65c69116c9ac2cfa370719af04cf206050ce08b9c5acfb0d,2611923443488327891,70,258,368,110,8448,9056,7712,8320,736,736,2137,2705,1917,2485,220,220,2137,2673,1917,2453,220,220,32
radixor-generalization-v1,4.3.0.dirty,14f61beb106bca21d78f828e2f8e35fb457d3d90,dirty,546a2b82c9418393817a4beeea7a0ace75112f95a28c95ecb284e090942cdd88,VEC,vec-default,1.0.0,29d9dee4846c6fee65c69116c9ac2cfa370719af04cf206050ce08b9c5acfb0d,2611923443488327891,60,221,368,147,8346,9056,7614,8320,732,736,2918,3612,2628,3318,290,294,2918,3556,2628,3262,290,294,56
radixor-generalization-v1,4.3.0.dirty,14f61beb106bca21d78f828e2f8e35fb457d3d90,dirty,546a2b82c9418393817a4beeea7a0ace75112f95a28c95ecb284e090942cdd88,VEC,vec-default,1.0.0,29d9dee4846c6fee65c69116c9ac2cfa370719af04cf206050ce08b9c5acfb0d,2611923443488327891,50,184,368,184,8219,9056,7487,8320,732,736,3673,4510,3309,4142,364,368,3673,4438,3309,4070,364,368,72
radixor-generalization-v1,4.3.0.dirty,14f61beb106bca21d78f828e2f8e35fb457d3d90,dirty,546a2b82c9418393817a4beeea7a0ace75112f95a28c95ecb284e090942cdd88,VEC,vec-default,1.0.0,29d9dee4846c6fee65c69116c9ac2cfa370719af04cf206050ce08b9c5acfb0d,2611923443488327891,40,147,368,221,8183,9056,7451,8320,732,736,4555,5428,4117,4986,438,442,4555,5366,4117,4924,438,442,62
radixor-generalization-v1,4.3.0.dirty,14f61beb106bca21d78f828e2f8e35fb457d3d90,dirty,546a2b82c9418393817a4beeea7a0ace75112f95a28c95ecb284e090942cdd88,VEC,vec-default,1.0.0,29d9dee4846c6fee65c69116c9ac2cfa370719af04cf206050ce08b9c5acfb0d,2611923443488327891,30,110,368,258,7936,9056,7204,8320,732,736,5220,6340,4708,5824,512,516,5220,6301,4708,5785,512,516,39
radixor-generalization-v1,4.3.0.dirty,14f61beb106bca21d78f828e2f8e35fb457d3d90,dirty,546a2b82c9418393817a4beeea7a0ace75112f95a28c95ecb284e090942cdd88,VEC,vec-default,1.0.0,29d9dee4846c6fee65c69116c9ac2cfa370719af04cf206050ce08b9c5acfb0d,2611923443488327891,20,74,368,294,7942,9056,7210,8320,732,736,6122,7236,5538,6648,584,588,6122,7213,5538,6625,584,588,23
radixor-generalization-v1,4.3.0.dirty,14f61beb106bca21d78f828e2f8e35fb457d3d90,dirty,546a2b82c9418393817a4beeea7a0ace75112f95a28c95ecb284e090942cdd88,VEC,vec-default,1.0.0,29d9dee4846c6fee65c69116c9ac2cfa370719af04cf206050ce08b9c5acfb0d,2611923443488327891,10,37,368,331,7410,9056,6678,8320,732,736,6499,8145,5841,7483,658,662,6499,8123,5841,7461,658,662,22
radixor-generalization-v1,4.3.0.dirty,14f61beb106bca21d78f828e2f8e35fb457d3d90,dirty,546a2b82c9418393817a4beeea7a0ace75112f95a28c95ecb284e090942cdd88,VEC,vec-default,1.0.0,29d9dee4846c6fee65c69116c9ac2cfa370719af04cf206050ce08b9c5acfb0d,15111065706836454659,100,368,368,0,8963,9056,8227,8320,736,736,0,0,0,0,0,0,0,0,0,0,0,0,0
radixor-generalization-v1,4.3.0.dirty,14f61beb106bca21d78f828e2f8e35fb457d3d90,dirty,546a2b82c9418393817a4beeea7a0ace75112f95a28c95ecb284e090942cdd88,VEC,vec-default,1.0.0,29d9dee4846c6fee65c69116c9ac2cfa370719af04cf206050ce08b9c5acfb0d,15111065706836454659,90,331,368,37,8835,9056,8099,8320,736,736,775,903,701,829,74,74,775,903,701,829,74,74,0
radixor-generalization-v1,4.3.0.dirty,14f61beb106bca21d78f828e2f8e35fb457d3d90,dirty,546a2b82c9418393817a4beeea7a0ace75112f95a28c95ecb284e090942cdd88,VEC,vec-default,1.0.0,29d9dee4846c6fee65c69116c9ac2cfa370719af04cf206050ce08b9c5acfb0d,15111065706836454659,80,294,368,74,8623,9056,7887,8320,736,736,1459,1820,1311,1672,148,148,1459,1799,1311,1651,148,148,21
radixor-generalization-v1,4.3.0.dirty,14f61beb106bca21d78f828e2f8e35fb457d3d90,dirty,546a2b82c9418393817a4beeea7a0ace75112f95a28c95ecb284e090942cdd88,VEC,vec-default,1.0.0,29d9dee4846c6fee65c69116c9ac2cfa370719af04cf206050ce08b9c5acfb0d,15111065706836454659,70,258,368,110,8405,9056,7669,8320,736,736,2081,2713,1861,2493,220,220,2081,2640,1861,2420,220,220,73
radixor-generalization-v1,4.3.0.dirty,14f61beb106bca21d78f828e2f8e35fb457d3d90,dirty,546a2b82c9418393817a4beeea7a0ace75112f95a28c95ecb284e090942cdd88,VEC,vec-default,1.0.0,29d9dee4846c6fee65c69116c9ac2cfa370719af04cf206050ce08b9c5acfb0d,15111065706836454659,60,221,368,147,8195,9056,7459,8320,736,736,2759,3617,2465,3323,294,294,2759,3528,2465,3234,294,294,89
radixor-generalization-v1,4.3.0.dirty,14f61beb106bca21d78f828e2f8e35fb457d3d90,dirty,546a2b82c9418393817a4beeea7a0ace75112f95a28c95ecb284e090942cdd88,VEC,vec-default,1.0.0,29d9dee4846c6fee65c69116c9ac2cfa370719af04cf206050ce08b9c5acfb0d,15111065706836454659,50,184,368,184,8059,9056,7323,8320,736,736,3522,4516,3154,4148,368,368,3522,4442,3154,4074,368,368,74
radixor-generalization-v1,4.3.0.dirty,14f61beb106bca21d78f828e2f8e35fb457d3d90,dirty,546a2b82c9418393817a4beeea7a0ace75112f95a28c95ecb284e090942cdd88,VEC,vec-default,1.0.0,29d9dee4846c6fee65c69116c9ac2cfa370719af04cf206050ce08b9c5acfb0d,15111065706836454659,40,147,368,221,7896,9056,7164,8320,732,736,4269,5429,3831,4987,438,442,4269,5374,3831,4932,438,442,55
radixor-generalization-v1,4.3.0.dirty,14f61beb106bca21d78f828e2f8e35fb457d3d90,dirty,546a2b82c9418393817a4beeea7a0ace75112f95a28c95ecb284e090942cdd88,VEC,vec-default,1.0.0,29d9dee4846c6fee65c69116c9ac2cfa370719af04cf206050ce08b9c5acfb0d,15111065706836454659,30,110,368,258,7692,9056,6960,8320,732,736,5001,6365,4489,5849,512,516,5001,6315,4489,5799,512,516,50
radixor-generalization-v1,4.3.0.dirty,14f61beb106bca21d78f828e2f8e35fb457d3d90,dirty,546a2b82c9418393817a4beeea7a0ace75112f95a28c95ecb284e090942cdd88,VEC,vec-default,1.0.0,29d9dee4846c6fee65c69116c9ac2cfa370719af04cf206050ce08b9c5acfb0d,15111065706836454659,20,74,368,294,7433,9056,6701,8320,732,736,5613,7236,5029,6648,584,588,5613,7191,5029,6603,584,588,45
radixor-generalization-v1,4.3.0.dirty,14f61beb106bca21d78f828e2f8e35fb457d3d90,dirty,546a2b82c9418393817a4beeea7a0ace75112f95a28c95ecb284e090942cdd88,VEC,vec-default,1.0.0,29d9dee4846c6fee65c69116c9ac2cfa370719af04cf206050ce08b9c5acfb0d,15111065706836454659,10,37,368,331,6824,9056,6088,8320,736,736,5912,8144,5250,7482,662,662,5912,8122,5250,7460,662,662,22
radixor-generalization-v1,4.3.0.dirty,14f61beb106bca21d78f828e2f8e35fb457d3d90,dirty,546a2b82c9418393817a4beeea7a0ace75112f95a28c95ecb284e090942cdd88,VOT,vot-default,1.0.0,f05693d86412bf46ca79606c033018d488553c30a180f3d00bee394867ad667b,2654435761,100,55,55,0,1447,1448,1337,1338,110,110,0,0,0,0,0,0,0,0,0,0,0,0,0
radixor-generalization-v1,4.3.0.dirty,14f61beb106bca21d78f828e2f8e35fb457d3d90,dirty,546a2b82c9418393817a4beeea7a0ace75112f95a28c95ecb284e090942cdd88,VOT,vot-default,1.0.0,f05693d86412bf46ca79606c033018d488553c30a180f3d00bee394867ad667b,2654435761,90,50,55,5,1350,1448,1242,1338,108,110,33,130,25,120,8,10,33,130,25,120,8,10,0
radixor-generalization-v1,4.3.0.dirty,14f61beb106bca21d78f828e2f8e35fb457d3d90,dirty,546a2b82c9418393817a4beeea7a0ace75112f95a28c95ecb284e090942cdd88,VOT,vot-default,1.0.0,f05693d86412bf46ca79606c033018d488553c30a180f3d00bee394867ad667b,2654435761,80,44,55,11,1208,1448,1102,1338,106,110,49,288,31,266,18,22,49,288,31,266,18,22,0
radixor-generalization-v1,4.3.0.dirty,14f61beb106bca21d78f828e2f8e35fb457d3d90,dirty,546a2b82c9418393817a4beeea7a0ace75112f95a28c95ecb284e090942cdd88,VOT,vot-default,1.0.0,f05693d86412bf46ca79606c033018d488553c30a180f3d00bee394867ad667b,2654435761,70,39,55,16,1094,1448,988,1338,106,110,68,421,40,389,28,32,68,421,40,389,28,32,0
radixor-generalization-v1,4.3.0.dirty,14f61beb106bca21d78f828e2f8e35fb457d3d90,dirty,546a2b82c9418393817a4beeea7a0ace75112f95a28c95ecb284e090942cdd88,VOT,vot-default,1.0.0,f05693d86412bf46ca79606c033018d488553c30a180f3d00bee394867ad667b,2654435761,60,33,55,22,1001,1448,897,1338,104,110,133,580,95,536,38,44,133,579,95,535,38,44,1
radixor-generalization-v1,4.3.0.dirty,14f61beb106bca21d78f828e2f8e35fb457d3d90,dirty,546a2b82c9418393817a4beeea7a0ace75112f95a28c95ecb284e090942cdd88,VOT,vot-default,1.0.0,f05693d86412bf46ca79606c033018d488553c30a180f3d00bee394867ad667b,2654435761,50,28,55,27,914,1448,810,1338,104,110,177,711,129,657,48,54,177,710,129,656,48,54,1
radixor-generalization-v1,4.3.0.dirty,14f61beb106bca21d78f828e2f8e35fb457d3d90,dirty,546a2b82c9418393817a4beeea7a0ace75112f95a28c95ecb284e090942cdd88,VOT,vot-default,1.0.0,f05693d86412bf46ca79606c033018d488553c30a180f3d00bee394867ad667b,2654435761,40,22,55,33,786,1448,682,1338,104,110,205,867,145,801,60,66,205,867,145,801,60,66,0
radixor-generalization-v1,4.3.0.dirty,14f61beb106bca21d78f828e2f8e35fb457d3d90,dirty,546a2b82c9418393817a4beeea7a0ace75112f95a28c95ecb284e090942cdd88,VOT,vot-default,1.0.0,f05693d86412bf46ca79606c033018d488553c30a180f3d00bee394867ad667b,2654435761,30,17,55,38,619,1448,515,1338,104,110,172,1001,102,925,70,76,172,1001,102,925,70,76,0
radixor-generalization-v1,4.3.0.dirty,14f61beb106bca21d78f828e2f8e35fb457d3d90,dirty,546a2b82c9418393817a4beeea7a0ace75112f95a28c95ecb284e090942cdd88,VOT,vot-default,1.0.0,f05693d86412bf46ca79606c033018d488553c30a180f3d00bee394867ad667b,2654435761,20,11,55,44,516,1448,416,1338,100,110,228,1160,150,1072,78,88,228,1160,150,1072,78,88,0
radixor-generalization-v1,4.3.0.dirty,14f61beb106bca21d78f828e2f8e35fb457d3d90,dirty,546a2b82c9418393817a4beeea7a0ace75112f95a28c95ecb284e090942cdd88,VOT,vot-default,1.0.0,f05693d86412bf46ca79606c033018d488553c30a180f3d00bee394867ad667b,2654435761,10,6,55,49,301,1448,209,1338,92,110,142,1289,62,1191,80,98,142,1289,62,1191,80,98,0
radixor-generalization-v1,4.3.0.dirty,14f61beb106bca21d78f828e2f8e35fb457d3d90,dirty,546a2b82c9418393817a4beeea7a0ace75112f95a28c95ecb284e090942cdd88,VOT,vot-default,1.0.0,f05693d86412bf46ca79606c033018d488553c30a180f3d00bee394867ad667b,11400714819323198485,100,55,55,0,1447,1448,1337,1338,110,110,0,0,0,0,0,0,0,0,0,0,0,0,0
radixor-generalization-v1,4.3.0.dirty,14f61beb106bca21d78f828e2f8e35fb457d3d90,dirty,546a2b82c9418393817a4beeea7a0ace75112f95a28c95ecb284e090942cdd88,VOT,vot-default,1.0.0,f05693d86412bf46ca79606c033018d488553c30a180f3d00bee394867ad667b,11400714819323198485,90,50,55,5,1343,1448,1235,1338,108,110,29,133,21,123,8,10,29,133,21,123,8,10,0
radixor-generalization-v1,4.3.0.dirty,14f61beb106bca21d78f828e2f8e35fb457d3d90,dirty,546a2b82c9418393817a4beeea7a0ace75112f95a28c95ecb284e090942cdd88,VOT,vot-default,1.0.0,f05693d86412bf46ca79606c033018d488553c30a180f3d00bee394867ad667b,11400714819323198485,80,44,55,11,1221,1448,1115,1338,106,110,66,292,48,270,18,22,66,292,48,270,18,22,0
radixor-generalization-v1,4.3.0.dirty,14f61beb106bca21d78f828e2f8e35fb457d3d90,dirty,546a2b82c9418393817a4beeea7a0ace75112f95a28c95ecb284e090942cdd88,VOT,vot-default,1.0.0,f05693d86412bf46ca79606c033018d488553c30a180f3d00bee394867ad667b,11400714819323198485,70,39,55,16,1112,1448,1006,1338,106,110,92,427,64,395,28,32,92,427,64,395,28,32,0
radixor-generalization-v1,4.3.0.dirty,14f61beb106bca21d78f828e2f8e35fb457d3d90,dirty,546a2b82c9418393817a4beeea7a0ace75112f95a28c95ecb284e090942cdd88,VOT,vot-default,1.0.0,f05693d86412bf46ca79606c033018d488553c30a180f3d00bee394867ad667b,11400714819323198485,60,33,55,22,1030,1448,924,1338,106,110,164,581,124,537,40,44,164,581,124,537,40,44,0
radixor-generalization-v1,4.3.0.dirty,14f61beb106bca21d78f828e2f8e35fb457d3d90,dirty,546a2b82c9418393817a4beeea7a0ace75112f95a28c95ecb284e090942cdd88,VOT,vot-default,1.0.0,f05693d86412bf46ca79606c033018d488553c30a180f3d00bee394867ad667b,11400714819323198485,50,28,55,27,903,1448,795,1338,108,110,168,712,116,658,52,54,168,712,116,658,52,54,0
radixor-generalization-v1,4.3.0.dirty,14f61beb106bca21d78f828e2f8e35fb457d3d90,dirty,546a2b82c9418393817a4beeea7a0ace75112f95a28c95ecb284e090942cdd88,VOT,vot-default,1.0.0,f05693d86412bf46ca79606c033018d488553c30a180f3d00bee394867ad667b,11400714819323198485,40,22,55,33,757,1448,651,1338,106,110,180,870,118,804,62,66,180,870,118,804,62,66,0
radixor-generalization-v1,4.3.0.dirty,14f61beb106bca21d78f828e2f8e35fb457d3d90,dirty,546a2b82c9418393817a4beeea7a0ace75112f95a28c95ecb284e090942cdd88,VOT,vot-default,1.0.0,f05693d86412bf46ca79606c033018d488553c30a180f3d00bee394867ad667b,11400714819323198485,30,17,55,38,666,1448,562,1338,104,110,221,1002,151,926,70,76,221,1002,151,926,70,76,0
radixor-generalization-v1,4.3.0.dirty,14f61beb106bca21d78f828e2f8e35fb457d3d90,dirty,546a2b82c9418393817a4beeea7a0ace75112f95a28c95ecb284e090942cdd88,VOT,vot-default,1.0.0,f05693d86412bf46ca79606c033018d488553c30a180f3d00bee394867ad667b,11400714819323198485,20,11,55,44,551,1448,449,1338,102,110,263,1160,183,1072,80,88,263,1159,183,1071,80,88,1
radixor-generalization-v1,4.3.0.dirty,14f61beb106bca21d78f828e2f8e35fb457d3d90,dirty,546a2b82c9418393817a4beeea7a0ace75112f95a28c95ecb284e090942cdd88,VOT,vot-default,1.0.0,f05693d86412bf46ca79606c033018d488553c30a180f3d00bee394867ad667b,11400714819323198485,10,6,55,49,366,1448,270,1338,96,110,210,1292,126,1194,84,98,210,1292,126,1194,84,98,0
radixor-generalization-v1,4.3.0.dirty,14f61beb106bca21d78f828e2f8e35fb457d3d90,dirty,546a2b82c9418393817a4beeea7a0ace75112f95a28c95ecb284e090942cdd88,VOT,vot-default,1.0.0,f05693d86412bf46ca79606c033018d488553c30a180f3d00bee394867ad667b,7046029254386353131,100,55,55,0,1447,1448,1337,1338,110,110,0,0,0,0,0,0,0,0,0,0,0,0,0
radixor-generalization-v1,4.3.0.dirty,14f61beb106bca21d78f828e2f8e35fb457d3d90,dirty,546a2b82c9418393817a4beeea7a0ace75112f95a28c95ecb284e090942cdd88,VOT,vot-default,1.0.0,f05693d86412bf46ca79606c033018d488553c30a180f3d00bee394867ad667b,7046029254386353131,90,50,55,5,1356,1448,1248,1338,108,110,41,132,33,122,8,10,41,132,33,122,8,10,0
radixor-generalization-v1,4.3.0.dirty,14f61beb106bca21d78f828e2f8e35fb457d3d90,dirty,546a2b82c9418393817a4beeea7a0ace75112f95a28c95ecb284e090942cdd88,VOT,vot-default,1.0.0,f05693d86412bf46ca79606c033018d488553c30a180f3d00bee394867ad667b,7046029254386353131,80,44,55,11,1237,1448,1131,1338,106,110,78,288,60,266,18,22,78,288,60,266,18,22,0
radixor-generalization-v1,4.3.0.dirty,14f61beb106bca21d78f828e2f8e35fb457d3d90,dirty,546a2b82c9418393817a4beeea7a0ace75112f95a28c95ecb284e090942cdd88,VOT,vot-default,1.0.0,f05693d86412bf46ca79606c033018d488553c30a180f3d00bee394867ad667b,7046029254386353131,70,39,55,16,1116,1448,1010,1338,106,110,90,421,62,389,28,32,90,421,62,389,28,32,0
radixor-generalization-v1,4.3.0.dirty,14f61beb106bca21d78f828e2f8e35fb457d3d90,dirty,546a2b82c9418393817a4beeea7a0ace75112f95a28c95ecb284e090942cdd88,VOT,vot-default,1.0.0,f05693d86412bf46ca79606c033018d488553c30a180f3d00bee394867ad667b,7046029254386353131,60,33,55,22,983,1448,877,1338,106,110,110,575,70,531,40,44,110,574,70,530,40,44,1
radixor-generalization-v1,4.3.0.dirty,14f61beb106bca21d78f828e2f8e35fb457d3d90,dirty,546a2b82c9418393817a4beeea7a0ace75112f95a28c95ecb284e090942cdd88,VOT,vot-default,1.0.0,f05693d86412bf46ca79606c033018d488553c30a180f3d00bee394867ad667b,7046029254386353131,50,28,55,27,863,1448,757,1338,106,110,123,708,73,654,50,54,123,707,73,653,50,54,1
radixor-generalization-v1,4.3.0.dirty,14f61beb106bca21d78f828e2f8e35fb457d3d90,dirty,546a2b82c9418393817a4beeea7a0ace75112f95a28c95ecb284e090942cdd88,VOT,vot-default,1.0.0,f05693d86412bf46ca79606c033018d488553c30a180f3d00bee394867ad667b,7046029254386353131,40,22,55,33,759,1448,653,1338,106,110,180,869,118,803,62,66,180,869,118,803,62,66,0
radixor-generalization-v1,4.3.0.dirty,14f61beb106bca21d78f828e2f8e35fb457d3d90,dirty,546a2b82c9418393817a4beeea7a0ace75112f95a28c95ecb284e090942cdd88,VOT,vot-default,1.0.0,f05693d86412bf46ca79606c033018d488553c30a180f3d00bee394867ad667b,7046029254386353131,30,17,55,38,638,1448,530,1338,108,110,190,1000,116,924,74,76,190,1000,116,924,74,76,0
radixor-generalization-v1,4.3.0.dirty,14f61beb106bca21d78f828e2f8e35fb457d3d90,dirty,546a2b82c9418393817a4beeea7a0ace75112f95a28c95ecb284e090942cdd88,VOT,vot-default,1.0.0,f05693d86412bf46ca79606c033018d488553c30a180f3d00bee394867ad667b,7046029254386353131,20,11,55,44,483,1448,375,1338,108,110,191,1156,105,1068,86,88,191,1156,105,1068,86,88,0
radixor-generalization-v1,4.3.0.dirty,14f61beb106bca21d78f828e2f8e35fb457d3d90,dirty,546a2b82c9418393817a4beeea7a0ace75112f95a28c95ecb284e090942cdd88,VOT,vot-default,1.0.0,f05693d86412bf46ca79606c033018d488553c30a180f3d00bee394867ad667b,7046029254386353131,10,6,55,49,320,1448,210,1338,110,110,160,1288,62,1190,98,98,160,1288,62,1190,98,98,0
radixor-generalization-v1,4.3.0.dirty,14f61beb106bca21d78f828e2f8e35fb457d3d90,dirty,546a2b82c9418393817a4beeea7a0ace75112f95a28c95ecb284e090942cdd88,VOT,vot-default,1.0.0,f05693d86412bf46ca79606c033018d488553c30a180f3d00bee394867ad667b,2611923443488327891,100,55,55,0,1447,1448,1337,1338,110,110,0,0,0,0,0,0,0,0,0,0,0,0,0
radixor-generalization-v1,4.3.0.dirty,14f61beb106bca21d78f828e2f8e35fb457d3d90,dirty,546a2b82c9418393817a4beeea7a0ace75112f95a28c95ecb284e090942cdd88,VOT,vot-default,1.0.0,f05693d86412bf46ca79606c033018d488553c30a180f3d00bee394867ad667b,2611923443488327891,90,50,55,5,1350,1448,1244,1338,106,110,33,131,27,121,6,10,33,130,27,120,6,10,1
radixor-generalization-v1,4.3.0.dirty,14f61beb106bca21d78f828e2f8e35fb457d3d90,dirty,546a2b82c9418393817a4beeea7a0ace75112f95a28c95ecb284e090942cdd88,VOT,vot-default,1.0.0,f05693d86412bf46ca79606c033018d488553c30a180f3d00bee394867ad667b,2611923443488327891,80,44,55,11,1238,1448,1132,1338,106,110,79,289,61,267,18,22,79,288,61,266,18,22,1
radixor-generalization-v1,4.3.0.dirty,14f61beb106bca21d78f828e2f8e35fb457d3d90,dirty,546a2b82c9418393817a4beeea7a0ace75112f95a28c95ecb284e090942cdd88,VOT,vot-default,1.0.0,f05693d86412bf46ca79606c033018d488553c30a180f3d00bee394867ad667b,2611923443488327891,70,39,55,16,1130,1448,1026,1338,104,110,103,421,77,389,26,32,103,420,77,388,26,32,1
radixor-generalization-v1,4.3.0.dirty,14f61beb106bca21d78f828e2f8e35fb457d3d90,dirty,546a2b82c9418393817a4beeea7a0ace75112f95a28c95ecb284e090942cdd88,VOT,vot-default,1.0.0,f05693d86412bf46ca79606c033018d488553c30a180f3d00bee394867ad667b,2611923443488327891,60,33,55,22,1036,1448,930,1338,106,110,168,580,128,536,40,44,168,579,128,535,40,44,1
radixor-generalization-v1,4.3.0.dirty,14f61beb106bca21d78f828e2f8e35fb457d3d90,dirty,546a2b82c9418393817a4beeea7a0ace75112f95a28c95ecb284e090942cdd88,VOT,vot-default,1.0.0,f05693d86412bf46ca79606c033018d488553c30a180f3d00bee394867ad667b,2611923443488327891,50,28,55,27,926,1448,820,1338,106,110,189,711,139,657,50,54,189,711,139,657,50,54,0
radixor-generalization-v1,4.3.0.dirty,14f61beb106bca21d78f828e2f8e35fb457d3d90,dirty,546a2b82c9418393817a4beeea7a0ace75112f95a28c95ecb284e090942cdd88,VOT,vot-default,1.0.0,f05693d86412bf46ca79606c033018d488553c30a180f3d00bee394867ad667b,2611923443488327891,40,22,55,33,787,1448,683,1338,104,110,208,869,148,803,60,66,208,869,148,803,60,66,0
radixor-generalization-v1,4.3.0.dirty,14f61beb106bca21d78f828e2f8e35fb457d3d90,dirty,546a2b82c9418393817a4beeea7a0ace75112f95a28c95ecb284e090942cdd88,VOT,vot-default,1.0.0,f05693d86412bf46ca79606c033018d488553c30a180f3d00bee394867ad667b,2611923443488327891,30,17,55,38,610,1448,502,1338,108,110,163,1001,89,925,74,76,163,1001,89,925,74,76,0
radixor-generalization-v1,4.3.0.dirty,14f61beb106bca21d78f828e2f8e35fb457d3d90,dirty,546a2b82c9418393817a4beeea7a0ace75112f95a28c95ecb284e090942cdd88,VOT,vot-default,1.0.0,f05693d86412bf46ca79606c033018d488553c30a180f3d00bee394867ad667b,2611923443488327891,20,11,55,44,447,1448,349,1338,98,110,160,1161,84,1073,76,88,160,1161,84,1073,76,88,0
radixor-generalization-v1,4.3.0.dirty,14f61beb106bca21d78f828e2f8e35fb457d3d90,dirty,546a2b82c9418393817a4beeea7a0ace75112f95a28c95ecb284e090942cdd88,VOT,vot-default,1.0.0,f05693d86412bf46ca79606c033018d488553c30a180f3d00bee394867ad667b,2611923443488327891,10,6,55,49,379,1448,283,1338,96,110,222,1291,138,1193,84,98,222,1291,138,1193,84,98,0
radixor-generalization-v1,4.3.0.dirty,14f61beb106bca21d78f828e2f8e35fb457d3d90,dirty,546a2b82c9418393817a4beeea7a0ace75112f95a28c95ecb284e090942cdd88,VOT,vot-default,1.0.0,f05693d86412bf46ca79606c033018d488553c30a180f3d00bee394867ad667b,15111065706836454659,100,55,55,0,1447,1448,1337,1338,110,110,0,0,0,0,0,0,0,0,0,0,0,0,0
radixor-generalization-v1,4.3.0.dirty,14f61beb106bca21d78f828e2f8e35fb457d3d90,dirty,546a2b82c9418393817a4beeea7a0ace75112f95a28c95ecb284e090942cdd88,VOT,vot-default,1.0.0,f05693d86412bf46ca79606c033018d488553c30a180f3d00bee394867ad667b,15111065706836454659,90,50,55,5,1370,1448,1262,1338,108,110,55,132,47,122,8,10,55,132,47,122,8,10,0
radixor-generalization-v1,4.3.0.dirty,14f61beb106bca21d78f828e2f8e35fb457d3d90,dirty,546a2b82c9418393817a4beeea7a0ace75112f95a28c95ecb284e090942cdd88,VOT,vot-default,1.0.0,f05693d86412bf46ca79606c033018d488553c30a180f3d00bee394867ad667b,15111065706836454659,80,44,55,11,1224,1448,1116,1338,108,110,68,291,48,269,20,22,68,291,48,269,20,22,0
radixor-generalization-v1,4.3.0.dirty,14f61beb106bca21d78f828e2f8e35fb457d3d90,dirty,546a2b82c9418393817a4beeea7a0ace75112f95a28c95ecb284e090942cdd88,VOT,vot-default,1.0.0,f05693d86412bf46ca79606c033018d488553c30a180f3d00bee394867ad667b,15111065706836454659,70,39,55,16,1114,1448,1008,1338,106,110,90,423,62,391,28,32,90,423,62,391,28,32,0
radixor-generalization-v1,4.3.0.dirty,14f61beb106bca21d78f828e2f8e35fb457d3d90,dirty,546a2b82c9418393817a4beeea7a0ace75112f95a28c95ecb284e090942cdd88,VOT,vot-default,1.0.0,f05693d86412bf46ca79606c033018d488553c30a180f3d00bee394867ad667b,15111065706836454659,60,33,55,22,1002,1448,896,1338,106,110,135,580,95,536,40,44,135,580,95,536,40,44,0
radixor-generalization-v1,4.3.0.dirty,14f61beb106bca21d78f828e2f8e35fb457d3d90,dirty,546a2b82c9418393817a4beeea7a0ace75112f95a28c95ecb284e090942cdd88,VOT,vot-default,1.0.0,f05693d86412bf46ca79606c033018d488553c30a180f3d00bee394867ad667b,15111065706836454659,50,28,55,27,923,1448,815,1338,108,110,186,710,134,656,52,54,186,710,134,656,52,54,0
radixor-generalization-v1,4.3.0.dirty,14f61beb106bca21d78f828e2f8e35fb457d3d90,dirty,546a2b82c9418393817a4beeea7a0ace75112f95a28c95ecb284e090942cdd88,VOT,vot-default,1.0.0,f05693d86412bf46ca79606c033018d488553c30a180f3d00bee394867ad667b,15111065706836454659,40,22,55,33,800,1448,692,1338,108,110,218,866,154,800,64,66,218,865,154,799,64,66,1
radixor-generalization-v1,4.3.0.dirty,14f61beb106bca21d78f828e2f8e35fb457d3d90,dirty,546a2b82c9418393817a4beeea7a0ace75112f95a28c95ecb284e090942cdd88,VOT,vot-default,1.0.0,f05693d86412bf46ca79606c033018d488553c30a180f3d00bee394867ad667b,15111065706836454659,30,17,55,38,679,1448,573,1338,106,110,228,997,156,921,72,76,228,996,156,920,72,76,1
radixor-generalization-v1,4.3.0.dirty,14f61beb106bca21d78f828e2f8e35fb457d3d90,dirty,546a2b82c9418393817a4beeea7a0ace75112f95a28c95ecb284e090942cdd88,VOT,vot-default,1.0.0,f05693d86412bf46ca79606c033018d488553c30a180f3d00bee394867ad667b,15111065706836454659,20,11,55,44,522,1448,418,1338,104,110,229,1155,147,1067,82,88,229,1154,147,1066,82,88,1
radixor-generalization-v1,4.3.0.dirty,14f61beb106bca21d78f828e2f8e35fb457d3d90,dirty,546a2b82c9418393817a4beeea7a0ace75112f95a28c95ecb284e090942cdd88,VOT,vot-default,1.0.0,f05693d86412bf46ca79606c033018d488553c30a180f3d00bee394867ad667b,15111065706836454659,10,6,55,49,363,1448,261,1338,102,110,204,1289,114,1191,90,98,204,1288,114,1190,90,98,1
