model_id,repository,revision,data_sources,excluded_source_audit,evidence_paths,evidence_sha256,license_id,license_uri,license_scope,source_origin,attribution,projection_semantics,conflict_semantics,lowercase,policy_version,source_rows,accepted_rows,rejected_rows,rejection_counts,source_audit,cross_source_conflict_assignments,cross_source_conflicting_surfaces,intrinsic_ambiguous_surfaces,output_groups,output_forms,output_sha256
ady-default,https://github.com/unimorph/ady,1ce60b56fc1ae6c4a242d264aabb4ce76f23e509,"[{""exceptions"":""none"",""key"":""primary"",""local_name"":""data"",""path"":""ady"",""schema"":""lemma-form-features"",""sha256"":""a00b7b1617cb9abf7fcd00cc29d544d588bbf9f87017ff1bb24f5190d45a49a4""}]",[],README.md:evidence-00-README.md,evidence-00-README.md:7ef8bed997b9cb576b75d89ec602eddb98b661b8fd1629088857a189de1961bf,CC-BY-SA-3.0,https://creativecommons.org/licenses/by-sa/3.0/,Selected repository data files at pinned revision: ady,Wikipedia,UniMorph,Each declared three-column source directly projects lemma and surface form.,All valid lemma-form assignments are retained. Surface ambiguity is reported explicitly and is never resolved by dropping or overwriting an assignment.,true,radixor-unimorph-import-v1,22202,20102,2100,blank-row=1727;form-unicode-whitespace=1;lemma-unicode-whitespace=372,"[{""accepted_rows"":20102,""added_changed_pairs"":18731,""added_distinct_surfaces"":20347,""added_groups"":1635,""added_output_forms"":20366,""added_source_pairs"":19406,""cross_source_conflict_assignments"":0,""cross_source_conflicting_surfaces"":0,""intrinsic_ambiguous_surfaces"":14,""key"":""primary"",""path"":""ady"",""rejected_rows"":2100,""rejection_counts"":{""blank-row"":1727,""form-unicode-whitespace"":1,""lemma-unicode-whitespace"":372},""source_rows"":22202}]",0,0,14,1635,20366,a6ec25c18612cfdc77d43aba4bf49ec3b6cf07e3e484af404a788dff7e944e16
af-za-default,https://github.com/unimorph/afr,cc2df0c0de1a4e44a96739c1670c52d386cbf401,"[{""exceptions"":""none"",""key"":""primary"",""local_name"":""data"",""path"":""afr"",""schema"":""lemma-form-features"",""sha256"":""dcdf6278cda8c252b776e6974b14a5232eee60be91f8a0259b085e701ba55bed""}]",[],README.md:evidence-00-README.md,evidence-00-README.md:0885a8158c5e7eb29255eb8fd4849258bf0ea84e05f5b870f88a8e485f45e600,CC-BY-SA-3.0,https://creativecommons.org/licenses/by-sa/3.0/,Selected repository data files at pinned revision: afr,Not stated in pinned repository evidence,UniMorph; Peter Dirix,Each declared three-column source directly projects lemma and surface form.,All valid lemma-form assignments are retained. Surface ambiguity is reported explicitly and is never resolved by dropping or overwriting an assignment.,true,radixor-unimorph-import-v1,335067,330895,4172,form-unicode-whitespace=1;lemma-runtime-comment-marker=7;lemma-unicode-whitespace=4140;lemma-unsupported-character=24,"[{""accepted_rows"":330895,""added_changed_pairs"":130571,""added_distinct_surfaces"":297154,""added_groups"":170974,""added_output_forms"":301545,""added_source_pairs"":301446,""cross_source_conflict_assignments"":0,""cross_source_conflicting_surfaces"":0,""intrinsic_ambiguous_surfaces"":4286,""key"":""primary"",""path"":""afr"",""rejected_rows"":4172,""rejection_counts"":{""form-unicode-whitespace"":1,""lemma-runtime-comment-marker"":7,""lemma-unicode-whitespace"":4140,""lemma-unsupported-character"":24},""source_rows"":335067}]",0,0,4286,170974,301545,ab23228100b7671fa7a21a23c6c8662a71de69584b277033d5160806542b4bbd
afb-default,https://github.com/unimorph/afb,aca24ea0d194d5fec56e18ee7cb341bb93be729e,"[{""exceptions"":""none"",""key"":""primary"",""local_name"":""data"",""path"":""afb"",""schema"":""lemma-form-features"",""sha256"":""525d5e9bd66d0213cfbdbcee8277eb3e50bd3682c6277fdb489780154acccec7""}]","[{""detail"":""Duplicate .args projection was audited and excluded; only bel.args, grc.args, and hye.args add an approved compatible projection."",""path"":""afb.args"",""reason"":""duplicate-args""}]",README.md:evidence-00-README.md,evidence-00-README.md:b639189cb6ddd0cb94c970fe5777521ce1d78925fc88e27926225dfc4a55e18f,CC-BY-SA-3.0,https://creativecommons.org/licenses/by-sa/3.0/,Selected repository data files at pinned revision: afb,Not stated in pinned repository evidence,UniMorph; Salam Khalifa and Nizar Habash ([CAMeL Lab](www.camel-lab.com) @ NYU Abu Dhabi),Each declared three-column source directly projects lemma and surface form.,All valid lemma-form assignments are retained. Surface ambiguity is reported explicitly and is never resolved by dropping or overwriting an assignment.,true,radixor-unimorph-import-v1,32236,32236,0,,"[{""accepted_rows"":32236,""added_changed_pairs"":23811,""added_distinct_surfaces"":29344,""added_groups"":6345,""added_output_forms"":30156,""added_source_pairs"":24796,""cross_source_conflict_assignments"":0,""cross_source_conflicting_surfaces"":0,""intrinsic_ambiguous_surfaces"":648,""key"":""primary"",""path"":""afb"",""rejected_rows"":0,""rejection_counts"":{},""source_rows"":32236}]",0,0,648,6345,30156,7ba0759227455725063648b569652e0442452501fa58b763f3861a3828655ba7
ail-default,https://github.com/unimorph/ail,e88b9d137859320ec5bcb406d9c3eb54d8e38c33,"[{""exceptions"":""none"",""key"":""primary"",""local_name"":""data"",""path"":""ail"",""schema"":""lemma-form-features"",""sha256"":""e17d26ab3548d2204ae321b63377fb3beed64bb89fae403af4ca7874b1710172""}]",[],README.md:evidence-00-README.md,evidence-00-README.md:37ff40bf5b4789fbe977fc0bcc97875137cb1ef8b6c79e2879d8a9c14683b34a,CC-BY-SA-3.0,https://creativecommons.org/licenses/by-sa/3.0/,Selected repository data files at pinned revision: ail,Not stated in pinned repository evidence,"UniMorph; Grant Aiton, Edoardo Maria Ponti, Ekaterina Vylomova",Each declared three-column source directly projects lemma and surface form.,All valid lemma-form assignments are retained. Surface ambiguity is reported explicitly and is never resolved by dropping or overwriting an assignment.,true,radixor-unimorph-import-v1,2718,2681,37,form-unicode-whitespace=33;lemma-unicode-whitespace=4,"[{""accepted_rows"":2681,""added_changed_pairs"":2497,""added_distinct_surfaces"":3061,""added_groups"":636,""added_output_forms"":3133,""added_source_pairs"":2508,""cross_source_conflict_assignments"":0,""cross_source_conflicting_surfaces"":0,""intrinsic_ambiguous_surfaces"":41,""key"":""primary"",""path"":""ail"",""rejected_rows"":37,""rejection_counts"":{""form-unicode-whitespace"":33,""lemma-unicode-whitespace"":4},""source_rows"":2718}]",0,0,41,636,3133,a462d3bc94670a2e37c292d027e70892a35c221441500242b5fa9e350fbfba6f
aka-default,https://github.com/unimorph/aka,f30f6bceef61f64dae87f8e78d4c02a7cd920a07,"[{""exceptions"":""none"",""key"":""primary"",""local_name"":""data"",""path"":""aka"",""schema"":""lemma-form-features"",""sha256"":""3995f2eaff5ebfe1e70aec3906f8b0c660040a595fa71170e566dc82784af9d9""}]",[],README.md:evidence-00-README.md,evidence-00-README.md:fdf7c0a7cc74255ed44c51aae2436a53abba280b4ecb7a34664b4574b8495d0c,CC-BY-SA-3.0,https://creativecommons.org/licenses/by-sa/3.0/,Selected repository data files at pinned revision: aka,Not stated in pinned repository evidence,UniMorph; Tiago Pimentel,Each declared three-column source directly projects lemma and surface form.,All valid lemma-form assignments are retained. Surface ambiguity is reported explicitly and is never resolved by dropping or overwriting an assignment.,true,radixor-unimorph-import-v1,4182,2295,1887,form-unicode-whitespace=1190;lemma-unicode-whitespace=697,"[{""accepted_rows"":2295,""added_changed_pairs"":1817,""added_distinct_surfaces"":1890,""added_groups"":79,""added_output_forms"":1896,""added_source_pairs"":1896,""cross_source_conflict_assignments"":0,""cross_source_conflicting_surfaces"":0,""intrinsic_ambiguous_surfaces"":6,""key"":""primary"",""path"":""aka"",""rejected_rows"":1887,""rejection_counts"":{""form-unicode-whitespace"":1190,""lemma-unicode-whitespace"":697},""source_rows"":4182}]",0,0,6,79,1896,7dd8e1835f51ced8bc3f87409c1ce6eb089ef0e5cde20111c44282ed9ca498b0
am-et-default,https://github.com/unimorph/amh,02db5a185339f6d7a3440f05a4f1d1ca0131881a,"[{""exceptions"":""none"",""key"":""primary"",""local_name"":""data"",""path"":""amh"",""schema"":""lemma-form-features"",""sha256"":""42014c1c3066495613a5cd1bc7375e4cb3572b779d80f1dc5508d99c753e267f""}]","[{""detail"":""Duplicate .args projection was audited and excluded; only bel.args, grc.args, and hye.args add an approved compatible projection."",""path"":""amh.args"",""reason"":""duplicate-args""}]",README.md:evidence-00-README.md,evidence-00-README.md:d8fe0e3de62651c251bbd4ef6c75d17eddaee298e41d79e4f562314fc30f2c8e,CC-BY-SA-3.0,https://creativecommons.org/licenses/by-sa/3.0/,Selected repository data files at pinned revision: amh,Not stated in pinned repository evidence,UniMorph,Each declared three-column source directly projects lemma and surface form.,All valid lemma-form assignments are retained. Surface ambiguity is reported explicitly and is never resolved by dropping or overwriting an assignment.,true,radixor-unimorph-import-v1,46224,46224,0,,"[{""accepted_rows"":46224,""added_changed_pairs"":40001,""added_distinct_surfaces"":41308,""added_groups"":2461,""added_output_forms"":42462,""added_source_pairs"":42428,""cross_source_conflict_assignments"":0,""cross_source_conflicting_surfaces"":0,""intrinsic_ambiguous_surfaces"":1140,""key"":""primary"",""path"":""amh"",""rejected_rows"":0,""rejection_counts"":{},""source_rows"":46224}]",0,0,1140,2461,42462,69e9089fae06a465459f288a4e2074ffcb9656bf2b6fd01772a2af3f71e5bb70
ame-default,https://github.com/unimorph/ame,a3119da64f3b740d7f9b9dcbd4189fb5c8ac4a85,"[{""exceptions"":""none"",""key"":""primary"",""local_name"":""data"",""path"":""ame"",""schema"":""lemma-form-features"",""sha256"":""f76cab6da578b5aa9db9af780beffbfa68f570f6f234ee4722a9687ede2cf860""}]",[],README.md:evidence-00-README.md,evidence-00-README.md:7f3e80888ba1142b6ebd6faa4b48ea58ad00ddda61a717f8210f4eb217728e2f,CC-BY-SA-3.0,https://creativecommons.org/licenses/by-sa/3.0/,Selected repository data files at pinned revision: ame,"Duff-Trip, M. 1998. Diccionario Yanesha’ (Amuesha)-Castellano","UniMorph; Arturo Oncevay ,Gema Celeste Silva Villegas, Juan López Bautista, Didier López Francis, Roberto Zariquiey",Each declared three-column source directly projects lemma and surface form.,All valid lemma-form assignments are retained. Surface ambiguity is reported explicitly and is never resolved by dropping or overwriting an assignment.,true,radixor-unimorph-import-v1,3767,3729,38,form-unsupported-character=21;lemma-unsupported-character=17,"[{""accepted_rows"":3729,""added_changed_pairs"":2342,""added_distinct_surfaces"":2635,""added_groups"":326,""added_output_forms"":2668,""added_source_pairs"":2668,""cross_source_conflict_assignments"":0,""cross_source_conflicting_surfaces"":0,""intrinsic_ambiguous_surfaces"":33,""key"":""primary"",""path"":""ame"",""rejected_rows"":38,""rejection_counts"":{""form-unsupported-character"":21,""lemma-unsupported-character"":17},""source_rows"":3767}]",0,0,33,326,2668,e59d252da23b0152d213b1ccff688971bfb49971e2ffcc50b991340516d8feaa
ang-default,https://github.com/unimorph/ang,825a9e35208fd8fcbc340bd8129d69012386e048,"[{""exceptions"":""none"",""key"":""primary"",""local_name"":""data"",""path"":""ang"",""schema"":""lemma-form-features"",""sha256"":""e1568ebdf73db88cf3adc1f9d976524d458ef0c9fc69fbef926d0af9dfe8d580""}]",[],README.md:evidence-00-README.md,evidence-00-README.md:9a03198ad0df078612f9e7d77e802edeff0b5a00ef1f7e72de996a643315a66a,CC-BY-SA-3.0,https://creativecommons.org/licenses/by-sa/3.0/,Selected repository data files at pinned revision: ang,Not stated in pinned repository evidence,UniMorph,Each declared three-column source directly projects lemma and surface form.,All valid lemma-form assignments are retained. Surface ambiguity is reported explicitly and is never resolved by dropping or overwriting an assignment.,true,radixor-unimorph-import-v1,178373,178245,128,form-unicode-whitespace=28;lemma-unicode-whitespace=100,"[{""accepted_rows"":178245,""added_changed_pairs"":60479,""added_distinct_surfaces"":65202,""added_groups"":7146,""added_output_forms"":67625,""added_source_pairs"":67625,""cross_source_conflict_assignments"":0,""cross_source_conflicting_surfaces"":0,""intrinsic_ambiguous_surfaces"":2295,""key"":""primary"",""path"":""ang"",""rejected_rows"":128,""rejection_counts"":{""form-unicode-whitespace"":28,""lemma-unicode-whitespace"":100},""source_rows"":178373}]",0,0,2295,7146,67625,1cb0c94c9df7b61676399d163f0a6b7edc2c9d4c14b7560d8ad3667b447d70cf
arn-default,https://github.com/unimorph/arn,f788f46e295e87e23980cc2634c2449040f05b1c,"[{""exceptions"":""none"",""key"":""primary"",""local_name"":""data"",""path"":""arn"",""schema"":""lemma-form-features"",""sha256"":""ea791e08374673880795aaf7fd0a0ca8222ff60b387f48885ed2c7c92b270a31""}]",[],README.md:evidence-00-README.md,evidence-00-README.md:4da6082aac38e3a07b30fcfc7b0e6c72d1af995af65272836ec2870d0ba6cf86,CC-BY-SA-3.0,https://creativecommons.org/licenses/by-sa/3.0/,Selected repository data files at pinned revision: arn,Wikipedia,UniMorph,Each declared three-column source directly projects lemma and surface form.,All valid lemma-form assignments are retained. Surface ambiguity is reported explicitly and is never resolved by dropping or overwriting an assignment.,true,radixor-unimorph-import-v1,814,667,147,blank-row=31;form-unicode-whitespace=116,"[{""accepted_rows"":667,""added_changed_pairs"":522,""added_distinct_surfaces"":548,""added_groups"":26,""added_output_forms"":548,""added_source_pairs"":546,""cross_source_conflict_assignments"":0,""cross_source_conflicting_surfaces"":0,""intrinsic_ambiguous_surfaces"":0,""key"":""primary"",""path"":""arn"",""rejected_rows"":147,""rejection_counts"":{""blank-row"":31,""form-unicode-whitespace"":116},""source_rows"":814}]",0,0,0,26,548,a9d691ff4f8d5b9a8c87baa400e70754295a107f81a157ffcf9b0063034e9a99
arz-default,https://github.com/unimorph/arz,e3fd562845647176b8be9b8e21710732bc76d558,"[{""exceptions"":""none"",""key"":""primary"",""local_name"":""data"",""path"":""arz"",""schema"":""lemma-form-features"",""sha256"":""971457a56dc9a67d5bdc04aae14fa0a0aeb18f3360e15023acbc43b682a4210a""}]","[{""detail"":""Duplicate .args projection was audited and excluded; only bel.args, grc.args, and hye.args add an approved compatible projection."",""path"":""arz.args"",""reason"":""duplicate-args""}]",README.md:evidence-00-README.md,evidence-00-README.md:654fa5763f02c270e2e50390799cd28f801630373b097f92441320090060f44c,CC-BY-SA-3.0,https://creativecommons.org/licenses/by-sa/3.0/,Selected repository data files at pinned revision: arz,Not stated in pinned repository evidence,UniMorph; Salam Khalifa and Nizar Habash ([CAMeL Lab](www.camel-lab.com) @ NYU Abu Dhabi),Each declared three-column source directly projects lemma and surface form.,All valid lemma-form assignments are retained. Surface ambiguity is reported explicitly and is never resolved by dropping or overwriting an assignment.,true,radixor-unimorph-import-v1,25394,25394,0,,"[{""accepted_rows"":25394,""added_changed_pairs"":12340,""added_distinct_surfaces"":17937,""added_groups"":6004,""added_output_forms"":18344,""added_source_pairs"":17409,""cross_source_conflict_assignments"":0,""cross_source_conflicting_surfaces"":0,""intrinsic_ambiguous_surfaces"":371,""key"":""primary"",""path"":""arz"",""rejected_rows"":0,""rejection_counts"":{},""source_rows"":25394}]",0,0,371,6004,18344,d5269ffb7e66b59abe39c80415817a7a6ff1cafaa196f9a64d66e74408e70a4f
as-in-default,https://github.com/unimorph/asm,2763a62176e3cf4ce29a6b555624cc13a5df389d,"[{""exceptions"":""none"",""key"":""primary"",""local_name"":""data"",""path"":""asm"",""schema"":""lemma-form-features"",""sha256"":""043bc127d1ea3d370872c602a06b0710df8dfc1d455bcbd2bde07f9dd257d164""}]",[],README.md:evidence-00-README.md,evidence-00-README.md:6fa6fca5b40a6478d7958ac3de75c2741cd15493dba11b9ed74c9d5a775d15cd,CC-BY-SA-3.0,https://creativecommons.org/licenses/by-sa/3.0/,Selected repository data files at pinned revision: asm,English Wiktionary,UniMorph; Khuyagbaatar Batsuren <br />; Aryaman Arora,Each declared three-column source directly projects lemma and surface form.,All valid lemma-form assignments are retained. Surface ambiguity is reported explicitly and is never resolved by dropping or overwriting an assignment.,true,radixor-unimorph-import-v1,94147,76937,17210,form-unicode-whitespace=11535;form-unsupported-character=162;lemma-unicode-whitespace=5513,"[{""accepted_rows"":76937,""added_changed_pairs"":68214,""added_distinct_surfaces"":67733,""added_groups"":1466,""added_output_forms"":69680,""added_source_pairs"":69670,""cross_source_conflict_assignments"":0,""cross_source_conflicting_surfaces"":0,""intrinsic_ambiguous_surfaces"":1813,""key"":""primary"",""path"":""asm"",""rejected_rows"":17210,""rejection_counts"":{""form-unicode-whitespace"":11535,""form-unsupported-character"":162,""lemma-unicode-whitespace"":5513},""source_rows"":94147}]",0,0,1813,1466,69680,07a07c7834b55fe980ed5be459aa9d724f54ba4f2449e714aff6b6bce960cba3
ast-default,https://github.com/unimorph/ast,04c0e3bfb91704dcd1614ae0b81faec803921c6d,"[{""exceptions"":""none"",""key"":""primary"",""local_name"":""data"",""path"":""ast"",""schema"":""lemma-form-features"",""sha256"":""d99feb0e85492b6c5d711892dc1ca890d4bdcb8cb581cc7bedbcaac1de170311""}]",[],README.md:evidence-00-README.md,evidence-00-README.md:39512090cd40f54b55efe741b99760fd7f559e87908147c46cc38cb16f46cab8,CC-BY-SA-3.0,https://creativecommons.org/licenses/by-sa/3.0/,Selected repository data files at pinned revision: ast,Wikipedia,UniMorph,Each declared three-column source directly projects lemma and surface form.,All valid lemma-form assignments are retained. Surface ambiguity is reported explicitly and is never resolved by dropping or overwriting an assignment.,true,radixor-unimorph-import-v1,30235,29785,450,blank-row=438;form-unicode-whitespace=12,"[{""accepted_rows"":29785,""added_changed_pairs"":21394,""added_distinct_surfaces"":21589,""added_groups"":436,""added_output_forms"":21830,""added_source_pairs"":21830,""cross_source_conflict_assignments"":0,""cross_source_conflicting_surfaces"":0,""intrinsic_ambiguous_surfaces"":240,""key"":""primary"",""path"":""ast"",""rejected_rows"":450,""rejection_counts"":{""blank-row"":438,""form-unicode-whitespace"":12},""source_rows"":30235}]",0,0,240,436,21830,ace7643781385ebd1c162eb88c4f2b3321048b2e5d4e733627a7eeba42a76bb2
aym-default,https://github.com/unimorph/aym,ccd338ca3465c1bce58ebb4e379d1db36d883af4,"[{""exceptions"":""none"",""key"":""primary"",""local_name"":""data"",""path"":""aym"",""schema"":""lemma-form-features"",""sha256"":""206848391fe3ddb17ba350e6a10e44534314e29a08097ceeef60889b89ab5b2d""}]",[],README.md:evidence-00-README.md,evidence-00-README.md:e8fa77508eaaea98192ee2c6360baa9c4569e1066b4e1168b522618e9dbc073d,CC-BY-SA-3.0,https://creativecommons.org/licenses/by-sa/3.0/,Selected repository data files at pinned revision: aym,"Coler, M. (2014). A grammar of Muylaq' Aymara: Aymara as spoken in Southern Peru. Brill.","UniMorph; Matt Coler, Eleanor Chodroff",Each declared three-column source directly projects lemma and surface form.,All valid lemma-form assignments are retained. Surface ambiguity is reported explicitly and is never resolved by dropping or overwriting an assignment.,true,radixor-unimorph-import-v1,336342,324294,12048,lemma-unicode-whitespace=12048,"[{""accepted_rows"":324294,""added_changed_pairs"":306868,""added_distinct_surfaces"":308884,""added_groups"":3319,""added_output_forms"":310187,""added_source_pairs"":308967,""cross_source_conflict_assignments"":0,""cross_source_conflicting_surfaces"":0,""intrinsic_ambiguous_surfaces"":1213,""key"":""primary"",""path"":""aym"",""rejected_rows"":12048,""rejection_counts"":{""lemma-unicode-whitespace"":12048},""source_rows"":336342}]",0,0,1213,3319,310187,a6f0af3899e1b7b84080d727a87672822719a6e5a151aed411fda07b7bfbd353
az-az-default,https://github.com/unimorph/aze,fd9fa8f004be414c1a837bf0845697cc94f553a1,"[{""exceptions"":""none"",""key"":""primary"",""local_name"":""data"",""path"":""aze"",""schema"":""lemma-form-features"",""sha256"":""1736642125985f6da4a7491dc708b45cfb6f7c4ef93575dc6025bd2b873d14bc""}]",[],README.md:evidence-00-README.md,evidence-00-README.md:826f7bf0b44a12965a9e130fc2abab46e91f177bd2dfe5faf0569a97a6b7247e,CC-BY-SA-3.0,https://creativecommons.org/licenses/by-sa/3.0/,Selected repository data files at pinned revision: aze,Wikipedia,UniMorph,Each declared three-column source directly projects lemma and surface form.,All valid lemma-form assignments are retained. Surface ambiguity is reported explicitly and is never resolved by dropping or overwriting an assignment.,true,radixor-unimorph-import-v1,8004,8004,0,,"[{""accepted_rows"":8004,""added_changed_pairs"":6331,""added_distinct_surfaces"":6669,""added_groups"":340,""added_output_forms"":6671,""added_source_pairs"":6661,""cross_source_conflict_assignments"":0,""cross_source_conflicting_surfaces"":0,""intrinsic_ambiguous_surfaces"":2,""key"":""primary"",""path"":""aze"",""rejected_rows"":0,""rejection_counts"":{},""source_rows"":8004}]",0,0,2,340,6671,4d61808b68c94830b228d712b769216171c0a2c4f47be7026f9c6a61e68c595a
azg-default,https://github.com/unimorph/azg,9bfbc5daa9aa2cee06367e3293c1068f5ae582d5,"[{""exceptions"":""none"",""key"":""primary"",""local_name"":""data"",""path"":""azg"",""schema"":""lemma-form-features"",""sha256"":""a24f810f9e446a4e1eddadcf4974ea161160d2874ab1aa66d3af5156f47c228e""}]",[],README.md:evidence-00-README.md,evidence-00-README.md:dd03b5496b92bfca5b9572ef7eb7dd4831c8e25a45496497eaf4023ffa396164,CC-BY-SA-3.0,https://creativecommons.org/licenses/by-sa/3.0/,Selected repository data files at pinned revision: azg,[Surrey Morphology Group](https://oto-manguean.surrey.ac.uk/Search/AZG),UniMorph; Antonis Anastasopoulos,Each declared three-column source directly projects lemma and surface form.,All valid lemma-form assignments are retained. Surface ambiguity is reported explicitly and is never resolved by dropping or overwriting an assignment.,true,radixor-unimorph-import-v1,12204,9502,2702,form-unsupported-character=2;lemma-unicode-whitespace=2700,"[{""accepted_rows"":9502,""added_changed_pairs"":9183,""added_distinct_surfaces"":9371,""added_groups"":258,""added_output_forms"":9441,""added_source_pairs"":9336,""cross_source_conflict_assignments"":0,""cross_source_conflicting_surfaces"":0,""intrinsic_ambiguous_surfaces"":68,""key"":""primary"",""path"":""azg"",""rejected_rows"":2702,""rejection_counts"":{""form-unsupported-character"":2,""lemma-unicode-whitespace"":2700},""source_rows"":12204}]",0,0,68,258,9441,67312c026040f0d7a2eef4448bbb23e462598893ead820db1cfc6c59530f48da
bak-default,https://github.com/unimorph/bak,39e1618c37e900a30ed1e06e95baffb98f382878,"[{""exceptions"":""none"",""key"":""primary"",""local_name"":""data"",""path"":""bak"",""schema"":""lemma-form-features"",""sha256"":""6704a3959a555e7628b41fbdb88329bca69341be628d47a6bc501f8199956e6d""}]",[],README.md:evidence-00-README.md,evidence-00-README.md:0fc4802132cdd1b14067b4977095f95949041c2ac667377eb1c87ad6b8be9e38,CC-BY-SA-3.0,https://creativecommons.org/licenses/by-sa/3.0/,Selected repository data files at pinned revision: bak,Wikipedia,UniMorph,Each declared three-column source directly projects lemma and surface form.,All valid lemma-form assignments are retained. Surface ambiguity is reported explicitly and is never resolved by dropping or overwriting an assignment.,true,radixor-unimorph-import-v1,13294,11970,1324,blank-row=1126;lemma-unicode-whitespace=198,"[{""accepted_rows"":11970,""added_changed_pairs"":9683,""added_distinct_surfaces"":10723,""added_groups"":1059,""added_output_forms"":10742,""added_source_pairs"":10742,""cross_source_conflict_assignments"":0,""cross_source_conflicting_surfaces"":0,""intrinsic_ambiguous_surfaces"":19,""key"":""primary"",""path"":""bak"",""rejected_rows"":1324,""rejection_counts"":{""blank-row"":1126,""lemma-unicode-whitespace"":198},""source_rows"":13294}]",0,0,19,1059,10742,ecc3eafd8f269822efc6aab62f8621de561febc14a85f78b56d393e2e40b577f
be-by-default,https://github.com/unimorph/bel,cba29019d3ba581c26d4152ead81c27ff16a6550,"[{""exceptions"":""none"",""key"":""primary"",""local_name"":""data"",""path"":""bel"",""schema"":""lemma-form-features"",""sha256"":""07073665ab13b448624933b8643998cf40b89529d6b32317adeadb161dc960ee""},{""exceptions"":""none"",""key"":""auxiliary-01"",""local_name"":""data-01"",""path"":""bel.args"",""schema"":""lemma-form-features"",""sha256"":""8be3aecfec1266cc022e2759a0ba533506bf6f0b0e6d83b8912761af8121119e""}]",[],README.md:evidence-00-README.md,evidence-00-README.md:00218f9d799789b1fdbaf0c7e7324a20d6bccb0a7be6156e83979871b5c61538,CC-BY-SA-3.0,https://creativecommons.org/licenses/by-sa/3.0/,"Selected repository data files at pinned revision: bel, bel.args",Wikipedia,UniMorph,bel.args is the provided three-column UM4 argument projection; no generic deaccenting or synthesized transform is applied.,All valid lemma-form assignments are retained. Surface ambiguity is reported explicitly and is never resolved by dropping or overwriting an assignment.,true,radixor-unimorph-import-v1,33256,30088,3168,blank-row=1030;form-unicode-whitespace=2040;form-unsupported-character=2;lemma-unicode-whitespace=96,"[{""accepted_rows"":15044,""added_changed_pairs"":9943,""added_distinct_surfaces"":10894,""added_groups"":1020,""added_output_forms"":10963,""added_source_pairs"":10034,""cross_source_conflict_assignments"":0,""cross_source_conflicting_surfaces"":0,""intrinsic_ambiguous_surfaces"":69,""key"":""primary"",""path"":""bel"",""rejected_rows"":2099,""rejection_counts"":{""blank-row"":1030,""form-unicode-whitespace"":1020,""form-unsupported-character"":1,""lemma-unicode-whitespace"":48},""source_rows"":17143},{""accepted_rows"":15044,""added_changed_pairs"":8712,""added_distinct_surfaces"":8633,""added_groups"":0,""added_output_forms"":8712,""added_source_pairs"":9383,""cross_source_conflict_assignments"":9,""cross_source_conflicting_surfaces"":9,""intrinsic_ambiguous_surfaces"":74,""key"":""auxiliary-01"",""path"":""bel.args"",""rejected_rows"":1069,""rejection_counts"":{""form-unicode-whitespace"":1020,""form-unsupported-character"":1,""lemma-unicode-whitespace"":48},""source_rows"":16113}]",9,9,147,1020,19675,52b674acaf9e28461b0e638f562e98aee84461ee7acf6c0693d8a36e79f38548
bg-bg-default,https://github.com/unimorph/bul,b60b78dbf1d65867419a260e91ca213dc355c2f3,"[{""exceptions"":""none"",""key"":""primary"",""local_name"":""data"",""path"":""bul"",""schema"":""lemma-form-features"",""sha256"":""bccdd8b4e279e1aa75c8c4667711270289fe15cf6b3c7ecde244a04eca126727""}]",[],README.md:evidence-00-README.md,evidence-00-README.md:a24d66646134b973d39acfe579bb9ddd21dc55f9f2041f8240057e3337885607,CC-BY-SA-3.0,https://creativecommons.org/licenses/by-sa/3.0/,Selected repository data files at pinned revision: bul,Wikipedia,UniMorph,Each declared three-column source directly projects lemma and surface form.,All valid lemma-form assignments are retained. Surface ambiguity is reported explicitly and is never resolved by dropping or overwriting an assignment.,true,radixor-unimorph-import-v1,55731,54325,1406,blank-row=1;lemma-unicode-whitespace=1405,"[{""accepted_rows"":54325,""added_changed_pairs"":43516,""added_distinct_surfaces"":45806,""added_groups"":2413,""added_output_forms"":45929,""added_source_pairs"":45929,""cross_source_conflict_assignments"":0,""cross_source_conflicting_surfaces"":0,""intrinsic_ambiguous_surfaces"":122,""key"":""primary"",""path"":""bul"",""rejected_rows"":1406,""rejection_counts"":{""blank-row"":1,""lemma-unicode-whitespace"":1405},""source_rows"":55731}]",0,0,122,2413,45929,dd6b424edc9d8a54626d3ee9408feda774a8a13215840074c912752ee37620d2
bn-bd-default,https://github.com/unimorph/ben,55a44fa60e9b7a3a5ff7acbed66b07571ceefa79,"[{""exceptions"":""none"",""key"":""primary"",""local_name"":""data"",""path"":""ben"",""schema"":""lemma-form-features"",""sha256"":""b0f1e2d005bce183dfcc2a570de1ce3d4d9a17feafa6c222b3f72b3e6ff894b2""}]",[],README.md:evidence-00-README.md,evidence-00-README.md:19cdb1d4f8f529d836be13362904151638361e1ce4285fd699b12083a6cc93ab,CC-BY-SA-3.0,https://creativecommons.org/licenses/by-sa/3.0/,Selected repository data files at pinned revision: ben,Wikipedia,UniMorph,Each declared three-column source directly projects lemma and surface form.,All valid lemma-form assignments are retained. Surface ambiguity is reported explicitly and is never resolved by dropping or overwriting an assignment.,true,radixor-unimorph-import-v1,4581,3293,1288,blank-row=138;lemma-unicode-whitespace=1150,"[{""accepted_rows"":3293,""added_changed_pairs"":2744,""added_distinct_surfaces"":2847,""added_groups"":111,""added_output_forms"":2855,""added_source_pairs"":2855,""cross_source_conflict_assignments"":0,""cross_source_conflicting_surfaces"":0,""intrinsic_ambiguous_surfaces"":5,""key"":""primary"",""path"":""ben"",""rejected_rows"":1288,""rejection_counts"":{""blank-row"":138,""lemma-unicode-whitespace"":1150},""source_rows"":4581}]",0,0,5,111,2855,0c5a4e2eab4431ef381e54d74b5b8d5d102fe47902882034a8d03f809090b4a5
bra-default,https://github.com/unimorph/bra,090298dda0035e28c2fa9427421c5926df0f0112,"[{""exceptions"":""none"",""key"":""primary"",""local_name"":""data"",""path"":""bra"",""schema"":""lemma-form-features"",""sha256"":""d111e1cc3be7da430e1acc555e68a77f1696eabbde2a353c07958b52cf883a1b""}]",[],README.md:evidence-00-README.md,evidence-00-README.md:3d6c9a52640fb019bcd93af3742bc204d2d6d978835ae74bdb0717e4b83a2181,CC-BY-SA-3.0,https://creativecommons.org/licenses/by-sa/3.0/,Selected repository data files at pinned revision: bra,Manually created,"UniMorph; Shyam Ratan, Ritesh Kumar",Each declared three-column source directly projects lemma and surface form.,All valid lemma-form assignments are retained. Surface ambiguity is reported explicitly and is never resolved by dropping or overwriting an assignment.,true,radixor-unimorph-import-v1,1821,1821,0,,"[{""accepted_rows"":1821,""added_changed_pairs"":789,""added_distinct_surfaces"":2028,""added_groups"":1246,""added_output_forms"":2035,""added_source_pairs"":1788,""cross_source_conflict_assignments"":0,""cross_source_conflicting_surfaces"":0,""intrinsic_ambiguous_surfaces"":6,""key"":""primary"",""path"":""bra"",""rejected_rows"":0,""rejection_counts"":{},""source_rows"":1821}]",0,0,6,1246,2035,2c9f7a8f9bbca119cc735633b5dacd9d551267c69c36d0ddfaa3ae78bfef6475
bre-default,https://github.com/unimorph/bre,2f20b8cc95217ffce35e0f8f6fa31c29955c271a,"[{""exceptions"":""none"",""key"":""primary"",""local_name"":""data"",""path"":""bre"",""schema"":""lemma-form-features"",""sha256"":""0c972479ee89e93fa49e14ac2ccf408d25bac26ea6f414e33ccce3bc2d1d8435""}]",[],README.md:evidence-00-README.md,evidence-00-README.md:8a323c50f82df2b07df604c1b5fea53b84007fab9a41fc437e8f5d3de4179afb,CC-BY-SA-3.0,https://creativecommons.org/licenses/by-sa/3.0/,Selected repository data files at pinned revision: bre,Wikipedia,UniMorph,Each declared three-column source directly projects lemma and surface form.,All valid lemma-form assignments are retained. Surface ambiguity is reported explicitly and is never resolved by dropping or overwriting an assignment.,true,radixor-unimorph-import-v1,2343,2220,123,blank-row=49;form-unicode-whitespace=74,"[{""accepted_rows"":2220,""added_changed_pairs"":1896,""added_distinct_surfaces"":1940,""added_groups"":44,""added_output_forms"":1940,""added_source_pairs"":1907,""cross_source_conflict_assignments"":0,""cross_source_conflicting_surfaces"":0,""intrinsic_ambiguous_surfaces"":0,""key"":""primary"",""path"":""bre"",""rejected_rows"":123,""rejection_counts"":{""blank-row"":49,""form-unicode-whitespace"":74},""source_rows"":2343}]",0,0,0,44,1940,f27b933c1a5c37c83a0824ab1b033f2816269d1da107e18232786fe3914e0e02
ca-es-default,https://github.com/unimorph/cat,5fe904e0fb37867b4d9e6099fd0798aeeba37d14,"[{""exceptions"":""none"",""key"":""primary"",""local_name"":""data"",""path"":""cat"",""schema"":""lemma-form-features"",""sha256"":""22d8ec53f9f6bb40ad97619c01961ca60c0c046804173a9f395c6bf54194ca15""},{""exceptions"":""none"",""key"":""auxiliary-01"",""local_name"":""data-01"",""path"":""cat.segmentations"",""schema"":""lemma-form-features-segmentation"",""sha256"":""1d672c2e11e5d6d17667a7ddc02749ee1da2d91d43187abe02479a61108e9637""}]","[{""detail"":""Derivational data is outside the inflectional stem-form model contract."",""path"":""cat.derivations"",""reason"":""derivation""}]",README.md:evidence-00-README.md,evidence-00-README.md:eb4bea8ebd955beaecf201b39bbfba186060111bff31222c1d75f5b36186568c,CC-BY-SA-3.0,https://creativecommons.org/licenses/by-sa/3.0/,"Selected repository data files at pinned revision: cat, cat.segmentations",Wikipedia,UniMorph,cat.segmentations projects the first two columns of the declared lemma/form/features/segmentation schema.,All valid lemma-form assignments are retained. Surface ambiguity is reported explicitly and is never resolved by dropping or overwriting an assignment.,true,radixor-unimorph-import-v1,240499,240371,128,blank-row=1;form-unicode-whitespace=127,"[{""accepted_rows"":81449,""added_changed_pairs"":63060,""added_distinct_surfaces"":62797,""added_groups"":1547,""added_output_forms"":64607,""added_source_pairs"":64559,""cross_source_conflict_assignments"":0,""cross_source_conflicting_surfaces"":0,""intrinsic_ambiguous_surfaces"":1807,""key"":""primary"",""path"":""cat"",""rejected_rows"":128,""rejection_counts"":{""blank-row"":1,""form-unicode-whitespace"":127},""source_rows"":81577},{""accepted_rows"":158922,""added_changed_pairs"":57626,""added_distinct_surfaces"":67569,""added_groups"":13629,""added_output_forms"":71255,""added_source_pairs"":70430,""cross_source_conflict_assignments"":964,""cross_source_conflicting_surfaces"":935,""intrinsic_ambiguous_surfaces"":2930,""key"":""auxiliary-01"",""path"":""cat.segmentations"",""rejected_rows"":0,""rejection_counts"":{},""source_rows"":158922}]",964,935,4646,15176,135862,f6f76fd51fcfa7619968fecbab2a77cc53389d251e203cf3fc2452a0dee6f63e
ceb-default,https://github.com/unimorph/ceb,edbada3630dc12c4025f0b80d5a745a256ef25f6,"[{""exceptions"":""none"",""key"":""primary"",""local_name"":""data"",""path"":""ceb"",""schema"":""lemma-form-features"",""sha256"":""d84f9923795f5914cce2a299191686c4b66e8c6c0c8c0bd5c368edfb9c0cbcde""}]",[],README.md:evidence-00-README.md,evidence-00-README.md:013649c544d14dc5038454db08ce161c7804b4c3b57cc9a8ead767b33077ac0c,CC-BY-SA-3.0,https://creativecommons.org/licenses/by-sa/3.0/,Selected repository data files at pinned revision: ceb,TBA,UniMorph; Ran Zmigrod,Each declared three-column source directly projects lemma and surface form.,All valid lemma-form assignments are retained. Surface ambiguity is reported explicitly and is never resolved by dropping or overwriting an assignment.,true,radixor-unimorph-import-v1,618,600,18,lemma-unicode-whitespace=18,"[{""accepted_rows"":600,""added_changed_pairs"":335,""added_distinct_surfaces"":430,""added_groups"":95,""added_output_forms"":430,""added_source_pairs"":430,""cross_source_conflict_assignments"":0,""cross_source_conflicting_surfaces"":0,""intrinsic_ambiguous_surfaces"":0,""key"":""primary"",""path"":""ceb"",""rejected_rows"":18,""rejection_counts"":{""lemma-unicode-whitespace"":18},""source_rows"":618}]",0,0,0,95,430,f33a8b4a366ace91154808dd5d51ea089114cca5ba343cdd3d9b1e6c51f57b64
chu-default,https://github.com/unimorph/chu,35f1e2af69f3f618fe6a95245198c380852d3337,"[{""exceptions"":""none"",""key"":""primary"",""local_name"":""data"",""path"":""chu"",""schema"":""lemma-form-features"",""sha256"":""3d7226d29c443d0c46bfb4bfb81ac4e8992608c4cb4b6127983a1e27c2385c51""}]",[],README.md:evidence-00-README.md,evidence-00-README.md:357ec6347d7b85baed00ad6720c2f1bc6f99267640492c9923c3d9fcfa8611b3,CC-BY-SA-3.0,https://creativecommons.org/licenses/by-sa/3.0/,Selected repository data files at pinned revision: chu,Wikipedia,UniMorph,Each declared three-column source directly projects lemma and surface form.,All valid lemma-form assignments are retained. Surface ambiguity is reported explicitly and is never resolved by dropping or overwriting an assignment.,true,radixor-unimorph-import-v1,4302,4148,154,blank-row=154,"[{""accepted_rows"":4148,""added_changed_pairs"":1878,""added_distinct_surfaces"":1652,""added_groups"":152,""added_output_forms"":2030,""added_source_pairs"":2024,""cross_source_conflict_assignments"":0,""cross_source_conflicting_surfaces"":0,""intrinsic_ambiguous_surfaces"":360,""key"":""primary"",""path"":""chu"",""rejected_rows"":154,""rejection_counts"":{""blank-row"":154},""source_rows"":4302}]",0,0,360,152,2030,1c5d552abc5ed624bcb7af7533e286e7fd1fa9d44f34e38c32360226cb1f0b90
ckt-default,https://github.com/unimorph/ckt,facbd482ef2558916b7283b398c9810a8649e7f2,"[{""exceptions"":""reject-line-67-malformed-two-column"",""key"":""primary"",""local_name"":""data"",""path"":""ckt"",""schema"":""lemma-form-features"",""sha256"":""488ad4bfeff6aef4b8d5de536251c7a3887e05f66be68d0901688d6db88e65da""}]",[],README.md:evidence-00-README.md,evidence-00-README.md:9ffdb66545ca1d413e8c808a1021f76720f132443df9b63adbde036a148c9eed,CC-BY-SA-3.0,https://creativecommons.org/licenses/by-sa/3.0/,Selected repository data files at pinned revision: ckt,Not stated in pinned repository evidence,"UniMorph; Karina Sheifer, Maria Ryskina",Each declared three-column source directly projects lemma and surface form.,All valid lemma-form assignments are retained. Surface ambiguity is reported explicitly and is never resolved by dropping or overwriting an assignment.,true,radixor-unimorph-import-v1,243,242,1,declared-ckt-malformed-row=1,"[{""accepted_rows"":242,""added_changed_pairs"":113,""added_distinct_surfaces"":302,""added_groups"":191,""added_output_forms"":304,""added_source_pairs"":238,""cross_source_conflict_assignments"":0,""cross_source_conflicting_surfaces"":0,""intrinsic_ambiguous_surfaces"":1,""key"":""primary"",""path"":""ckt"",""rejected_rows"":1,""rejection_counts"":{""declared-ckt-malformed-row"":1},""source_rows"":243}]",0,0,1,191,304,1ac8387d6dad002370756edfb57286e2add869d0591b9551e7dfbcf24cda4367
cly-default,https://github.com/unimorph/cly,b8a09dda02f38b4858f8c77ecb3d9b198cf9d5f9,"[{""exceptions"":""none"",""key"":""primary"",""local_name"":""data"",""path"":""cly"",""schema"":""lemma-form-features"",""sha256"":""788a59683a1ac0c735eb6ab00021c916a6bade4b54cd7991d22e3594e8fe552c""}]","[{""detail"":""Duplicate .args projection was audited and excluded; only bel.args, grc.args, and hye.args add an approved compatible projection."",""path"":""cly.args"",""reason"":""duplicate-args""}]",README.md:evidence-00-README.md,evidence-00-README.md:53d1c4b30e35e428c7a312e8b37f9c9f75f80f69c5041c2ebfcda2db36915f98,CC-BY-SA-3.0,https://creativecommons.org/licenses/by-sa/3.0/,Selected repository data files at pinned revision: cly,Not stated in pinned repository evidence,UniMorph; Hilaria Cruz and Antonis Anastasopoulos,Each declared three-column source directly projects lemma and surface form.,All valid lemma-form assignments are retained. Surface ambiguity is reported explicitly and is never resolved by dropping or overwriting an assignment.,true,radixor-unimorph-import-v1,4716,2840,1876,form-unicode-whitespace=1876,"[{""accepted_rows"":2840,""added_changed_pairs"":2066,""added_distinct_surfaces"":2035,""added_groups"":185,""added_output_forms"":2251,""added_source_pairs"":2247,""cross_source_conflict_assignments"":0,""cross_source_conflicting_surfaces"":0,""intrinsic_ambiguous_surfaces"":191,""key"":""primary"",""path"":""cly"",""rejected_rows"":1876,""rejection_counts"":{""form-unicode-whitespace"":1876},""source_rows"":4716}]",0,0,191,185,2251,7d9e70a7f756343f88bad3ac07d9108da9e0e38659cf3a0ba0d838a55180a6b6
cni-default,https://github.com/unimorph/cni,0d8a9abca12da88a5ca00b3e04113fcf4d2382d1,"[{""exceptions"":""none"",""key"":""primary"",""local_name"":""data"",""path"":""cni"",""schema"":""lemma-form-features"",""sha256"":""c746746193d21f993f07ec947f9fcc4eadb94f99bf5a9bad12debc4170744dc0""}]",[],README.md:evidence-00-README.md,evidence-00-README.md:d38b11c0cfe95f5f26e58502a6c00d68a666a6d461731bba5a23649299209663,CC-BY-SA-3.0,https://creativecommons.org/licenses/by-sa/3.0/,Selected repository data files at pinned revision: cni,"Zumaeta Rojas, Esaú and Zerdin, Gerardo Anton. 2018. Guía teórica del idioma Asháninka","UniMorph; Jaime Rafael Montoya Samame, Esaú Zumaeta Rojas, Delio Siticonatzi C., Roberto Zariquiey, Arturo Oncevay",Each declared three-column source directly projects lemma and surface form.,All valid lemma-form assignments are retained. Surface ambiguity is reported explicitly and is never resolved by dropping or overwriting an assignment.,true,radixor-unimorph-import-v1,20070,20070,0,,"[{""accepted_rows"":20070,""added_changed_pairs"":9722,""added_distinct_surfaces"":10095,""added_groups"":407,""added_output_forms"":10129,""added_source_pairs"":10129,""cross_source_conflict_assignments"":0,""cross_source_conflicting_surfaces"":0,""intrinsic_ambiguous_surfaces"":34,""key"":""primary"",""path"":""cni"",""rejected_rows"":0,""rejection_counts"":{},""source_rows"":20070}]",0,0,34,407,10129,13edaa2b6fad0c81eac550d3214fd1ecdf258184a2568a91d5d8c3cd04d44766
cor-default,https://github.com/unimorph/cor,70830c56c7d5183a041bc176067aed2cba40380a,"[{""exceptions"":""none"",""key"":""primary"",""local_name"":""data"",""path"":""cor"",""schema"":""lemma-form-features"",""sha256"":""5fceb463470007a5e80e5b794eef6f1ea3ab9a3ceea0e532fade51874b0a90a6""}]",[],README.md:evidence-00-README.md,evidence-00-README.md:fd0851ef6d0300eac30b853f03ee3cc0cdb40e15c2d976dec9b0579b689bed61,CC-BY-SA-3.0,https://creativecommons.org/licenses/by-sa/3.0/,Selected repository data files at pinned revision: cor,Wikipedia,UniMorph,Each declared three-column source directly projects lemma and surface form.,All valid lemma-form assignments are retained. Surface ambiguity is reported explicitly and is never resolved by dropping or overwriting an assignment.,true,radixor-unimorph-import-v1,480,207,273,blank-row=11;form-unicode-whitespace=262,"[{""accepted_rows"":207,""added_changed_pairs"":166,""added_distinct_surfaces"":162,""added_groups"":8,""added_output_forms"":174,""added_source_pairs"":169,""cross_source_conflict_assignments"":0,""cross_source_conflicting_surfaces"":0,""intrinsic_ambiguous_surfaces"":12,""key"":""primary"",""path"":""cor"",""rejected_rows"":273,""rejection_counts"":{""blank-row"":11,""form-unicode-whitespace"":262},""source_rows"":480}]",0,0,12,8,174,71602207574edad2377b94ef48821f29338c13ccf1ee16419f69f10476e48a5a
cpa-default,https://github.com/unimorph/cpa,5ecd884b1955cf4d738c8c13c2cab05c7d1cbcc8,"[{""exceptions"":""none"",""key"":""primary"",""local_name"":""data"",""path"":""cpa"",""schema"":""lemma-form-features"",""sha256"":""14ea7578991ba5f607fb4ed84aaa5907ab8970a298ee898787f9f12fbc86f633""}]",[],README.md:evidence-00-README.md,evidence-00-README.md:694bd8819eb2c64aa529290e86ea78ac1c3e055037747bc9245daf47221ef39e,CC-BY-SA-3.0,https://creativecommons.org/licenses/by-sa/3.0/,Selected repository data files at pinned revision: cpa,[Surrey Morphology Group](https://oto-manguean.surrey.ac.uk/Search/CPA),UniMorph; Antonis Anastasopoulos,Each declared three-column source directly projects lemma and surface form.,All valid lemma-form assignments are retained. Surface ambiguity is reported explicitly and is never resolved by dropping or overwriting an assignment.,true,radixor-unimorph-import-v1,7893,6321,1572,lemma-unicode-whitespace=210;lemma-unsupported-character=1362,"[{""accepted_rows"":6321,""added_changed_pairs"":2535,""added_distinct_surfaces"":2741,""added_groups"":555,""added_output_forms"":3090,""added_source_pairs"":3086,""cross_source_conflict_assignments"":0,""cross_source_conflicting_surfaces"":0,""intrinsic_ambiguous_surfaces"":304,""key"":""primary"",""path"":""cpa"",""rejected_rows"":1572,""rejection_counts"":{""lemma-unicode-whitespace"":210,""lemma-unsupported-character"":1362},""source_rows"":7893}]",0,0,304,555,3090,6f2c06058918d2419d53f1698071588a79e0cb5475ad8e1dd286e86f22eeeb89
cre-default,https://github.com/unimorph/cre,46a26589123dc5327ee30e2c77375bbb93a5afd7,"[{""exceptions"":""none"",""key"":""primary"",""local_name"":""data"",""path"":""cre"",""schema"":""lemma-form-features"",""sha256"":""07a939a8cb715b825877ed6de35459c4e7fc325839773bc63eeb11d2c8522906""}]",[],README.md:evidence-00-README.md,evidence-00-README.md:10922e3c7e9aa1b0fdd986b6fd55cff8ebfee389577105aaf5f9f53f2c560a50,CC-BY-SA-3.0,https://creativecommons.org/licenses/by-sa/3.0/,Selected repository data files at pinned revision: cre,Not stated in pinned repository evidence,UniMorph; Eleanor Chodroff,Each declared three-column source directly projects lemma and surface form.,All valid lemma-form assignments are retained. Surface ambiguity is reported explicitly and is never resolved by dropping or overwriting an assignment.,true,radixor-unimorph-import-v1,9577,1527,8050,form-unicode-whitespace=8050,"[{""accepted_rows"":1527,""added_changed_pairs"":1044,""added_distinct_surfaces"":1076,""added_groups"":32,""added_output_forms"":1076,""added_source_pairs"":1066,""cross_source_conflict_assignments"":0,""cross_source_conflicting_surfaces"":0,""intrinsic_ambiguous_surfaces"":0,""key"":""primary"",""path"":""cre"",""rejected_rows"":8050,""rejection_counts"":{""form-unicode-whitespace"":8050},""source_rows"":9577}]",0,0,0,32,1076,e70a313201ff437268acc5955ea26caa646a4c3d5dca5e898b957b02f691544e
crh-default,https://github.com/unimorph/crh,a926b51a71a5cc7a0eab16056243a82e3439eaa3,"[{""exceptions"":""none"",""key"":""primary"",""local_name"":""data"",""path"":""crh"",""schema"":""lemma-form-features"",""sha256"":""831b471b6266a3536533c25bc20ce743f7fdf230c5b062159ac8984664a3b6a6""}]",[],README.md:evidence-00-README.md,evidence-00-README.md:44c8f66b04baed65dec2228a0e2cff0be3e8b5079869a48b7638cd513731766d,CC-BY-SA-3.0,https://creativecommons.org/licenses/by-sa/3.0/,Selected repository data files at pinned revision: crh,Wikipedia,UniMorph,Each declared three-column source directly projects lemma and surface form.,All valid lemma-form assignments are retained. Surface ambiguity is reported explicitly and is never resolved by dropping or overwriting an assignment.,true,radixor-unimorph-import-v1,8779,7397,1382,blank-row=1265;lemma-unicode-whitespace=117,"[{""accepted_rows"":7397,""added_changed_pairs"":5989,""added_distinct_surfaces"":7195,""added_groups"":1210,""added_output_forms"":7199,""added_source_pairs"":7199,""cross_source_conflict_assignments"":0,""cross_source_conflicting_surfaces"":0,""intrinsic_ambiguous_surfaces"":4,""key"":""primary"",""path"":""crh"",""rejected_rows"":1382,""rejection_counts"":{""blank-row"":1265,""lemma-unicode-whitespace"":117},""source_rows"":8779}]",0,0,4,1210,7199,4698c8efadf49f53c89e0fc7b311a5bd70f40490b8dce671394677b9078d8a2c
csb-default,https://github.com/unimorph/csb,62793ce5aa6e76c3a7742180f0d0a90a6906ceb7,"[{""exceptions"":""none"",""key"":""primary"",""local_name"":""data"",""path"":""csb"",""schema"":""lemma-form-features"",""sha256"":""d0ed4a231e1dab2c081d56af1f7996ad77f40bb38c281391052f4f51a42ee9dd""}]",[],README.md:evidence-00-README.md,evidence-00-README.md:14fb477ea369b14c23c053056f5e91f050c220eb7b458bd2b359253022460cc2,CC-BY-SA-3.0,https://creativecommons.org/licenses/by-sa/3.0/,Selected repository data files at pinned revision: csb,Wikipedia,UniMorph,Each declared three-column source directly projects lemma and surface form.,All valid lemma-form assignments are retained. Surface ambiguity is reported explicitly and is never resolved by dropping or overwriting an assignment.,true,radixor-unimorph-import-v1,548,509,39,blank-row=39,"[{""accepted_rows"":509,""added_changed_pairs"":318,""added_distinct_surfaces"":350,""added_groups"":37,""added_output_forms"":355,""added_source_pairs"":355,""cross_source_conflict_assignments"":0,""cross_source_conflicting_surfaces"":0,""intrinsic_ambiguous_surfaces"":5,""key"":""primary"",""path"":""csb"",""rejected_rows"":39,""rejection_counts"":{""blank-row"":39},""source_rows"":548}]",0,0,5,37,355,32cf30a085941969f1acc4149152d515efa99fd1061c4ddd9eb1049e5cc3097b
ctp-default,https://github.com/unimorph/ctp,f006ec4502b3e0b1512dbcf1136c44f593fa4910,"[{""exceptions"":""none"",""key"":""primary"",""local_name"":""data"",""path"":""ctp"",""schema"":""lemma-form-features"",""sha256"":""44c971c0a58890b22dd787e01f6801ff39dbef7e466330ae3d85006a7578ac8f""}]",[],README.md:evidence-00-README.md,evidence-00-README.md:505a0c6008298e1e39729b681df3cbbe7fa13f144f968872a05ee4269827a7e4,CC-BY-SA-3.0,https://creativecommons.org/licenses/by-sa/3.0/,Selected repository data files at pinned revision: ctp,Not stated in pinned repository evidence,UniMorph; Antonis Anastasopoulos,Each declared three-column source directly projects lemma and surface form.,All valid lemma-form assignments are retained. Surface ambiguity is reported explicitly and is never resolved by dropping or overwriting an assignment.,true,radixor-unimorph-import-v1,3796,3745,51,form-unicode-whitespace=15;lemma-unicode-whitespace=36,"[{""accepted_rows"":3745,""added_changed_pairs"":2490,""added_distinct_surfaces"":2597,""added_groups"":220,""added_output_forms"":2710,""added_source_pairs"":2490,""cross_source_conflict_assignments"":0,""cross_source_conflicting_surfaces"":0,""intrinsic_ambiguous_surfaces"":110,""key"":""primary"",""path"":""ctp"",""rejected_rows"":51,""rejection_counts"":{""form-unicode-whitespace"":15,""lemma-unicode-whitespace"":36},""source_rows"":3796}]",0,0,110,220,2710,36b5b636f158d0d65762e87c2125617847cf1b8c6fd766ddf4c42e4343b39122
czn-default,https://github.com/unimorph/czn,42c150c93bd81252592961e206e09a1aa64865b9,"[{""exceptions"":""none"",""key"":""primary"",""local_name"":""data"",""path"":""czn"",""schema"":""lemma-form-features"",""sha256"":""97320a5eae3a7e431e7818e1b7de3184133b205b2ba575d0113aebc9e194900f""}]",[],README.md:evidence-00-README.md,evidence-00-README.md:bb5519ab5604eccf14b9a25a78797588c36fdcaf8ed3362d6f64dd4009a6355d,CC-BY-SA-3.0,https://creativecommons.org/licenses/by-sa/3.0/,Selected repository data files at pinned revision: czn,Not stated in pinned repository evidence,UniMorph; Antonis Anastasopoulos,Each declared three-column source directly projects lemma and surface form.,All valid lemma-form assignments are retained. Surface ambiguity is reported explicitly and is never resolved by dropping or overwriting an assignment.,true,radixor-unimorph-import-v1,1567,1558,9,form-unicode-whitespace=8;form-unsupported-character=1,"[{""accepted_rows"":1558,""added_changed_pairs"":1529,""added_distinct_surfaces"":1864,""added_groups"":386,""added_output_forms"":1915,""added_source_pairs"":1538,""cross_source_conflict_assignments"":0,""cross_source_conflicting_surfaces"":0,""intrinsic_ambiguous_surfaces"":45,""key"":""primary"",""path"":""czn"",""rejected_rows"":9,""rejection_counts"":{""form-unicode-whitespace"":8,""form-unsupported-character"":1},""source_rows"":1567}]",0,0,45,386,1915,f8d1d16cfd2a023c322a50965f7437944cad928f716c268a18eccb39c4dab66a
dak-default,https://github.com/unimorph/dak,e374c530a660fcf13252bc473adcec409b9b302b,"[{""exceptions"":""none"",""key"":""primary"",""local_name"":""data"",""path"":""dak"",""schema"":""lemma-form-features"",""sha256"":""22e3bb08024f02cb41d6008d32476d58903ce8851eecdbf2ae51534194cbbe4a""}]","[{""detail"":""Duplicate .args projection was audited and excluded; only bel.args, grc.args, and hye.args add an approved compatible projection."",""path"":""dak.args"",""reason"":""duplicate-args""}]",README.md:evidence-00-README.md,evidence-00-README.md:2935dca0cfb5026f440fec13532529e3256c76587c2f3cebd6466dd9ad31d3e9,CC-BY-SA-3.0,https://creativecommons.org/licenses/by-sa/3.0/,Selected repository data files at pinned revision: dak,Not stated in pinned repository evidence,UniMorph; Eleanor Chodroff,Each declared three-column source directly projects lemma and surface form.,All valid lemma-form assignments are retained. Surface ambiguity is reported explicitly and is never resolved by dropping or overwriting an assignment.,true,radixor-unimorph-import-v1,3766,3318,448,form-unicode-whitespace=7;lemma-unicode-whitespace=441,"[{""accepted_rows"":3318,""added_changed_pairs"":2885,""added_distinct_surfaces"":3332,""added_groups"":473,""added_output_forms"":3358,""added_source_pairs"":3307,""cross_source_conflict_assignments"":0,""cross_source_conflicting_surfaces"":0,""intrinsic_ambiguous_surfaces"":26,""key"":""primary"",""path"":""dak"",""rejected_rows"":448,""rejection_counts"":{""form-unicode-whitespace"":7,""lemma-unicode-whitespace"":441},""source_rows"":3766}]",0,0,26,473,3358,a867bb0f4165fc47b0906c179213d8563088a3e5f13d161120a2556fa1d9032a
dje-default,https://github.com/unimorph/dje,64cb65268fcf1c871b19936f1a279d25a5cc57ce,"[{""exceptions"":""none"",""key"":""primary"",""local_name"":""data"",""path"":""dje"",""schema"":""lemma-form-features"",""sha256"":""b56899db64dc093417f880ed1849d1bd29fcfaa3c30b12a46671db0cb9ad9fd4""}]",[],README.md:evidence-00-README.md,evidence-00-README.md:54a82e4dbef1b01fc96c66b98d4e95628331dae54cc2efcad49f56e8279d39a9,CC-BY-SA-3.0,https://creativecommons.org/licenses/by-sa/3.0/,Selected repository data files at pinned revision: dje,Not stated in pinned repository evidence,UniMorph; Ran Zmigrod,Each declared three-column source directly projects lemma and surface form.,All valid lemma-form assignments are retained. Surface ambiguity is reported explicitly and is never resolved by dropping or overwriting an assignment.,true,radixor-unimorph-import-v1,84,84,0,,"[{""accepted_rows"":84,""added_changed_pairs"":54,""added_distinct_surfaces"":81,""added_groups"":27,""added_output_forms"":81,""added_source_pairs"":81,""cross_source_conflict_assignments"":0,""cross_source_conflicting_surfaces"":0,""intrinsic_ambiguous_surfaces"":0,""key"":""primary"",""path"":""dje"",""rejected_rows"":0,""rejection_counts"":{},""source_rows"":84}]",0,0,0,27,81,e4a09508fed786d640720e44077b59abb5dac9d154712a2a0d721f2300ae20df
dsb-default,https://github.com/unimorph/dsb,f94b5f674fcef872fbab5efe24fb279a7246ee6f,"[{""exceptions"":""none"",""key"":""primary"",""local_name"":""data"",""path"":""dsb"",""schema"":""lemma-form-features"",""sha256"":""b02f3ac94a8bac60c1bf016ce340d6e8f10bec551d56b7f81a13e7746b582491""}]",[],README.md:evidence-00-README.md,evidence-00-README.md:be143e8ed0199fe60b5c82441c6b8bcf2bcfccafe3498f061348955ec2617865,CC-BY-SA-3.0,https://creativecommons.org/licenses/by-sa/3.0/,Selected repository data files at pinned revision: dsb,Wikipedia,UniMorph,Each declared three-column source directly projects lemma and surface form.,All valid lemma-form assignments are retained. Surface ambiguity is reported explicitly and is never resolved by dropping or overwriting an assignment.,true,radixor-unimorph-import-v1,20122,20061,61,blank-row=1;lemma-unicode-whitespace=60,"[{""accepted_rows"":20061,""added_changed_pairs"":11206,""added_distinct_surfaces"":12039,""added_groups"":990,""added_output_forms"":12196,""added_source_pairs"":12058,""cross_source_conflict_assignments"":0,""cross_source_conflicting_surfaces"":0,""intrinsic_ambiguous_surfaces"":156,""key"":""primary"",""path"":""dsb"",""rejected_rows"":61,""rejection_counts"":{""blank-row"":1,""lemma-unicode-whitespace"":60},""source_rows"":20122}]",0,0,156,990,12196,0910f3977f825457d7f64f988c984a0400824e4d696991261211d3e29ad02d92
el-gr-default,https://github.com/unimorph/ell,fce1186efc7c8036fe2b6a13c110c2f2cd140e38,"[{""exceptions"":""none"",""key"":""primary"",""local_name"":""data"",""path"":""ell"",""schema"":""lemma-form-features"",""sha256"":""68f71b889fa29d31d975ebbc29f9f0f1b3a2dd6cca4f40a21b2c06f443811941""}]",[],README.md:evidence-00-README.md,evidence-00-README.md:667e15934d85cc0a311118d3f004c9e299052a25653b0db7eaf9ca931effc451,CC-BY-SA-3.0,https://creativecommons.org/licenses/by-sa/3.0/,Selected repository data files at pinned revision: ell,Wikipedia,UniMorph,Each declared three-column source directly projects lemma and surface form.,All valid lemma-form assignments are retained. Surface ambiguity is reported explicitly and is never resolved by dropping or overwriting an assignment.,true,radixor-unimorph-import-v1,211923,149290,62633,blank-row=12166;form-unicode-whitespace=50011;lemma-unicode-whitespace=456,"[{""accepted_rows"":149290,""added_changed_pairs"":68527,""added_distinct_surfaces"":76869,""added_groups"":11793,""added_output_forms"":80320,""added_source_pairs"":80054,""cross_source_conflict_assignments"":0,""cross_source_conflicting_surfaces"":0,""intrinsic_ambiguous_surfaces"":2336,""key"":""primary"",""path"":""ell"",""rejected_rows"":62633,""rejection_counts"":{""blank-row"":12166,""form-unicode-whitespace"":50011,""lemma-unicode-whitespace"":456},""source_rows"":211923}]",0,0,2336,11793,80320,05ecc1b60b714c64ab5b6d29aef1a9544f0594f98640e5c66dd9ac324672ac79
et-ee-default,https://github.com/unimorph/est,97663990872e6bbc06701839d33462833676ebc2,"[{""exceptions"":""none"",""key"":""primary"",""local_name"":""data"",""path"":""est"",""schema"":""lemma-form-features"",""sha256"":""602b778567b4607514ee380152fe8a6ccd70dbc15190339f7f5a6d9a710b899f""}]",[],README.md:evidence-00-README.md,evidence-00-README.md:dee0ff4e57b5133dcfed8ff147aae36fad03814cab6997de3f4aa921ee58e9c7,CC-BY-SA-3.0,https://creativecommons.org/licenses/by-sa/3.0/,Selected repository data files at pinned revision: est,Wikipedia,UniMorph,Each declared three-column source directly projects lemma and surface form.,All valid lemma-form assignments are retained. Surface ambiguity is reported explicitly and is never resolved by dropping or overwriting an assignment.,true,radixor-unimorph-import-v1,39105,27454,11651,blank-row=890;form-unicode-whitespace=10761,"[{""accepted_rows"":27454,""added_changed_pairs"":24004,""added_distinct_surfaces"":24811,""added_groups"":886,""added_output_forms"":24890,""added_source_pairs"":24890,""cross_source_conflict_assignments"":0,""cross_source_conflicting_surfaces"":0,""intrinsic_ambiguous_surfaces"":72,""key"":""primary"",""path"":""est"",""rejected_rows"":11651,""rejection_counts"":{""blank-row"":890,""form-unicode-whitespace"":10761},""source_rows"":39105}]",0,0,72,886,24890,0d7da990392011b0312fdee181720c2778ff07581912c718b8e7c1d07267c735
evn-default,https://github.com/unimorph/evn,cdbe7b44ba754403d60fd38818ac173bec13ba34,"[{""exceptions"":""none"",""key"":""primary"",""local_name"":""data"",""path"":""evn"",""schema"":""lemma-form-features"",""sha256"":""9406c3d0779ac05d2ce731cbc20f7db525a0e81459917ac47c6b7b581eb8ecff""}]",[],README.md:evidence-00-README.md,evidence-00-README.md:12adffd294065025f16538a9c81a4a65067f016394fa0bb070f3985dab49b6bd,CC-BY-SA-3.0,https://creativecommons.org/licenses/by-sa/3.0/,Selected repository data files at pinned revision: evn,TBA,UniMorph; Elena Klyachko,Each declared three-column source directly projects lemma and surface form.,All valid lemma-form assignments are retained. Surface ambiguity is reported explicitly and is never resolved by dropping or overwriting an assignment.,true,radixor-unimorph-import-v1,11371,11368,3,form-unicode-whitespace=1;lemma-unsupported-character=2,"[{""accepted_rows"":11368,""added_changed_pairs"":9162,""added_distinct_surfaces"":13549,""added_groups"":4493,""added_output_forms"":13655,""added_source_pairs"":10995,""cross_source_conflict_assignments"":0,""cross_source_conflicting_surfaces"":0,""intrinsic_ambiguous_surfaces"":71,""key"":""primary"",""path"":""evn"",""rejected_rows"":3,""rejection_counts"":{""form-unicode-whitespace"":1,""lemma-unsupported-character"":2},""source_rows"":11371}]",0,0,71,4493,13655,4ff0de56329166d6d84c8443f0d6223507874854930b2ba2a339bc8be5045c0f
fo-fo-default,https://github.com/unimorph/fao,82bf05c94fbb54e13a48e0dac49a805d766e834e,"[{""exceptions"":""none"",""key"":""primary"",""local_name"":""data"",""path"":""fao"",""schema"":""lemma-form-features"",""sha256"":""8c5282080aa840158c2073c9b9a658374ed3c96e28c7c0e42ef94ebbb039ca23""}]",[],README.md:evidence-00-README.md,evidence-00-README.md:689938a03c8595e963d453b80a0f0543263041523a0de1cf1b40af0d2b6591c5,CC-BY-SA-3.0,https://creativecommons.org/licenses/by-sa/3.0/,Selected repository data files at pinned revision: fao,Wikipedia,UniMorph,Each declared three-column source directly projects lemma and surface form.,All valid lemma-form assignments are retained. Surface ambiguity is reported explicitly and is never resolved by dropping or overwriting an assignment.,true,radixor-unimorph-import-v1,45475,45474,1,blank-row=1,"[{""accepted_rows"":45474,""added_changed_pairs"":30256,""added_distinct_surfaces"":31366,""added_groups"":3077,""added_output_forms"":33333,""added_source_pairs"":33309,""cross_source_conflict_assignments"":0,""cross_source_conflicting_surfaces"":0,""intrinsic_ambiguous_surfaces"":1491,""key"":""primary"",""path"":""fao"",""rejected_rows"":1,""rejection_counts"":{""blank-row"":1},""source_rows"":45475}]",0,0,1491,3077,33333,c5ab9a35317d6cfbba64e8a4a441c1a8a5c3a922384631941804d0bf4eb81fc0
frm-default,https://github.com/unimorph/frm,7baa5932dbdd25f5f8c5d55c43a76e972b18cf8f,"[{""exceptions"":""none"",""key"":""primary"",""local_name"":""data"",""path"":""frm"",""schema"":""lemma-form-features"",""sha256"":""45af05cce1284b1c07fac6a4179adf075e56691c5f0885323c33ba3eba800927""}]",[],README.md:evidence-00-README.md,evidence-00-README.md:69c537514d97c2db37f3f003e528ff5ad51b437e4ffd89062db3e0c351330f3e,CC-BY-SA-3.0,https://creativecommons.org/licenses/by-sa/3.0/,Selected repository data files at pinned revision: frm,Wikipedia,UniMorph,Each declared three-column source directly projects lemma and surface form.,All valid lemma-form assignments are retained. Surface ambiguity is reported explicitly and is never resolved by dropping or overwriting an assignment.,true,radixor-unimorph-import-v1,37805,36260,1545,blank-row=835;form-unicode-whitespace=710,"[{""accepted_rows"":36260,""added_changed_pairs"":26711,""added_distinct_surfaces"":27102,""added_groups"":603,""added_output_forms"":27314,""added_source_pairs"":27314,""cross_source_conflict_assignments"":0,""cross_source_conflicting_surfaces"":0,""intrinsic_ambiguous_surfaces"":212,""key"":""primary"",""path"":""frm"",""rejected_rows"":1545,""rejection_counts"":{""blank-row"":835,""form-unicode-whitespace"":710},""source_rows"":37805}]",0,0,212,603,27314,e4ed58dd8e6d2305bccf46d2b8273d663d2def09fce1046063a4e27b88a82cb7
fro-default,https://github.com/unimorph/fro,7b0937f7ca90103b390e93f9bfab026e8daedff2,"[{""exceptions"":""none"",""key"":""primary"",""local_name"":""data"",""path"":""fro"",""schema"":""lemma-form-features"",""sha256"":""18dcf34c57321db9c8646435bf34ca3f69d4142a22e90a8387d71a7a0d3083f3""}]",[],README.md:evidence-00-README.md,evidence-00-README.md:e01c48fceb3520052bb974f50dbd92b84810b4480ba763447a64750acea2cf16,CC-BY-SA-3.0,https://creativecommons.org/licenses/by-sa/3.0/,Selected repository data files at pinned revision: fro,Wikipedia,UniMorph,Each declared three-column source directly projects lemma and surface form.,All valid lemma-form assignments are retained. Surface ambiguity is reported explicitly and is never resolved by dropping or overwriting an assignment.,true,radixor-unimorph-import-v1,125379,121679,3700,blank-row=2005;form-unicode-whitespace=1695,"[{""accepted_rows"":121679,""added_changed_pairs"":103645,""added_distinct_surfaces"":94338,""added_groups"":1699,""added_output_forms"":105344,""added_source_pairs"":105329,""cross_source_conflict_assignments"":0,""cross_source_conflicting_surfaces"":0,""intrinsic_ambiguous_surfaces"":9557,""key"":""primary"",""path"":""fro"",""rejected_rows"":3700,""rejection_counts"":{""blank-row"":2005,""form-unicode-whitespace"":1695},""source_rows"":125379}]",0,0,9557,1699,105344,dab25d905a872c0623c952c102a958f72b6cf7fe39665c12e8a320b5455a9418
frr-default,https://github.com/unimorph/frr,7882e34f921ba75a87166a648759764b702b2a26,"[{""exceptions"":""none"",""key"":""primary"",""local_name"":""data"",""path"":""frr"",""schema"":""lemma-form-features"",""sha256"":""da965a38e2a824cc778d2bf98b36c6ea5d42882dc4c86c47c222919bfbe66131""}]",[],README.md:evidence-00-README.md,evidence-00-README.md:61d3be50c8aff9cd0a8512aeb75954edf65b3b27e116bb05c23c2b1e119a3d1b,CC-BY-SA-3.0,https://creativecommons.org/licenses/by-sa/3.0/,Selected repository data files at pinned revision: frr,Wikipedia,UniMorph,Each declared three-column source directly projects lemma and surface form.,All valid lemma-form assignments are retained. Surface ambiguity is reported explicitly and is never resolved by dropping or overwriting an assignment.,true,radixor-unimorph-import-v1,3257,1267,1990,blank-row=53;form-unicode-whitespace=1937,"[{""accepted_rows"":1267,""added_changed_pairs"":330,""added_distinct_surfaces"":364,""added_groups"":51,""added_output_forms"":381,""added_source_pairs"":381,""cross_source_conflict_assignments"":0,""cross_source_conflicting_surfaces"":0,""intrinsic_ambiguous_surfaces"":17,""key"":""primary"",""path"":""frr"",""rejected_rows"":1990,""rejection_counts"":{""blank-row"":53,""form-unicode-whitespace"":1937},""source_rows"":3257}]",0,0,17,51,381,d92dacea73857c8ddef8113c70a0c72eb5b1d1f6796ef1a4b640993aabc544c4
fur-default,https://github.com/unimorph/fur,cba86dc9e8d980e415ce4d0b89fa90a3eca33648,"[{""exceptions"":""none"",""key"":""primary"",""local_name"":""data"",""path"":""fur"",""schema"":""lemma-form-features"",""sha256"":""7f8242fe8d5b2d70ab6f014ab63811e6952956b520e803751c27e0ec7bcc5c2d""}]",[],README.md:evidence-00-README.md,evidence-00-README.md:212494d39e117fb0fea7ca3e48621593cd5e59d71ced68b6d7082044a7852265,CC-BY-SA-3.0,https://creativecommons.org/licenses/by-sa/3.0/,Selected repository data files at pinned revision: fur,Wikipedia,UniMorph,Each declared three-column source directly projects lemma and surface form.,All valid lemma-form assignments are retained. Surface ambiguity is reported explicitly and is never resolved by dropping or overwriting an assignment.,true,radixor-unimorph-import-v1,8241,8071,170,blank-row=170,"[{""accepted_rows"":8071,""added_changed_pairs"":4849,""added_distinct_surfaces"":5007,""added_groups"":168,""added_output_forms"":5017,""added_source_pairs"":5015,""cross_source_conflict_assignments"":0,""cross_source_conflicting_surfaces"":0,""intrinsic_ambiguous_surfaces"":10,""key"":""primary"",""path"":""fur"",""rejected_rows"":170,""rejection_counts"":{""blank-row"":170},""source_rows"":8241}]",0,0,10,168,5017,279631dc8998d6d55a2707d7746ba0e50fe9e5b7f1279e128ac48a70dcf06685
ga-ie-default,https://github.com/unimorph/gle,efdca3ead351c804224b97336c3bcef8c78b6015,"[{""exceptions"":""none"",""key"":""primary"",""local_name"":""data"",""path"":""gle"",""schema"":""lemma-form-features"",""sha256"":""88b9c0dee797fc16a20486ff300b70f94770847406364f473a03e86cc30173cb""}]","[{""detail"":""Duplicate .args projection was audited and excluded; only bel.args, grc.args, and hye.args add an approved compatible projection."",""path"":""gle.args"",""reason"":""duplicate-args""},{""detail"":""Derivational data is outside the inflectional stem-form model contract."",""path"":""gle.derivations"",""reason"":""derivation""}]",README.md:evidence-00-README.md,evidence-00-README.md:d5ffa4d49dd90c11b4298525b4e12cd48ff3529b49fc3dfcfcaaca9317067c50,CC-BY-SA-3.0,https://creativecommons.org/licenses/by-sa/3.0/,Selected repository data files at pinned revision: gle,Wikipedia,UniMorph,Each declared three-column source directly projects lemma and surface form.,All valid lemma-form assignments are retained. Surface ambiguity is reported explicitly and is never resolved by dropping or overwriting an assignment.,true,radixor-unimorph-import-v1,114797,45083,69714,blank-row=7499;form-unicode-whitespace=59977;lemma-unicode-whitespace=2238,"[{""accepted_rows"":45083,""added_changed_pairs"":17246,""added_distinct_surfaces"":24035,""added_groups"":7287,""added_output_forms"":24533,""added_source_pairs"":24501,""cross_source_conflict_assignments"":0,""cross_source_conflicting_surfaces"":0,""intrinsic_ambiguous_surfaces"":451,""key"":""primary"",""path"":""gle"",""rejected_rows"":69714,""rejection_counts"":{""blank-row"":7499,""form-unicode-whitespace"":59977,""lemma-unicode-whitespace"":2238},""source_rows"":114797}]",0,0,451,7287,24533,b669438f4375857896dcf9adc535f46f25ddc12c2c163b6980dc33564c48991b
gaa-default,https://github.com/unimorph/gaa,38a58c09fae385f486ff0df662728ce5380d3f14,"[{""exceptions"":""none"",""key"":""primary"",""local_name"":""data"",""path"":""gaa"",""schema"":""lemma-form-features"",""sha256"":""64af244dd2337519b702866f3b42fd4c14c1e43049e9b3443824baf7f9769952""}]",[],README.md:evidence-00-README.md,evidence-00-README.md:5f9197299d09375c5e1a48548a0a8be35eec718adb012617eda6d3aa2ed18103,CC-BY-SA-3.0,https://creativecommons.org/licenses/by-sa/3.0/,Selected repository data files at pinned revision: gaa,Not stated in pinned repository evidence,UniMorph; Tiago Pimentel,Each declared three-column source directly projects lemma and surface form.,All valid lemma-form assignments are retained. Surface ambiguity is reported explicitly and is never resolved by dropping or overwriting an assignment.,true,radixor-unimorph-import-v1,909,900,9,lemma-unicode-whitespace=9,"[{""accepted_rows"":900,""added_changed_pairs"":376,""added_distinct_surfaces"":469,""added_groups"":94,""added_output_forms"":470,""added_source_pairs"":470,""cross_source_conflict_assignments"":0,""cross_source_conflicting_surfaces"":0,""intrinsic_ambiguous_surfaces"":1,""key"":""primary"",""path"":""gaa"",""rejected_rows"":9,""rejection_counts"":{""lemma-unicode-whitespace"":9},""source_rows"":909}]",0,0,1,94,470,981733932ac87c90b142c9230e721513d642bac1d25f131a9c36643015b68108
gal-default,https://github.com/unimorph/gal,7927b7b3b2379df0870c23fafb6481bda214c572,"[{""exceptions"":""none"",""key"":""primary"",""local_name"":""data"",""path"":""gal"",""schema"":""lemma-form-features"",""sha256"":""93945d193c6bb8ee3370446ba722f04a4c893c20082edd9ca735b677f135b1fc""}]","[{""detail"":""Derivational data is outside the inflectional stem-form model contract."",""path"":""gal.derivations"",""reason"":""derivation""}]",README.md:evidence-00-README.md,evidence-00-README.md:c04984575298c35460e515344418f2a8b03459827fadec57f86ccfcac806a610,CC-BY-SA-3.0,https://creativecommons.org/licenses/by-sa/3.0/,Selected repository data files at pinned revision: gal,Wikipedia,UniMorph,Each declared three-column source directly projects lemma and surface form.,All valid lemma-form assignments are retained. Surface ambiguity is reported explicitly and is never resolved by dropping or overwriting an assignment.,true,radixor-unimorph-import-v1,37309,36801,508,blank-row=508,"[{""accepted_rows"":36801,""added_changed_pairs"":25709,""added_distinct_surfaces"":25436,""added_groups"":486,""added_output_forms"":26195,""added_source_pairs"":26186,""cross_source_conflict_assignments"":0,""cross_source_conflicting_surfaces"":0,""intrinsic_ambiguous_surfaces"":752,""key"":""primary"",""path"":""gal"",""rejected_rows"":508,""rejection_counts"":{""blank-row"":508},""source_rows"":37309}]",0,0,752,486,26195,d57ad44d8863d70fb6c28152de8e96b1480ae66b9bacd59a27f7f0e9aa44f566
gmh-default,https://github.com/unimorph/gmh,768cb5bafa6343f2f99b1422e42ddde539517a35,"[{""exceptions"":""none"",""key"":""primary"",""local_name"":""data"",""path"":""gmh"",""schema"":""lemma-form-features"",""sha256"":""65dde098c278090626ee3daf80e7a86e303b6022a406263d23082932fa9cdcdb""}]","[{""detail"":""Duplicate .args projection was audited and excluded; only bel.args, grc.args, and hye.args add an approved compatible projection."",""path"":""gmh.args"",""reason"":""duplicate-args""}]",README.md:evidence-00-README.md,evidence-00-README.md:0276d9433ef6bf119c3f2fb9d4b089fd360e9794ec56a09d7ff661ef491fd786,CC-BY-SA-3.0,https://creativecommons.org/licenses/by-sa/3.0/,Selected repository data files at pinned revision: gmh,Wikipedia,UniMorph,Each declared three-column source directly projects lemma and surface form.,All valid lemma-form assignments are retained. Surface ambiguity is reported explicitly and is never resolved by dropping or overwriting an assignment.,true,radixor-unimorph-import-v1,739,708,31,blank-row=31,"[{""accepted_rows"":708,""added_changed_pairs"":355,""added_distinct_surfaces"":384,""added_groups"":29,""added_output_forms"":384,""added_source_pairs"":377,""cross_source_conflict_assignments"":0,""cross_source_conflicting_surfaces"":0,""intrinsic_ambiguous_surfaces"":0,""key"":""primary"",""path"":""gmh"",""rejected_rows"":31,""rejection_counts"":{""blank-row"":31},""source_rows"":739}]",0,0,0,29,384,9dfcff6fca22db34b3206e35ab50e1e7d91fd4ce81fd50b6a7461d8f6fe3e5d6
gml-default,https://github.com/unimorph/gml,8a6c09f6b88e61fd93293298b6d7be3ac2014c9a,"[{""exceptions"":""none"",""key"":""primary"",""local_name"":""data"",""path"":""gml"",""schema"":""lemma-form-features"",""sha256"":""590f04652e2135241b99decde4e83d46c70901cf79ce7daded3c20cd0753872f""}]","[{""detail"":""Duplicate .args projection was audited and excluded; only bel.args, grc.args, and hye.args add an approved compatible projection."",""path"":""gml.args"",""reason"":""duplicate-args""}]",README.md:evidence-00-README.md,evidence-00-README.md:a3fc2403f9764d5c628b5e206135f32c5378fc8f0d597accfe4c29ed995a4931,CC-BY-SA-3.0,https://creativecommons.org/licenses/by-sa/3.0/,Selected repository data files at pinned revision: gml,Not stated in pinned repository evidence,UniMorph,Each declared three-column source directly projects lemma and surface form.,All valid lemma-form assignments are retained. Surface ambiguity is reported explicitly and is never resolved by dropping or overwriting an assignment.,true,radixor-unimorph-import-v1,1529,1288,241,form-unicode-whitespace=241,"[{""accepted_rows"":1288,""added_changed_pairs"":581,""added_distinct_surfaces"":624,""added_groups"":54,""added_output_forms"":635,""added_source_pairs"":635,""cross_source_conflict_assignments"":0,""cross_source_conflicting_surfaces"":0,""intrinsic_ambiguous_surfaces"":11,""key"":""primary"",""path"":""gml"",""rejected_rows"":241,""rejection_counts"":{""form-unicode-whitespace"":241},""source_rows"":1529}]",0,0,11,54,635,3461579139d22f110969530d3a88820895c0e6818efc988c025549787e7c54da
goh-default,https://github.com/unimorph/goh,d3c23c10fe0a1418182f1023c5db30fd44159709,"[{""exceptions"":""none"",""key"":""primary"",""local_name"":""data"",""path"":""goh"",""schema"":""lemma-form-features"",""sha256"":""5473f0085d7779dd760033d0e4deef5bbddbe8f48d17c40862eae22ae991b7da""}]",[],README.md:evidence-00-README.md,evidence-00-README.md:ede0a961c68ea5cd127fd007490bb47454a91e2203367ddceaae785a756863a6,CC-BY-SA-3.0,https://creativecommons.org/licenses/by-sa/3.0/,Selected repository data files at pinned revision: goh,Not stated in pinned repository evidence,UniMorph,Each declared three-column source directly projects lemma and surface form.,All valid lemma-form assignments are retained. Surface ambiguity is reported explicitly and is never resolved by dropping or overwriting an assignment.,true,radixor-unimorph-import-v1,7247,7242,5,form-unicode-whitespace=5,"[{""accepted_rows"":7242,""added_changed_pairs"":4818,""added_distinct_surfaces"":5267,""added_groups"":482,""added_output_forms"":5300,""added_source_pairs"":5300,""cross_source_conflict_assignments"":0,""cross_source_conflicting_surfaces"":0,""intrinsic_ambiguous_surfaces"":33,""key"":""primary"",""path"":""goh"",""rejected_rows"":5,""rejection_counts"":{""form-unicode-whitespace"":5},""source_rows"":7247}]",0,0,33,482,5300,42f175991354ce30b3cf6563b9f8c7a0c1ecfc7593a8151fd1320b09575b0208
got-default,https://github.com/unimorph/got,d3aa0b4386646cd6c7c24eb36796726d234ab418,"[{""exceptions"":""none"",""key"":""primary"",""local_name"":""data"",""path"":""got"",""schema"":""lemma-form-features"",""sha256"":""90983d0a16f46b34dc1056d29637d5aeabbb54d744ab37be8edfe22d5bc5b42b""}]","[{""detail"":""Duplicate .args projection was audited and excluded; only bel.args, grc.args, and hye.args add an approved compatible projection."",""path"":""got.args"",""reason"":""duplicate-args""}]",README.md:evidence-00-README.md,evidence-00-README.md:49bde873afb72db64ebcb3696e8c32ba4e37aeb2f3a632c5a92c9dc0a3636820,CC-BY-SA-3.0,https://creativecommons.org/licenses/by-sa/3.0/,Selected repository data files at pinned revision: got,Not stated in pinned repository evidence,UniMorph; Khuyagbaatar Batsuren,Each declared three-column source directly projects lemma and surface form.,All valid lemma-form assignments are retained. Surface ambiguity is reported explicitly and is never resolved by dropping or overwriting an assignment.,true,radixor-unimorph-import-v1,204166,204144,22,form-unicode-whitespace=6;lemma-unicode-whitespace=16,"[{""accepted_rows"":204144,""added_changed_pairs"":131687,""added_distinct_surfaces"":134332,""added_groups"":6227,""added_output_forms"":137914,""added_source_pairs"":137913,""cross_source_conflict_assignments"":0,""cross_source_conflicting_surfaces"":0,""intrinsic_ambiguous_surfaces"":3533,""key"":""primary"",""path"":""got"",""rejected_rows"":22,""rejection_counts"":{""form-unicode-whitespace"":6,""lemma-unicode-whitespace"":16},""source_rows"":204166}]",0,0,3533,6227,137914,d7f0bb16c028f9e80151e8f33b4e56e786c099a514a393d7ddb079861e0ba321
grc-default,https://github.com/unimorph/grc,7f4a58df733726c75c1355dd3a038e950d5e308f,"[{""exceptions"":""none"",""key"":""primary"",""local_name"":""data"",""path"":""grc"",""schema"":""lemma-form-features"",""sha256"":""09ff9231d90dbe481942bba143f04800ab919a31ab11801c01301488605cadd9""},{""exceptions"":""none"",""key"":""auxiliary-01"",""local_name"":""data-01"",""path"":""grc.args"",""schema"":""lemma-form-features"",""sha256"":""049336a4e14077eae796466e57ab1b8d87723613ec21997761a2df8d3e9ff98e""}]","[{""detail"":""Derivational data is outside the inflectional stem-form model contract."",""path"":""ell.derivations"",""reason"":""derivation""}]",README.md:evidence-00-README.md,evidence-00-README.md:5bb27d6767c2a674f4b060bff2133fb97a805b7302e8dbd837977c3bb05b77dc,CC-BY-SA-3.0,https://creativecommons.org/licenses/by-sa/3.0/,"Selected repository data files at pinned revision: grc, grc.args",Wikipedia,UniMorph,Each declared three-column source directly projects lemma and surface form.,All valid lemma-form assignments are retained. Surface ambiguity is reported explicitly and is never resolved by dropping or overwriting an assignment.,true,radixor-unimorph-import-v1,86669,62312,24357,blank-row=2433;form-unicode-whitespace=21924,"[{""accepted_rows"":19669,""added_changed_pairs"":11884,""added_distinct_surfaces"":14218,""added_groups"":2426,""added_output_forms"":14310,""added_source_pairs"":12675,""cross_source_conflict_assignments"":0,""cross_source_conflicting_surfaces"":0,""intrinsic_ambiguous_surfaces"":90,""key"":""primary"",""path"":""grc"",""rejected_rows"":24357,""rejection_counts"":{""blank-row"":2433,""form-unicode-whitespace"":21924},""source_rows"":44026},{""accepted_rows"":42643,""added_changed_pairs"":12271,""added_distinct_surfaces"":12168,""added_groups"":0,""added_output_forms"":12271,""added_source_pairs"":12572,""cross_source_conflict_assignments"":28,""cross_source_conflicting_surfaces"":28,""intrinsic_ambiguous_surfaces"":193,""key"":""auxiliary-01"",""path"":""grc.args"",""rejected_rows"":0,""rejection_counts"":{},""source_rows"":42643}]",28,28,193,2426,26581,8c50d12e6489acff903ed5a9e5cf463da9e543845d48989255d99609f9a4e2e9
gsw-default,https://github.com/unimorph/gsw,dc1e9fce09ae14c2ef22b06ee10da3ab943388fe,"[{""exceptions"":""none"",""key"":""primary"",""local_name"":""data"",""path"":""gsw"",""schema"":""lemma-form-features"",""sha256"":""cec99240124fe57d262ebf5b48fec33e8053897318fbaad40d09f83218a8b580""}]",[],README.md:evidence-00-README.md,evidence-00-README.md:5299a05123503a52aa286b1cb40e8bcb31a9709a7a893dfae83faf2696c174fe,CC-BY-SA-3.0,https://creativecommons.org/licenses/by-sa/3.0/,Selected repository data files at pinned revision: gsw,Not stated in pinned repository evidence,UniMorph; Ryan Cotterell,Each declared three-column source directly projects lemma and surface form.,All valid lemma-form assignments are retained. Surface ambiguity is reported explicitly and is never resolved by dropping or overwriting an assignment.,true,radixor-unimorph-import-v1,2067,2063,4,form-empty=4,"[{""accepted_rows"":2063,""added_changed_pairs"":1045,""added_distinct_surfaces"":1186,""added_groups"":145,""added_output_forms"":1190,""added_source_pairs"":1179,""cross_source_conflict_assignments"":0,""cross_source_conflicting_surfaces"":0,""intrinsic_ambiguous_surfaces"":4,""key"":""primary"",""path"":""gsw"",""rejected_rows"":4,""rejection_counts"":{""form-empty"":4},""source_rows"":2067}]",0,0,4,145,1190,65ffa4b644e8adef0fe6e484a478a5017bb9c079e015f6a02dd478a4f6c9a871
gup-default,https://github.com/unimorph/gup,2d911a4381163e0c7afeb302acf4f4edf82f9880,"[{""exceptions"":""none"",""key"":""primary"",""local_name"":""data"",""path"":""gup"",""schema"":""lemma-form-features"",""sha256"":""5a172d8d0bcda3da2c6b8152520be669aa80fceb76c078e07011a436319eecf6""}]",[],README.md:evidence-00-README.md,evidence-00-README.md:18b2cbe2a23ff742c538ed36982c7d6d48a693644ff71f05561e11f5d03e34c5,CC-BY-SA-3.0,https://creativecommons.org/licenses/by-sa/3.0/,Selected repository data files at pinned revision: gup,"Lane, William  and Bird, Steven. 2019. Towards A Robust Morphological Analyzer for Kunwinjku.",UniMorph; William Lane,Each declared three-column source directly projects lemma and surface form.,All valid lemma-form assignments are retained. Surface ambiguity is reported explicitly and is never resolved by dropping or overwriting an assignment.,true,radixor-unimorph-import-v1,307,307,0,,"[{""accepted_rows"":307,""added_changed_pairs"":298,""added_distinct_surfaces"":370,""added_groups"":73,""added_output_forms"":371,""added_source_pairs"":303,""cross_source_conflict_assignments"":0,""cross_source_conflicting_surfaces"":0,""intrinsic_ambiguous_surfaces"":1,""key"":""primary"",""path"":""gup"",""rejected_rows"":0,""rejection_counts"":{},""source_rows"":307}]",0,0,1,73,371,9a9193fc4b921801a12c91e585a3fb71824c243a0f66138675e5be6ec731772b
gv-im-default,https://github.com/unimorph/glv,92565416550aebef179078fd0256777c189afce5,"[{""exceptions"":""none"",""key"":""primary"",""local_name"":""data"",""path"":""glv"",""schema"":""lemma-form-features"",""sha256"":""ba9f01f469f8227cdf338db2a7305abbfa3061f458bb42d60d71b10024d940bd""}]",[],README.md:evidence-00-README.md,evidence-00-README.md:3974c2496051e09139273e2f2c9811fff3cdd2362860810bf345e34e95c84458,CC-BY-SA-3.0,https://creativecommons.org/licenses/by-sa/3.0/,Selected repository data files at pinned revision: glv,Wikipedia,UniMorph,Each declared three-column source directly projects lemma and surface form.,All valid lemma-form assignments are retained. Surface ambiguity is reported explicitly and is never resolved by dropping or overwriting an assignment.,true,radixor-unimorph-import-v1,17,14,3,blank-row=3,"[{""accepted_rows"":14,""added_changed_pairs"":14,""added_distinct_surfaces"":15,""added_groups"":1,""added_output_forms"":15,""added_source_pairs"":14,""cross_source_conflict_assignments"":0,""cross_source_conflicting_surfaces"":0,""intrinsic_ambiguous_surfaces"":0,""key"":""primary"",""path"":""glv"",""rejected_rows"":3,""rejection_counts"":{""blank-row"":3},""source_rows"":17}]",0,0,0,1,15,da48ff4553af69f5f7dce09951a0d0e93a35ac649034de9d88f4067bac48a1ea
hai-default,https://github.com/unimorph/hai,98b7ddb7534122068f375ef8aa8b1ca8ec57d2a0,"[{""exceptions"":""none"",""key"":""primary"",""local_name"":""data"",""path"":""hai"",""schema"":""lemma-form-features"",""sha256"":""fda51f0839412e42f5450b686967dcb35f48a75d9f1e2059741b3bffd18b58ed""}]",[],README.md:evidence-00-README.md,evidence-00-README.md:cdff22d258a2b43eb53ad66dc2f43cd19f797223973a4ab9abffcbc0743d321f,CC-BY-SA-3.0,https://creativecommons.org/licenses/by-sa/3.0/,Selected repository data files at pinned revision: hai,Wikipedia,UniMorph,Each declared three-column source directly projects lemma and surface form.,All valid lemma-form assignments are retained. Surface ambiguity is reported explicitly and is never resolved by dropping or overwriting an assignment.,true,radixor-unimorph-import-v1,7040,5600,1440,form-unicode-whitespace=560;lemma-unicode-whitespace=880,"[{""accepted_rows"":5600,""added_changed_pairs"":5349,""added_distinct_surfaces"":5385,""added_groups"":36,""added_output_forms"":5385,""added_source_pairs"":5382,""cross_source_conflict_assignments"":0,""cross_source_conflicting_surfaces"":0,""intrinsic_ambiguous_surfaces"":0,""key"":""primary"",""path"":""hai"",""rejected_rows"":1440,""rejection_counts"":{""form-unicode-whitespace"":560,""lemma-unicode-whitespace"":880},""source_rows"":7040}]",0,0,0,36,5385,71a80067a05106b90668da2a78c8f9412d64406036ef13e24de732124fff69a5
hbs-default,https://github.com/unimorph/hbs,f41348090bf8ec35e41fee61d7c52d12ae1feff1,"[{""exceptions"":""none"",""key"":""primary"",""local_name"":""data"",""path"":""hbs"",""schema"":""lemma-form-features"",""sha256"":""736bf8f0cb726f2c6f88af67c01cd72271889169b227e05a1f665af874a54bf0""}]","[{""detail"":""Derivational data is outside the inflectional stem-form model contract."",""path"":""hbs.derivations"",""reason"":""derivation""}]",README.md:evidence-00-README.md,evidence-00-README.md:13afe9bf208426b038561dd0ab96b22808d60829dd5b69ba04d6a72d0c426a9f,CC-BY-SA-3.0,https://creativecommons.org/licenses/by-sa/3.0/,Selected repository data files at pinned revision: hbs,Not stated in pinned repository evidence,UniMorph,Each declared three-column source directly projects lemma and surface form.,All valid lemma-form assignments are retained. Surface ambiguity is reported explicitly and is never resolved by dropping or overwriting an assignment.,true,radixor-unimorph-import-v1,880325,685466,194859,blank-row=39526;form-unicode-whitespace=155039;lemma-unicode-whitespace=294,"[{""accepted_rows"":685466,""added_changed_pairs"":253639,""added_distinct_surfaces"":272634,""added_groups"":24385,""added_output_forms"":278024,""added_source_pairs"":271735,""cross_source_conflict_assignments"":0,""cross_source_conflicting_surfaces"":0,""intrinsic_ambiguous_surfaces"":5036,""key"":""primary"",""path"":""hbs"",""rejected_rows"":194859,""rejection_counts"":{""blank-row"":39526,""form-unicode-whitespace"":155039,""lemma-unicode-whitespace"":294},""source_rows"":880325}]",0,0,5036,24385,278024,be225aef70bd01ee8f988ac5e6a58f3d6e1cddc284a6564dd15f93d4f1634dda
hil-default,https://github.com/unimorph/hil,0ae9f3eca62de21bb948b34b2c03af44dff1f6ca,"[{""exceptions"":""none"",""key"":""primary"",""local_name"":""data"",""path"":""hil"",""schema"":""lemma-form-features"",""sha256"":""063cc3b75e5eeb7bd576f64578ccfa94e3d4fcd38b20ccbd564918fc564739f4""}]",[],README.md:evidence-00-README.md,evidence-00-README.md:62ec946575c6f1f4770f05fe48fd63b8a6978c405376797d26d3b3bd4bce3252,CC-BY-SA-3.0,https://creativecommons.org/licenses/by-sa/3.0/,Selected repository data files at pinned revision: hil,Not stated in pinned repository evidence,UniMorph; Ran Zmigrod,Each declared three-column source directly projects lemma and surface form.,All valid lemma-form assignments are retained. Surface ambiguity is reported explicitly and is never resolved by dropping or overwriting an assignment.,true,radixor-unimorph-import-v1,1256,692,564,form-unicode-whitespace=564,"[{""accepted_rows"":692,""added_changed_pairs"":301,""added_distinct_surfaces"":393,""added_groups"":97,""added_output_forms"":398,""added_source_pairs"":382,""cross_source_conflict_assignments"":0,""cross_source_conflicting_surfaces"":0,""intrinsic_ambiguous_surfaces"":5,""key"":""primary"",""path"":""hil"",""rejected_rows"":564,""rejection_counts"":{""form-unicode-whitespace"":564},""source_rows"":1256}]",0,0,5,97,398,d8114c609f5a38623a2fa3c7c3cf2ba74a2b5d9e78258cf0c428b50afcb9e031
hsi-default,https://github.com/unimorph/hsi,31bd9e0fed419b6257a722364c0d8a4e56f5c373,"[{""exceptions"":""none"",""key"":""primary"",""local_name"":""data"",""path"":""hsi"",""schema"":""lemma-form-features"",""sha256"":""3a98087f7d0c4e38071e935de36e5488f59b098a431024174a83006e81c153d3""}]",[],README.md:evidence-00-README.md,evidence-00-README.md:17d62bc69195a6aa36eba562ac5eab0d3428bfa6c3db5d5ac42b22ede42ca14c,CC-BY-SA-4.0,https://creativecommons.org/licenses/by-sa/4.0/,Selected repository data files at pinned revision: hsi,Not stated in pinned repository evidence,UniMorph; Aryaman Arora (Georgetown University),Each declared three-column source directly projects lemma and surface form.,All valid lemma-form assignments are retained. Surface ambiguity is reported explicitly and is never resolved by dropping or overwriting an assignment.,true,radixor-unimorph-import-v1,174,174,0,,"[{""accepted_rows"":174,""added_changed_pairs"":110,""added_distinct_surfaces"":158,""added_groups"":49,""added_output_forms"":159,""added_source_pairs"":159,""cross_source_conflict_assignments"":0,""cross_source_conflicting_surfaces"":0,""intrinsic_ambiguous_surfaces"":1,""key"":""primary"",""path"":""hsi"",""rejected_rows"":0,""rejection_counts"":{},""source_rows"":174}]",0,0,1,49,159,82f3518b9ef41c53429248865abdd539aa0436cba9a5f0517f333fe18e4c9146
hy-am-default,https://github.com/unimorph/hye,8d404710b0451dae1576d3aaf77c91e638eff66b,"[{""exceptions"":""none"",""key"":""primary"",""local_name"":""data"",""path"":""hye"",""schema"":""lemma-form-features"",""sha256"":""850ca7b5fa06398795edc35daf0e202adab8765946b8920ab3307c3fb22ce091""},{""exceptions"":""none"",""key"":""auxiliary-01"",""local_name"":""data-01"",""path"":""hye.args"",""schema"":""lemma-form-features"",""sha256"":""003b12b42ccf28d4569aee38f8d0db53a45fdf1a79ea1a23d4886479794ab6e5""}]",[],README.md:evidence-00-README.md,evidence-00-README.md:a4e97fa7a9ed8460b093fe5f27337d9b3a27e0a936484ee01528fec2d69f3505,CC-BY-SA-3.0,https://creativecommons.org/licenses/by-sa/3.0/,"Selected repository data files at pinned revision: hye, hye.args",Not stated in pinned repository evidence,UniMorph,Each declared three-column source directly projects lemma and surface form.,All valid lemma-form assignments are retained. Surface ambiguity is reported explicitly and is never resolved by dropping or overwriting an assignment.,true,radixor-unimorph-import-v1,672331,514914,157417,form-unicode-whitespace=154857;lemma-unicode-whitespace=2560,"[{""accepted_rows"":255391,""added_changed_pairs"":237940,""added_distinct_surfaces"":243870,""added_groups"":6946,""added_output_forms"":244886,""added_source_pairs"":244885,""cross_source_conflict_assignments"":0,""cross_source_conflicting_surfaces"":0,""intrinsic_ambiguous_surfaces"":994,""key"":""primary"",""path"":""hye"",""rejected_rows"":78479,""rejection_counts"":{""form-unicode-whitespace"":77199,""lemma-unicode-whitespace"":1280},""source_rows"":333870},{""accepted_rows"":259523,""added_changed_pairs"":2873,""added_distinct_surfaces"":2706,""added_groups"":44,""added_output_forms"":2917,""added_source_pairs"":2914,""cross_source_conflict_assignments"":205,""cross_source_conflicting_surfaces"":202,""intrinsic_ambiguous_surfaces"":1200,""key"":""auxiliary-01"",""path"":""hye.args"",""rejected_rows"":78938,""rejection_counts"":{""form-unicode-whitespace"":77658,""lemma-unicode-whitespace"":1280},""source_rows"":338461}]",205,202,1200,6990,247803,42eea1564db57d86b2f09fec3d6d19104253cd389769b834c823b1684f21a757
id-id-default,https://github.com/unimorph/ind,4663cf3b8127fb85cb7e8a0c1a4f07e96103fe34,"[{""exceptions"":""none"",""key"":""primary"",""local_name"":""data"",""path"":""ind"",""schema"":""lemma-form-features"",""sha256"":""77c709f98b581a80051d0e18aa899e0d84d70436223054efa09831d71cdc2ac6""}]","[{""detail"":""Duplicate .args projection was audited and excluded; only bel.args, grc.args, and hye.args add an approved compatible projection."",""path"":""ind.args"",""reason"":""duplicate-args""}]",README.md:evidence-00-README.md,evidence-00-README.md:0b4358af8279493d5708736e14537280f0d869a5d765888e3ebb927c2ee94bb0,CC-BY-SA-3.0,https://creativecommons.org/licenses/by-sa/3.0/,Selected repository data files at pinned revision: ind,Not stated in pinned repository evidence,UniMorph; Clara Vania; Totok Suhardijanto; Zahroh Nuriah,Each declared three-column source directly projects lemma and surface form.,All valid lemma-form assignments are retained. Surface ambiguity is reported explicitly and is never resolved by dropping or overwriting an assignment.,true,radixor-unimorph-import-v1,27714,27714,0,,"[{""accepted_rows"":27714,""added_changed_pairs"":17421,""added_distinct_surfaces"":21296,""added_groups"":3877,""added_output_forms"":21298,""added_source_pairs"":17421,""cross_source_conflict_assignments"":0,""cross_source_conflicting_surfaces"":0,""intrinsic_ambiguous_surfaces"":0,""key"":""primary"",""path"":""ind"",""rejected_rows"":0,""rejection_counts"":{},""source_rows"":27714}]",0,0,0,3877,21298,ed7ab0190fcd098ff4e871605f61056cf43b54a6967e8c40652584720ddb5044
is-is-default,https://github.com/unimorph/isl,71a748303ef3fcc30810f90687a543313563fa1a,"[{""exceptions"":""none"",""key"":""primary"",""local_name"":""data"",""path"":""isl"",""schema"":""lemma-form-features"",""sha256"":""a944234d2d62775d2d0490664630ddaf1ce50ae164218582bc8fedb45ea26422""}]","[{""detail"":""Duplicate .args projection was audited and excluded; only bel.args, grc.args, and hye.args add an approved compatible projection."",""path"":""isl.args"",""reason"":""duplicate-args""}]",README.md:evidence-00-README.md,evidence-00-README.md:9683822ed26627566c89b154a508f6925c7f1403d9fb54147eb4ffe6d1be6345,CC-BY-SA-3.0,https://creativecommons.org/licenses/by-sa/3.0/,Selected repository data files at pinned revision: isl,Wikipedia,UniMorph,Each declared three-column source directly projects lemma and surface form.,All valid lemma-form assignments are retained. Surface ambiguity is reported explicitly and is never resolved by dropping or overwriting an assignment.,true,radixor-unimorph-import-v1,76916,76899,17,blank-row=1;lemma-unicode-whitespace=16,"[{""accepted_rows"":76899,""added_changed_pairs"":48616,""added_distinct_surfaces"":52197,""added_groups"":4772,""added_output_forms"":53388,""added_source_pairs"":53357,""cross_source_conflict_assignments"":0,""cross_source_conflicting_surfaces"":0,""intrinsic_ambiguous_surfaces"":1114,""key"":""primary"",""path"":""isl"",""rejected_rows"":17,""rejection_counts"":{""blank-row"":1,""lemma-unicode-whitespace"":16},""source_rows"":76916}]",0,0,1114,4772,53388,0d16a717f7c71b5fc333ec8687b1e44d6840092a5e3ce88785830ea9083e9b60
itl-default,https://github.com/unimorph/itl,251a11eb5fdcd44d01e498209632c903d2ce3d3e,"[{""exceptions"":""none"",""key"":""primary"",""local_name"":""data"",""path"":""itl"",""schema"":""lemma-form-features"",""sha256"":""c254fb236cf925187983584419091f1a7d6d0755a087034053bddcc9b6f5cc69""}]","[{""detail"":""Duplicate .args projection was audited and excluded; only bel.args, grc.args, and hye.args add an approved compatible projection."",""path"":""itl.args"",""reason"":""duplicate-args""}]",README.md:evidence-00-README.md,evidence-00-README.md:f6d0cf8c72fdeb44ea11b8db9bc3c25dff5ebf6135c4d082a65f6e2f1777f570,CC-BY-SA-3.0,https://creativecommons.org/licenses/by-sa/3.0/,Selected repository data files at pinned revision: itl,Not stated in pinned repository evidence,"UniMorph; Karina Sheifer, Sofya Ganieva, Matvey Plugaryov",Each declared three-column source directly projects lemma and surface form.,All valid lemma-form assignments are retained. Surface ambiguity is reported explicitly and is never resolved by dropping or overwriting an assignment.,true,radixor-unimorph-import-v1,2701,2697,4,form-unicode-whitespace=1;lemma-unicode-whitespace=3,"[{""accepted_rows"":2697,""added_changed_pairs"":2030,""added_distinct_surfaces"":3659,""added_groups"":1633,""added_output_forms"":3663,""added_source_pairs"":2693,""cross_source_conflict_assignments"":0,""cross_source_conflicting_surfaces"":0,""intrinsic_ambiguous_surfaces"":1,""key"":""primary"",""path"":""itl"",""rejected_rows"":4,""rejection_counts"":{""form-unicode-whitespace"":1,""lemma-unicode-whitespace"":3},""source_rows"":2701}]",0,0,1,1633,3663,4664dc2087cf79102555fecdf978c6a2b7e830192f4e7c01e4f7642d167e8175
izh-default,https://github.com/unimorph/izh,be351d32224a63c6611ffda5034d31982fe49814,"[{""exceptions"":""none"",""key"":""primary"",""local_name"":""data"",""path"":""izh"",""schema"":""lemma-form-features"",""sha256"":""b0d669893b477a4bb468f6da31fc7f30c19e574a98c851380f2e90e0e4c93c03""}]","[{""detail"":""Duplicate .args projection was audited and excluded; only bel.args, grc.args, and hye.args add an approved compatible projection."",""path"":""izh.args"",""reason"":""duplicate-args""}]",README.md:evidence-00-README.md,evidence-00-README.md:4b0967299674d60a8f5d76e0bf78be86d219adab69ec44a3e0e5971637eed006,CC-BY-SA-3.0,https://creativecommons.org/licenses/by-sa/3.0/,Selected repository data files at pinned revision: izh,Wikipedia,UniMorph,Each declared three-column source directly projects lemma and surface form.,All valid lemma-form assignments are retained. Surface ambiguity is reported explicitly and is never resolved by dropping or overwriting an assignment.,true,radixor-unimorph-import-v1,1151,1099,52,blank-row=52,"[{""accepted_rows"":1099,""added_changed_pairs"":976,""added_distinct_surfaces"":1026,""added_groups"":50,""added_output_forms"":1026,""added_source_pairs"":1026,""cross_source_conflict_assignments"":0,""cross_source_conflicting_surfaces"":0,""intrinsic_ambiguous_surfaces"":0,""key"":""primary"",""path"":""izh"",""rejected_rows"":52,""rejection_counts"":{""blank-row"":52},""source_rows"":1151}]",0,0,0,50,1026,294754b0e212cd5045fcced35de8e0016a77cb46732d285e2babef0d1e3c5d84
ja-jp-default,https://github.com/unimorph/jpn,ef6d7bf780d177d4b0802568cff45a76056396e5,"[{""exceptions"":""none"",""key"":""primary"",""local_name"":""data"",""path"":""jpn"",""schema"":""lemma-form-features"",""sha256"":""6ba4589cd43846c8afab5bdf5f4c498e03e32849f95c3e5c9840be2975d4b888""}]",[],README.md:evidence-00-README.md,evidence-00-README.md:25bc71f59f9bbeb00b5dd907c5351a262d1534572078e48189c8322bb3f93f9f,CC-BY-4.0,https://creativecommons.org/licenses/by/4.0/,Selected repository data files at pinned revision: jpn,Not stated in pinned repository evidence,UniMorph,Each declared three-column source directly projects lemma and surface form.,All valid lemma-form assignments are retained. Surface ambiguity is reported explicitly and is never resolved by dropping or overwriting an assignment.,true,radixor-unimorph-import-v1,12687,12687,0,,"[{""accepted_rows"":12687,""added_changed_pairs"":11485,""added_distinct_surfaces"":10848,""added_groups"":107,""added_output_forms"":11592,""added_source_pairs"":11592,""cross_source_conflict_assignments"":0,""cross_source_conflicting_surfaces"":0,""intrinsic_ambiguous_surfaces"":594,""key"":""primary"",""path"":""jpn"",""rejected_rows"":0,""rejection_counts"":{},""source_rows"":12687}]",0,0,594,107,11592,852e1431af196108ac5c79a46e8aa11caead2931dd0960fc4b653cde08fbc161
kbd-default,https://github.com/unimorph/kbd,ee843e1110be705a121495bd4656bf1635b2c4d2,"[{""exceptions"":""none"",""key"":""primary"",""local_name"":""data"",""path"":""kbd"",""schema"":""lemma-form-features"",""sha256"":""eeca11e3218db22444fcc7ed886c229c4b8f59d5bfbf10a5d776ef009da65593""}]",[],README.md:evidence-00-README.md,evidence-00-README.md:370cda13be5be4c7b0ab5d5f73bf174ee3b8f8534a62022a11cdda799360cfb4,CC-BY-SA-3.0,https://creativecommons.org/licenses/by-sa/3.0/,Selected repository data files at pinned revision: kbd,Wikipedia,UniMorph,Each declared three-column source directly projects lemma and surface form.,All valid lemma-form assignments are retained. Surface ambiguity is reported explicitly and is never resolved by dropping or overwriting an assignment.,true,radixor-unimorph-import-v1,3354,3080,274,blank-row=262;lemma-unicode-whitespace=12,"[{""accepted_rows"":3080,""added_changed_pairs"":2805,""added_distinct_surfaces"":3054,""added_groups"":249,""added_output_forms"":3054,""added_source_pairs"":2962,""cross_source_conflict_assignments"":0,""cross_source_conflicting_surfaces"":0,""intrinsic_ambiguous_surfaces"":0,""key"":""primary"",""path"":""kbd"",""rejected_rows"":274,""rejection_counts"":{""blank-row"":262,""lemma-unicode-whitespace"":12},""source_rows"":3354}]",0,0,0,249,3054,36208c790afe93152677ba6a4cabb3adfc420b521857ea462d81933e1f38cdb4
kjh-default,https://github.com/unimorph/kjh,fbef46743e079bb7ff0138b2497ebf242aa3c4cb,"[{""exceptions"":""none"",""key"":""primary"",""local_name"":""data"",""path"":""kjh"",""schema"":""lemma-form-features"",""sha256"":""c3da9ee8c891f6d744dc772fed11a5554439183437e01b3edc1d8991f5fc60b4""}]",[],README.md:evidence-00-README.md,evidence-00-README.md:bca1041a1afa7212474583a4ca5a43ffdafba3a875b002febec8e6e5acd6c6fa,CC-BY-SA-3.0,https://creativecommons.org/licenses/by-sa/3.0/,Selected repository data files at pinned revision: kjh,Wikipedia,UniMorph,Each declared three-column source directly projects lemma and surface form.,All valid lemma-form assignments are retained. Surface ambiguity is reported explicitly and is never resolved by dropping or overwriting an assignment.,true,radixor-unimorph-import-v1,1277,1184,93,blank-row=77;lemma-unicode-whitespace=16,"[{""accepted_rows"":1184,""added_changed_pairs"":1098,""added_distinct_surfaces"":1172,""added_groups"":74,""added_output_forms"":1172,""added_source_pairs"":1172,""cross_source_conflict_assignments"":0,""cross_source_conflicting_surfaces"":0,""intrinsic_ambiguous_surfaces"":0,""key"":""primary"",""path"":""kjh"",""rejected_rows"":93,""rejection_counts"":{""blank-row"":77,""lemma-unicode-whitespace"":16},""source_rows"":1277}]",0,0,0,74,1172,210b01be8a529b3bd8611f82d1050dc9702a41784226c6eab31ceebb77e652e2
kk-kz-default,https://github.com/unimorph/kaz,91885d96011368d91397033f4a8f8b0f9c2b60a0,"[{""exceptions"":""none"",""key"":""primary"",""local_name"":""data"",""path"":""kaz"",""schema"":""lemma-form-features"",""sha256"":""2474e66a4a112528c6b2cbeed498a75c87c4de5f36da276143e8fa90aa5a7488""},{""exceptions"":""none"",""key"":""auxiliary-01"",""local_name"":""data-01"",""path"":""kaz.noun.tsv"",""schema"":""lemma-form-features"",""sha256"":""6ba352297a03423fdd21b3a1875d230c0f3c4153d5e33d1e5dcd37980efc0579""},{""exceptions"":""none"",""key"":""auxiliary-02"",""local_name"":""data-02"",""path"":""kaz.sm"",""schema"":""lemma-form-features"",""sha256"":""af873ae1660456bcdf98846e3f82c47d3080a4412c15f5f48e40a8c38366b3b4""}]","[{""detail"":""Duplicate .args projection was audited and excluded; only bel.args, grc.args, and hye.args add an approved compatible projection."",""path"":""kaz.args"",""reason"":""duplicate-args""},{""detail"":""Derivational data is outside the inflectional stem-form model contract."",""path"":""kaz.derivations"",""reason"":""derivation""}]",README.md:evidence-00-README.md,evidence-00-README.md:0bbe23c3ab3997b39804d8186337669779a05ad8136565c32383a2564cb1e99b,CC-BY-SA-3.0,https://creativecommons.org/licenses/by-sa/3.0/,"Selected repository data files at pinned revision: kaz, kaz.noun.tsv, kaz.sm",Wikipedia,UniMorph,Each declared three-column source directly projects lemma and surface form.,All valid lemma-form assignments are retained. Surface ambiguity is reported explicitly and is never resolved by dropping or overwriting an assignment.,true,radixor-unimorph-import-v1,40668,37098,3570,blank-row=28;form-unicode-whitespace=1608;lemma-unicode-whitespace=1934,"[{""accepted_rows"":357,""added_changed_pairs"":331,""added_distinct_surfaces"":357,""added_groups"":26,""added_output_forms"":357,""added_source_pairs"":357,""cross_source_conflict_assignments"":0,""cross_source_conflicting_surfaces"":0,""intrinsic_ambiguous_surfaces"":0,""key"":""primary"",""path"":""kaz"",""rejected_rows"":28,""rejection_counts"":{""blank-row"":28},""source_rows"":385},{""accepted_rows"":28333,""added_changed_pairs"":26458,""added_distinct_surfaces"":28065,""added_groups"":1624,""added_output_forms"":28082,""added_source_pairs"":28082,""cross_source_conflict_assignments"":0,""cross_source_conflicting_surfaces"":0,""intrinsic_ambiguous_surfaces"":17,""key"":""auxiliary-01"",""path"":""kaz.noun.tsv"",""rejected_rows"":14,""rejection_counts"":{""lemma-unicode-whitespace"":14},""source_rows"":28347},{""accepted_rows"":8408,""added_changed_pairs"":6736,""added_distinct_surfaces"":6801,""added_groups"":94,""added_output_forms"":6830,""added_source_pairs"":6736,""cross_source_conflict_assignments"":7,""cross_source_conflicting_surfaces"":7,""intrinsic_ambiguous_surfaces"":22,""key"":""auxiliary-02"",""path"":""kaz.sm"",""rejected_rows"":3528,""rejection_counts"":{""form-unicode-whitespace"":1608,""lemma-unicode-whitespace"":1920},""source_rows"":11936}]",7,7,39,1744,35269,73216ba98bc3e3c240d626fc47f4dc3ff95148ba086c8a9e8d89bd6cfbdc648b
kl-gl-default,https://github.com/unimorph/kal,c1532eb12ca3f13ec351fb541f839defb190aa3a,"[{""exceptions"":""none"",""key"":""primary"",""local_name"":""data"",""path"":""kal"",""schema"":""lemma-form-features"",""sha256"":""5a7ce83bf3349dc7e881f91a7a778c9449337658acae57112e220ee77349f110""}]","[{""detail"":""Duplicate .args projection was audited and excluded; only bel.args, grc.args, and hye.args add an approved compatible projection."",""path"":""kal.args"",""reason"":""duplicate-args""}]",README.md:evidence-00-README.md,evidence-00-README.md:d0fd24698d586b2a446b2ddc4a2a04319431d745bcf9f686b7e348fe16ef2246,CC-BY-SA-3.0,https://creativecommons.org/licenses/by-sa/3.0/,Selected repository data files at pinned revision: kal,Wikipedia,UniMorph,Each declared three-column source directly projects lemma and surface form.,All valid lemma-form assignments are retained. Surface ambiguity is reported explicitly and is never resolved by dropping or overwriting an assignment.,true,radixor-unimorph-import-v1,393,368,25,blank-row=25,"[{""accepted_rows"":368,""added_changed_pairs"":298,""added_distinct_surfaces"":321,""added_groups"":23,""added_output_forms"":321,""added_source_pairs"":321,""cross_source_conflict_assignments"":0,""cross_source_conflicting_surfaces"":0,""intrinsic_ambiguous_surfaces"":0,""key"":""primary"",""path"":""kal"",""rejected_rows"":25,""rejection_counts"":{""blank-row"":25},""source_rows"":393}]",0,0,0,23,321,19212cb272cf695b77a6e90cb5c6394689cf7ea738830cab29b4ea629865d782
klr-default,https://github.com/unimorph/klr,e9c1cd9e6def47a33759d2f4331dd886bacd5964,"[{""exceptions"":""none"",""key"":""primary"",""local_name"":""data"",""path"":""klr"",""schema"":""lemma-form-features"",""sha256"":""e14f454911ebcdeb94b621658ac7025937796389196795472a060b9a76a67007""}]",[],README.md:evidence-00-README.md,evidence-00-README.md:3b14f88901a387f864b0dec901f3d0af818d82a3b3aa80768f1305e2b5056cb6,LGPLLR,https://spdx.org/licenses/LGPLLR.html,Selected repository data files at pinned revision: klr,Wikipedia,UniMorph,Each declared three-column source directly projects lemma and surface form.,All valid lemma-form assignments are retained. Surface ambiguity is reported explicitly and is never resolved by dropping or overwriting an assignment.,true,radixor-unimorph-import-v1,156097,156097,0,,"[{""accepted_rows"":156097,""added_changed_pairs"":59046,""added_distinct_surfaces"":54602,""added_groups"":591,""added_output_forms"":59637,""added_source_pairs"":59104,""cross_source_conflict_assignments"":0,""cross_source_conflicting_surfaces"":0,""intrinsic_ambiguous_surfaces"":4783,""key"":""primary"",""path"":""klr"",""rejected_rows"":0,""rejection_counts"":{},""source_rows"":156097}]",0,0,4783,591,59637,dba18e7da6b469e0e7d3c0a4b49280a88bb1845c8466f1b6db994c9747a2eb2d
kn-in-default,https://github.com/unimorph/kan,dc17627bc86d650a885217f84faa3c90179e71fb,"[{""exceptions"":""none"",""key"":""primary"",""local_name"":""data"",""path"":""kan"",""schema"":""lemma-form-features"",""sha256"":""9ed7830f7f49f7afd2d9843b52a0ba87f2cbdc7360cbffab4b6ab5bbab56987b""}]",[],README.md:evidence-00-README.md,evidence-00-README.md:b88e8c68ae93ed8af93f231b3519b683a120d2511eea37983d85b93c3317ce2e,CC-BY-SA-3.0,https://creativecommons.org/licenses/by-sa/3.0/,Selected repository data files at pinned revision: kan,Wikipedia,UniMorph,Each declared three-column source directly projects lemma and surface form.,All valid lemma-form assignments are retained. Surface ambiguity is reported explicitly and is never resolved by dropping or overwriting an assignment.,true,radixor-unimorph-import-v1,6570,6402,168,blank-row=168,"[{""accepted_rows"":6402,""added_changed_pairs"":4008,""added_distinct_surfaces"":3802,""added_groups"":159,""added_output_forms"":4167,""added_source_pairs"":4068,""cross_source_conflict_assignments"":0,""cross_source_conflicting_surfaces"":0,""intrinsic_ambiguous_surfaces"":14,""key"":""primary"",""path"":""kan"",""rejected_rows"":168,""rejection_counts"":{""blank-row"":168},""source_rows"":6570}]",0,0,14,159,4167,aba11fd379a9d89366d045dc87dcf1e2a1b3d5b1e1425ada894caf54517be265
kod-default,https://github.com/unimorph/kod,da840ac504da546c7bd84bf330314fe7e481c57d,"[{""exceptions"":""none"",""key"":""primary"",""local_name"":""data"",""path"":""kod"",""schema"":""lemma-form-features"",""sha256"":""cba29eb89117afa8486e1f88117564fd1956861717ad981768cae8cc4bbe4810""}]","[{""detail"":""Duplicate .args projection was audited and excluded; only bel.args, grc.args, and hye.args add an approved compatible projection."",""path"":""kod.args"",""reason"":""duplicate-args""}]",README.md:evidence-00-README.md,evidence-00-README.md:05f0a9dc18a8c3332f9624dcea46806a0588e6e3d84bc01f223107a6e15e2483,CC-BY-SA-3.0,https://creativecommons.org/licenses/by-sa/3.0/,Selected repository data files at pinned revision: kod,Not stated in pinned repository evidence,"UniMorph; Yustinus Ghanggo Ate, Garrett Nicolai",Each declared three-column source directly projects lemma and surface form.,All valid lemma-form assignments are retained. Surface ambiguity is reported explicitly and is never resolved by dropping or overwriting an assignment.,true,radixor-unimorph-import-v1,462,462,0,,"[{""accepted_rows"":462,""added_changed_pairs"":459,""added_distinct_surfaces"":524,""added_groups"":65,""added_output_forms"":524,""added_source_pairs"":459,""cross_source_conflict_assignments"":0,""cross_source_conflicting_surfaces"":0,""intrinsic_ambiguous_surfaces"":0,""key"":""primary"",""path"":""kod"",""rejected_rows"":0,""rejection_counts"":{},""source_rows"":462}]",0,0,0,65,524,38c0562b78e339601d44d91cb4cb510039495710fe162d4797df2b973dcc0196
kon-default,https://github.com/unimorph/kon,4a89718138a97673750689e2e0dfca4376d2a385,"[{""exceptions"":""none"",""key"":""primary"",""local_name"":""data"",""path"":""kon"",""schema"":""lemma-form-features"",""sha256"":""be87a642a8666adb82a4ef9b9b953be9cbf1ba5fa2357866a3b48ab6707b3b62""}]",[],README.md:evidence-00-README.md,evidence-00-README.md:823a70dfbd357a84ffb7c2bd4591abdb08cc03862105295ad09c831a991d630d,CC-BY-SA-3.0,https://creativecommons.org/licenses/by-sa/3.0/,Selected repository data files at pinned revision: kon,Not stated in pinned repository evidence,UniMorph; Jennifer White,Each declared three-column source directly projects lemma and surface form.,All valid lemma-form assignments are retained. Surface ambiguity is reported explicitly and is never resolved by dropping or overwriting an assignment.,true,radixor-unimorph-import-v1,828,386,442,form-unicode-whitespace=386;lemma-unicode-whitespace=56,"[{""accepted_rows"":386,""added_changed_pairs"":372,""added_distinct_surfaces"":557,""added_groups"":186,""added_output_forms"":558,""added_source_pairs"":372,""cross_source_conflict_assignments"":0,""cross_source_conflicting_surfaces"":0,""intrinsic_ambiguous_surfaces"":0,""key"":""primary"",""path"":""kon"",""rejected_rows"":442,""rejection_counts"":{""form-unicode-whitespace"":386,""lemma-unicode-whitespace"":56},""source_rows"":828}]",0,0,0,186,558,08f082c093e50f6cc95c9e80fe08a0b2f6e249894159eb1a503d557b4eadc645
krl-default,https://github.com/unimorph/krl,d72ba9566b70640b415a2cecc95595fe239e17d3,"[{""exceptions"":""none"",""key"":""primary"",""local_name"":""data"",""path"":""krl"",""schema"":""lemma-form-features"",""sha256"":""44f7d33c6d68e09d45d0c7e6a711beea43be15bff2bca6a45ab575783db8930d""}]","[{""detail"":""Karelian dialect files are separate CC-BY-4.0 dialect products and are reserved for possible future models."",""path"":""krl-dyorzha"",""reason"":""karelian-dialect""},{""detail"":""Karelian dialect files are separate CC-BY-4.0 dialect products and are reserved for possible future models."",""path"":""krl-kestenga"",""reason"":""karelian-dialect""},{""detail"":""Karelian dialect files are separate CC-BY-4.0 dialect products and are reserved for possible future models."",""path"":""krl-knyazhaya"",""reason"":""karelian-dialect""},{""detail"":""Karelian dialect files are separate CC-BY-4.0 dialect products and are reserved for possible future models."",""path"":""krl-kontokki"",""reason"":""karelian-dialect""},{""detail"":""Karelian dialect files are separate CC-BY-4.0 dialect products and are reserved for possible future models."",""path"":""krl-myandyselga"",""reason"":""karelian-dialect""},{""detail"":""Karelian dialect files are separate CC-BY-4.0 dialect products and are reserved for possible future models."",""path"":""krl-new-written-karelian"",""reason"":""karelian-dialect""},{""detail"":""Karelian dialect files are separate CC-BY-4.0 dialect products and are reserved for possible future models."",""path"":""krl-new-written-tver"",""reason"":""karelian-dialect""},{""detail"":""Karelian dialect files are separate CC-BY-4.0 dialect products and are reserved for possible future models."",""path"":""krl-oulanga"",""reason"":""karelian-dialect""},{""detail"":""Karelian dialect files are separate CC-BY-4.0 dialect products and are reserved for possible future models."",""path"":""krl-padany"",""reason"":""karelian-dialect""},{""detail"":""Karelian dialect files are separate CC-BY-4.0 dialect products and are reserved for possible future models."",""path"":""krl-panozero"",""reason"":""karelian-dialect""},{""detail"":""Karelian dialect files are separate CC-BY-4.0 dialect products and are reserved for possible future models."",""path"":""krl-poduzhemye"",""reason"":""karelian-dialect""},{""detail"":""Karelian dialect files are separate CC-BY-4.0 dialect products and are reserved for possible future models."",""path"":""krl-porosozero"",""reason"":""karelian-dialect""},{""detail"":""Karelian dialect files are separate CC-BY-4.0 dialect products and are reserved for possible future models."",""path"":""krl-reboly"",""reason"":""karelian-dialect""},{""detail"":""Karelian dialect files are separate CC-BY-4.0 dialect products and are reserved for possible future models."",""path"":""krl-rugozero"",""reason"":""karelian-dialect""},{""detail"":""Karelian dialect files are separate CC-BY-4.0 dialect products and are reserved for possible future models."",""path"":""krl-tikhtozero"",""reason"":""karelian-dialect""},{""detail"":""Karelian dialect files are separate CC-BY-4.0 dialect products and are reserved for possible future models."",""path"":""krl-tikhvin"",""reason"":""karelian-dialect""},{""detail"":""Karelian dialect files are separate CC-BY-4.0 dialect products and are reserved for possible future models."",""path"":""krl-tolmachi"",""reason"":""karelian-dialect""},{""detail"":""Karelian dialect files are separate CC-BY-4.0 dialect products and are reserved for possible future models."",""path"":""krl-tunguda"",""reason"":""karelian-dialect""},{""detail"":""Karelian dialect files are separate CC-BY-4.0 dialect products and are reserved for possible future models."",""path"":""krl-uhta"",""reason"":""karelian-dialect""},{""detail"":""Karelian dialect files are separate CC-BY-4.0 dialect products and are reserved for possible future models."",""path"":""krl-valdai"",""reason"":""karelian-dialect""},{""detail"":""Karelian dialect files are separate CC-BY-4.0 dialect products and are reserved for possible future models."",""path"":""krl-vesyegonsk"",""reason"":""karelian-dialect""},{""detail"":""Karelian dialect files are separate CC-BY-4.0 dialect products and are reserved for possible future models."",""path"":""krl-voknavolok"",""reason"":""karelian-dialect""},{""detail"":""Karelian dialect files are separate CC-BY-4.0 dialect products and are reserved for possible future models."",""path"":""krl-vychetaibola"",""reason"":""karelian-dialect""},{""detail"":""Karelian dialect files are separate CC-BY-4.0 dialect products and are reserved for possible future models."",""path"":""krl-yushkozero"",""reason"":""karelian-dialect""}]",README.md:evidence-00-README.md,evidence-00-README.md:d8f806a8f0d483532eef7dd32b935496373a29c16c3dd4244ec0854676b732a8,CC-BY-SA-3.0,https://creativecommons.org/licenses/by-sa/3.0/,Selected repository data files at pinned revision: krl,Not stated in pinned repository evidence,UniMorph,Each declared three-column source directly projects lemma and surface form.,All valid lemma-form assignments are retained. Surface ambiguity is reported explicitly and is never resolved by dropping or overwriting an assignment.,true,radixor-unimorph-import-v1,706,682,24,blank-row=24,"[{""accepted_rows"":682,""added_changed_pairs"":546,""added_distinct_surfaces"":566,""added_groups"":20,""added_output_forms"":566,""added_source_pairs"":566,""cross_source_conflict_assignments"":0,""cross_source_conflicting_surfaces"":0,""intrinsic_ambiguous_surfaces"":0,""key"":""primary"",""path"":""krl"",""rejected_rows"":24,""rejection_counts"":{""blank-row"":24},""source_rows"":706}]",0,0,0,20,566,8f99c9c57ba8bb642be3c033a973d37e6b1064be186f0b9c1f43a900ad1a1706
ky-kg-default,https://github.com/unimorph/kir,3eba9b72cc8222bf964a06842e4ae31c45ce21bf,"[{""exceptions"":""none"",""key"":""primary"",""local_name"":""data"",""path"":""kir"",""schema"":""lemma-form-features"",""sha256"":""05ab494323aa83a3b27be2264ea450a28957bf48c32804b743c77ccc6a066e73""}]","[{""detail"":""Duplicate .args projection was audited and excluded; only bel.args, grc.args, and hye.args add an approved compatible projection."",""path"":""kir.args"",""reason"":""duplicate-args""}]",README.md:evidence-00-README.md,evidence-00-README.md:334f5a1904d1db9b0c835a2ccba7cb4046578fec087da4dd4afcd55921f7f4be,CC-BY-SA-3.0,https://creativecommons.org/licenses/by-sa/3.0/,Selected repository data files at pinned revision: kir,"Aytnatova, Alima. (2016). Kyrgyz language: 100 Kyrgyz verbs fully conjugated in all tenses. CreateSpace Independent Publishing Platform. Middletown, DE.",UniMorph; Eleanor Chodroff,Each declared three-column source directly projects lemma and surface form.,All valid lemma-form assignments are retained. Surface ambiguity is reported explicitly and is never resolved by dropping or overwriting an assignment.,true,radixor-unimorph-import-v1,5544,3066,2478,form-unicode-whitespace=1022;lemma-unicode-whitespace=1456,"[{""accepted_rows"":3066,""added_changed_pairs"":2925,""added_distinct_surfaces"":2997,""added_groups"":72,""added_output_forms"":2997,""added_source_pairs"":2925,""cross_source_conflict_assignments"":0,""cross_source_conflicting_surfaces"":0,""intrinsic_ambiguous_surfaces"":0,""key"":""primary"",""path"":""kir"",""rejected_rows"":2478,""rejection_counts"":{""form-unicode-whitespace"":1022,""lemma-unicode-whitespace"":1456},""source_rows"":5544}]",0,0,0,72,2997,3b7d57494e647317afd9075559f7727c38d9d98041f968e6f0237c649b63ebed
la-default,https://github.com/unimorph/lat,050924c9f013e6aba4d7c87be243a1d79b6c5b10,"[{""exceptions"":""none"",""key"":""primary"",""local_name"":""data"",""path"":""lat"",""schema"":""lemma-form-features"",""sha256"":""7aed5a2fd17c29474e85e315d42654d1794a3d3efc956b387714ca601a608a2b""}]","[{""detail"":""Derivational data is outside the inflectional stem-form model contract."",""path"":""lat.derivations"",""reason"":""derivation""},{""detail"":""Latin segmentation data was excluded because roughly one third of new pairs have cross-source lemma conflicts."",""path"":""lat.segmentations"",""reason"":""latin-segmentation""}]",README.md:evidence-00-README.md,evidence-00-README.md:dbf129ea10a43a0d3cb9a364d3c9e8d320a55df68f4fff33e5c057dc5554264c,CC-BY-SA-3.0,https://creativecommons.org/licenses/by-sa/3.0/,Selected repository data files at pinned revision: lat,Not stated in pinned repository evidence,UniMorph,Each declared three-column source directly projects lemma and surface form.,All valid lemma-form assignments are retained. Surface ambiguity is reported explicitly and is never resolved by dropping or overwriting an assignment.,true,radixor-unimorph-import-v1,976489,971746,4743,form-unicode-whitespace=1106;lemma-unicode-whitespace=3637,"[{""accepted_rows"":971746,""added_changed_pairs"":454561,""added_distinct_surfaces"":486375,""added_groups"":46170,""added_output_forms"":500731,""added_source_pairs"":500718,""cross_source_conflict_assignments"":0,""cross_source_conflicting_surfaces"":0,""intrinsic_ambiguous_surfaces"":13780,""key"":""primary"",""path"":""lat"",""rejected_rows"":4743,""rejection_counts"":{""form-unicode-whitespace"":1106,""lemma-unicode-whitespace"":3637},""source_rows"":976489}]",0,0,13780,46170,500731,1ecc8889f0cf91f5005f8c1434dd2d12b03c34ec11f16336896544ef676709d1
lg-ug-default,https://github.com/unimorph/lug,5bb5dc567e071e2e3111d5eb29bf438244a9b0e1,"[{""exceptions"":""none"",""key"":""primary"",""local_name"":""data"",""path"":""lug"",""schema"":""lemma-form-features"",""sha256"":""9d9c9d8c397cbb67882bccc0680b4507ee3948db04ca5a10f70c19f842e7f9eb""}]",[],README.md:evidence-00-README.md,evidence-00-README.md:b277989db1af56d31176a77d7934e5f129c00fea423444764bebea97a5ce627c,CC-BY-SA-3.0,https://creativecommons.org/licenses/by-sa/3.0/,Selected repository data files at pinned revision: lug,Not stated in pinned repository evidence,UniMorph; Edoardo Ponti,Each declared three-column source directly projects lemma and surface form.,All valid lemma-form assignments are retained. Surface ambiguity is reported explicitly and is never resolved by dropping or overwriting an assignment.,true,radixor-unimorph-import-v1,4895,4785,110,lemma-unicode-whitespace=110,"[{""accepted_rows"":4785,""added_changed_pairs"":4659,""added_distinct_surfaces"":4673,""added_groups"":87,""added_output_forms"":4746,""added_source_pairs"":4746,""cross_source_conflict_assignments"":0,""cross_source_conflicting_surfaces"":0,""intrinsic_ambiguous_surfaces"":73,""key"":""primary"",""path"":""lug"",""rejected_rows"":110,""rejection_counts"":{""lemma-unicode-whitespace"":110},""source_rows"":4895}]",0,0,73,87,4746,bdf75bc28bc51c41d1b2d4eab15988a165824a0859b737c9eb25e5f03016108f
lin-default,https://github.com/unimorph/lin,d56576af7cfc2ea79343e9a12ae1be82450b4e0a,"[{""exceptions"":""none"",""key"":""primary"",""local_name"":""data"",""path"":""lin"",""schema"":""lemma-form-features"",""sha256"":""d22fa11f561505b531d55bb2def0480ef5fbbb2a7e0bb9c16e8dd7664fadecbc""}]",[],README.md:evidence-00-README.md,evidence-00-README.md:436927c093e09ce6042fb90e07bc9e682d716ad29cd8ea4f4ca7ae4a3e9fee18,CC-BY-SA-3.0,https://creativecommons.org/licenses/by-sa/3.0/,Selected repository data files at pinned revision: lin,Not stated in pinned repository evidence,UniMorph,Each declared three-column source directly projects lemma and surface form.,All valid lemma-form assignments are retained. Surface ambiguity is reported explicitly and is never resolved by dropping or overwriting an assignment.,true,radixor-unimorph-import-v1,228,228,0,,"[{""accepted_rows"":228,""added_changed_pairs"":173,""added_distinct_surfaces"":230,""added_groups"":57,""added_output_forms"":230,""added_source_pairs"":173,""cross_source_conflict_assignments"":0,""cross_source_conflicting_surfaces"":0,""intrinsic_ambiguous_surfaces"":0,""key"":""primary"",""path"":""lin"",""rejected_rows"":0,""rejection_counts"":{},""source_rows"":228}]",0,0,0,57,230,d784b140022b3cdff26dcb83d1ff9132eb4db12a6f6b5bb5e1d0bae53f956909
liv-default,https://github.com/unimorph/liv,1fc0245ac28f62daf10cd7c7daa5b0fdb8465c56,"[{""exceptions"":""none"",""key"":""primary"",""local_name"":""data"",""path"":""liv"",""schema"":""lemma-form-features"",""sha256"":""74b31f54ca79c73d9023fa4a0e30998329c53adbf845781088030ac27fd5b03a""}]",[],README.md:evidence-00-README.md,evidence-00-README.md:d280d26272db17a4041fd84e15215d40e046e65aec083ab911db4a830ce8adb3,CC-BY-SA-3.0,https://creativecommons.org/licenses/by-sa/3.0/,Selected repository data files at pinned revision: liv,Wikipedia,UniMorph,Each declared three-column source directly projects lemma and surface form.,All valid lemma-form assignments are retained. Surface ambiguity is reported explicitly and is never resolved by dropping or overwriting an assignment.,true,radixor-unimorph-import-v1,4195,3465,730,blank-row=208;form-unicode-whitespace=490;lemma-unicode-whitespace=32,"[{""accepted_rows"":3465,""added_changed_pairs"":2677,""added_distinct_surfaces"":2861,""added_groups"":201,""added_output_forms"":2878,""added_source_pairs"":2878,""cross_source_conflict_assignments"":0,""cross_source_conflicting_surfaces"":0,""intrinsic_ambiguous_surfaces"":17,""key"":""primary"",""path"":""liv"",""rejected_rows"":730,""rejection_counts"":{""blank-row"":208,""form-unicode-whitespace"":490,""lemma-unicode-whitespace"":32},""source_rows"":4195}]",0,0,17,201,2878,3f8f654cbcd4b2ada1db6be64c7eeed8d8ea4c09a961de34fe907a1d01e22a7f
lld-default,https://github.com/unimorph/lld,8366d54e483e5334d8d761b68826b79a9a9333c2,"[{""exceptions"":""none"",""key"":""primary"",""local_name"":""data"",""path"":""lld"",""schema"":""lemma-form-features"",""sha256"":""aad2545136fcc3cd105e71560ad632f8717de647ac0021316e4cb9f767608728""}]",[],README.md:evidence-00-README.md,evidence-00-README.md:8b924a7a4b6976fdd85329d80957b17dadcee86c5d6ac9d8198ca33644735db0,CC-BY-SA-3.0,https://creativecommons.org/licenses/by-sa/3.0/,Selected repository data files at pinned revision: lld,Wikipedia,UniMorph,Each declared three-column source directly projects lemma and surface form.,All valid lemma-form assignments are retained. Surface ambiguity is reported explicitly and is never resolved by dropping or overwriting an assignment.,true,radixor-unimorph-import-v1,7838,7656,182,blank-row=182,"[{""accepted_rows"":7656,""added_changed_pairs"":4674,""added_distinct_surfaces"":4819,""added_groups"":180,""added_output_forms"":4854,""added_source_pairs"":4853,""cross_source_conflict_assignments"":0,""cross_source_conflicting_surfaces"":0,""intrinsic_ambiguous_surfaces"":35,""key"":""primary"",""path"":""lld"",""rejected_rows"":182,""rejection_counts"":{""blank-row"":182},""source_rows"":7838}]",0,0,35,180,4854,014be5ac5327c64f68287595d371735da93a3f36d3ae22e8209b3db4f8331ab1
lt-lt-default,https://github.com/unimorph/lit,8367e0ab8cac32555e2f040da468bbfd7d476586,"[{""exceptions"":""none"",""key"":""primary"",""local_name"":""data"",""path"":""lit"",""schema"":""lemma-form-features"",""sha256"":""e90f7d7e4f544017d097f7ef201c6558b2d910c8b1b57b12ce3d3b0a36a1a630""}]",[],README.md:evidence-00-README.md,evidence-00-README.md:ec067986e399ab8ba432e1e63d1fd89ec24b59b35ebd5f59c6506fd6f8415b28,CC-BY-SA-3.0,https://creativecommons.org/licenses/by-sa/3.0/,Selected repository data files at pinned revision: lit,Wikipedia,UniMorph,Each declared three-column source directly projects lemma and surface form.,All valid lemma-form assignments are retained. Surface ambiguity is reported explicitly and is never resolved by dropping or overwriting an assignment.,true,radixor-unimorph-import-v1,35592,33262,2330,blank-row=1462;lemma-unicode-whitespace=868,"[{""accepted_rows"":33262,""added_changed_pairs"":27607,""added_distinct_surfaces"":28889,""added_groups"":1391,""added_output_forms"":28998,""added_source_pairs"":28092,""cross_source_conflict_assignments"":0,""cross_source_conflicting_surfaces"":0,""intrinsic_ambiguous_surfaces"":109,""key"":""primary"",""path"":""lit"",""rejected_rows"":2330,""rejection_counts"":{""blank-row"":1462,""lemma-unicode-whitespace"":868},""source_rows"":35592}]",0,0,109,1391,28998,c7b8536235bc7de9d101393ec41a829a4b750b4c45d3ab7324d8ef974c277d30
lv-lv-default,https://github.com/unimorph/lav,0103e8ae2f0921378763c7d7875765a3ca3dc8df,"[{""exceptions"":""none"",""key"":""primary"",""local_name"":""data"",""path"":""lav"",""schema"":""lemma-form-features"",""sha256"":""87e2fa40a690c1f6ea4f020065a4c30518eccc6e270daf91df33a730d6ae9e41""}]","[{""detail"":""Derivational data is outside the inflectional stem-form model contract."",""path"":""lav.derivations"",""reason"":""derivation""}]",README.md:evidence-00-README.md,evidence-00-README.md:39b10ff36cc4b378437bd8eb4fef5750fd7e3f2b030aea0879aaa57697ab5fd1,CC-BY-SA-3.0,https://creativecommons.org/licenses/by-sa/3.0/,Selected repository data files at pinned revision: lav,Wikipedia,UniMorph,Each declared three-column source directly projects lemma and surface form.,All valid lemma-form assignments are retained. Surface ambiguity is reported explicitly and is never resolved by dropping or overwriting an assignment.,true,radixor-unimorph-import-v1,136999,129447,7552,blank-row=1;form-unicode-whitespace=3993;lemma-unicode-whitespace=3558,"[{""accepted_rows"":129447,""added_changed_pairs"":72989,""added_distinct_surfaces"":75492,""added_groups"":7238,""added_output_forms"":80227,""added_source_pairs"":79175,""cross_source_conflict_assignments"":0,""cross_source_conflicting_surfaces"":0,""intrinsic_ambiguous_surfaces"":4687,""key"":""primary"",""path"":""lav"",""rejected_rows"":7552,""rejection_counts"":{""blank-row"":1,""form-unicode-whitespace"":3993,""lemma-unicode-whitespace"":3558},""source_rows"":136999}]",0,0,4687,7238,80227,6ad88bdd8283f4fbc98093a5dfc08fe69b4f9baf9bb0f8cf156edeaa114216f3
mag-default,https://github.com/unimorph/mag,c7570a85f4ef711885971231207890c1d94c4bf0,"[{""exceptions"":""none"",""key"":""primary"",""local_name"":""data"",""path"":""mag"",""schema"":""lemma-form-features"",""sha256"":""e4bff24bfe73369a915267cd3ba98cb818ff96aac3b8fa7d98b16028bb09a346""}]",[],README.md:evidence-00-README.md,evidence-00-README.md:c58d4907f4692b6bb554ce317c9e4053ca8426b82abecd81b2dcfa8308b2a590,CC-BY-SA-3.0,https://creativecommons.org/licenses/by-sa/3.0/,Selected repository data files at pinned revision: mag,Manually created,"UniMorph; Mohit Raj, Ritesh Kumar",Each declared three-column source directly projects lemma and surface form.,All valid lemma-form assignments are retained. Surface ambiguity is reported explicitly and is never resolved by dropping or overwriting an assignment.,true,radixor-unimorph-import-v1,1358,1355,3,lemma-unsupported-character=3,"[{""accepted_rows"":1355,""added_changed_pairs"":518,""added_distinct_surfaces"":1448,""added_groups"":938,""added_output_forms"":1456,""added_source_pairs"":1355,""cross_source_conflict_assignments"":0,""cross_source_conflicting_surfaces"":0,""intrinsic_ambiguous_surfaces"":7,""key"":""primary"",""path"":""mag"",""rejected_rows"":3,""rejection_counts"":{""lemma-unsupported-character"":3},""source_rows"":1358}]",0,0,7,938,1456,a3cf63802ff531265bd5867123cfe0dc305ec57aea29f2d8654f7c19f9df1c85
mg-mg-default,https://github.com/unimorph/mlg,5d543a609b86ae149e4be295af68fdf4f61a8f27,"[{""exceptions"":""none"",""key"":""primary"",""local_name"":""data"",""path"":""mlg"",""schema"":""lemma-form-features"",""sha256"":""7eb74d5fc8793367c05ab12a6092501f8151eea37fed50988a4534db75c4781c""}]",[],README.md:evidence-00-README.md,evidence-00-README.md:c3471b82634b1fc980efa68c3e85b4fb3e7a577832c848f24763da4f5844758a,CC-BY-SA-3.0,https://creativecommons.org/licenses/by-sa/3.0/,Selected repository data files at pinned revision: mlg,Not stated in pinned repository evidence,UniMorph; Jennifer White,Each declared three-column source directly projects lemma and surface form.,All valid lemma-form assignments are retained. Surface ambiguity is reported explicitly and is never resolved by dropping or overwriting an assignment.,true,radixor-unimorph-import-v1,644,644,0,,"[{""accepted_rows"":644,""added_changed_pairs"":477,""added_distinct_surfaces"":636,""added_groups"":159,""added_output_forms"":636,""added_source_pairs"":636,""cross_source_conflict_assignments"":0,""cross_source_conflicting_surfaces"":0,""intrinsic_ambiguous_surfaces"":0,""key"":""primary"",""path"":""mlg"",""rejected_rows"":0,""rejection_counts"":{},""source_rows"":644}]",0,0,0,159,636,f45cb5edae2859c0f6730edf4e0614be0fb6256d7e3e22dfbd97a12cb559133c
mi-nz-default,https://github.com/unimorph/mao,d12063aa44d4d38a5283729c6c0247cb50cb56d5,"[{""exceptions"":""none"",""key"":""primary"",""local_name"":""data"",""path"":""mao"",""schema"":""lemma-form-features"",""sha256"":""c1e6ddf3e10130d1a40615c3b27660ea6a3206427460fcfa69ddeb899c221965""}]",[],README.md:evidence-00-README.md,evidence-00-README.md:709373f446b6253012b726e71365f6c4af11b450fe2f1843bd13ef6827184e64,CC-BY-SA-3.0,https://creativecommons.org/licenses/by-sa/3.0/,Selected repository data files at pinned revision: mao,Not stated in pinned repository evidence,UniMorph; Jennifer White,Each declared three-column source directly projects lemma and surface form.,All valid lemma-form assignments are retained. Surface ambiguity is reported explicitly and is never resolved by dropping or overwriting an assignment.,true,radixor-unimorph-import-v1,214,214,0,,"[{""accepted_rows"":214,""added_changed_pairs"":104,""added_distinct_surfaces"":207,""added_groups"":104,""added_output_forms"":208,""added_source_pairs"":208,""cross_source_conflict_assignments"":0,""cross_source_conflicting_surfaces"":0,""intrinsic_ambiguous_surfaces"":1,""key"":""primary"",""path"":""mao"",""rejected_rows"":0,""rejection_counts"":{},""source_rows"":214}]",0,0,1,104,208,0de22749a54aa35d4a788fe9b07a3e7e2cb1ce6774258eb69475b91c97666c1f
mk-mk-default,https://github.com/unimorph/mkd,d7a3968a6c70041ccbbddf47a4651ddfd75e4109,"[{""exceptions"":""none"",""key"":""primary"",""local_name"":""data"",""path"":""mkd"",""schema"":""lemma-form-features"",""sha256"":""b36b174601c6b22bc55c29084b8c3df2a7ca16007d0fdfe5feacc360b6c26166""}]",[],README.md:evidence-00-README.md,evidence-00-README.md:4bf5bed069eabb8df7f40164098a52bebde5385c3632810dad8f1dcfc167e250,CC-BY-SA-3.0,https://creativecommons.org/licenses/by-sa/3.0/,Selected repository data files at pinned revision: mkd,Wikipedia,UniMorph,Each declared three-column source directly projects lemma and surface form.,All valid lemma-form assignments are retained. Surface ambiguity is reported explicitly and is never resolved by dropping or overwriting an assignment.,true,radixor-unimorph-import-v1,168058,155219,12839,blank-row=1;form-unicode-whitespace=95;lemma-unicode-whitespace=12743,"[{""accepted_rows"":155219,""added_changed_pairs"":126766,""added_distinct_surfaces"":135754,""added_groups"":9788,""added_output_forms"":136554,""added_source_pairs"":136510,""cross_source_conflict_assignments"":0,""cross_source_conflicting_surfaces"":0,""intrinsic_ambiguous_surfaces"":770,""key"":""primary"",""path"":""mkd"",""rejected_rows"":12839,""rejection_counts"":{""blank-row"":1,""form-unicode-whitespace"":95,""lemma-unicode-whitespace"":12743},""source_rows"":168058}]",0,0,770,9788,136554,16f138c9b020209290f4bd88aa16a1b08f766e793b8f4f7a51078ff18c29f875
mn-mn-default,https://github.com/unimorph/khk,c062afd9bf2dc36f54cc8f16efecfd97fc4a6b8c,"[{""exceptions"":""none"",""key"":""primary"",""local_name"":""data"",""path"":""khk"",""schema"":""lemma-form-features"",""sha256"":""4ff606bbf23b8de81a6f6ec9aedab44136f38c11e45607130a328e1a2d388630""}]","[{""detail"":""Derivational data is outside the inflectional stem-form model contract."",""path"":""khk.derivations"",""reason"":""derivation""},{""detail"":""Khalkha segmentation data was excluded after 105 conflicts and unrelated-verb anomalies were found."",""path"":""khk.segmentations"",""reason"":""khalkha-segmentation""}]",README.md:evidence-00-README.md,evidence-00-README.md:b6650de1904ff5dc79c2b34dfadc96c25a0d2d3f6e61717616438dc3e5f37ce2,CC-BY-SA-3.0,https://creativecommons.org/licenses/by-sa/3.0/,Selected repository data files at pinned revision: khk,Not stated in pinned repository evidence,UniMorph; Khuyagbaatar Batsuren,Each declared three-column source directly projects lemma and surface form.,All valid lemma-form assignments are retained. Surface ambiguity is reported explicitly and is never resolved by dropping or overwriting an assignment.,true,radixor-unimorph-import-v1,30143,30143,0,,"[{""accepted_rows"":30143,""added_changed_pairs"":15453,""added_distinct_surfaces"":17231,""added_groups"":2140,""added_output_forms"":17593,""added_source_pairs"":15491,""cross_source_conflict_assignments"":0,""cross_source_conflicting_surfaces"":0,""intrinsic_ambiguous_surfaces"":297,""key"":""primary"",""path"":""khk"",""rejected_rows"":0,""rejection_counts"":{},""source_rows"":30143}]",0,0,297,2140,17593,e178aca6228449ecc967e6a00e3ee209ba9e1bc4bf43935ff29bb63a49fa18e3
mt-mt-default,https://github.com/unimorph/mlt,9f60b87c1d391b5316caa6d868eb118341d06043,"[{""exceptions"":""none"",""key"":""primary"",""local_name"":""data"",""path"":""mlt"",""schema"":""lemma-form-features"",""sha256"":""1d46d8f620cdf65c1d67893f819f3839f3bf466f24c289b10be98d2f788db388""}]",[],README.md:evidence-00-README.md,evidence-00-README.md:b88c475a2a22d4fb12c0e846b25bf83f3ce2a9c5806b7308585ce292e9136447,CC-BY-SA-3.0,https://creativecommons.org/licenses/by-sa/3.0/,Selected repository data files at pinned revision: mlt,Wikipedia,UniMorph,Each declared three-column source directly projects lemma and surface form.,All valid lemma-form assignments are retained. Surface ambiguity is reported explicitly and is never resolved by dropping or overwriting an assignment.,true,radixor-unimorph-import-v1,3700,3566,134,blank-row=116;form-unicode-whitespace=18,"[{""accepted_rows"":3566,""added_changed_pairs"":1388,""added_distinct_surfaces"":1491,""added_groups"":112,""added_output_forms"":1500,""added_source_pairs"":1499,""cross_source_conflict_assignments"":0,""cross_source_conflicting_surfaces"":0,""intrinsic_ambiguous_surfaces"":9,""key"":""primary"",""path"":""mlt"",""rejected_rows"":134,""rejection_counts"":{""blank-row"":116,""form-unicode-whitespace"":18},""source_rows"":3700}]",0,0,9,112,1500,3be6ab250e1f9489c0b28d24a5fae8a43da6ddb2528c9d74281dac6a620618b6
mwf-default,https://github.com/unimorph/mwf,7ae9b2386c21275056cae0eb48916cc38154dadd,"[{""exceptions"":""none"",""key"":""primary"",""local_name"":""data"",""path"":""mwf"",""schema"":""lemma-form-features"",""sha256"":""1cad73d55585f696500f2fc61600d9a4c962099b21ee6ca49447fedd2dae2b2a""}]",[],README.md:evidence-00-README.md,evidence-00-README.md:73de48342bc9283c60c51d68522757d9b42eed472a1dee59e2b98c50c3febbd4,CC-BY-SA-3.0,https://creativecommons.org/licenses/by-sa/3.0/,Selected repository data files at pinned revision: mwf,"Mansfield, J. 2019. Murrinhpatha morphology and phonology",UniMorph,Each declared three-column source directly projects lemma and surface form.,All valid lemma-form assignments are retained. Surface ambiguity is reported explicitly and is never resolved by dropping or overwriting an assignment.,true,radixor-unimorph-import-v1,1147,1110,37,blank-row=37,"[{""accepted_rows"":1110,""added_changed_pairs"":691,""added_distinct_surfaces"":592,""added_groups"":29,""added_output_forms"":720,""added_source_pairs"":699,""cross_source_conflict_assignments"":0,""cross_source_conflicting_surfaces"":0,""intrinsic_ambiguous_surfaces"":95,""key"":""primary"",""path"":""mwf"",""rejected_rows"":37,""rejection_counts"":{""blank-row"":37},""source_rows"":1147}]",0,0,95,29,720,cc20412e152352ea121257c724b63f9a4dbc575beb90bfa3b10d664c32917f69
nap-default,https://github.com/unimorph/nap,d0d1edda9214ae3543272b82471a568c6df9dad5,"[{""exceptions"":""none"",""key"":""primary"",""local_name"":""data"",""path"":""nap"",""schema"":""lemma-form-features"",""sha256"":""d4e435389ccd4a7f6bafac36177611747cd3fe73fe51d4babb9a7ee27cecb7c8""}]",[],README.md:evidence-00-README.md,evidence-00-README.md:b980781c6312f56e92c2cf1e29ed83bcaa5365f217a12dc04cef5f0171959c4a,CC-BY-SA-3.0,https://creativecommons.org/licenses/by-sa/3.0/,Selected repository data files at pinned revision: nap,Wikipedia,UniMorph,Each declared three-column source directly projects lemma and surface form.,All valid lemma-form assignments are retained. Surface ambiguity is reported explicitly and is never resolved by dropping or overwriting an assignment.,true,radixor-unimorph-import-v1,1850,1808,42,blank-row=42,"[{""accepted_rows"":1808,""added_changed_pairs"":1457,""added_distinct_surfaces"":1497,""added_groups"":40,""added_output_forms"":1497,""added_source_pairs"":1497,""cross_source_conflict_assignments"":0,""cross_source_conflicting_surfaces"":0,""intrinsic_ambiguous_surfaces"":0,""key"":""primary"",""path"":""nap"",""rejected_rows"":42,""rejection_counts"":{""blank-row"":42},""source_rows"":1850}]",0,0,0,40,1497,7caaaac7ed1ceedf5f8eca36a1ded21371e7003189fdb4b43a215072f600dfdc
nav-default,https://github.com/unimorph/nav,7ca00e86d03bbd3aaedd5291c53b3813ef521832,"[{""exceptions"":""none"",""key"":""primary"",""local_name"":""data"",""path"":""nav"",""schema"":""lemma-form-features"",""sha256"":""3d0493e97430295757826bd72170e8ad241d9f116977387795b65e8ab93b0920""}]",[],README.md:evidence-00-README.md,evidence-00-README.md:5516beab398c8631d6da58b75fa694665ee0e15fcd490b84daa154d3b2b04a1d,CC-BY-SA-3.0,https://creativecommons.org/licenses/by-sa/3.0/,Selected repository data files at pinned revision: nav,Wikipedia,UniMorph,Each declared three-column source directly projects lemma and surface form.,All valid lemma-form assignments are retained. Surface ambiguity is reported explicitly and is never resolved by dropping or overwriting an assignment.,true,radixor-unimorph-import-v1,11884,11864,20,form-unicode-whitespace=20,"[{""accepted_rows"":11864,""added_changed_pairs"":10751,""added_distinct_surfaces"":11046,""added_groups"":627,""added_output_forms"":11378,""added_source_pairs"":11348,""cross_source_conflict_assignments"":0,""cross_source_conflicting_surfaces"":0,""intrinsic_ambiguous_surfaces"":324,""key"":""primary"",""path"":""nav"",""rejected_rows"":20,""rejection_counts"":{""form-unicode-whitespace"":20},""source_rows"":11884}]",0,0,324,627,11378,0015e0e7d39918770a8f94ac21469cf0f3cb0f9d62aa8e56b36763af80e36735
nds-default,https://github.com/unimorph/nds,531ffb061f0462f1c42d09001ba2caf8227d118d,"[{""exceptions"":""none"",""key"":""primary"",""local_name"":""data"",""path"":""nds"",""schema"":""lemma-form-features"",""sha256"":""c5a87be1d8cd2ac2c47c60901e840f16c94706031091d05732bdd595cbbb43f1""}]",[],README.md:evidence-00-README.md,evidence-00-README.md:4c08941952e9e4fe70af289b0ae8f984a59d9a2b746ef0173f3f61b6c0dfe4cc,CC-BY-SA-3.0,https://creativecommons.org/licenses/by-sa/3.0/,Selected repository data files at pinned revision: nds,Not stated in pinned repository evidence,UniMorph,Each declared three-column source directly projects lemma and surface form.,All valid lemma-form assignments are retained. Surface ambiguity is reported explicitly and is never resolved by dropping or overwriting an assignment.,true,radixor-unimorph-import-v1,9794,5762,4032,form-unicode-whitespace=4032,"[{""accepted_rows"":5762,""added_changed_pairs"":2220,""added_distinct_surfaces"":2495,""added_groups"":325,""added_output_forms"":2545,""added_source_pairs"":2545,""cross_source_conflict_assignments"":0,""cross_source_conflicting_surfaces"":0,""intrinsic_ambiguous_surfaces"":48,""key"":""primary"",""path"":""nds"",""rejected_rows"":4032,""rejection_counts"":{""form-unicode-whitespace"":4032},""source_rows"":9794}]",0,0,48,325,2545,262c5a5aa1ab0bcb2145e43968b1cffeace44a614aa9cab0496c4fdc5b1f1a14
non-default,https://github.com/unimorph/non,d23b7967e3f1aedb846c7a356420141b2f56e1bf,"[{""exceptions"":""none"",""key"":""primary"",""local_name"":""data"",""path"":""non"",""schema"":""lemma-form-features"",""sha256"":""ee30b23fd999ad7c3a03ae481ad0ed58fa58dcc86078108bc7e12869e606011d""}]",[],README.md:evidence-00-README.md,evidence-00-README.md:30be8195892c9833281012327d3dbf36d89510621ed903a96e16d4f9af3a156a,CC-BY-SA-3.0,https://creativecommons.org/licenses/by-sa/3.0/,Selected repository data files at pinned revision: non,Not stated in pinned repository evidence,UniMorph,Each declared three-column source directly projects lemma and surface form.,All valid lemma-form assignments are retained. Surface ambiguity is reported explicitly and is never resolved by dropping or overwriting an assignment.,true,radixor-unimorph-import-v1,98185,98185,0,,"[{""accepted_rows"":98185,""added_changed_pairs"":46946,""added_distinct_surfaces"":46089,""added_groups"":2666,""added_output_forms"":49612,""added_source_pairs"":49602,""cross_source_conflict_assignments"":0,""cross_source_conflicting_surfaces"":0,""intrinsic_ambiguous_surfaces"":3104,""key"":""primary"",""path"":""non"",""rejected_rows"":0,""rejection_counts"":{},""source_rows"":98185}]",0,0,3104,2666,49612,d231245493a2d59d541247546133e102e021661ddcd9d3ef486b76a0900bf7b8
ny-mw-default,https://github.com/unimorph/nya,4f7699bfac803b3422e79bac1f317352547b8c3b,"[{""exceptions"":""none"",""key"":""primary"",""local_name"":""data"",""path"":""nya"",""schema"":""lemma-form-features"",""sha256"":""6a2dcc0a67fc6fde71b5b84864a6b6614c7129dcf9c55d33b7c07cd5cef2bd40""}]","[{""detail"":""Duplicate .args projection was audited and excluded; only bel.args, grc.args, and hye.args add an approved compatible projection."",""path"":""nya.args"",""reason"":""duplicate-args""}]",README.md:evidence-00-README.md,evidence-00-README.md:5d17cf065eb4b0703019c8f377339ce2752054fb856f5077299991c2381a3269,CC-BY-SA-3.0,https://creativecommons.org/licenses/by-sa/3.0/,Selected repository data files at pinned revision: nya,Not stated in pinned repository evidence,UniMorph; Ryan Cotterell,Each declared three-column source directly projects lemma and surface form.,All valid lemma-form assignments are retained. Surface ambiguity is reported explicitly and is never resolved by dropping or overwriting an assignment.,true,radixor-unimorph-import-v1,4370,4370,0,,"[{""accepted_rows"":4370,""added_changed_pairs"":2951,""added_distinct_surfaces"":3178,""added_groups"":227,""added_output_forms"":3178,""added_source_pairs"":2951,""cross_source_conflict_assignments"":0,""cross_source_conflicting_surfaces"":0,""intrinsic_ambiguous_surfaces"":0,""key"":""primary"",""path"":""nya"",""rejected_rows"":0,""rejection_counts"":{},""source_rows"":4370}]",0,0,0,227,3178,7d7487a8ed6db1d058f5f6871d35cece850205423e77134553dae767927fba99
ood-default,https://github.com/unimorph/ood,e6d1af34d2a7ef22e713af6629fd74dfb80b5a80,"[{""exceptions"":""none"",""key"":""primary"",""local_name"":""data"",""path"":""ood"",""schema"":""lemma-form-features"",""sha256"":""c0445773a6723acee298b881732011f47fa07751b66ab1f9d2b5e7858eeeb674""}]",[],README.md:evidence-00-README.md,evidence-00-README.md:7017f3a68cb9d679ce87bdde5aa3791b5488b4efa0d42b5c07764f166ac8ea4f,CC-BY-SA-3.0,https://creativecommons.org/licenses/by-sa/3.0/,Selected repository data files at pinned revision: ood,Not stated in pinned repository evidence,UniMorph; Eleanor Chodroff,Each declared three-column source directly projects lemma and surface form.,All valid lemma-form assignments are retained. Surface ambiguity is reported explicitly and is never resolved by dropping or overwriting an assignment.,true,radixor-unimorph-import-v1,1628,1623,5,form-unsupported-character=1;lemma-unicode-whitespace=4,"[{""accepted_rows"":1623,""added_changed_pairs"":810,""added_distinct_surfaces"":1159,""added_groups"":368,""added_output_forms"":1178,""added_source_pairs"":1178,""cross_source_conflict_assignments"":0,""cross_source_conflicting_surfaces"":0,""intrinsic_ambiguous_surfaces"":19,""key"":""primary"",""path"":""ood"",""rejected_rows"":5,""rejection_counts"":{""form-unsupported-character"":1,""lemma-unicode-whitespace"":4},""source_rows"":1628}]",0,0,19,368,1178,e4bc4feb122a2bab40e981b3916f260cc13e4a2750796cf88d9bb9eba155448e
osx-default,https://github.com/unimorph/osx,5cd3166c5ff5e3cb1c40911003c259f47467f8c1,"[{""exceptions"":""none"",""key"":""primary"",""local_name"":""data"",""path"":""osx"",""schema"":""lemma-form-features"",""sha256"":""6482032485c6b099ca9e79b91db240b4eaa32b739127ead41a2875265849e86a""}]",[],README.md:evidence-00-README.md,evidence-00-README.md:b294168088d6812df1bef6c5af209fc2c0152f087c59a4dea8c2b3f4aa8b3abf,CC-BY-SA-3.0,https://creativecommons.org/licenses/by-sa/3.0/,Selected repository data files at pinned revision: osx,Wikipedia,UniMorph,Each declared three-column source directly projects lemma and surface form.,All valid lemma-form assignments are retained. Surface ambiguity is reported explicitly and is never resolved by dropping or overwriting an assignment.,true,radixor-unimorph-import-v1,23152,22283,869,blank-row=865;form-unicode-whitespace=4,"[{""accepted_rows"":22283,""added_changed_pairs"":11690,""added_distinct_surfaces"":12361,""added_groups"":863,""added_output_forms"":12553,""added_source_pairs"":12301,""cross_source_conflict_assignments"":0,""cross_source_conflicting_surfaces"":0,""intrinsic_ambiguous_surfaces"":184,""key"":""primary"",""path"":""osx"",""rejected_rows"":869,""rejection_counts"":{""blank-row"":865,""form-unicode-whitespace"":4},""source_rows"":23152}]",0,0,184,863,12553,1f6b3cc29edb4b6c25872133805f212f8fcdc72b139ba96fee8b3715de729a01
ote-default,https://github.com/unimorph/ote,aade58b0be48c21adda52ef1d01dd8761050b2dd,"[{""exceptions"":""none"",""key"":""primary"",""local_name"":""data"",""path"":""ote"",""schema"":""lemma-form-features"",""sha256"":""64ef4fd77ac48f8536c9925dd131e88b59d2c9a6bf0a2dd76dd94a6c1b87fa1b""}]",[],README.md:evidence-00-README.md,evidence-00-README.md:793bf975de3b677559d014a56359751be70fe69e92e9621a0387be68ea2c7dc3,CC-BY-SA-3.0,https://creativecommons.org/licenses/by-sa/3.0/,Selected repository data files at pinned revision: ote,[Surrey Morphology Group](https://oto-manguean.surrey.ac.uk/Search/XTY),UniMorph; Antonis Anastasopoulos,Each declared three-column source directly projects lemma and surface form.,All valid lemma-form assignments are retained. Surface ambiguity is reported explicitly and is never resolved by dropping or overwriting an assignment.,true,radixor-unimorph-import-v1,33162,2077,31085,form-unicode-whitespace=31049;lemma-unicode-whitespace=36,"[{""accepted_rows"":2077,""added_changed_pairs"":1538,""added_distinct_surfaces"":3417,""added_groups"":2026,""added_output_forms"":3564,""added_source_pairs"":2029,""cross_source_conflict_assignments"":0,""cross_source_conflicting_surfaces"":0,""intrinsic_ambiguous_surfaces"":141,""key"":""primary"",""path"":""ote"",""rejected_rows"":31085,""rejection_counts"":{""form-unicode-whitespace"":31049,""lemma-unicode-whitespace"":36},""source_rows"":33162}]",0,0,141,2026,3564,c7af96b64a51275622783265da6eb8ed30cfc5a1e60a9aad1ddced08874d7e4d
ps-af-default,https://github.com/unimorph/pus,94a599739a3f886d9a3639ad45368fd838e8d5b2,"[{""exceptions"":""none"",""key"":""primary"",""local_name"":""data"",""path"":""pus"",""schema"":""lemma-form-features"",""sha256"":""564c5e0ad18482b3200bbdf71832119155ef2033e379b7273ae82955baa045bf""}]",[],README.md:evidence-00-README.md,evidence-00-README.md:d7fe3f7d5c4903c63c46fec67d068b7576419e7062888e555ab21fb105fba9a0,CC-BY-SA-3.0,https://creativecommons.org/licenses/by-sa/3.0/,Selected repository data files at pinned revision: pus,Wikipedia,UniMorph,Each declared three-column source directly projects lemma and surface form.,All valid lemma-form assignments are retained. Surface ambiguity is reported explicitly and is never resolved by dropping or overwriting an assignment.,true,radixor-unimorph-import-v1,7345,5253,2092,blank-row=400;form-unicode-whitespace=1330;lemma-unicode-whitespace=362,"[{""accepted_rows"":5253,""added_changed_pairs"":2683,""added_distinct_surfaces"":2945,""added_groups"":381,""added_output_forms"":3064,""added_source_pairs"":3025,""cross_source_conflict_assignments"":0,""cross_source_conflicting_surfaces"":0,""intrinsic_ambiguous_surfaces"":45,""key"":""primary"",""path"":""pus"",""rejected_rows"":2092,""rejection_counts"":{""blank-row"":400,""form-unicode-whitespace"":1330,""lemma-unicode-whitespace"":362},""source_rows"":7345}]",0,0,45,381,3064,104ddc76f34a17c4f16719280c5fe6e11d7c0a6cea2c79f99226bdb667aebbc5
que-default,https://github.com/unimorph/que,78df51d731ec3d70436ff9024a5534a1eeae2553,"[{""exceptions"":""none"",""key"":""primary"",""local_name"":""data"",""path"":""que"",""schema"":""lemma-form-features"",""sha256"":""240711578c129aea4f3e33d98f2cc6da2303eea7b83ce3c3d05521dbbc6ba3f2""}]",[],README.md:evidence-00-README.md,evidence-00-README.md:408d1fb5533915152b8922c97c0fa0d241a42d952dd80f41580886ffbd6a0ad5,CC-BY-SA-3.0,https://creativecommons.org/licenses/by-sa/3.0/,Selected repository data files at pinned revision: que,Wikipedia,UniMorph,Each declared three-column source directly projects lemma and surface form.,All valid lemma-form assignments are retained. Surface ambiguity is reported explicitly and is never resolved by dropping or overwriting an assignment.,true,radixor-unimorph-import-v1,180005,179451,554,blank-row=1;lemma-unicode-whitespace=553,"[{""accepted_rows"":179451,""added_changed_pairs"":149256,""added_distinct_surfaces"":147914,""added_groups"":1003,""added_output_forms"":150259,""added_source_pairs"":150255,""cross_source_conflict_assignments"":0,""cross_source_conflicting_surfaces"":0,""intrinsic_ambiguous_surfaces"":2343,""key"":""primary"",""path"":""que"",""rejected_rows"":554,""rejection_counts"":{""blank-row"":1,""lemma-unicode-whitespace"":553},""source_rows"":180005}]",0,0,2343,1003,150259,2a9eb15b84f19ccfbfeb0b323fb93267109f49968914e5723f155f72db1188b8
ro-ro-default,https://github.com/unimorph/ron,0910e7850baef37f67817060fa8aae7c42cbe269,"[{""exceptions"":""none"",""key"":""primary"",""local_name"":""data"",""path"":""ron"",""schema"":""lemma-form-features"",""sha256"":""0c007e572cacf37b0e538f024cea9e630cc17669c4faa7a5054655530871fd22""}]","[{""detail"":""Derivational data is outside the inflectional stem-form model contract."",""path"":""ron.derivations"",""reason"":""derivation""}]",README.md:evidence-00-README.md,evidence-00-README.md:4956a1692fb16651ecf9bd851478f65ef00d1d11eb318d0720776638ab60b853,CC-BY-SA-3.0,https://creativecommons.org/licenses/by-sa/3.0/,Selected repository data files at pinned revision: ron,Wikipedia,UniMorph,Each declared three-column source directly projects lemma and surface form.,All valid lemma-form assignments are retained. Surface ambiguity is reported explicitly and is never resolved by dropping or overwriting an assignment.,true,radixor-unimorph-import-v1,84673,59856,24817,blank-row=4407;form-unicode-whitespace=19951;lemma-unicode-whitespace=459,"[{""accepted_rows"":59856,""added_changed_pairs"":44582,""added_distinct_surfaces"":48565,""added_groups"":4387,""added_output_forms"":48969,""added_source_pairs"":47780,""cross_source_conflict_assignments"":0,""cross_source_conflicting_surfaces"":0,""intrinsic_ambiguous_surfaces"":368,""key"":""primary"",""path"":""ron"",""rejected_rows"":24817,""rejection_counts"":{""blank-row"":4407,""form-unicode-whitespace"":19951,""lemma-unicode-whitespace"":459},""source_rows"":84673}]",0,0,368,4387,48969,94637c539437fd719436ded52fdef0a5271fc0b91e306efcd7e4fa8deadf6e79
sdh-default,https://github.com/unimorph/sdh,99f7edcace30616a591a79ce01959218e02bb849,"[{""exceptions"":""none"",""key"":""primary"",""local_name"":""data"",""path"":""sdh"",""schema"":""empty-lemma-form-features"",""sha256"":""c0d89ec8d84c96dbef8392d93a3d4c081604cdb971b0570696384f05ac815524""}]",[],README.md:evidence-00-README.md,evidence-00-README.md:02afa0d9f3ed751173508735316c923eea9da866bf8ba4727fb42fb3b73b6676,CC-BY-SA-3.0,https://creativecommons.org/licenses/by-sa/3.0/,Selected repository data files at pinned revision: sdh,Data collection through native speakers,UniMorph; Ali Salehi,Each declared three-column source directly projects lemma and surface form.,All valid lemma-form assignments are retained. Surface ambiguity is reported explicitly and is never resolved by dropping or overwriting an assignment.,true,radixor-unimorph-import-v1,189,187,2,lemma-empty=2,"[{""accepted_rows"":187,""added_changed_pairs"":164,""added_distinct_surfaces"":165,""added_groups"":1,""added_output_forms"":165,""added_source_pairs"":165,""cross_source_conflict_assignments"":0,""cross_source_conflicting_surfaces"":0,""intrinsic_ambiguous_surfaces"":0,""key"":""primary"",""path"":""sdh"",""rejected_rows"":2,""rejection_counts"":{""lemma-empty"":2},""source_rows"":189}]",0,0,0,1,165,e50b3b8a342c09a07b5df99de263246617724188cb7176420ebaf34cab1ea89b
see-default,https://github.com/unimorph/see,8d182ef3039f9e7c497eaa956086f7a0fb7f361e,"[{""exceptions"":""none"",""key"":""primary"",""local_name"":""data"",""path"":""see"",""schema"":""lemma-form-features"",""sha256"":""a364b3e4fe9db61f9b55040afbfe6a6c34d27596bbf8f55369eca704bdecc4c8""}]",[],README.md:evidence-00-README.md,evidence-00-README.md:6dd4899233df1e0eb08ba99db081cc903ee90fbc15c3a2e6341c3528e04d0e74,CC-BY-SA-3.0,https://creativecommons.org/licenses/by-sa/3.0/,Selected repository data files at pinned revision: see,Phyllis E. Wms. Bardeau. 2007. *The Seneca Verb: Labeling the Ancient Voice*.,UniMorph; Richard J. Hatcher; Emily Prud'hommeaux; Zoey Liu,Each declared three-column source directly projects lemma and surface form.,All valid lemma-form assignments are retained. Surface ambiguity is reported explicitly and is never resolved by dropping or overwriting an assignment.,true,radixor-unimorph-import-v1,5460,5408,52,form-unsupported-character=13;lemma-unsupported-character=39,"[{""accepted_rows"":5408,""added_changed_pairs"":5192,""added_distinct_surfaces"":5318,""added_groups"":139,""added_output_forms"":5331,""added_source_pairs"":5195,""cross_source_conflict_assignments"":0,""cross_source_conflicting_surfaces"":0,""intrinsic_ambiguous_surfaces"":12,""key"":""primary"",""path"":""see"",""rejected_rows"":52,""rejection_counts"":{""form-unsupported-character"":13,""lemma-unsupported-character"":39},""source_rows"":5460}]",0,0,12,139,5331,ba81e101e0c2f5c2ef6762a3bcae3e9af95b79eedc7dd9a2bacc9216ea70ed65
sga-default,https://github.com/unimorph/sga,de9858d9966879b78d44fcded5287858146a6e16,"[{""exceptions"":""none"",""key"":""primary"",""local_name"":""data"",""path"":""sga"",""schema"":""lemma-form-features"",""sha256"":""2234deeed0f585fe41d11295aa637e90c425ccaf27f89931a554265bc13d67e6""}]",[],README.md:evidence-00-README.md,evidence-00-README.md:b67d5a446213a603806daabe891c63ec326a41aad430b3090f2e1f9c680cc879,CC-BY-SA-3.0,https://creativecommons.org/licenses/by-sa/3.0/,Selected repository data files at pinned revision: sga,Wikipedia,UniMorph,Each declared three-column source directly projects lemma and surface form.,All valid lemma-form assignments are retained. Surface ambiguity is reported explicitly and is never resolved by dropping or overwriting an assignment.,true,radixor-unimorph-import-v1,1140,1087,53,blank-row=51;form-unicode-whitespace=2,"[{""accepted_rows"":1087,""added_changed_pairs"":887,""added_distinct_surfaces"":934,""added_groups"":49,""added_output_forms"":936,""added_source_pairs"":920,""cross_source_conflict_assignments"":0,""cross_source_conflicting_surfaces"":0,""intrinsic_ambiguous_surfaces"":2,""key"":""primary"",""path"":""sga"",""rejected_rows"":53,""rejection_counts"":{""blank-row"":51,""form-unicode-whitespace"":2},""source_rows"":1140}]",0,0,2,49,936,d5a1f169cfb32c134e287b98a652ffce1a43f71f856a3e875a60475ba0d0989b
shp-default,https://github.com/unimorph/shp,4471a3e24c17d830ffd55318eceb3e7e76e77beb,"[{""exceptions"":""none"",""key"":""primary"",""local_name"":""data"",""path"":""shp"",""schema"":""lemma-form-features"",""sha256"":""6f1c60bc643b22d881595ed17aa489b84a9df414745d078958100705c71e6762""}]",[],README.md:evidence-00-README.md,evidence-00-README.md:42652361ef9509b88cd714dc43c300bd7f0042780d4c0b6889b541e671fefaa2,CC-BY-SA-3.0,https://creativecommons.org/licenses/by-sa/3.0/,Selected repository data files at pinned revision: shp,"Loriot, James et al. 1993. Diccionario Shipibo-Castellano.","UniMorph; Arturo Oncevay, Candy Milagros Angulo Pando, Roberto Zariquiey",Each declared three-column source directly projects lemma and surface form.,All valid lemma-form assignments are retained. Surface ambiguity is reported explicitly and is never resolved by dropping or overwriting an assignment.,true,radixor-unimorph-import-v1,14588,14578,10,form-unsupported-character=3;lemma-unsupported-character=7,"[{""accepted_rows"":14578,""added_changed_pairs"":5973,""added_distinct_surfaces"":7729,""added_groups"":1999,""added_output_forms"":7972,""added_source_pairs"":7972,""cross_source_conflict_assignments"":0,""cross_source_conflicting_surfaces"":0,""intrinsic_ambiguous_surfaces"":165,""key"":""primary"",""path"":""shp"",""rejected_rows"":10,""rejection_counts"":{""form-unsupported-character"":3,""lemma-unsupported-character"":7},""source_rows"":14588}]",0,0,165,1999,7972,213ad85c4a6b892750c90ed6bdbead05a64e56dd2091ad203a47d2b84198bc9b
sjo-default,https://github.com/unimorph/sjo,cd7ff346bffe85c134167eec0130e282acb6442e,"[{""exceptions"":""none"",""key"":""primary"",""local_name"":""data"",""path"":""sjo"",""schema"":""lemma-form-features"",""sha256"":""9d85520a153d0b159747634dab75388e9e784e32c019aa771fe9bc3e6cbcc49a""}]",[],README.md:evidence-00-README.md,evidence-00-README.md:24effd6c0eeb78ae6f798ec4a9e70222eba4fcb3f33f0cc28d49481417f6254d,CC-BY-SA-3.0,https://creativecommons.org/licenses/by-sa/3.0/,Selected repository data files at pinned revision: sjo,Not stated in pinned repository evidence,UniMorph; Elena Klyachko,Each declared three-column source directly projects lemma and surface form.,All valid lemma-form assignments are retained. Surface ambiguity is reported explicitly and is never resolved by dropping or overwriting an assignment.,true,radixor-unimorph-import-v1,3054,3054,0,,"[{""accepted_rows"":3054,""added_changed_pairs"":1305,""added_distinct_surfaces"":3151,""added_groups"":1892,""added_output_forms"":3197,""added_source_pairs"":2751,""cross_source_conflict_assignments"":0,""cross_source_conflicting_surfaces"":0,""intrinsic_ambiguous_surfaces"":40,""key"":""primary"",""path"":""sjo"",""rejected_rows"":0,""rejection_counts"":{},""source_rows"":3054}]",0,0,40,1892,3197,ca640317c3b84c98e3d296fe6f2dba266181087135475d1320ba2980c66cb3fc
sme-default,https://github.com/unimorph/sme,dcb1abed05e25b2ce85f3a806c270e2b192a6dfe,"[{""exceptions"":""none"",""key"":""primary"",""local_name"":""data"",""path"":""sme"",""schema"":""lemma-form-features"",""sha256"":""e1f59ff6621557a89f91d8401a7397450e12a193414c30fa1912d688adff4096""}]",[],README.md:evidence-00-README.md,evidence-00-README.md:e87eb220c5d87d0b386cde10bf6a00f77db253a2b9d54809d944a6f234ea3d8f,CC-BY-SA-3.0,https://creativecommons.org/licenses/by-sa/3.0/,Selected repository data files at pinned revision: sme,Wikipedia,UniMorph,Each declared three-column source directly projects lemma and surface form.,All valid lemma-form assignments are retained. Surface ambiguity is reported explicitly and is never resolved by dropping or overwriting an assignment.,true,radixor-unimorph-import-v1,64787,62677,2110,blank-row=2110,"[{""accepted_rows"":62677,""added_changed_pairs"":52924,""added_distinct_surfaces"":54435,""added_groups"":2103,""added_output_forms"":55027,""added_source_pairs"":55005,""cross_source_conflict_assignments"":0,""cross_source_conflicting_surfaces"":0,""intrinsic_ambiguous_surfaces"":567,""key"":""primary"",""path"":""sme"",""rejected_rows"":2110,""rejection_counts"":{""blank-row"":2110},""source_rows"":64787}]",0,0,567,2103,55027,d42d30a9b27e1aae3122ee0c5367f60ebe7afe9cf2bca2472afcae959af972f9
sn-zw-default,https://github.com/unimorph/sna,76ec498cca0713125206014eb453224ab761a71f,"[{""exceptions"":""none"",""key"":""primary"",""local_name"":""data"",""path"":""sna"",""schema"":""lemma-form-features"",""sha256"":""262beac50ef168b9535ce55cf0dd23ae125253f3b411977716086bb381acf683""}]",[],README.md:evidence-00-README.md,evidence-00-README.md:f01717fa1bfb3544c552393a5bc9c8f5a68f1175370a7c5120384d7135baeb89,CC-BY-SA-3.0,https://creativecommons.org/licenses/by-sa/3.0/,Selected repository data files at pinned revision: sna,Not stated in pinned repository evidence,UniMorph; Rowan Hall Maudslay,Each declared three-column source directly projects lemma and surface form.,All valid lemma-form assignments are retained. Surface ambiguity is reported explicitly and is never resolved by dropping or overwriting an assignment.,true,radixor-unimorph-import-v1,3030,3030,0,,"[{""accepted_rows"":3030,""added_changed_pairs"":2554,""added_distinct_surfaces"":2640,""added_groups"":86,""added_output_forms"":2640,""added_source_pairs"":2554,""cross_source_conflict_assignments"":0,""cross_source_conflicting_surfaces"":0,""intrinsic_ambiguous_surfaces"":0,""key"":""primary"",""path"":""sna"",""rejected_rows"":0,""rejection_counts"":{},""source_rows"":3030}]",0,0,0,86,2640,e0f2e68f72fadf364d9e93fd1210566044981769f3d6f749504402dc7db1b06d
sq-al-default,https://github.com/unimorph/sqi,63fed8fdd510d14a75d2d2dacb1c5ab1475617e7,"[{""exceptions"":""none"",""key"":""primary"",""local_name"":""data"",""path"":""sqi"",""schema"":""lemma-form-features"",""sha256"":""f0e00a1cfb2b07a1b057987edcd8eeb3ba4c57ad8e6bbb978f091292b0cfdb84""}]",[],README.md:evidence-00-README.md,evidence-00-README.md:64b4a221e32e4a07b0829e0d19ea4a853544a225eb3e8e0a680b595b42e4cd68,CC-BY-SA-3.0,https://creativecommons.org/licenses/by-sa/3.0/,Selected repository data files at pinned revision: sqi,wikipedia,UniMorph,Each declared three-column source directly projects lemma and surface form.,All valid lemma-form assignments are retained. Surface ambiguity is reported explicitly and is never resolved by dropping or overwriting an assignment.,true,radixor-unimorph-import-v1,33484,14732,18752,blank-row=1;form-unicode-whitespace=18711;lemma-unicode-whitespace=40,"[{""accepted_rows"":14732,""added_changed_pairs"":9677,""added_distinct_surfaces"":10218,""added_groups"":587,""added_output_forms"":10264,""added_source_pairs"":10262,""cross_source_conflict_assignments"":0,""cross_source_conflicting_surfaces"":0,""intrinsic_ambiguous_surfaces"":46,""key"":""primary"",""path"":""sqi"",""rejected_rows"":18752,""rejection_counts"":{""blank-row"":1,""form-unicode-whitespace"":18711,""lemma-unicode-whitespace"":40},""source_rows"":33484}]",0,0,46,587,10264,f36caf9057f6eede49212d2ea0612d8f5db850fcbfc08f7f921573507bf938be
st-za-default,https://github.com/unimorph/sot,e523f2c896a0de10f0ef19c67e8239f9c7c04cfd,"[{""exceptions"":""none"",""key"":""primary"",""local_name"":""data"",""path"":""sot"",""schema"":""lemma-form-features"",""sha256"":""016bf4e23be113a0d52581736cfae87358f06f30a5e8a10fcdc171023ac8c784""}]",[],README.md:evidence-00-README.md,evidence-00-README.md:422e90e27333adf1eba265d80bffe924addfe15399c47a6890e80ae739898144,CC-BY-SA-3.0,https://creativecommons.org/licenses/by-sa/3.0/,Selected repository data files at pinned revision: sot,Not stated in pinned repository evidence,UniMorph,Each declared three-column source directly projects lemma and surface form.,All valid lemma-form assignments are retained. Surface ambiguity is reported explicitly and is never resolved by dropping or overwriting an assignment.,true,radixor-unimorph-import-v1,494,494,0,,"[{""accepted_rows"":494,""added_changed_pairs"":390,""added_distinct_surfaces"":416,""added_groups"":26,""added_output_forms"":416,""added_source_pairs"":390,""cross_source_conflict_assignments"":0,""cross_source_conflicting_surfaces"":0,""intrinsic_ambiguous_surfaces"":0,""key"":""primary"",""path"":""sot"",""rejected_rows"":0,""rejection_counts"":{},""source_rows"":494}]",0,0,0,26,416,79cf6bd61d12a2115418e35a185ae6b66a4f99f678fe3690d774ced6be604eb5
swc-default,https://github.com/unimorph/swc,02a2bdec0e5cb0dc93b6ef11db4d54a82c34b224,"[{""exceptions"":""none"",""key"":""primary"",""local_name"":""data"",""path"":""swc"",""schema"":""lemma-form-features"",""sha256"":""fed7a61f279f5f1db3216cf33aa72cea9cb16fdf175d884508c187e03ef4a924""},{""exceptions"":""none"",""key"":""auxiliary-01"",""local_name"":""data-01"",""path"":""swc.sm"",""schema"":""lemma-form-features"",""sha256"":""58ffd2f4d68d443ce89554c1a5827514e68348e7743a0716700f26a47b892f24""}]",[],README.md:evidence-00-README.md,evidence-00-README.md:0d914e77eead5d9da1041ff670a7885c67d9b26893f9b1c9dc4b99d03874e90a,CC-BY-SA-3.0,https://creativecommons.org/licenses/by-sa/3.0/,"Selected repository data files at pinned revision: swc, swc.sm",Not stated in pinned repository evidence,UniMorph; Jennifer White,Each declared three-column source directly projects lemma and surface form.,All valid lemma-form assignments are retained. Surface ambiguity is reported explicitly and is never resolved by dropping or overwriting an assignment.,true,radixor-unimorph-import-v1,15149,15041,108,blank-row=108,"[{""accepted_rows"":10092,""added_changed_pairs"":6600,""added_distinct_surfaces"":6700,""added_groups"":100,""added_output_forms"":6700,""added_source_pairs"":6635,""cross_source_conflict_assignments"":0,""cross_source_conflicting_surfaces"":0,""intrinsic_ambiguous_surfaces"":0,""key"":""primary"",""path"":""swc"",""rejected_rows"":108,""rejection_counts"":{""blank-row"":108},""source_rows"":10200},{""accepted_rows"":4949,""added_changed_pairs"":4338,""added_distinct_surfaces"":4421,""added_groups"":83,""added_output_forms"":4421,""added_source_pairs"":4338,""cross_source_conflict_assignments"":0,""cross_source_conflicting_surfaces"":0,""intrinsic_ambiguous_surfaces"":0,""key"":""auxiliary-01"",""path"":""swc.sm"",""rejected_rows"":0,""rejection_counts"":{},""source_rows"":4949}]",0,0,0,183,11121,a00d480708771bd7c70fcc82e013255444624c4b7a20dc95ea346a8a584c561a
syc-default,https://github.com/unimorph/syc,2e94e69b8c20f57e2593b70ff4c73fe3d5a2066e,"[{""exceptions"":""none"",""key"":""primary"",""local_name"":""data"",""path"":""syc"",""schema"":""lemma-form-features"",""sha256"":""f8ab11544e820b0bc951808c8fd27a5680dc7c10c90e07ec7782bdee9d20d4ad""}]",[],README.md:evidence-00-README.md,evidence-00-README.md:4f5379671f33f2d69f4bd130059c5b7e95167ca5f611ce608be8154dfc1a22fd,CC-BY-SA-3.0,https://creativecommons.org/licenses/by-sa/3.0/,Selected repository data files at pinned revision: syc,Not stated in pinned repository evidence,UniMorph,Each declared three-column source directly projects lemma and surface form.,All valid lemma-form assignments are retained. Surface ambiguity is reported explicitly and is never resolved by dropping or overwriting an assignment.,true,radixor-unimorph-import-v1,31972,31875,97,lemma-unicode-whitespace=97,"[{""accepted_rows"":31875,""added_changed_pairs"":24446,""added_distinct_surfaces"":27529,""added_groups"":3257,""added_output_forms"":27703,""added_source_pairs"":24657,""cross_source_conflict_assignments"":0,""cross_source_conflicting_surfaces"":0,""intrinsic_ambiguous_surfaces"":159,""key"":""primary"",""path"":""syc"",""rejected_rows"":97,""rejection_counts"":{""lemma-unicode-whitespace"":97},""source_rows"":31972}]",0,0,159,3257,27703,62bd6eaf022709cd4188c99bd491301c31dbcce5075877981b3a5ea421366a8f
tl-ph-default,https://github.com/unimorph/tgl,799d79de338d1370ebfbeabb9823a0e8f86a2b6a,"[{""exceptions"":""none"",""key"":""primary"",""local_name"":""data"",""path"":""tgl"",""schema"":""lemma-form-features"",""sha256"":""84bcc773fde9430d9c8f9d10c72cd4ebca6410eac0eb8408accf0fd6b49e840b""}]",[],README.md:evidence-00-README.md,evidence-00-README.md:db33dbf3a592a2507d5052f8b83fa96d2d70bcdfcb5fcee643722f6578076f2c,CC-BY-SA-3.0,https://creativecommons.org/licenses/by-sa/3.0/,Selected repository data files at pinned revision: tgl,Not stated in pinned repository evidence,UniMorph; Jennifer White; `tgl`: contains some archaic forms,Each declared three-column source directly projects lemma and surface form.,All valid lemma-form assignments are retained. Surface ambiguity is reported explicitly and is never resolved by dropping or overwriting an assignment.,true,radixor-unimorph-import-v1,2912,2850,62,form-unicode-whitespace=51;lemma-unicode-whitespace=11,"[{""accepted_rows"":2850,""added_changed_pairs"":2176,""added_distinct_surfaces"":2510,""added_groups"":342,""added_output_forms"":2518,""added_source_pairs"":2518,""cross_source_conflict_assignments"":0,""cross_source_conflicting_surfaces"":0,""intrinsic_ambiguous_surfaces"":8,""key"":""primary"",""path"":""tgl"",""rejected_rows"":62,""rejection_counts"":{""form-unicode-whitespace"":51,""lemma-unicode-whitespace"":11},""source_rows"":2912}]",0,0,8,342,2518,7ff4fcdf97eb7e2f432480d2bfa4cceaa54acb7e2a1426737c7911c972f429ed
tr-tr-default,https://github.com/unimorph/tur,6c179ace7d2f3d7f3484020e5304c1544d07bb6b,"[{""exceptions"":""none"",""key"":""primary"",""local_name"":""data"",""path"":""tur"",""schema"":""lemma-form-features"",""sha256"":""4ae44f4b039c344f7078d8073b968b0d67133d1e9d7e653ce8aba5ed24387957""}]","[{""detail"":""Derivational data is outside the inflectional stem-form model contract."",""path"":""tur.derivations"",""reason"":""derivation""}]",README.md:evidence-00-README.md,evidence-00-README.md:87927068be9e804ff6945a7f7eafcd2ce8c23b2759ba1cfb41ed251c4f2e6e13,CC-BY-SA-3.0,https://creativecommons.org/licenses/by-sa/3.0/,Selected repository data files at pinned revision: tur,Not stated in pinned repository evidence,UniMorph,Each declared three-column source directly projects lemma and surface form.,All valid lemma-form assignments are retained. Surface ambiguity is reported explicitly and is never resolved by dropping or overwriting an assignment.,true,radixor-unimorph-import-v1,570420,249051,321369,form-unicode-whitespace=261840;lemma-unicode-whitespace=59529,"[{""accepted_rows"":249051,""added_changed_pairs"":221188,""added_distinct_surfaces"":222553,""added_groups"":3017,""added_output_forms"":224205,""added_source_pairs"":224205,""cross_source_conflict_assignments"":0,""cross_source_conflicting_surfaces"":0,""intrinsic_ambiguous_surfaces"":1640,""key"":""primary"",""path"":""tur"",""rejected_rows"":321369,""rejection_counts"":{""form-unicode-whitespace"":261840,""lemma-unicode-whitespace"":59529},""source_rows"":570420}]",0,0,1640,3017,224205,a3605d0abd12c4bd077c72bdc0be52153400601dbd985897cb5c4ec424330200
ug-cn-default,https://github.com/unimorph/uig,0786d110b042c9e64599f53a6a0ac80889eb7f31,"[{""exceptions"":""none"",""key"":""primary"",""local_name"":""data"",""path"":""uig"",""schema"":""lemma-form-features"",""sha256"":""9beffd61140fff8e38e62576fe21da71bca1d3338f8fe654d18f9a70c007a3c0""}]",[],README.md:evidence-00-README.md,evidence-00-README.md:898311589bc082efab5aedbc62baa402aef9b697153f63db2e6a450b6adb9dfe,CC-BY-SA-3.0,https://creativecommons.org/licenses/by-sa/3.0/,Selected repository data files at pinned revision: uig,"Kadeer, Alim. Uyghur language: 94 Uyghur verbs in common tenses. CreateSpace Independent Publishing Platform.",UniMorph; Eleanor Chodroff,Each declared three-column source directly projects lemma and surface form.,All valid lemma-form assignments are retained. Surface ambiguity is reported explicitly and is never resolved by dropping or overwriting an assignment.,true,radixor-unimorph-import-v1,8178,7743,435,lemma-unicode-whitespace=435,"[{""accepted_rows"":7743,""added_changed_pairs"":6314,""added_distinct_surfaces"":6368,""added_groups"":85,""added_output_forms"":6399,""added_source_pairs"":6314,""cross_source_conflict_assignments"":0,""cross_source_conflicting_surfaces"":0,""intrinsic_ambiguous_surfaces"":31,""key"":""primary"",""path"":""uig"",""rejected_rows"":435,""rejection_counts"":{""lemma-unicode-whitespace"":435},""source_rows"":8178}]",0,0,31,85,6399,26d181f6d1114ed9ba838608a77d1e7849086e3ad90bc1f2c246e4b4034e63ad
uz-uz-default,https://github.com/unimorph/uzb,0d06920a2aaf8dfb58b4a5492355e8f6425d2e51,"[{""exceptions"":""none"",""key"":""primary"",""local_name"":""data"",""path"":""uzb"",""schema"":""lemma-form-features"",""sha256"":""bd31a9361cbf0a7016d1925793a4dfcc6775d36b7a7218d4c60d9e979cdd65dd""},{""exceptions"":""none"",""key"":""auxiliary-01"",""local_name"":""data-01"",""path"":""uzb_verbs"",""schema"":""lemma-form-features"",""sha256"":""6ba66de9d7d44d6450480331337af8b700f6bf81fc53d467727304e7bfde8d9a""}]",[],README.md:evidence-00-README.md,evidence-00-README.md:1e245e10fb9f624d85d6d64348890f05a87e1ab42471864081abcdef726a1b93,CC-BY-SA-3.0,https://creativecommons.org/licenses/by-sa/3.0/,"Selected repository data files at pinned revision: uzb, uzb_verbs",Not stated in pinned repository evidence,UniMorph; Eleanor Chodroff; `uzb_verbs`: also checked by native speakers,Each declared three-column source directly projects lemma and surface form.,All valid lemma-form assignments are retained. Surface ambiguity is reported explicitly and is never resolved by dropping or overwriting an assignment.,true,radixor-unimorph-import-v1,37308,9842,27466,blank-row=17;form-unicode-whitespace=15316;lemma-unicode-whitespace=12133,"[{""accepted_rows"":1260,""added_changed_pairs"":1065,""added_distinct_surfaces"":1080,""added_groups"":15,""added_output_forms"":1080,""added_source_pairs"":1080,""cross_source_conflict_assignments"":0,""cross_source_conflicting_surfaces"":0,""intrinsic_ambiguous_surfaces"":0,""key"":""primary"",""path"":""uzb"",""rejected_rows"":17,""rejection_counts"":{""blank-row"":17},""source_rows"":1277},{""accepted_rows"":8582,""added_changed_pairs"":8478,""added_distinct_surfaces"":8755,""added_groups"":280,""added_output_forms"":8758,""added_source_pairs"":8478,""cross_source_conflict_assignments"":0,""cross_source_conflicting_surfaces"":0,""intrinsic_ambiguous_surfaces"":3,""key"":""auxiliary-01"",""path"":""uzb_verbs"",""rejected_rows"":27449,""rejection_counts"":{""form-unicode-whitespace"":15316,""lemma-unicode-whitespace"":12133},""source_rows"":36031}]",0,0,3,295,9838,caf2d4038429a72be272b400d611f80ac37fd1b0f3c54ea44c7a1159ea42728f
vro-default,https://github.com/unimorph/vro,51ce9786332835a8b045c9089260e5ba561ab03c,"[{""exceptions"":""none"",""key"":""primary"",""local_name"":""data"",""path"":""vro"",""schema"":""lemma-form-features"",""sha256"":""39714c07a887a57722cb9c55788375652d32f70b82bd6d305435aa23bd13b22c""}]",[],README.md:evidence-00-README.md,evidence-00-README.md:76c021f29f01f9316f48d492515a1af878933caf1f9fa7c48161a80cea871e83,CC-BY-SA-3.0,https://creativecommons.org/licenses/by-sa/3.0/,Selected repository data files at pinned revision: vro,Not stated in pinned repository evidence,UniMorph; Ekaterina Vylomova,Each declared three-column source directly projects lemma and surface form.,All valid lemma-form assignments are retained. Surface ambiguity is reported explicitly and is never resolved by dropping or overwriting an assignment.,true,radixor-unimorph-import-v1,512,505,7,form-unsupported-character=7,"[{""accepted_rows"":505,""added_changed_pairs"":350,""added_distinct_surfaces"":412,""added_groups"":63,""added_output_forms"":413,""added_source_pairs"":413,""cross_source_conflict_assignments"":0,""cross_source_conflicting_surfaces"":0,""intrinsic_ambiguous_surfaces"":1,""key"":""primary"",""path"":""vro"",""rejected_rows"":7,""rejection_counts"":{""form-unsupported-character"":7},""source_rows"":512}]",0,0,1,63,413,5da7535bd5e629b8ffb99a3b6d906ad0189b1c0d46c6deada72d72f0791f575e
xcl-default,https://github.com/unimorph/xcl,847afc046ac9e56294b878cc0ec3ccbdb023c0f7,"[{""exceptions"":""none"",""key"":""primary"",""local_name"":""data"",""path"":""xcl"",""schema"":""lemma-form-features"",""sha256"":""f1d408bad34bb2c57fba41665b3ce671631cd55e9eb1e849a0067047aebcc0e3""}]",[],README.md:evidence-00-README.md,evidence-00-README.md:783b672de6c366261b45410b812e10922ffc7ce1e0811ee630e08dcbe5b06f29,CC-BY-SA-3.0,https://creativecommons.org/licenses/by-sa/3.0/,Selected repository data files at pinned revision: xcl,Wikipedia,UniMorph,Each declared three-column source directly projects lemma and surface form.,All valid lemma-form assignments are retained. Surface ambiguity is reported explicitly and is never resolved by dropping or overwriting an assignment.,true,radixor-unimorph-import-v1,101728,95001,6727,blank-row=4547;form-unicode-whitespace=2180,"[{""accepted_rows"":95001,""added_changed_pairs"":58453,""added_distinct_surfaces"":59215,""added_groups"":4300,""added_output_forms"":62753,""added_source_pairs"":62748,""cross_source_conflict_assignments"":0,""cross_source_conflicting_surfaces"":0,""intrinsic_ambiguous_surfaces"":3349,""key"":""primary"",""path"":""xcl"",""rejected_rows"":6727,""rejection_counts"":{""blank-row"":4547,""form-unicode-whitespace"":2180},""source_rows"":101728}]",0,0,3349,4300,62753,7a4000404b5f55b67dea02bf5d3e84972979cac3138fb83458b5a6dcf3495864
xno-default,https://github.com/unimorph/xno,110c24094bcacd3053f5702fd09f6aa3221eda1e,"[{""exceptions"":""none"",""key"":""primary"",""local_name"":""data"",""path"":""xno"",""schema"":""lemma-form-features"",""sha256"":""fddab7633e082cbb380711a61da6f426b6c43a3f441f90d7e42ff26b15187eb9""}]",[],README.md:evidence-00-README.md,evidence-00-README.md:18e34352d1559257452b819831ce7d99c34d119fa73567d5f751057088603578,CC-BY-SA-3.0,https://creativecommons.org/licenses/by-sa/3.0/,Selected repository data files at pinned revision: xno,Wikipedia,UniMorph,Each declared three-column source directly projects lemma and surface form.,All valid lemma-form assignments are retained. Surface ambiguity is reported explicitly and is never resolved by dropping or overwriting an assignment.,true,radixor-unimorph-import-v1,287,265,22,blank-row=7;form-unicode-whitespace=15,"[{""accepted_rows"":265,""added_changed_pairs"":181,""added_distinct_surfaces"":186,""added_groups"":5,""added_output_forms"":186,""added_source_pairs"":186,""cross_source_conflict_assignments"":0,""cross_source_conflicting_surfaces"":0,""intrinsic_ambiguous_surfaces"":0,""key"":""primary"",""path"":""xno"",""rejected_rows"":22,""rejection_counts"":{""blank-row"":7,""form-unicode-whitespace"":15},""source_rows"":287}]",0,0,0,5,186,90941356e0bd87195290432052ed9a85011f8e7c1607e24655ba298c519035da
xty-default,https://github.com/unimorph/xty,d4b2aad2a976e7f307b7b715cfc5812616691886,"[{""exceptions"":""none"",""key"":""primary"",""local_name"":""data"",""path"":""xty"",""schema"":""lemma-form-features"",""sha256"":""eac4975962feb5feecb0a98c664d89ffb8fd043b588eef3e8e020a210bb0a76b""}]",[],README.md:evidence-00-README.md,evidence-00-README.md:22157dc8496ecbd49f95f1175b4559f211dd361dad99ab79dc9d443ee6d590e3,CC-BY-SA-3.0,https://creativecommons.org/licenses/by-sa/3.0/,Selected repository data files at pinned revision: xty,[Surrey Morphology Group](https://oto-manguean.surrey.ac.uk/Search/XTY),UniMorph; Antonis Anastasopoulos,Each declared three-column source directly projects lemma and surface form.,All valid lemma-form assignments are retained. Surface ambiguity is reported explicitly and is never resolved by dropping or overwriting an assignment.,true,radixor-unimorph-import-v1,3057,2993,64,form-unicode-whitespace=17;lemma-unicode-whitespace=47,"[{""accepted_rows"":2993,""added_changed_pairs"":2196,""added_distinct_surfaces"":2754,""added_groups"":585,""added_output_forms"":2781,""added_source_pairs"":2780,""cross_source_conflict_assignments"":0,""cross_source_conflicting_surfaces"":0,""intrinsic_ambiguous_surfaces"":23,""key"":""primary"",""path"":""xty"",""rejected_rows"":64,""rejection_counts"":{""form-unicode-whitespace"":17,""lemma-unicode-whitespace"":47},""source_rows"":3057}]",0,0,23,585,2781,9985fe69992665a30309475c30f6734cb24393b21e1c3628543e4810775e711c
zpv-default,https://github.com/unimorph/zpv,d6ff7122f0a457062293890f4befe7f22d227ab7,"[{""exceptions"":""none"",""key"":""primary"",""local_name"":""data"",""path"":""zpv"",""schema"":""lemma-form-features"",""sha256"":""d0f5c049137c56e4babc1ccbf9f1c54306aa72e5650b4ce1f19e8250a47a9606""}]",[],README.md:evidence-00-README.md,evidence-00-README.md:ec0d91f5f15fcc366858e52c14b3844565af8a68434e9180f8f78b5d678cf965,CC-BY-SA-3.0,https://creativecommons.org/licenses/by-sa/3.0/,Selected repository data files at pinned revision: zpv,Not stated in pinned repository evidence,UniMorph; Antonis Anastasopoulos,Each declared three-column source directly projects lemma and surface form.,All valid lemma-form assignments are retained. Surface ambiguity is reported explicitly and is never resolved by dropping or overwriting an assignment.,true,radixor-unimorph-import-v1,1164,635,529,form-unsupported-character=1;lemma-unicode-whitespace=3;lemma-unsupported-character=525,"[{""accepted_rows"":635,""added_changed_pairs"":620,""added_distinct_surfaces"":818,""added_groups"":204,""added_output_forms"":824,""added_source_pairs"":620,""cross_source_conflict_assignments"":0,""cross_source_conflicting_surfaces"":0,""intrinsic_ambiguous_surfaces"":4,""key"":""primary"",""path"":""zpv"",""rejected_rows"":529,""rejection_counts"":{""form-unsupported-character"":1,""lemma-unicode-whitespace"":3,""lemma-unsupported-character"":525},""source_rows"":1164}]",0,0,4,204,824,e3cae35dca9b29226dbbbfe49415e4cb80f8379228edbd657f9bfe7c25eb0998
zu-za-default,https://github.com/unimorph/zul,cc7adc828d0ee63b282a44a105b11689ec5951da,"[{""exceptions"":""none"",""key"":""primary"",""local_name"":""data"",""path"":""zul"",""schema"":""lemma-form-features"",""sha256"":""3762e371326fc74a1a7c513a38fd86eef00b1c14ca48148e119910c4b1e18450""}]","[{""detail"":""zul.sm was excluded because incompatible lemma conventions create 15 cross-source conflicts and 14 newly ambiguous surfaces; its source attribution is also recorded upstream as TBA."",""path"":""zul.sm"",""reason"":""zulu-sm-conflict""}]",README.md:evidence-00-README.md,evidence-00-README.md:3d29c1f79a9fe6f254e22fea84589f4612a2499f14cb6405d58ba068238d3277,CC-BY-SA-3.0,https://creativecommons.org/licenses/by-sa/3.0/,Selected repository data files at pinned revision: zul,Not stated in pinned repository evidence,UniMorph,Each declared three-column source directly projects lemma and surface form.,All valid lemma-form assignments are retained. Surface ambiguity is reported explicitly and is never resolved by dropping or overwriting an assignment.,true,radixor-unimorph-import-v1,49699,49119,580,blank-row=580,"[{""accepted_rows"":49119,""added_changed_pairs"":32171,""added_distinct_surfaces"":32384,""added_groups"":563,""added_output_forms"":32734,""added_source_pairs"":32603,""cross_source_conflict_assignments"":0,""cross_source_conflicting_surfaces"":0,""intrinsic_ambiguous_surfaces"":343,""key"":""primary"",""path"":""zul"",""rejected_rows"":580,""rejection_counts"":{""blank-row"":580},""source_rows"":49699}]",0,0,343,563,32734,6200464bc24c7519e1a1c42b2c292375fdd9e07bdd66ef994d925d466d636bc9
